=== waiting for rewrite to finish 2026-06-17T16:07:32Z ===
=== waiting for rewrite to finish 2026-06-17T16:07:56Z ===
=== waiting for rewrite to finish 2026-06-17T16:08:22Z ===
=== waiting for rewrite to finish 2026-06-17T19:27:20Z ===
=== waiting for rewrite to finish 2026-06-17T19:28:02Z ===
=== waiting for rewrite to finish 2026-06-17T19:28:02Z ===
=== rewrite finished 2026-06-17T21:53:09Z ===
=== rewrite finished 2026-06-17T21:53:09Z ===
--- QA ---
--- QA ---
npm warn Unknown env config "devdir". This will stop working in the next major version of npm.
npm warn Unknown env config "devdir". This will stop working in the next major version of npm.

> deeper-global@1.0.0 content:qa-answer-rewrite
> node scripts/qa-answer-rewrite-batch.mjs


> deeper-global@1.0.0 content:qa-answer-rewrite
> node scripts/qa-answer-rewrite-batch.mjs

BATCH QA REPORT
Run timestamp: 2026-06-17T19-26-26-809Z
Records reviewed: 335
BATCH QA REPORT
Run timestamp: 2026-06-17T19-26-26-809Z
Records reviewed: 335
Pass: 3 | Warn: 57 | Fail: 275

Pass: 3 | Warn: 57 | Fail: 275

─── FAILURES ───
─── FAILURES ───
Row b1f35865-5ca4-4972-a45e-795722cddba8 — Why do I feel like I don't belong in my own cultural commun…
  Field: word_count
Row b1f35865-5ca4-4972-a45e-795722cddba8 — Why do I feel like I don't belong in my own cultural commun…
  Field: word_count
  Issue: combined body 787 words (target 350–550)
  Issue: combined body 787 words (target 350–550)
  Severity: FAIL
  Recommended action: rerun

Row b22d2a0d-e2ef-4f56-a389-fa8948dff8d8 — Why do I feel anxious for no reason?
  Field: word_count
  Issue: combined body 723 words (target 350–550)
  Severity: FAIL
  Severity: FAIL
  Recommended action: rerun

Row b22d2a0d-e2ef-4f56-a389-fa8948dff8d8 — Why do I feel anxious for no reason?
  Field: word_count
  Recommended action: rerun
  Issue: combined body 723 words (target 350–550)
  Severity: FAIL

Row b234aa24-5f9c-4963-8ab2-6495281b80e1 — Why do I feel guilty about setting boundaries at work?
  Field: word_count
  Issue: combined body 631 words (target 350–550)
  Recommended action: rerun
  Severity: FAIL
  Recommended action: rerun

Row b2586818-c80c-422a-b945-5446a5fc9553 — How do I talk to my teen about depression without them shut…
  Field: word_count

Row b234aa24-5f9c-4963-8ab2-6495281b80e1 — Why do I feel guilty about setting boundaries at work?
  Field: word_count
  Issue: combined body 631 words (target 350–550)
  Issue: combined body 661 words (target 350–550)
  Severity: FAIL
  Recommended action: rerun

Row b29b1a4f-d36a-47f9-83b9-0d43e32b556c — Why do I feel like I'm never enough for anyone?
  Field: word_count
  Issue: combined body 702 words (target 350–550)
  Severity: FAIL
  Severity: FAIL
  Recommended action: rerun

Row b2586818-c80c-422a-b945-5446a5fc9553 — How do I talk to my teen about depression without them shut…
  Field: word_count
  Recommended action: rerun
  Issue: combined body 661 words (target 350–550)
  Severity: FAIL
  Recommended action: rerun

Row b29b1a4f-d36a-47f9-83b9-0d43e32b556c — Why do I feel like I'm never enough for anyone?
  Field: word_count
  Issue: combined body 702 words (target 350–550)
  Severity: FAIL

  Recommended action: rerun
Row b2c43fd1-c291-4d41-8739-6dce9c3052fa — Can AI make burnout worse?

  Field: word_count
Row b2c43fd1-c291-4d41-8739-6dce9c3052fa — Can AI make burnout worse?
  Issue: combined body 666 words (target 350–550)
  Severity: FAIL
  Field: word_count
  Issue: combined body 666 words (target 350–550)
  Severity: FAIL
  Recommended action: rerun

Row b2d01be5-c7f6-44f2-b88b-c9c654036344 — Why do I apologize for everything even when it's not my fau…
  Field: word_count
  Issue: combined body 673 words (target 350–550)
  Severity: FAIL
  Recommended action: rerun

Row b43aceaa-f85a-4336-9f7f-892b9a8df48f — How do I handle work or school while in treatment?
  Field: canonical_answer
  Issue: 52 words (max 50)
  Severity: FAIL
  Recommended action: rerun

Row b43aceaa-f85a-4336-9f7f-892b9a8df48f — How do I handle work or school while in treatment?
  Recommended action: rerun

Row b2d01be5-c7f6-44f2-b88b-c9c654036344 — Why do I apologize for everything even when it's not my fau…
  Field: word_count
  Issue: combined body 673 words (target 350–550)
  Severity: FAIL
  Recommended action: rerun

Row b43aceaa-f85a-4336-9f7f-892b9a8df48f — How do I handle work or school while in treatment?
  Field: canonical_answer
  Issue: 52 words (max 50)
  Severity: FAIL
  Field: word_count
  Issue: combined body 658 words (target 350–550)
  Severity: FAIL
  Recommended action: rerun

Row b43eb5d6-2e22-444e-b886-f1171bdea62a — Why do I feel lonely even when I'm around people?
  Field: word_count
  Issue: combined body 650 words (target 350–550)
  Recommended action: rerun

Row b43aceaa-f85a-4336-9f7f-892b9a8df48f — How do I handle work or school while in treatment?
  Field: word_count
  Issue: combined body 658 words (target 350–550)
  Severity: FAIL
  Recommended action: rerun
  Severity: FAIL

Row b43eb5d6-2e22-444e-b886-f1171bdea62a — Why do I feel lonely even when I'm around people?
  Field: word_count
  Issue: combined body 650 words (target 350–550)
  Recommended action: rerun

Row b49779d2-9c0e-4cc8-ba01-61a58cacd035 — How do I stop stalking my ex on social media?
  Field: word_count
  Severity: FAIL
  Issue: combined body 724 words (target 350–550)
  Severity: FAIL
  Recommended action: rerun

  Recommended action: rerun

Row b49779d2-9c0e-4cc8-ba01-61a58cacd035 — How do I stop stalking my ex on social media?
  Field: word_count
Row b5acbdcc-5c64-415d-9942-6e7db5fb4a56 — What do I do if I think my child is questioning their gende…
  Field: word_count
  Issue: combined body 678 words (target 350–550)
  Severity: FAIL
  Issue: combined body 724 words (target 350–550)
  Severity: FAIL
  Recommended action: rerun

  Recommended action: rerun

Row b5b14450-554d-4da0-b970-42b3f7ffab48 — Why do I feel ashamed of my cultural accent or way of speak…
Row b5acbdcc-5c64-415d-9942-6e7db5fb4a56 — What do I do if I think my child is questioning their gende…
  Field: word_count
  Issue: combined body 678 words (target 350–550)
  Severity: FAIL
  Field: word_count
  Issue: combined body 695 words (target 350–550)
  Severity: FAIL
  Recommended action: rerun
  Recommended action: rerun

Row b5b14450-554d-4da0-b970-42b3f7ffab48 — Why do I feel ashamed of my cultural accent or way of speak…

Row b5b789a2-d94e-4716-96dc-373e0460c0bc — Can AI help me practice social skills before real interacti…
  Field: word_count
  Issue: combined body 622 words (target 350–550)
  Field: word_count
  Issue: combined body 695 words (target 350–550)
  Severity: FAIL
  Recommended action: rerun
  Severity: FAIL
  Recommended action: rerun


Row b5b789a2-d94e-4716-96dc-373e0460c0bc — Can AI help me practice social skills before real interacti…
  Field: word_count
  Issue: combined body 622 words (target 350–550)
Row b5d9d773-237b-4c47-a2d3-ec6b6b9d21de — How can I manage my anxiety without medication?
  Field: word_count
  Issue: combined body 724 words (target 350–550)
  Severity: FAIL
  Severity: FAIL
  Recommended action: rerun

  Recommended action: rerun

Row b61be7c2-a15e-4a17-baf8-d02182fe9eb4 — How do I know if I'm gay, straight, or something else?
  Field: word_count
Row b5d9d773-237b-4c47-a2d3-ec6b6b9d21de — How can I manage my anxiety without medication?
  Field: word_count
  Issue: combined body 724 words (target 350–550)
  Severity: FAIL
  Issue: combined body 690 words (target 350–550)
  Severity: FAIL
  Recommended action: rerun
  Recommended action: rerun

Row b61be7c2-a15e-4a17-baf8-d02182fe9eb4 — How do I know if I'm gay, straight, or something else?
  Field: word_count

Row b6208e5f-91a6-4986-bc9a-e13c4d38b3c8 — How do I know if what I'm experiencing is depression or jus…
  Field: word_count
  Issue: combined body 610 words (target 350–550)
  Issue: combined body 690 words (target 350–550)
  Severity: FAIL
  Recommended action: rerun
  Severity: FAIL
  Recommended action: rerun


Row b6208e5f-91a6-4986-bc9a-e13c4d38b3c8 — How do I know if what I'm experiencing is depression or jus…
  Field: word_count
  Issue: combined body 610 words (target 350–550)
Row b63dc938-eab0-40b5-8333-90de12eb0c90 — How do I know if I'm depressed or just going through a roug…
  Field: word_count
  Issue: combined body 632 words (target 350–550)
  Severity: FAIL
  Recommended action: rerun

  Severity: FAIL
  Recommended action: rerun

Row b6a8042a-7658-4a8a-8cb2-4b245bfac742 — Is it normal to feel angry at God or religion?
  Field: word_count
  Issue: combined body 629 words (target 350–550)
Row b63dc938-eab0-40b5-8333-90de12eb0c90 — How do I know if I'm depressed or just going through a roug…
  Field: word_count
  Issue: combined body 632 words (target 350–550)
  Severity: FAIL
  Recommended action: rerun

  Severity: FAIL
  Recommended action: rerun

Row b6e25775-eb48-4672-b5ee-fa26bbd8441a — Why do I feel like I can't trust my own feelings?
Row b6a8042a-7658-4a8a-8cb2-4b245bfac742 — Is it normal to feel angry at God or religion?
  Field: word_count
  Issue: combined body 629 words (target 350–550)
  Field: word_count
  Issue: combined body 673 words (target 350–550)
  Severity: FAIL
  Recommended action: rerun
  Severity: FAIL
  Recommended action: rerun

Row b6e25775-eb48-4672-b5ee-fa26bbd8441a — Why do I feel like I can't trust my own feelings?

Row b709dca7-c903-4a49-899e-19324747d027 — Why do I attract the same type of toxic people?
  Field: word_count
  Field: word_count
  Issue: combined body 673 words (target 350–550)
  Severity: FAIL
  Recommended action: rerun
  Issue: combined body 652 words (target 350–550)
  Severity: FAIL
  Recommended action: rerun

Row b709dca7-c903-4a49-899e-19324747d027 — Why do I attract the same type of toxic people?
  Field: word_count

Row b74b065f-8dbd-472b-b7ce-82d3dcac6c8c — Is it normal to prefer being alone most of the time?
  Issue: combined body 652 words (target 350–550)
  Severity: FAIL
  Recommended action: rerun
  Field: word_count
  Issue: combined body 677 words (target 350–550)
  Severity: FAIL
  Recommended action: rerun

Row b74b065f-8dbd-472b-b7ce-82d3dcac6c8c — Is it normal to prefer being alone most of the time?

Row b7572385-a3cc-4d23-b6da-cb54a050b971 — How do I deal with depression when I have young children?
  Field: word_count
  Field: word_count
  Issue: combined body 677 words (target 350–550)
  Severity: FAIL
  Recommended action: rerun
  Issue: combined body 677 words (target 350–550)
  Severity: FAIL
  Recommended action: rerun


Row b7572385-a3cc-4d23-b6da-cb54a050b971 — How do I deal with depression when I have young children?
  Field: word_count
Row b767c9e2-df16-4a59-9b15-4338d1cc5795 — How do I stop money from controlling my mood?
  Field: canonical_answer
  Issue: 54 words (max 50)
  Severity: FAIL
  Issue: combined body 677 words (target 350–550)
  Severity: FAIL
  Recommended action: rerun

  Recommended action: rerun

Row b767c9e2-df16-4a59-9b15-4338d1cc5795 — How do I stop money from controlling my mood?
  Field: word_count
Row b767c9e2-df16-4a59-9b15-4338d1cc5795 — How do I stop money from controlling my mood?
  Field: canonical_answer
  Issue: 54 words (max 50)
  Severity: FAIL
  Issue: combined body 708 words (target 350–550)
  Severity: FAIL
  Recommended action: rerun
  Recommended action: rerun

Row b767c9e2-df16-4a59-9b15-4338d1cc5795 — How do I stop money from controlling my mood?
  Field: word_count

Row b7d9dd9a-8391-46e6-a5d2-7889c1f37a84 — Why do I feel like I can't handle normal adult responsibili…
  Field: word_count
  Issue: combined body 685 words (target 350–550)
  Severity: FAIL
  Issue: combined body 708 words (target 350–550)
  Severity: FAIL
  Recommended action: rerun
  Recommended action: rerun


Row b7d9dd9a-8391-46e6-a5d2-7889c1f37a84 — Why do I feel like I can't handle normal adult responsibili…
  Field: word_count
  Issue: combined body 685 words (target 350–550)
  Severity: FAIL
Row b8fd1c3e-9516-466c-a787-664bd37ddd90 — How do I deal with existential anxiety about death and mean…
  Field: word_count
  Issue: combined body 808 words (target 350–550)
  Severity: FAIL
  Recommended action: rerun

  Recommended action: rerun

Row b90965ad-cbda-4862-b656-d0098e5ceb2e — What if I don't believe in God or a higher power for 12-ste…
  Field: word_count
  Issue: combined body 655 words (target 350–550)
Row b8fd1c3e-9516-466c-a787-664bd37ddd90 — How do I deal with existential anxiety about death and mean…
  Field: word_count
  Issue: combined body 808 words (target 350–550)
  Severity: FAIL
  Severity: FAIL
  Recommended action: rerun

Row b9283834-20f3-46d2-9d35-4570f5ac3661 — What should I do if I hate my job but can't quit?
  Recommended action: rerun

Row b90965ad-cbda-4862-b656-d0098e5ceb2e — What if I don't believe in God or a higher power for 12-ste…
  Field: word_count
  Issue: combined body 655 words (target 350–550)
  Field: word_count
  Issue: combined body 607 words (target 350–550)
  Severity: FAIL
  Severity: FAIL
  Recommended action: rerun

Row b9283834-20f3-46d2-9d35-4570f5ac3661 — What should I do if I hate my job but can't quit?
  Recommended action: rerun
  Field: word_count
  Issue: combined body 607 words (target 350–550)
  Severity: FAIL
  Recommended action: rerun

Row b9f3b0be-4f7a-4294-af29-be6ad7f4a1d7 — How do I set boundaries to reduce stress?
  Field: word_count
  Issue: combined body 648 words (target 350–550)
  Severity: FAIL
  Recommended action: rerun


Row b9f3b0be-4f7a-4294-af29-be6ad7f4a1d7 — How do I set boundaries to reduce stress?
  Field: word_count
  Issue: combined body 648 words (target 350–550)
  Severity: FAIL
  Recommended action: rerun

Row b9f4e3eb-5136-4862-ac0c-1a763e586820 — Why does talking to AI feel easier than talking to my thera…
  Field: word_count
  Issue: combined body 704 words (target 350–550)
  Severity: FAIL
  Recommended action: rerun

Row ba4a939a-1c23-4c69-9863-c99c53dd8524 — How do I cope with the loss of a pet?
  Field: word_count
  Issue: combined body 646 words (target 350–550)
  Severity: FAIL
Row b9f4e3eb-5136-4862-ac0c-1a763e586820 — Why does talking to AI feel easier than talking to my thera…
  Field: word_count
  Issue: combined body 704 words (target 350–550)
  Severity: FAIL
  Recommended action: rerun

  Recommended action: rerun
Row ba4a939a-1c23-4c69-9863-c99c53dd8524 — How do I cope with the loss of a pet?
  Field: word_count
  Issue: combined body 646 words (target 350–550)
  Severity: FAIL

Row ba4aeb75-9142-4ade-9216-cff30a61ee4d — What if my partner wants me to drink or use substances with…
  Field: word_count
  Issue: combined body 669 words (target 350–550)
  Recommended action: rerun
  Severity: FAIL
  Recommended action: rerun

Row ba61f02e-dff9-429e-99e6-8f2bb96bf72e — What's the difference between major depression and persiste…

Row ba4aeb75-9142-4ade-9216-cff30a61ee4d — What if my partner wants me to drink or use substances with…
  Field: word_count
  Issue: combined body 669 words (target 350–550)
  Severity: FAIL
  Recommended action: rerun

Row ba61f02e-dff9-429e-99e6-8f2bb96bf72e — What's the difference between major depression and persiste…
  Field: word_count
  Issue: combined body 690 words (target 350–550)
  Severity: FAIL
  Recommended action: rerun

Row ba6736ac-5b1f-4e31-95bb-424c3788ce5c — How do I stop being so critical of myself and others?
  Field: word_count
  Issue: combined body 669 words (target 350–550)
  Severity: FAIL
  Recommended action: rerun

Row ba8b8587-42b5-49f4-9a50-f52c5be52b19 — How do I deal with workplace surveillance and AI monitoring…
  Field: word_count
  Issue: combined body 690 words (target 350–550)
  Severity: FAIL
  Recommended action: rerun

Row ba6736ac-5b1f-4e31-95bb-424c3788ce5c — How do I stop being so critical of myself and others?
  Field: word_count
  Issue: combined body 669 words (target 350–550)
  Severity: FAIL
  Recommended action: rerun
  Field: word_count
  Issue: combined body 643 words (target 350–550)
  Severity: FAIL

Row ba8b8587-42b5-49f4-9a50-f52c5be52b19 — How do I deal with workplace surveillance and AI monitoring…
  Field: word_count
  Recommended action: rerun

  Issue: combined body 643 words (target 350–550)
  Severity: FAIL
Row baeade2f-29da-455e-89fa-7b25e0a80338 — How do I know when to cut off contact with my addicted fami…
  Field: word_count
  Recommended action: rerun

  Issue: combined body 694 words (target 350–550)
  Severity: FAIL
Row baeade2f-29da-455e-89fa-7b25e0a80338 — How do I know when to cut off contact with my addicted fami…
  Field: word_count
  Recommended action: rerun

  Issue: combined body 694 words (target 350–550)
  Severity: FAIL
  Recommended action: rerun
Row baf0385d-67d2-4827-81f9-69103e364565 — What's the difference between sadness and depression?

  Field: word_count
  Issue: combined body 692 words (target 350–550)
Row baf0385d-67d2-4827-81f9-69103e364565 — What's the difference between sadness and depression?
  Severity: FAIL
  Field: word_count
  Issue: combined body 692 words (target 350–550)
  Recommended action: rerun

  Severity: FAIL
Row baf4ef3f-a088-4dbc-95c0-18a25968885c — How do I handle sibling rivalry and fighting?
  Field: word_count
  Recommended action: rerun

Row baf4ef3f-a088-4dbc-95c0-18a25968885c — How do I handle sibling rivalry and fighting?
  Issue: combined body 629 words (target 350–550)
  Field: word_count
  Severity: FAIL
  Recommended action: rerun
  Issue: combined body 629 words (target 350–550)

  Severity: FAIL
  Recommended action: rerun
Row bb52a5a4-47f2-4d21-a1b9-0e6727109afe — Why do I feel like I'm losing myself in my relationship?
  Field: canonical_answer

Row bb52a5a4-47f2-4d21-a1b9-0e6727109afe — Why do I feel like I'm losing myself in my relationship?
  Issue: 52 words (max 50)
  Field: canonical_answer
  Severity: FAIL
  Recommended action: rerun
  Issue: 52 words (max 50)

  Severity: FAIL
  Recommended action: rerun
Row bb52a5a4-47f2-4d21-a1b9-0e6727109afe — Why do I feel like I'm losing myself in my relationship?

  Field: word_count
Row bb52a5a4-47f2-4d21-a1b9-0e6727109afe — Why do I feel like I'm losing myself in my relationship?
  Issue: combined body 645 words (target 350–550)
  Severity: FAIL
  Field: word_count
  Issue: combined body 645 words (target 350–550)
  Recommended action: rerun
  Severity: FAIL

  Recommended action: rerun
Row bb65ff3f-b06a-45c6-b62c-d122a527574a — Why do I feel like I'm never going to have enough money?

Row bb65ff3f-b06a-45c6-b62c-d122a527574a — Why do I feel like I'm never going to have enough money?
  Field: word_count
  Issue: combined body 721 words (target 350–550)
  Severity: FAIL
  Recommended action: rerun

  Field: word_count
  Issue: combined body 721 words (target 350–550)
  Severity: FAIL
  Recommended action: rerun
Row bb759689-de97-44b0-a649-e9dd8b83d41e — How do I know if my recovery program is working?

  Field: word_count
Row bb759689-de97-44b0-a649-e9dd8b83d41e — How do I know if my recovery program is working?
  Issue: combined body 642 words (target 350–550)
  Severity: FAIL
  Recommended action: rerun
  Field: word_count
  Issue: combined body 642 words (target 350–550)
  Severity: FAIL

  Recommended action: rerun
Row bbee483f-9574-4970-b897-21d2c22f6efd — Can talking to AI all night affect my mental health?

  Field: word_count
Row bbee483f-9574-4970-b897-21d2c22f6efd — Can talking to AI all night affect my mental health?
  Issue: combined body 644 words (target 350–550)
  Severity: FAIL
  Field: word_count
  Issue: combined body 644 words (target 350–550)
  Severity: FAIL
  Recommended action: rerun

Row bc4b3722-2b1a-4f6b-b5a5-45c1cb0f8684 — Is it normal to miss aspects of my old faith?
  Recommended action: rerun

  Field: word_count
  Issue: combined body 702 words (target 350–550)
  Severity: FAIL
  Recommended action: rerun
Row bc4b3722-2b1a-4f6b-b5a5-45c1cb0f8684 — Is it normal to miss aspects of my old faith?

Row bc66af5b-504b-4add-bbf4-57e3a073793b — How do I know if I'm drinking too much?
  Field: word_count
  Issue: combined body 702 words (target 350–550)
  Severity: FAIL
  Recommended action: rerun
  Field: canonical_answer
  Issue: 54 words (max 50)

Row bc66af5b-504b-4add-bbf4-57e3a073793b — How do I know if I'm drinking too much?
  Severity: FAIL
  Field: canonical_answer
  Issue: 54 words (max 50)
  Recommended action: rerun

  Severity: FAIL
Row bc66af5b-504b-4add-bbf4-57e3a073793b — How do I know if I'm drinking too much?
  Recommended action: rerun

  Field: word_count
Row bc66af5b-504b-4add-bbf4-57e3a073793b — How do I know if I'm drinking too much?
  Issue: combined body 664 words (target 350–550)
  Severity: FAIL
  Field: word_count
  Recommended action: rerun
  Issue: combined body 664 words (target 350–550)
  Severity: FAIL

  Recommended action: rerun
Row bc727552-b70c-4037-a6d2-33ec2824dac4 — Why do I feel ashamed about my body during intimate moments?

Row bc727552-b70c-4037-a6d2-33ec2824dac4 — Why do I feel ashamed about my body during intimate moments?
  Field: word_count
  Issue: combined body 703 words (target 350–550)
  Field: word_count
  Issue: combined body 703 words (target 350–550)
  Severity: FAIL
  Recommended action: rerun

Row bc86fd61-d26d-4da5-bc92-4b97079557dd — How do I deal with anxiety about the future?
  Field: word_count
  Issue: combined body 624 words (target 350–550)
  Severity: FAIL
  Recommended action: rerun

Row bcbf383b-a50d-4c5c-b337-225945327456 — Why do I feel like I'm pretending to be someone I'm not?
  Field: word_count
  Severity: FAIL
  Recommended action: rerun

Row bc86fd61-d26d-4da5-bc92-4b97079557dd — How do I deal with anxiety about the future?
  Field: word_count
  Issue: combined body 624 words (target 350–550)
  Severity: FAIL
  Recommended action: rerun

Row bcbf383b-a50d-4c5c-b337-225945327456 — Why do I feel like I'm pretending to be someone I'm not?
  Field: word_count
  Issue: combined body 650 words (target 350–550)
  Severity: FAIL
  Recommended action: rerun

Row bceccff2-2a8b-48c6-92e9-57ee5fb9073e — What should I do if I feel like I can't keep up with techno…
  Field: word_count
  Issue: combined body 650 words (target 350–550)
  Severity: FAIL
  Recommended action: rerun

Row bceccff2-2a8b-48c6-92e9-57ee5fb9073e — What should I do if I feel like I can't keep up with techno…
  Field: word_count
  Issue: combined body 655 words (target 350–550)
  Severity: FAIL
  Issue: combined body 655 words (target 350–550)
  Severity: FAIL
  Recommended action: rerun

Row bcee6a3e-c5ca-49c6-9075-aa70dbe72ce9 — How do I cope with losing my pet?
  Field: word_count
  Recommended action: rerun

Row bcee6a3e-c5ca-49c6-9075-aa70dbe72ce9 — How do I cope with losing my pet?
  Field: word_count
  Issue: combined body 703 words (target 350–550)
  Severity: FAIL
  Recommended action: rerun

Row bcf69729-4165-40c5-8588-96fbfcd8f256 — How do I decide what to do with their belongings?
  Field: word_count
  Issue: combined body 630 words (target 350–550)
  Severity: FAIL
  Recommended action: rerun

  Issue: combined body 703 words (target 350–550)
  Severity: FAIL
  Recommended action: rerun

Row bcf69729-4165-40c5-8588-96fbfcd8f256 — How do I decide what to do with their belongings?
  Field: word_count
  Issue: combined body 630 words (target 350–550)
  Severity: FAIL
  Recommended action: rerun

Row bd0461e8-df46-4863-847a-778c4b6834d8 — How do I know if I need professional help for my grief?
  Field: word_count
  Issue: combined body 732 words (target 350–550)
  Severity: FAIL
  Recommended action: rerun

Row bd49cb87-22e1-4bc8-b826-39954973f786 — How do I stop feeling like I'm wasting time when I'm not be…
  Field: word_count
  Issue: combined body 691 words (target 350–550)
Row bd0461e8-df46-4863-847a-778c4b6834d8 — How do I know if I need professional help for my grief?
  Field: word_count
  Issue: combined body 732 words (target 350–550)
  Severity: FAIL
  Recommended action: rerun

Row bd49cb87-22e1-4bc8-b826-39954973f786 — How do I stop feeling like I'm wasting time when I'm not be…
  Field: word_count
  Issue: combined body 691 words (target 350–550)
  Severity: FAIL
  Recommended action: rerun

Row bd7047a5-26d7-45cf-9563-9af2da7412fc — How do I stop feeling like I'm always walking on eggshells?
  Field: word_count
  Issue: combined body 668 words (target 350–550)
  Severity: FAIL
  Recommended action: rerun

Row bdb666a7-5455-44e3-92cf-d190885e68ec — I'm afraid of becoming dependent on antidepressants. Is thi…
  Severity: FAIL
  Recommended action: rerun

Row bd7047a5-26d7-45cf-9563-9af2da7412fc — How do I stop feeling like I'm always walking on eggshells?
  Field: word_count
  Issue: combined body 668 words (target 350–550)
  Severity: FAIL
  Recommended action: rerun

  Field: word_count
Row bdb666a7-5455-44e3-92cf-d190885e68ec — I'm afraid of becoming dependent on antidepressants. Is thi…
  Field: word_count
  Issue: combined body 660 words (target 350–550)
  Severity: FAIL
  Recommended action: rerun

  Issue: combined body 660 words (target 350–550)
  Severity: FAIL
  Recommended action: rerun

Row be09078b-85c5-46ce-90dc-c8edfc0e813f — Why do I feel empty even when my life is going well?
  Field: canonical_answer
  Issue: 55 words (max 50)
  Severity: FAIL
  Recommended action: rerun

Row be09078b-85c5-46ce-90dc-c8edfc0e813f — Why do I feel empty even when my life is going well?
  Field: word_count
Row be09078b-85c5-46ce-90dc-c8edfc0e813f — Why do I feel empty even when my life is going well?
  Field: canonical_answer
  Issue: 55 words (max 50)
  Severity: FAIL
  Recommended action: rerun

Row be09078b-85c5-46ce-90dc-c8edfc0e813f — Why do I feel empty even when my life is going well?
  Field: word_count
  Issue: combined body 855 words (target 350–550)
  Severity: FAIL
  Recommended action: rerun

  Issue: combined body 855 words (target 350–550)
  Severity: FAIL
Row be0e0311-efe4-4a74-b4b4-137027462670 — What do I do if I think I have depression?
  Recommended action: rerun

  Field: lede
  Issue: does not open with canonical_answer verbatim
Row be0e0311-efe4-4a74-b4b4-137027462670 — What do I do if I think I have depression?
  Severity: FAIL
  Field: lede
  Issue: does not open with canonical_answer verbatim
  Recommended action: rerun

  Severity: FAIL
Row be0e0311-efe4-4a74-b4b4-137027462670 — What do I do if I think I have depression?
  Recommended action: rerun

  Field: word_count
  Issue: combined body 609 words (target 350–550)
Row be0e0311-efe4-4a74-b4b4-137027462670 — What do I do if I think I have depression?
  Severity: FAIL
  Field: word_count
  Issue: combined body 609 words (target 350–550)
  Recommended action: rerun
  Severity: FAIL

  Recommended action: rerun
Row be48553f-b480-4e65-b5e3-84cea990f33c — How do I handle feeling replaceable because of AI?
  Field: word_count

  Issue: combined body 734 words (target 350–550)
Row be48553f-b480-4e65-b5e3-84cea990f33c — How do I handle feeling replaceable because of AI?
  Field: word_count
  Severity: FAIL
  Issue: combined body 734 words (target 350–550)
  Recommended action: rerun

  Severity: FAIL
Row be5c168b-f420-47fc-89ed-b7e503300f87 — How do I stop feeling like I'm broken and need to be fixed?
  Recommended action: rerun

  Field: word_count
Row be5c168b-f420-47fc-89ed-b7e503300f87 — How do I stop feeling like I'm broken and need to be fixed?
  Issue: combined body 733 words (target 350–550)
  Field: word_count
  Severity: FAIL
  Recommended action: rerun
  Issue: combined body 733 words (target 350–550)

  Severity: FAIL
  Recommended action: rerun
Row be5c3153-7ab4-47f9-b312-bb191d45f542 — What should I do if I think my friend is in an abusive rela…

  Field: word_count
Row be5c3153-7ab4-47f9-b312-bb191d45f542 — What should I do if I think my friend is in an abusive rela…
  Issue: combined body 672 words (target 350–550)
  Field: word_count
  Severity: FAIL
  Recommended action: rerun
  Issue: combined body 672 words (target 350–550)

  Severity: FAIL
  Recommended action: rerun
Row bec01dea-06e3-4d6d-9cc3-e43366d1c9a0 — How do I find meaning when I no longer believe what I was t…

  Field: word_count
  Issue: combined body 662 words (target 350–550)
Row bec01dea-06e3-4d6d-9cc3-e43366d1c9a0 — How do I find meaning when I no longer believe what I was t…
  Severity: FAIL
  Recommended action: rerun
  Field: word_count
  Issue: combined body 662 words (target 350–550)

  Severity: FAIL
  Recommended action: rerun
Row bf4ed0c5-91bf-4306-bb13-2cf0c3347ede — Why do I feel guilty for being excited about changes that h…

  Field: word_count
Row bf4ed0c5-91bf-4306-bb13-2cf0c3347ede — Why do I feel guilty for being excited about changes that h…
  Field: word_count
  Issue: combined body 677 words (target 350–550)
  Severity: FAIL
  Recommended action: rerun

Row bf5d7849-923e-47aa-a25b-4256a4805011 — How do I integrate plant medicine experiences with traditio…
  Field: word_count
  Issue: combined body 607 words (target 350–550)
  Issue: combined body 677 words (target 350–550)
  Severity: FAIL
  Recommended action: rerun

Row bf5d7849-923e-47aa-a25b-4256a4805011 — How do I integrate plant medicine experiences with traditio…
  Field: word_count
  Severity: FAIL
  Issue: combined body 607 words (target 350–550)
  Recommended action: rerun

Row bf66a1b5-b363-412c-9470-d0c677cb57f0 — How do I rebuild my relationship with my children after add…
  Field: word_count
  Severity: FAIL
  Issue: combined body 666 words (target 350–550)
  Severity: FAIL
  Recommended action: rerun

  Recommended action: rerun

Row bf66a1b5-b363-412c-9470-d0c677cb57f0 — How do I rebuild my relationship with my children after add…
  Field: word_count
Row bf777fa1-7e3d-41d2-b207-f8229fd0135b — Why do I shut down during arguments?
  Field: word_count
  Issue: combined body 633 words (target 350–550)
  Issue: combined body 666 words (target 350–550)
  Severity: FAIL
  Recommended action: rerun

  Severity: FAIL
  Recommended action: rerun

Row bf99327a-654a-4bd2-a503-a594a2b5fbce — How can I apologize in a way that actually repairs trust?
Row bf777fa1-7e3d-41d2-b207-f8229fd0135b — Why do I shut down during arguments?
  Field: word_count
  Issue: combined body 633 words (target 350–550)
  Field: word_count
  Issue: combined body 624 words (target 350–550)
  Severity: FAIL
  Recommended action: rerun
  Severity: FAIL
  Recommended action: rerun

Row bf99327a-654a-4bd2-a503-a594a2b5fbce — How can I apologize in a way that actually repairs trust?

Row bfa922c5-c5b1-4f8c-898a-0771e7a04143 — Why do I feel like I'm always waiting for the other shoe to…
  Field: word_count
  Field: word_count
  Issue: combined body 624 words (target 350–550)
  Severity: FAIL
  Recommended action: rerun
  Issue: combined body 653 words (target 350–550)
  Severity: FAIL
  Recommended action: rerun

Row bfa922c5-c5b1-4f8c-898a-0771e7a04143 — Why do I feel like I'm always waiting for the other shoe to…
  Field: word_count

  Issue: combined body 653 words (target 350–550)
  Severity: FAIL
  Recommended action: rerun

Row bff2668f-11d9-448a-a229-4ca93508a637 — Why do I overthink every conversation after it happens?
  Field: word_count
  Issue: combined body 624 words (target 350–550)
  Severity: FAIL
Row bff2668f-11d9-448a-a229-4ca93508a637 — Why do I overthink every conversation after it happens?
  Field: word_count
  Issue: combined body 624 words (target 350–550)
  Severity: FAIL
  Recommended action: rerun

Row c0ec99ec-84c6-41d0-b225-0921a3526d14 — How do I deal with financial stress affecting my relationsh…
  Field: word_count
  Recommended action: rerun

Row c0ec99ec-84c6-41d0-b225-0921a3526d14 — How do I deal with financial stress affecting my relationsh…
  Field: word_count
  Issue: combined body 664 words (target 350–550)
  Severity: FAIL
  Recommended action: rerun

Row c1bb8f62-42a1-449b-bfc5-18fbc9099858 — How do I deal with people who don't understand or support m…
  Field: word_count
  Issue: combined body 664 words (target 350–550)
  Severity: FAIL
  Recommended action: rerun

  Issue: combined body 656 words (target 350–550)
Row c1bb8f62-42a1-449b-bfc5-18fbc9099858 — How do I deal with people who don't understand or support m…
  Field: word_count
  Severity: FAIL
  Recommended action: rerun

  Issue: combined body 656 words (target 350–550)
Row c2c0ee45-43de-4cfa-b997-e4b976ef90da — Is it okay to use AI to talk to someone who died?
  Field: canonical_answer
  Issue: 53 words (max 50)
  Severity: FAIL
  Recommended action: rerun

  Severity: FAIL
Row c2c0ee45-43de-4cfa-b997-e4b976ef90da — Is it okay to use AI to talk to someone who died?
  Field: canonical_answer
  Issue: 53 words (max 50)
  Recommended action: rerun
  Severity: FAIL

Row c2c0ee45-43de-4cfa-b997-e4b976ef90da — Is it okay to use AI to talk to someone who died?
  Recommended action: rerun
  Field: word_count

Row c2c0ee45-43de-4cfa-b997-e4b976ef90da — Is it okay to use AI to talk to someone who died?
  Issue: combined body 680 words (target 350–550)
  Field: word_count
  Severity: FAIL
  Issue: combined body 680 words (target 350–550)
  Recommended action: rerun
  Severity: FAIL

Row c2c77849-c27d-453d-bfe0-d04f5ae59fac — How do I deal with a toxic work environment?
  Recommended action: rerun
  Field: lede

Row c2c77849-c27d-453d-bfe0-d04f5ae59fac — How do I deal with a toxic work environment?
  Issue: does not open with canonical_answer verbatim
  Field: lede
  Severity: FAIL
  Issue: does not open with canonical_answer verbatim
  Recommended action: rerun
  Severity: FAIL

  Recommended action: rerun
Row c2c77849-c27d-453d-bfe0-d04f5ae59fac — How do I deal with a toxic work environment?
  Field: word_count

  Issue: combined body 713 words (target 350–550)
Row c2c77849-c27d-453d-bfe0-d04f5ae59fac — How do I deal with a toxic work environment?
  Field: word_count
  Severity: FAIL
  Issue: combined body 713 words (target 350–550)
  Recommended action: rerun
  Severity: FAIL

  Recommended action: rerun
Row c301980c-d9db-4aef-9f3b-ddb00ab5ed8c — What is complex PTSD and how is it different from regular P…
  Field: word_count

  Issue: combined body 707 words (target 350–550)
Row c301980c-d9db-4aef-9f3b-ddb00ab5ed8c — What is complex PTSD and how is it different from regular P…
  Field: word_count
  Severity: FAIL
  Issue: combined body 707 words (target 350–550)
  Recommended action: rerun
  Severity: FAIL

  Recommended action: rerun
Row c32884a5-009f-4fb0-9a8e-4e7daf234901 — How do I stop feeling like I'm a disappointment to myself?
  Field: lede

  Issue: does not open with canonical_answer verbatim
Row c32884a5-009f-4fb0-9a8e-4e7daf234901 — How do I stop feeling like I'm a disappointment to myself?
  Field: lede
  Severity: FAIL
  Issue: does not open with canonical_answer verbatim
  Recommended action: rerun
  Severity: FAIL

Row c32884a5-009f-4fb0-9a8e-4e7daf234901 — How do I stop feeling like I'm a disappointment to myself?
  Recommended action: rerun
  Field: word_count

Row c32884a5-009f-4fb0-9a8e-4e7daf234901 — How do I stop feeling like I'm a disappointment to myself?
  Field: word_count
  Issue: combined body 700 words (target 350–550)
  Severity: FAIL
  Recommended action: rerun

  Issue: combined body 700 words (target 350–550)
  Severity: FAIL
  Recommended action: rerun

Row c356d169-2775-439e-9c26-492b58349476 — What should I do if my child says an AI is their best frien…
  Field: word_count
  Issue: combined body 677 words (target 350–550)
  Severity: FAIL
Row c356d169-2775-439e-9c26-492b58349476 — What should I do if my child says an AI is their best frien…
  Field: word_count
  Recommended action: rerun
  Issue: combined body 677 words (target 350–550)
  Severity: FAIL

  Recommended action: rerun
Row c361736d-bcd3-43a9-a54e-5158ae1a99af — How do I set boundaries with family members?
  Field: word_count

  Issue: combined body 625 words (target 350–550)
Row c361736d-bcd3-43a9-a54e-5158ae1a99af — How do I set boundaries with family members?
  Field: word_count
  Severity: FAIL
  Issue: combined body 625 words (target 350–550)
  Recommended action: rerun

  Severity: FAIL
Row c3813252-974b-4337-8843-c9dba7688030 — How do I stop feeling like I need to fix everyone's problem…
  Field: word_count
  Recommended action: rerun

  Issue: combined body 639 words (target 350–550)
Row c3813252-974b-4337-8843-c9dba7688030 — How do I stop feeling like I need to fix everyone's problem…
  Field: word_count
  Severity: FAIL
  Recommended action: rerun
  Issue: combined body 639 words (target 350–550)

  Severity: FAIL
  Recommended action: rerun
Row c3ec6df3-274b-4521-b071-49e38a86f603 — How do I stop feeling like I'm not living up to my own expe…

  Field: word_count
Row c3ec6df3-274b-4521-b071-49e38a86f603 — How do I stop feeling like I'm not living up to my own expe…
  Issue: combined body 713 words (target 350–550)
  Field: word_count
  Severity: FAIL
  Issue: combined body 713 words (target 350–550)
  Recommended action: rerun

  Severity: FAIL
Row c40f6f49-f410-4f88-ad1b-e1ebe7f87f83 — What is social anxiety and how do I overcome it?
  Recommended action: rerun

  Field: word_count
Row c40f6f49-f410-4f88-ad1b-e1ebe7f87f83 — What is social anxiety and how do I overcome it?
  Issue: combined body 760 words (target 350–550)
  Field: word_count
  Severity: FAIL
  Recommended action: rerun
  Issue: combined body 760 words (target 350–550)

  Severity: FAIL
  Recommended action: rerun

Row c417e710-8831-4271-ad12-af2fa6ea1715 — How do I stop overthinking every conversation I have?
  Field: word_count
  Issue: combined body 740 words (target 350–550)
  Severity: FAIL
  Recommended action: rerun

Row c417e710-8831-4271-ad12-af2fa6ea1715 — How do I stop overthinking every conversation I have?
  Field: word_count
  Issue: combined body 740 words (target 350–550)
  Severity: FAIL
  Recommended action: rerun

Row c4206d54-affa-4744-9867-470d7dc5b187 — Can I recover without going to meetings?
  Field: word_count
  Issue: combined body 627 words (target 350–550)
  Severity: FAIL
  Recommended action: rerun

Row c42669d0-8cdf-485f-ae1f-c082d8fb4092 — How do I find meaning after leaving organized religion?
  Field: word_count
  Issue: combined body 653 words (target 350–550)
  Severity: FAIL
Row c4206d54-affa-4744-9867-470d7dc5b187 — Can I recover without going to meetings?
  Field: word_count
  Issue: combined body 627 words (target 350–550)
  Severity: FAIL
  Recommended action: rerun

Row c42669d0-8cdf-485f-ae1f-c082d8fb4092 — How do I find meaning after leaving organized religion?
  Field: word_count
  Issue: combined body 653 words (target 350–550)
  Recommended action: rerun
  Severity: FAIL

Row c43f4493-2b95-4d60-8a89-7e3b84aa9baf — How do I deal with feeling like I'm too much for people?
  Field: word_count
  Issue: combined body 693 words (target 350–550)
  Severity: FAIL
  Recommended action: rerun
  Recommended action: rerun

Row c48200a3-c52d-4d88-b97a-fd7cb5d246ef — How do I deal with feeling like I'm not contributing anythi…

Row c43f4493-2b95-4d60-8a89-7e3b84aa9baf — How do I deal with feeling like I'm too much for people?
  Field: word_count
  Issue: combined body 693 words (target 350–550)
  Severity: FAIL
  Field: word_count
  Issue: combined body 660 words (target 350–550)
  Severity: FAIL
  Recommended action: rerun
  Recommended action: rerun

Row c48200a3-c52d-4d88-b97a-fd7cb5d246ef — How do I deal with feeling like I'm not contributing anythi…

Row c60201a6-38f1-454a-b64a-460d8e7e2c34 — How can I develop a stronger sense of identity?
  Field: word_count
  Issue: combined body 665 words (target 350–550)
  Field: word_count
  Issue: combined body 660 words (target 350–550)
  Severity: FAIL
  Recommended action: rerun
  Severity: FAIL
  Recommended action: rerun

Row c60a8c48-4bcf-46c0-be54-f494788351cd — How do I find motivation when I'm depressed?

Row c60201a6-38f1-454a-b64a-460d8e7e2c34 — How can I develop a stronger sense of identity?
  Field: word_count
  Issue: combined body 665 words (target 350–550)
  Field: word_count
  Issue: combined body 691 words (target 350–550)
  Severity: FAIL
  Recommended action: rerun
  Severity: FAIL
  Recommended action: rerun

Row c60a8c48-4bcf-46c0-be54-f494788351cd — How do I find motivation when I'm depressed?

Row c66be1dd-7903-4260-b29f-bc63ee0f206c — What does it mean to grieve a relationship that never happe…
  Field: word_count
  Issue: combined body 716 words (target 350–550)
  Severity: FAIL
  Recommended action: rerun

Row c71ad11e-a1d0-458d-9733-94d6acc1a38f — How do I know if my relationship is emotionally healthy?
  Field: word_count
  Issue: combined body 705 words (target 350–550)
  Severity: FAIL
  Recommended action: rerun

Row c76d8977-d5f9-4c75-8dbe-53d1f28aab77 — How do I deal with social anxiety at work?
  Field: word_count
  Issue: combined body 691 words (target 350–550)
  Severity: FAIL
  Recommended action: rerun
  Field: word_count
  Issue: combined body 721 words (target 350–550)

Row c66be1dd-7903-4260-b29f-bc63ee0f206c — What does it mean to grieve a relationship that never happe…
  Field: word_count
  Issue: combined body 716 words (target 350–550)
  Severity: FAIL
  Recommended action: rerun

Row c71ad11e-a1d0-458d-9733-94d6acc1a38f — How do I know if my relationship is emotionally healthy?
  Field: word_count
  Issue: combined body 705 words (target 350–550)
  Severity: FAIL
  Recommended action: rerun

Row c76d8977-d5f9-4c75-8dbe-53d1f28aab77 — How do I deal with social anxiety at work?
  Severity: FAIL
  Recommended action: rerun

Row c7a05a48-4ece-455a-b30c-1497810b9590 — What should I do if I'm struggling financially because of m…
  Field: word_count
  Issue: combined body 721 words (target 350–550)
  Field: word_count
  Issue: combined body 667 words (target 350–550)
  Severity: FAIL
  Recommended action: rerun

Row c7b87d8a-c07f-4ad3-9713-f40427209638 — What should I do if my child doesn't want to visit their ot…
  Field: word_count
  Issue: combined body 777 words (target 350–550)
  Severity: FAIL
  Recommended action: rerun

Row c7c9790d-dc28-4419-8b71-c1d9f592756f — How do I cope with depression when I have a chronic illness?
  Field: word_count
  Issue: combined body 768 words (target 350–550)
  Severity: FAIL
  Severity: FAIL
  Recommended action: rerun

Row c7a05a48-4ece-455a-b30c-1497810b9590 — What should I do if I'm struggling financially because of m…
  Field: word_count
  Issue: combined body 667 words (target 350–550)
  Severity: FAIL
  Recommended action: rerun

Row c7b87d8a-c07f-4ad3-9713-f40427209638 — What should I do if my child doesn't want to visit their ot…
  Field: word_count
  Issue: combined body 777 words (target 350–550)
  Severity: FAIL
  Recommended action: rerun

Row c7c9790d-dc28-4419-8b71-c1d9f592756f — How do I cope with depression when I have a chronic illness?
  Field: word_count
  Issue: combined body 768 words (target 350–550)
  Recommended action: rerun

Row c7cb92f6-e67f-491a-9d16-e136c94e9722 — How do I cope with the fear of being judged by others?
  Severity: FAIL
  Recommended action: rerun
  Field: word_count

Row c7cb92f6-e67f-491a-9d16-e136c94e9722 — How do I cope with the fear of being judged by others?
  Issue: combined body 685 words (target 350–550)
  Severity: FAIL
  Field: word_count
  Recommended action: rerun
  Issue: combined body 685 words (target 350–550)
  Severity: FAIL

  Recommended action: rerun
Row c7e683e2-b239-4277-94b5-622280fe2cca — Why do my partner and I have the same fight over and over?
  Field: word_count
  Issue: combined body 713 words (target 350–550)
  Severity: FAIL
  Recommended action: rerun

Row c80827a7-f786-4c02-9a47-7910da1f3386 — Why do I feel guilty for moving on after someone died?

  Field: word_count
  Issue: combined body 683 words (target 350–550)
Row c7e683e2-b239-4277-94b5-622280fe2cca — Why do my partner and I have the same fight over and over?
  Field: word_count
  Issue: combined body 713 words (target 350–550)
  Severity: FAIL
  Recommended action: rerun

Row c80827a7-f786-4c02-9a47-7910da1f3386 — Why do I feel guilty for moving on after someone died?
  Severity: FAIL
  Field: word_count
  Issue: combined body 683 words (target 350–550)
  Recommended action: rerun

Row c83d519f-f9f6-4b03-99b1-7cdbab79797c — How do I stop feeling responsible for everyone else's emoti…
  Field: word_count
  Severity: FAIL
  Issue: combined body 638 words (target 350–550)
  Severity: FAIL
  Recommended action: rerun

Row c83d519f-f9f6-4b03-99b1-7cdbab79797c — How do I stop feeling responsible for everyone else's emoti…
  Field: word_count
  Recommended action: rerun

Row c87130b8-a968-4a87-9100-6af20b5e90e1 — How do cultural attitudes affect depression treatment?
  Field: word_count
  Issue: combined body 705 words (target 350–550)
  Severity: FAIL
  Issue: combined body 638 words (target 350–550)
  Severity: FAIL
  Recommended action: rerun

Row c87130b8-a968-4a87-9100-6af20b5e90e1 — How do cultural attitudes affect depression treatment?
  Field: word_count
  Issue: combined body 705 words (target 350–550)
  Recommended action: rerun
  Severity: FAIL

Row c877210e-fc2d-4a04-b17d-ba389f975288 — What is compassion fatigue and how do I prevent it in a hel…
  Recommended action: rerun
  Field: word_count

Row c877210e-fc2d-4a04-b17d-ba389f975288 — What is compassion fatigue and how do I prevent it in a hel…
  Issue: combined body 703 words (target 350–550)
  Field: word_count
  Severity: FAIL
  Recommended action: rerun
  Issue: combined body 703 words (target 350–550)

  Severity: FAIL
  Recommended action: rerun
Row c8857b5a-4185-47d2-bbca-51b8bbcf51bf — Why does my chest feel tight when I'm anxious?

  Field: word_count
Row c8857b5a-4185-47d2-bbca-51b8bbcf51bf — Why does my chest feel tight when I'm anxious?
  Issue: combined body 649 words (target 350–550)
  Severity: FAIL
  Field: word_count
  Recommended action: rerun
  Issue: combined body 649 words (target 350–550)
  Severity: FAIL

  Recommended action: rerun
Row c9448d08-3fc8-4951-a927-ab452c5fbb60 — Are there specific depression challenges for LGBTQ+ individ…

  Field: word_count
Row c9448d08-3fc8-4951-a927-ab452c5fbb60 — Are there specific depression challenges for LGBTQ+ individ…
  Issue: combined body 690 words (target 350–550)
  Severity: FAIL
  Field: word_count
  Recommended action: rerun
  Issue: combined body 690 words (target 350–550)
  Severity: FAIL

  Recommended action: rerun
Row c9f9a331-242e-4eb1-8e49-cb1fa437a963 — How do I deal with feeling misunderstood by everyone?
  Field: word_count

  Issue: combined body 612 words (target 350–550)
Row c9f9a331-242e-4eb1-8e49-cb1fa437a963 — How do I deal with feeling misunderstood by everyone?
  Field: word_count
  Severity: FAIL
  Issue: combined body 612 words (target 350–550)
  Recommended action: rerun

  Severity: FAIL
Row ca2519e1-3add-42b3-9292-0fd9d148088b — How do I prepare for my first psychedelic therapy session?
  Recommended action: rerun

  Field: word_count
  Issue: combined body 645 words (target 350–550)
Row ca2519e1-3add-42b3-9292-0fd9d148088b — How do I prepare for my first psychedelic therapy session?
  Severity: FAIL
  Field: word_count
  Issue: combined body 645 words (target 350–550)
  Recommended action: rerun
  Severity: FAIL

  Recommended action: rerun
Row ca3333c7-13ed-495f-8aaf-bb0571649e09 — How do I tell my family I'm going to treatment?
  Field: canonical_answer

Row ca3333c7-13ed-495f-8aaf-bb0571649e09 — How do I tell my family I'm going to treatment?
  Field: canonical_answer
  Issue: 52 words (max 50)
  Severity: FAIL
  Recommended action: rerun

Row ca3333c7-13ed-495f-8aaf-bb0571649e09 — How do I tell my family I'm going to treatment?
  Field: word_count
  Issue: combined body 698 words (target 350–550)
  Issue: 52 words (max 50)
  Severity: FAIL
  Recommended action: rerun

Row ca3333c7-13ed-495f-8aaf-bb0571649e09 — How do I tell my family I'm going to treatment?
  Field: word_count
  Issue: combined body 698 words (target 350–550)
  Severity: FAIL
  Recommended action: rerun

Row ca37e352-a9bb-44d8-a004-941649e3859a — What is the relationship between depression and substance u…
  Field: word_count
  Issue: combined body 668 words (target 350–550)
  Severity: FAIL
  Recommended action: rerun
  Severity: FAIL
  Recommended action: rerun

Row ca37e352-a9bb-44d8-a004-941649e3859a — What is the relationship between depression and substance u…
  Field: word_count
  Issue: combined body 668 words (target 350–550)
  Severity: FAIL
  Recommended action: rerun

Row cace00d0-f592-4f5c-bda8-51de7baf3daf — How do I stop feeling like I'm not worthy of good things?
  Field: word_count

Row cace00d0-f592-4f5c-bda8-51de7baf3daf — How do I stop feeling like I'm not worthy of good things?
  Issue: combined body 798 words (target 350–550)
  Field: word_count
  Severity: FAIL
  Recommended action: rerun
  Issue: combined body 798 words (target 350–550)

  Severity: FAIL
  Recommended action: rerun
Row cb473940-d144-4b3f-acee-df5032d4a776 — Why do I feel like I need everyone to like me?

  Field: word_count
Row cb473940-d144-4b3f-acee-df5032d4a776 — Why do I feel like I need everyone to like me?
  Issue: combined body 706 words (target 350–550)
  Field: word_count
  Severity: FAIL
  Recommended action: rerun
  Issue: combined body 706 words (target 350–550)

  Severity: FAIL
  Recommended action: rerun
Row cb4ff5ea-12ea-469c-89eb-5e72debeffed — Why do I feel like I'm always one step behind everyone else?

  Field: word_count
Row cb4ff5ea-12ea-469c-89eb-5e72debeffed — Why do I feel like I'm always one step behind everyone else?
  Issue: combined body 686 words (target 350–550)
  Severity: FAIL
  Field: word_count
  Recommended action: rerun
  Issue: combined body 686 words (target 350–550)
  Severity: FAIL

  Recommended action: rerun
Row cc57e7e9-5d4d-41c0-a8f8-7b24768b0db0 — How do I stop my mind from racing when I try to sleep?
  Field: word_count

  Issue: combined body 621 words (target 350–550)
Row cc57e7e9-5d4d-41c0-a8f8-7b24768b0db0 — How do I stop my mind from racing when I try to sleep?
  Field: word_count
  Severity: FAIL
  Issue: combined body 621 words (target 350–550)
  Recommended action: rerun
  Severity: FAIL

  Recommended action: rerun
Row cc90f4a4-845d-48c6-a80c-648ff1de8b71 — Why do I feel like I'm losing my cultural identity in thera…
  Field: word_count

  Issue: combined body 656 words (target 350–550)
Row cc90f4a4-845d-48c6-a80c-648ff1de8b71 — Why do I feel like I'm losing my cultural identity in thera…
  Field: word_count
  Severity: FAIL
  Issue: combined body 656 words (target 350–550)
  Recommended action: rerun
  Severity: FAIL

  Recommended action: rerun
Row ccc6c5f0-647c-4673-8c6b-0140296b43ab — Why do I attract people who want to 'fix' me?
  Field: word_count

  Issue: combined body 702 words (target 350–550)
Row ccc6c5f0-647c-4673-8c6b-0140296b43ab — Why do I attract people who want to 'fix' me?
  Field: word_count
  Severity: FAIL
  Issue: combined body 702 words (target 350–550)
  Recommended action: rerun

  Severity: FAIL
Row ccd0a267-9892-4fa6-b4df-1bbaa4f30ad0 — Is it normal to feel jealous of people who seem financially…
  Recommended action: rerun

  Field: word_count
Row ccd0a267-9892-4fa6-b4df-1bbaa4f30ad0 — Is it normal to feel jealous of people who seem financially…
  Issue: combined body 716 words (target 350–550)
  Field: word_count
  Severity: FAIL
  Issue: combined body 716 words (target 350–550)
  Recommended action: rerun

  Severity: FAIL
Row ccd79c2b-82b0-4015-aa49-4c13ea20c5fa — How do I motivate myself when everything feels pointless?
  Recommended action: rerun

  Field: word_count
Row ccd79c2b-82b0-4015-aa49-4c13ea20c5fa — How do I motivate myself when everything feels pointless?
  Issue: combined body 651 words (target 350–550)
  Field: word_count
  Severity: FAIL
  Recommended action: rerun
  Issue: combined body 651 words (target 350–550)

  Severity: FAIL
  Recommended action: rerun
Row ccdac678-7d36-42cf-bc7a-5974bd3eb04f — How do I deal with feeling like I'm failing as a parent?

  Field: word_count
  Issue: combined body 715 words (target 350–550)
Row ccdac678-7d36-42cf-bc7a-5974bd3eb04f — How do I deal with feeling like I'm failing as a parent?
  Severity: FAIL
  Recommended action: rerun
  Field: word_count
  Issue: combined body 715 words (target 350–550)

  Severity: FAIL
  Recommended action: rerun
Row cce0afd4-2802-4412-8547-5601e4672bc5 — How does depression interact with substance use?

  Field: word_count
  Issue: combined body 673 words (target 350–550)
Row cce0afd4-2802-4412-8547-5601e4672bc5 — How does depression interact with substance use?
  Field: word_count
  Issue: combined body 673 words (target 350–550)
  Severity: FAIL
  Recommended action: rerun
  Severity: FAIL
  Recommended action: rerun

Row ce51cb42-3bc5-4823-bffc-8944099d3c34 — Is it normal to have vivid dreams or nightmares in recovery?
  Field: word_count

Row ce51cb42-3bc5-4823-bffc-8944099d3c34 — Is it normal to have vivid dreams or nightmares in recovery?
  Field: word_count
  Issue: combined body 651 words (target 350–550)
  Severity: FAIL
  Recommended action: rerun

Row ce52dfa3-9838-4bc0-899e-3c20f46b80d0 — How do I help my child who seems depressed?
  Field: word_count
  Issue: combined body 651 words (target 350–550)
  Severity: FAIL
  Recommended action: rerun

  Issue: combined body 673 words (target 350–550)
Row ce52dfa3-9838-4bc0-899e-3c20f46b80d0 — How do I help my child who seems depressed?
  Field: word_count
  Severity: FAIL
  Recommended action: rerun

Row ce80d961-e4ab-469a-aff7-2db76e607709 — Why do I feel like I'm behind everyone else my age?
  Field: word_count
  Issue: combined body 673 words (target 350–550)
  Issue: combined body 699 words (target 350–550)
  Severity: FAIL
  Recommended action: rerun

  Severity: FAIL
  Recommended action: rerun

Row ce80d961-e4ab-469a-aff7-2db76e607709 — Why do I feel like I'm behind everyone else my age?
  Field: word_count
Row cf652264-4c0a-4c93-b184-8619ab112077 — How do I know if I'm experiencing spiritual bypassing?
  Field: word_count
  Issue: combined body 648 words (target 350–550)
  Severity: FAIL
  Issue: combined body 699 words (target 350–550)
  Severity: FAIL
  Recommended action: rerun

Row cf652264-4c0a-4c93-b184-8619ab112077 — How do I know if I'm experiencing spiritual bypassing?
  Field: word_count
  Issue: combined body 648 words (target 350–550)
  Severity: FAIL
  Recommended action: rerun

Row cf713791-956b-4518-b499-2cfa47d55f2f — How do I know if I'm too emotionally dependent on AI?
  Field: word_count
  Issue: combined body 683 words (target 350–550)
  Severity: FAIL
  Recommended action: rerun

Row cf9ad1bf-2729-4f94-8380-a66606c60e1a — What does it mean to have a spiritual awakening?
  Field: canonical_answer
  Issue: 51 words (max 50)
  Severity: FAIL
  Recommended action: rerun

Row d02edc23-3e7f-4c85-9fa8-33c215c42c0f — How do I stop feeling like I need to prove myself constantl…
  Field: word_count
  Issue: combined body 604 words (target 350–550)
  Severity: FAIL
  Recommended action: rerun

  Recommended action: rerun

Row cf713791-956b-4518-b499-2cfa47d55f2f — How do I know if I'm too emotionally dependent on AI?
  Field: word_count
  Issue: combined body 683 words (target 350–550)
  Severity: FAIL
  Recommended action: rerun

Row cf9ad1bf-2729-4f94-8380-a66606c60e1a — What does it mean to have a spiritual awakening?
  Field: canonical_answer
  Issue: 51 words (max 50)
  Severity: FAIL
  Recommended action: rerun

Row d02edc23-3e7f-4c85-9fa8-33c215c42c0f — How do I stop feeling like I need to prove myself constantl…
  Field: word_count
  Issue: combined body 604 words (target 350–550)
  Severity: FAIL
  Recommended action: rerun
Row d06be9aa-cd61-4295-9120-55adb4514f99 — How do I recognize depression in elderly parents?

  Field: word_count
  Issue: combined body 667 words (target 350–550)
  Severity: FAIL
  Recommended action: rerun

Row d0d92fce-629b-450c-a4d8-06c92b3752f4 — What should I do when I feel like I can't handle stress any…
  Field: word_count
  Issue: combined body 613 words (target 350–550)
Row d06be9aa-cd61-4295-9120-55adb4514f99 — How do I recognize depression in elderly parents?
  Field: word_count
  Issue: combined body 667 words (target 350–550)
  Severity: FAIL
  Recommended action: rerun

Row d0d92fce-629b-450c-a4d8-06c92b3752f4 — What should I do when I feel like I can't handle stress any…
  Field: word_count
  Issue: combined body 613 words (target 350–550)
  Severity: FAIL
  Recommended action: rerun
  Severity: FAIL
  Recommended action: rerun

Row d1b69990-8ff2-4de7-8e09-7ef1e1591377 — How do I handle holidays and family gatherings with an addi…
  Field: word_count
  Issue: combined body 684 words (target 350–550)
  Severity: FAIL
  Recommended action: rerun


Row d1b69990-8ff2-4de7-8e09-7ef1e1591377 — How do I handle holidays and family gatherings with an addi…
  Field: word_count
  Issue: combined body 684 words (target 350–550)
  Severity: FAIL
  Recommended action: rerun

Row d1ceae6a-0507-4ad3-a6bd-3441b0669745 — How do I know if I need inpatient treatment for depression?
  Field: word_count
  Issue: combined body 635 words (target 350–550)
  Severity: FAIL
Row d1ceae6a-0507-4ad3-a6bd-3441b0669745 — How do I know if I need inpatient treatment for depression?
  Field: word_count
  Recommended action: rerun

  Issue: combined body 635 words (target 350–550)
  Severity: FAIL
Row d230f7cd-5e7b-4412-ba93-5fa7ab54d402 — Why do I shut down during intimacy even when I want to be c…
  Recommended action: rerun

  Field: word_count
  Issue: combined body 670 words (target 350–550)
Row d230f7cd-5e7b-4412-ba93-5fa7ab54d402 — Why do I shut down during intimacy even when I want to be c…
  Severity: FAIL
  Field: word_count
  Issue: combined body 670 words (target 350–550)
  Recommended action: rerun

  Severity: FAIL
Row d234fdc7-17c0-4051-8e49-e732473a62c6 — How do I make amends to people I hurt during my addiction?
  Recommended action: rerun

  Field: word_count
Row d234fdc7-17c0-4051-8e49-e732473a62c6 — How do I make amends to people I hurt during my addiction?
  Issue: combined body 669 words (target 350–550)
  Severity: FAIL
  Field: word_count
  Issue: combined body 669 words (target 350–550)
  Severity: FAIL
  Recommended action: rerun

Row d2cb6214-c485-40db-b10d-e9c572fab02e — How do I express anger in healthy ways without bottling it …
  Field: word_count
  Issue: combined body 682 words (target 350–550)
  Severity: FAIL
  Recommended action: rerun

Row d35ae8ec-972f-4626-a712-e98a29add495 — How do I rebuild my life after a major loss or trauma?
  Field: word_count
  Issue: combined body 648 words (target 350–550)
  Severity: FAIL
  Recommended action: rerun

Row d39b0457-e383-4e09-a05f-df997d14d518 — Is it unhealthy to prefer talking to AI over friends?
  Field: word_count
  Issue: combined body 623 words (target 350–550)
  Severity: FAIL
  Recommended action: rerun
  Recommended action: rerun

Row d2cb6214-c485-40db-b10d-e9c572fab02e — How do I express anger in healthy ways without bottling it …
  Field: word_count
  Issue: combined body 682 words (target 350–550)
  Severity: FAIL
  Recommended action: rerun

Row d35ae8ec-972f-4626-a712-e98a29add495 — How do I rebuild my life after a major loss or trauma?
  Field: word_count
  Issue: combined body 648 words (target 350–550)
  Severity: FAIL
  Recommended action: rerun

Row d39b0457-e383-4e09-a05f-df997d14d518 — Is it unhealthy to prefer talking to AI over friends?
  Field: word_count
  Issue: combined body 623 words (target 350–550)
  Severity: FAIL

  Recommended action: rerun
Row d3ac45d9-7791-43dd-ad33-5c48cdf62021 — What if I can't afford treatment or therapy?
  Field: word_count
  Issue: combined body 625 words (target 350–550)
  Severity: FAIL
  Recommended action: rerun


Row d46fb0a6-84b9-4abe-9b42-1bb058c3a979 — Why do I feel like I don't deserve love?
  Field: word_count
  Issue: combined body 660 words (target 350–550)
  Severity: FAIL
  Recommended action: rerun

Row d500c52c-2757-4656-bf67-321de790b930 — How do I deal with feeling like my life has no purpose?
  Field: word_count
Row d3ac45d9-7791-43dd-ad33-5c48cdf62021 — What if I can't afford treatment or therapy?
  Field: word_count
  Issue: combined body 625 words (target 350–550)
  Severity: FAIL
  Recommended action: rerun
  Issue: combined body 621 words (target 350–550)
  Severity: FAIL
  Recommended action: rerun

Row d548a38c-5e54-43fc-806a-3ab9f6268db6 — Why do I feel lost without religious community?
  Field: word_count
  Issue: combined body 603 words (target 350–550)
  Severity: FAIL
  Recommended action: rerun

Row d5aa095f-e192-4d33-be06-e5d8941cf16d — How do I talk to my family about money without fighting?
  Field: word_count

Row d46fb0a6-84b9-4abe-9b42-1bb058c3a979 — Why do I feel like I don't deserve love?
  Field: word_count
  Issue: combined body 660 words (target 350–550)
  Severity: FAIL
  Recommended action: rerun

Row d500c52c-2757-4656-bf67-321de790b930 — How do I deal with feeling like my life has no purpose?
  Field: word_count
  Issue: combined body 621 words (target 350–550)
  Severity: FAIL
  Recommended action: rerun

Row d548a38c-5e54-43fc-806a-3ab9f6268db6 — Why do I feel lost without religious community?
  Field: word_count
  Issue: combined body 603 words (target 350–550)
  Severity: FAIL
  Recommended action: rerun

Row d5aa095f-e192-4d33-be06-e5d8941cf16d — How do I talk to my family about money without fighting?
  Field: word_count
  Issue: combined body 635 words (target 350–550)
  Severity: FAIL
  Recommended action: rerun

Row d64f585a-8891-4cf9-935d-e1ff15ff4df8 — How do I find my purpose when nothing feels meaningful anym…
  Field: word_count
  Issue: combined body 662 words (target 350–550)
  Severity: FAIL
  Recommended action: rerun
  Issue: combined body 635 words (target 350–550)
  Severity: FAIL
  Recommended action: rerun

Row d64f585a-8891-4cf9-935d-e1ff15ff4df8 — How do I find my purpose when nothing feels meaningful anym…
  Field: word_count
  Issue: combined body 662 words (target 350–550)

  Severity: FAIL
  Recommended action: rerun

Row d71e60f0-ee8d-4f4c-a9da-d074fdc66430 — Can AI companions reduce loneliness or make it worse?
  Field: word_count
  Issue: combined body 664 words (target 350–550)
  Severity: FAIL
  Recommended action: rerun

Row d7349158-c02f-4995-834e-7775e2ede438 — Why do I need everyone's approval to feel good about myself?
  Field: word_count
  Issue: combined body 731 words (target 350–550)
  Severity: FAIL
Row d71e60f0-ee8d-4f4c-a9da-d074fdc66430 — Can AI companions reduce loneliness or make it worse?
  Field: word_count
  Issue: combined body 664 words (target 350–550)
  Severity: FAIL
  Recommended action: rerun

Row d7349158-c02f-4995-834e-7775e2ede438 — Why do I need everyone's approval to feel good about myself?
  Field: word_count
  Issue: combined body 731 words (target 350–550)
  Recommended action: rerun

Row d7d3a419-1483-438f-8334-243d6b6a713f — Why do I feel guilty when I set boundaries with family?
  Field: word_count
  Issue: combined body 657 words (target 350–550)
  Severity: FAIL
  Severity: FAIL
  Recommended action: rerun

Row d7d3a419-1483-438f-8334-243d6b6a713f — Why do I feel guilty when I set boundaries with family?
  Field: word_count
  Issue: combined body 657 words (target 350–550)
  Severity: FAIL
  Recommended action: rerun

Row d8c4ea75-b7f8-4e22-9c1f-fa6cb5ef230e — Why do I feel empty even when my life looks good on paper?
  Field: word_count
  Issue: combined body 653 words (target 350–550)
  Severity: FAIL
  Recommended action: rerun

Row d8cbc469-69ea-4550-9bf7-8320afb7c69c — Why do I parent the way I was parented even when I swore I …
  Field: word_count
  Recommended action: rerun

Row d8c4ea75-b7f8-4e22-9c1f-fa6cb5ef230e — Why do I feel empty even when my life looks good on paper?
  Field: word_count
  Issue: combined body 653 words (target 350–550)
  Severity: FAIL
  Recommended action: rerun

Row d8cbc469-69ea-4550-9bf7-8320afb7c69c — Why do I parent the way I was parented even when I swore I …
  Field: word_count
  Issue: combined body 744 words (target 350–550)
  Severity: FAIL
  Recommended action: rerun

Row d9955bb0-60ca-4b1e-8341-512740b4cd44 — What should I do if I think my child has anxiety?
  Field: word_count
  Issue: combined body 608 words (target 350–550)
  Severity: FAIL
  Recommended action: rerun

Row d9c9f923-2ee1-4f19-b710-e308cafdc100 — How do I cope with the emotional pain of divorce?
  Field: word_count
  Issue: combined body 677 words (target 350–550)
  Severity: FAIL
  Recommended action: rerun

  Issue: combined body 744 words (target 350–550)
  Severity: FAIL
  Recommended action: rerun

Row d9955bb0-60ca-4b1e-8341-512740b4cd44 — What should I do if I think my child has anxiety?
  Field: word_count
  Issue: combined body 608 words (target 350–550)
  Severity: FAIL
  Recommended action: rerun

Row d9c9f923-2ee1-4f19-b710-e308cafdc100 — How do I cope with the emotional pain of divorce?
  Field: word_count
  Issue: combined body 677 words (target 350–550)
  Severity: FAIL
  Recommended action: rerun

Row d9eedcf9-cc48-45b1-a11a-1fd4f1fefe9d — What should I do if I suspect my employee has a substance a…
  Field: word_count
  Issue: combined body 630 words (target 350–550)
  Severity: FAIL
  Recommended action: rerun
Row d9eedcf9-cc48-45b1-a11a-1fd4f1fefe9d — What should I do if I suspect my employee has a substance a…
  Field: word_count
  Issue: combined body 630 words (target 350–550)
  Severity: FAIL

  Recommended action: rerun
Row da13180a-219a-4f0e-bf71-c4b6f18b91f8 — Why do I feel empty even when my life looks good?
  Field: word_count
  Issue: combined body 673 words (target 350–550)

  Severity: FAIL
Row da13180a-219a-4f0e-bf71-c4b6f18b91f8 — Why do I feel empty even when my life looks good?
  Field: word_count
  Issue: combined body 673 words (target 350–550)
  Recommended action: rerun
  Severity: FAIL

  Recommended action: rerun
Row da4a4aeb-5ae7-4985-8b77-e5c3020cf923 — How do I deal with feeling overwhelmed by my family's immig…
  Field: word_count

  Issue: combined body 634 words (target 350–550)
Row da4a4aeb-5ae7-4985-8b77-e5c3020cf923 — How do I deal with feeling overwhelmed by my family's immig…
  Field: word_count
  Severity: FAIL
  Issue: combined body 634 words (target 350–550)
  Recommended action: rerun
  Severity: FAIL

Row da687806-8c71-4421-bb32-171948b44d83 — Why do I feel angry at the person who died?
  Recommended action: rerun
  Field: word_count

Row da687806-8c71-4421-bb32-171948b44d83 — Why do I feel angry at the person who died?
  Issue: combined body 660 words (target 350–550)
  Field: word_count
  Severity: FAIL
  Recommended action: rerun
  Issue: combined body 660 words (target 350–550)

  Severity: FAIL
  Recommended action: rerun
Row dad32643-cbe5-4630-b606-6ec5d88d4ef7 — I feel guilty for resting and doing nothing. How do I overc…

  Field: word_count
Row dad32643-cbe5-4630-b606-6ec5d88d4ef7 — I feel guilty for resting and doing nothing. How do I overc…
  Issue: combined body 601 words (target 350–550)
  Field: word_count
  Issue: combined body 601 words (target 350–550)
  Severity: FAIL
  Severity: FAIL
  Recommended action: rerun

  Recommended action: rerun

Row dc79d2be-d582-498e-b99a-f273020c9ac7 — How do I deal with people who drain my energy?
  Field: word_count
  Issue: combined body 642 words (target 350–550)
Row dc79d2be-d582-498e-b99a-f273020c9ac7 — How do I deal with people who drain my energy?
  Field: word_count
  Severity: FAIL
  Recommended action: rerun

Row dce255af-e801-48c8-b15e-337211cba1d8 — What are the warning signs that I might be heading toward r…
  Field: word_count
  Issue: combined body 629 words (target 350–550)
  Issue: combined body 642 words (target 350–550)
  Severity: FAIL
  Severity: FAIL
  Recommended action: rerun

Row dce255af-e801-48c8-b15e-337211cba1d8 — What are the warning signs that I might be heading toward r…
  Field: word_count
  Issue: combined body 629 words (target 350–550)
  Recommended action: rerun

Row dcfd220c-c887-41ed-b375-d527141371dc — What should I do if my partner is emotionally unavailable?
  Severity: FAIL
  Field: word_count
  Issue: combined body 608 words (target 350–550)
  Severity: FAIL
  Recommended action: rerun

Row dd0d953b-f0a1-41bd-89be-a059e490d9fa — Can you actually change your attachment style or are you st…
  Recommended action: rerun

Row dcfd220c-c887-41ed-b375-d527141371dc — What should I do if my partner is emotionally unavailable?
  Field: word_count
  Issue: combined body 648 words (target 350–550)
  Field: word_count
  Issue: combined body 608 words (target 350–550)
  Severity: FAIL
  Recommended action: rerun

Row dd0d953b-f0a1-41bd-89be-a059e490d9fa — Can you actually change your attachment style or are you st…
  Severity: FAIL
  Recommended action: rerun

Row dd85515c-4a63-4365-86b9-da213398f071 — Why do I need everyone to like me?
  Field: word_count
  Issue: combined body 648 words (target 350–550)
  Field: word_count
  Issue: combined body 678 words (target 350–550)
  Severity: FAIL
  Severity: FAIL
  Recommended action: rerun

Row dd85515c-4a63-4365-86b9-da213398f071 — Why do I need everyone to like me?
  Recommended action: rerun

Row dda7b0fd-0948-45a3-90b8-01ea001cc801 — Why do I feel like I have to choose between my cultural val…
  Field: word_count
  Issue: combined body 678 words (target 350–550)
  Severity: FAIL
  Field: word_count
  Issue: combined body 649 words (target 350–550)
  Severity: FAIL
  Recommended action: rerun
  Recommended action: rerun

Row dda7b0fd-0948-45a3-90b8-01ea001cc801 — Why do I feel like I have to choose between my cultural val…

Row ddb7e9e2-b5d0-47c6-825a-b0af8b7765bd — How do I create a bedtime routine that actually helps with …
  Field: word_count
  Issue: combined body 653 words (target 350–550)
  Field: word_count
  Issue: combined body 649 words (target 350–550)
  Severity: FAIL
  Recommended action: rerun
  Severity: FAIL
  Recommended action: rerun

Row ddc6b611-8cc2-4d81-a9ad-3e3566d2f4a8 — How do I reinvent myself after a major life change like div…

Row ddb7e9e2-b5d0-47c6-825a-b0af8b7765bd — How do I create a bedtime routine that actually helps with …
  Field: word_count
  Issue: combined body 653 words (target 350–550)
  Field: word_count
  Issue: combined body 666 words (target 350–550)
  Severity: FAIL
  Recommended action: rerun

Row ddd629ef-e12a-49c9-ab49-8ff93e4eca64 — Can AI make intrusive thoughts worse?
  Field: word_count
  Issue: combined body 732 words (target 350–550)
  Severity: FAIL
  Recommended action: rerun

Row dde08134-d890-487a-b8dd-c141ecec6442 — Is it okay to still miss my ex even though the relationship…
  Severity: FAIL
  Recommended action: rerun

Row ddc6b611-8cc2-4d81-a9ad-3e3566d2f4a8 — How do I reinvent myself after a major life change like div…
  Field: word_count
  Issue: combined body 666 words (target 350–550)
  Severity: FAIL
  Recommended action: rerun

Row ddd629ef-e12a-49c9-ab49-8ff93e4eca64 — Can AI make intrusive thoughts worse?
  Field: word_count
  Issue: combined body 732 words (target 350–550)
  Severity: FAIL
  Recommended action: rerun
  Field: word_count
  Issue: combined body 735 words (target 350–550)

Row dde08134-d890-487a-b8dd-c141ecec6442 — Is it okay to still miss my ex even though the relationship…
  Field: word_count
  Severity: FAIL
  Issue: combined body 735 words (target 350–550)
  Recommended action: rerun

  Severity: FAIL
Row ddfb8676-7c1f-4694-bd0f-b648ec55ee9f — How do I know if I need therapy or just more support from f…
  Recommended action: rerun

  Field: word_count
  Issue: combined body 661 words (target 350–550)
Row ddfb8676-7c1f-4694-bd0f-b648ec55ee9f — How do I know if I need therapy or just more support from f…
  Severity: FAIL
  Field: word_count
  Issue: combined body 661 words (target 350–550)
  Recommended action: rerun

  Severity: FAIL
Row de8dc713-f10b-4212-a8eb-91e617074627 — What's the difference between bipolar disorder and regular …
  Recommended action: rerun

  Field: word_count
Row de8dc713-f10b-4212-a8eb-91e617074627 — What's the difference between bipolar disorder and regular …
  Issue: combined body 601 words (target 350–550)
  Severity: FAIL
  Field: word_count
  Recommended action: rerun
  Issue: combined body 601 words (target 350–550)
  Severity: FAIL

  Recommended action: rerun
Row df107d59-7239-4b8f-83cf-081b25545e4e — Should I avoid all mood-altering substances in recovery?

  Field: word_count
  Issue: combined body 655 words (target 350–550)
Row df107d59-7239-4b8f-83cf-081b25545e4e — Should I avoid all mood-altering substances in recovery?
  Severity: FAIL
  Field: word_count
  Issue: combined body 655 words (target 350–550)
  Recommended action: rerun

  Severity: FAIL
Row df1d3e84-c236-4674-98bc-ab3361930d5f — Can AI make doomscrolling worse?
  Recommended action: rerun

  Field: word_count
Row df1d3e84-c236-4674-98bc-ab3361930d5f — Can AI make doomscrolling worse?
  Issue: combined body 691 words (target 350–550)
  Severity: FAIL
  Field: word_count
  Recommended action: rerun
  Issue: combined body 691 words (target 350–550)
  Severity: FAIL

  Recommended action: rerun
Row df24fbaf-882f-4152-a2af-450798baf93d — What should I do if I caught my partner cheating?
  Field: word_count

  Issue: combined body 657 words (target 350–550)
Row df24fbaf-882f-4152-a2af-450798baf93d — What should I do if I caught my partner cheating?
  Field: word_count
  Severity: FAIL
  Recommended action: rerun
  Issue: combined body 657 words (target 350–550)

  Severity: FAIL
  Recommended action: rerun
Row df6b8352-e0ed-4a20-bc0c-402899b50233 — How do I deal with feeling like I'm not good enough?

Row df6b8352-e0ed-4a20-bc0c-402899b50233 — How do I deal with feeling like I'm not good enough?
  Field: word_count
  Issue: combined body 673 words (target 350–550)
  Severity: FAIL
  Recommended action: rerun

Row dfbbc930-092d-4e54-b5e3-a57027df60ce — How do I stop feeling guilty about my past mistakes?
  Field: word_count
  Issue: combined body 673 words (target 350–550)
  Severity: FAIL
  Recommended action: rerun

  Field: word_count
Row dfbbc930-092d-4e54-b5e3-a57027df60ce — How do I stop feeling guilty about my past mistakes?
  Issue: combined body 658 words (target 350–550)
  Severity: FAIL
  Recommended action: rerun

Row dff339f7-efc4-4624-8043-0e8584a7ee29 — What is the difference between mindfulness and meditation?
  Field: word_count
  Field: word_count
  Issue: combined body 616 words (target 350–550)
  Severity: FAIL
  Recommended action: rerun
  Issue: combined body 658 words (target 350–550)
  Severity: FAIL
  Recommended action: rerun

Row dff339f7-efc4-4624-8043-0e8584a7ee29 — What is the difference between mindfulness and meditation?

Row e20a9f6f-eea9-4cd4-9a05-357b3aad3af1 — Why do I feel exhausted all the time even when I sleep enou…
  Field: word_count
  Field: word_count
  Issue: combined body 616 words (target 350–550)
  Severity: FAIL
  Recommended action: rerun
  Issue: combined body 654 words (target 350–550)
  Severity: FAIL
  Recommended action: rerun


Row e20a9f6f-eea9-4cd4-9a05-357b3aad3af1 — Why do I feel exhausted all the time even when I sleep enou…
  Field: word_count
Row e33ea7e3-e543-46b6-bddd-fb00186f5d9e — Why do I lose myself in romantic relationships?
  Field: word_count
  Issue: combined body 707 words (target 350–550)
  Severity: FAIL
  Issue: combined body 654 words (target 350–550)
  Severity: FAIL
  Recommended action: rerun

  Recommended action: rerun

Row e3690690-8662-459c-8133-4a3633c73617 — Every small mistake feels like evidence that I am fundament…
  Field: word_count
Row e33ea7e3-e543-46b6-bddd-fb00186f5d9e — Why do I lose myself in romantic relationships?
  Field: word_count
  Issue: combined body 707 words (target 350–550)
  Severity: FAIL
  Issue: combined body 656 words (target 350–550)
  Severity: FAIL
  Recommended action: rerun

  Recommended action: rerun

Row e3690690-8662-459c-8133-4a3633c73617 — Every small mistake feels like evidence that I am fundament…
  Field: word_count
Row e3d27e7c-b66a-47d8-816c-0ed4b47948d3 — What is disenfranchised grief?
  Field: word_count
  Issue: combined body 699 words (target 350–550)
  Issue: combined body 656 words (target 350–550)
  Severity: FAIL
  Recommended action: rerun

  Severity: FAIL
  Recommended action: rerun

Row e449fadb-dc16-4a10-b676-164a795e1e31 — Why does AI at work make me feel less in control?
Row e3d27e7c-b66a-47d8-816c-0ed4b47948d3 — What is disenfranchised grief?
  Field: word_count
  Issue: combined body 699 words (target 350–550)
  Field: word_count
  Issue: combined body 605 words (target 350–550)
  Severity: FAIL
  Recommended action: rerun
  Severity: FAIL
  Recommended action: rerun

Row e449fadb-dc16-4a10-b676-164a795e1e31 — Why does AI at work make me feel less in control?

Row e4641b6b-2ed1-4691-b4cf-5c29c45a4f82 — What's the difference between being shy and having avoidant…
  Field: word_count
  Issue: combined body 733 words (target 350–550)
  Field: word_count
  Issue: combined body 605 words (target 350–550)
  Severity: FAIL
  Recommended action: rerun
  Severity: FAIL
  Recommended action: rerun


Row e4641b6b-2ed1-4691-b4cf-5c29c45a4f82 — What's the difference between being shy and having avoidant…
  Field: word_count
  Issue: combined body 733 words (target 350–550)
Row e4bfcd15-f369-46f0-ae48-e27ae05ae6a6 — How do I know if someone I love is using drugs?
  Field: word_count
  Issue: combined body 769 words (target 350–550)
  Severity: FAIL
  Severity: FAIL
  Recommended action: rerun

Row e4bfcd15-f369-46f0-ae48-e27ae05ae6a6 — How do I know if someone I love is using drugs?
  Field: word_count
  Issue: combined body 769 words (target 350–550)
  Severity: FAIL
  Recommended action: rerun

Row e54d7af4-6774-49b1-a677-a9a9b95fbada — How do I handle cravings that seem to come out of nowhere?
  Field: word_count
  Issue: combined body 638 words (target 350–550)
  Recommended action: rerun

Row e54d7af4-6774-49b1-a677-a9a9b95fbada — How do I handle cravings that seem to come out of nowhere?
  Field: word_count
  Issue: combined body 638 words (target 350–550)
  Severity: FAIL
  Recommended action: rerun

Row e56407db-8699-4d2c-a273-5c699f5d81df — How do I stop feeling like I'm behind everyone else profess…
  Field: word_count
  Issue: combined body 721 words (target 350–550)
  Severity: FAIL
  Recommended action: rerun

Row e5812f75-b54f-49b3-a7e0-ec505adff47f — Can stress and anxiety really cause stomach problems?
  Field: word_count
  Severity: FAIL
  Recommended action: rerun

Row e56407db-8699-4d2c-a273-5c699f5d81df — How do I stop feeling like I'm behind everyone else profess…
  Field: word_count
  Issue: combined body 721 words (target 350–550)
  Severity: FAIL
  Recommended action: rerun

Row e5812f75-b54f-49b3-a7e0-ec505adff47f — Can stress and anxiety really cause stomach problems?
  Issue: combined body 637 words (target 350–550)
  Field: word_count
  Severity: FAIL
  Recommended action: rerun

Row e58ef28d-e344-44a3-bd80-0f92d83667fa — Why do I feel like I don't know how to be a good friend?
  Field: word_count
  Issue: combined body 637 words (target 350–550)
  Issue: combined body 668 words (target 350–550)
  Severity: FAIL
  Recommended action: rerun

  Severity: FAIL
  Recommended action: rerun

Row e58ef28d-e344-44a3-bd80-0f92d83667fa — Why do I feel like I don't know how to be a good friend?
  Field: word_count
Row e5bc002b-47e8-404f-9432-71eb82a7f65a — What if I'm having second thoughts about getting divorced?
  Field: word_count
  Issue: combined body 659 words (target 350–550)
  Issue: combined body 668 words (target 350–550)
  Severity: FAIL
  Recommended action: rerun

  Severity: FAIL
  Recommended action: rerun

Row e5e69e60-6696-448e-8986-b08ff0d573d5 — Why do I feel like I need to earn love and acceptance?
  Field: word_count
Row e5bc002b-47e8-404f-9432-71eb82a7f65a — What if I'm having second thoughts about getting divorced?
  Field: word_count
  Issue: combined body 659 words (target 350–550)
  Issue: combined body 687 words (target 350–550)
  Severity: FAIL
  Recommended action: rerun

  Severity: FAIL
  Recommended action: rerun

Row e5e69e60-6696-448e-8986-b08ff0d573d5 — Why do I feel like I need to earn love and acceptance?
  Field: word_count
Row e5fadf6f-4565-4ca5-9614-e4e1b6a85508 — How do I stop my perfectionism from ruining my life and rel…
  Field: word_count
  Issue: combined body 673 words (target 350–550)
  Severity: FAIL
  Recommended action: rerun

  Issue: combined body 687 words (target 350–550)
  Severity: FAIL
  Recommended action: rerun

Row e618aa0d-0fa6-47f5-b9eb-7f386060dfac — How do I deal with feeling like I'm not living authenticall…
  Field: word_count
  Issue: combined body 635 words (target 350–550)
  Severity: FAIL
Row e5fadf6f-4565-4ca5-9614-e4e1b6a85508 — How do I stop my perfectionism from ruining my life and rel…
  Field: word_count
  Issue: combined body 673 words (target 350–550)
  Severity: FAIL
  Recommended action: rerun

  Recommended action: rerun

Row e61d07e8-db48-4883-8414-1460db8128a5 — How do I stop worrying about things I can't control?
  Field: word_count
Row e618aa0d-0fa6-47f5-b9eb-7f386060dfac — How do I deal with feeling like I'm not living authenticall…
  Field: word_count
  Issue: combined body 635 words (target 350–550)
  Severity: FAIL
  Issue: combined body 700 words (target 350–550)
  Severity: FAIL
  Recommended action: rerun

  Recommended action: rerun

Row e61d07e8-db48-4883-8414-1460db8128a5 — How do I stop worrying about things I can't control?
  Field: word_count
Row e6473b57-f0c6-459d-8477-9cef154a8c8e — What should I do if my antidepressants aren't working?
  Field: word_count
  Issue: combined body 638 words (target 350–550)
  Severity: FAIL
  Issue: combined body 700 words (target 350–550)
  Severity: FAIL
  Recommended action: rerun

  Recommended action: rerun

Row e6473b57-f0c6-459d-8477-9cef154a8c8e — What should I do if my antidepressants aren't working?
  Field: when_to_reach_out
Row e6473b57-f0c6-459d-8477-9cef154a8c8e — What should I do if my antidepressants aren't working?
  Field: word_count
  Issue: combined body 638 words (target 350–550)
  Severity: FAIL
  Issue: YMYL topic missing professional evaluation recommendation
  Severity: FAIL
  Recommended action: rerun

  Recommended action: rerun

Row e6473b57-f0c6-459d-8477-9cef154a8c8e — What should I do if my antidepressants aren't working?
  Field: when_to_reach_out
Row e66e94f9-b9b1-4e87-9fbd-d1c16918cd1f — What should I know about depression and pregnancy?
  Field: word_count
  Issue: combined body 691 words (target 350–550)
  Severity: FAIL
  Issue: YMYL topic missing professional evaluation recommendation
  Severity: FAIL
  Recommended action: rerun

  Recommended action: rerun

Row e6924b53-12e5-450e-978c-6c5e6f043b30 — How do I deal with mismatched libidos in my relationship?
Row e66e94f9-b9b1-4e87-9fbd-d1c16918cd1f — What should I know about depression and pregnancy?
  Field: word_count
  Issue: combined body 691 words (target 350–550)
  Severity: FAIL
  Field: word_count
  Issue: combined body 629 words (target 350–550)
  Severity: FAIL
  Recommended action: rerun

Row e6d65a50-6c34-4022-b37f-7fead19b45cc — How do I handle family pressure about my relationship choic…
  Field: word_count
  Issue: combined body 603 words (target 350–550)
  Severity: FAIL
  Recommended action: rerun

Row e6f643f8-8160-4425-b8f8-bdfd2616c3c4 — Can emotional stress cause physical fatigue?
  Field: word_count
  Recommended action: rerun

Row e6924b53-12e5-450e-978c-6c5e6f043b30 — How do I deal with mismatched libidos in my relationship?
  Field: word_count
  Issue: combined body 629 words (target 350–550)
  Severity: FAIL
  Recommended action: rerun

Row e6d65a50-6c34-4022-b37f-7fead19b45cc — How do I handle family pressure about my relationship choic…
  Field: word_count
  Issue: combined body 603 words (target 350–550)
  Severity: FAIL
  Issue: combined body 637 words (target 350–550)
  Recommended action: rerun

Row e6f643f8-8160-4425-b8f8-bdfd2616c3c4 — Can emotional stress cause physical fatigue?
  Field: word_count
  Severity: FAIL
  Recommended action: rerun

Row e71edc2a-ddeb-484a-a0a3-8fe8db480a29 — Why do I feel so emotional all the time?
  Field: word_count
  Issue: combined body 637 words (target 350–550)
  Issue: combined body 675 words (target 350–550)
  Severity: FAIL
  Recommended action: rerun

  Severity: FAIL
  Recommended action: rerun

Row e71edc2a-ddeb-484a-a0a3-8fe8db480a29 — Why do I feel so emotional all the time?
  Field: word_count
Row e755a445-0016-4702-af6f-9fc1cdd0041d — Why do I feel like I'm too much for people?
  Field: word_count
  Issue: combined body 717 words (target 350–550)
  Severity: FAIL
  Issue: combined body 675 words (target 350–550)
  Severity: FAIL
  Recommended action: rerun

  Recommended action: rerun

Row e785d3c1-5f4f-4179-a244-299df958f03a — What if psychiatric medication doesn't work for me?
  Field: word_count
Row e755a445-0016-4702-af6f-9fc1cdd0041d — Why do I feel like I'm too much for people?
  Field: word_count
  Issue: combined body 717 words (target 350–550)
  Severity: FAIL
  Issue: combined body 611 words (target 350–550)
  Severity: FAIL
  Recommended action: rerun

  Recommended action: rerun

Row e785d3c1-5f4f-4179-a244-299df958f03a — What if psychiatric medication doesn't work for me?
  Field: word_count
Row e7936a8c-e99b-4b68-a8de-e7c853a77801 — How do I cope with feeling like I'm 'too much' for other pe…
  Field: word_count
  Issue: combined body 749 words (target 350–550)
  Severity: FAIL
  Issue: combined body 611 words (target 350–550)
  Severity: FAIL
  Recommended action: rerun

  Recommended action: rerun

Row e7b9524c-d7cc-4ecf-b489-64dfd34e34a4 — How do I deal with flashbacks?
  Field: word_count
Row e7936a8c-e99b-4b68-a8de-e7c853a77801 — How do I cope with feeling like I'm 'too much' for other pe…
  Field: word_count
  Issue: combined body 749 words (target 350–550)
  Severity: FAIL
  Issue: combined body 662 words (target 350–550)
  Severity: FAIL
  Recommended action: rerun

  Recommended action: rerun

Row e7b9524c-d7cc-4ecf-b489-64dfd34e34a4 — How do I deal with flashbacks?
  Field: word_count
Row e85098b5-45c6-49b1-905c-55fd635c6a97 — How do I tell my family I think I'm autistic?
  Field: word_count
  Issue: combined body 674 words (target 350–550)
  Severity: FAIL
  Issue: combined body 662 words (target 350–550)
  Severity: FAIL
  Recommended action: rerun

  Recommended action: rerun

Row e8a6650c-40ec-4386-a399-59376d17a5ed — Why do I feel guilty for being happy after someone died?
  Field: word_count
Row e85098b5-45c6-49b1-905c-55fd635c6a97 — How do I tell my family I think I'm autistic?
  Field: word_count
  Issue: combined body 674 words (target 350–550)
  Severity: FAIL
  Issue: combined body 654 words (target 350–550)
  Severity: FAIL
  Recommended action: rerun

  Recommended action: rerun

Row e8a6650c-40ec-4386-a399-59376d17a5ed — Why do I feel guilty for being happy after someone died?
  Field: word_count
Row e8c3718d-da0d-48c0-bfbd-acef86e10874 — What's the difference between being introverted and having …
  Field: word_count
  Issue: combined body 639 words (target 350–550)
  Severity: FAIL
  Issue: combined body 654 words (target 350–550)
  Severity: FAIL
  Recommended action: rerun

  Recommended action: rerun

Row e8dcd44e-34f3-4edb-b9db-c7e88f0972f0 — Why do I feel like life has no meaning or purpose?
  Field: word_count
Row e8c3718d-da0d-48c0-bfbd-acef86e10874 — What's the difference between being introverted and having …
  Field: word_count
  Issue: combined body 639 words (target 350–550)
  Severity: FAIL
  Issue: combined body 684 words (target 350–550)
  Severity: FAIL
  Recommended action: rerun

  Recommended action: rerun

Row e8dcd44e-34f3-4edb-b9db-c7e88f0972f0 — Why do I feel like life has no meaning or purpose?
  Field: word_count
Row e8f7592b-8782-4521-ae4d-0aa370de898f — How do I help my teenager who seems angry all the time?
  Field: word_count
  Issue: combined body 617 words (target 350–550)
  Severity: FAIL
  Issue: combined body 684 words (target 350–550)
  Severity: FAIL
  Recommended action: rerun

  Recommended action: rerun

Row e90b8a21-7430-4b85-a249-e8168a3260c5 — What should I do if my partner and I have mismatched libido…
  Field: word_count
Row e8f7592b-8782-4521-ae4d-0aa370de898f — How do I help my teenager who seems angry all the time?
  Field: word_count
  Issue: combined body 617 words (target 350–550)
  Severity: FAIL
  Issue: combined body 650 words (target 350–550)
  Severity: FAIL
  Recommended action: rerun

  Recommended action: rerun

Row e90b8a21-7430-4b85-a249-e8168a3260c5 — What should I do if my partner and I have mismatched libido…
  Field: word_count
Row e94e6911-894a-4a00-af77-65f0d1f01bc7 — How do I deal with feeling like I don't deserve good things?
  Field: word_count
  Issue: combined body 679 words (target 350–550)
  Severity: FAIL
  Issue: combined body 650 words (target 350–550)
  Severity: FAIL
  Recommended action: rerun

  Recommended action: rerun

Row e95e87a6-186d-4475-8dff-17ee06ba5f47 — What is codependency and how does it relate to addiction?
  Field: word_count
Row e94e6911-894a-4a00-af77-65f0d1f01bc7 — How do I deal with feeling like I don't deserve good things?
  Field: word_count
  Issue: combined body 679 words (target 350–550)
  Severity: FAIL
  Issue: combined body 651 words (target 350–550)
  Severity: FAIL
  Recommended action: rerun

  Recommended action: rerun

Row e95e87a6-186d-4475-8dff-17ee06ba5f47 — What is codependency and how does it relate to addiction?
  Field: word_count
Row ea210e5f-d780-42cc-b676-4859d470d6dd — How do I deal with feeling jealous in my relationship?
  Field: word_count
  Issue: combined body 663 words (target 350–550)
  Severity: FAIL
  Issue: combined body 651 words (target 350–550)
  Severity: FAIL
  Recommended action: rerun

  Recommended action: rerun

Row ea431c76-38ea-4df7-a7fb-ad3cbf115616 — Why do I feel so lonely, even when I'm surrounded by people?
  Field: word_count
Row ea210e5f-d780-42cc-b676-4859d470d6dd — How do I deal with feeling jealous in my relationship?
  Field: word_count
  Issue: combined body 663 words (target 350–550)
  Severity: FAIL
  Issue: combined body 719 words (target 350–550)
  Severity: FAIL
  Recommended action: rerun

  Recommended action: rerun

Row ea431c76-38ea-4df7-a7fb-ad3cbf115616 — Why do I feel so lonely, even when I'm surrounded by people?
  Field: word_count
Row ea6f095f-7a38-41de-b9c3-bc5f9bf3dd9a — How do I help someone who believes an AI chatbot is communi…
  Field: word_count
  Issue: combined body 622 words (target 350–550)
  Severity: FAIL
  Issue: combined body 719 words (target 350–550)
  Severity: FAIL
  Recommended action: rerun

  Recommended action: rerun

Row eaa9e398-f6e8-4777-9e4d-6cb56a248f3d — What should I do if I have a slip but don't want to have a …
  Field: word_count
Row ea6f095f-7a38-41de-b9c3-bc5f9bf3dd9a — How do I help someone who believes an AI chatbot is communi…
  Field: word_count
  Issue: combined body 622 words (target 350–550)
  Severity: FAIL
  Issue: combined body 617 words (target 350–550)
  Severity: FAIL
  Recommended action: rerun

  Recommended action: rerun

Row eaa9e398-f6e8-4777-9e4d-6cb56a248f3d — What should I do if I have a slip but don't want to have a …
  Field: word_count
Row eb18ded4-c8a6-4947-8583-712b27623e3b — My mind races with worst-case scenarios whenever plans chan…
  Field: word_count
  Issue: combined body 735 words (target 350–550)
  Severity: FAIL
  Issue: combined body 617 words (target 350–550)
  Severity: FAIL
  Recommended action: rerun

  Recommended action: rerun

Row eb20c817-eea2-4159-912a-0c2cb28a556c — Why do I feel like I'm living in a fog all the time?
  Field: word_count
Row eb18ded4-c8a6-4947-8583-712b27623e3b — My mind races with worst-case scenarios whenever plans chan…
  Field: word_count
  Issue: combined body 735 words (target 350–550)
  Severity: FAIL
  Issue: combined body 707 words (target 350–550)
  Severity: FAIL
  Recommended action: rerun

  Recommended action: rerun

Row eb20c817-eea2-4159-912a-0c2cb28a556c — Why do I feel like I'm living in a fog all the time?
  Field: word_count
Row eb33c0fd-3ea2-4661-b09e-c4e0ae946126 — What should I do if I'm having thoughts about using again?
  Field: word_count
  Issue: combined body 684 words (target 350–550)
  Severity: FAIL
  Issue: combined body 707 words (target 350–550)
  Severity: FAIL
  Recommended action: rerun

  Recommended action: rerun

Row ebcd909a-7df4-49b9-ae47-011ce58c0eb2 — What should I do if I think I'm being bullied?
  Field: word_count
Row eb33c0fd-3ea2-4661-b09e-c4e0ae946126 — What should I do if I'm having thoughts about using again?
  Field: word_count
  Issue: combined body 684 words (target 350–550)
  Severity: FAIL
  Issue: combined body 642 words (target 350–550)
  Severity: FAIL
  Recommended action: rerun

  Recommended action: rerun

Row ebcd909a-7df4-49b9-ae47-011ce58c0eb2 — What should I do if I think I'm being bullied?
  Field: word_count
Row ec0022d8-548d-4169-ad74-6cb4d7ee746d — Why do I feel jealous even when I trust my partner complete…
  Field: word_count
  Issue: combined body 658 words (target 350–550)
  Severity: FAIL
  Issue: combined body 642 words (target 350–550)
  Severity: FAIL
  Recommended action: rerun

  Recommended action: rerun

Row ec3a16dc-8d1c-4d17-a1b6-a4b59247a88b — How do I help a family member who has a personality disorde…
  Field: word_count
Row ec0022d8-548d-4169-ad74-6cb4d7ee746d — Why do I feel jealous even when I trust my partner complete…
  Field: word_count
  Issue: combined body 658 words (target 350–550)
  Severity: FAIL
  Issue: combined body 634 words (target 350–550)
  Severity: FAIL
  Recommended action: rerun

  Recommended action: rerun

Row ec3a16dc-8d1c-4d17-a1b6-a4b59247a88b — How do I help a family member who has a personality disorde…
  Field: word_count
Row ec6c85b6-2f64-4073-b761-02a0c1cc402e — What should I do if I'm experiencing anticipatory grief?
  Field: word_count
  Issue: combined body 663 words (target 350–550)
  Severity: FAIL
  Recommended action: rerun
  Issue: combined body 634 words (target 350–550)
  Severity: FAIL
  Recommended action: rerun


Row ec73aa50-6b0e-44a0-ba05-51b40ea36b2b — How do I know if I have PTSD or trauma?
  Field: word_count
  Issue: combined body 687 words (target 350–550)
Row ec6c85b6-2f64-4073-b761-02a0c1cc402e — What should I do if I'm experiencing anticipatory grief?
  Field: word_count
  Issue: combined body 663 words (target 350–550)
  Severity: FAIL
  Recommended action: rerun
  Severity: FAIL
  Recommended action: rerun


Row ec73aa50-6b0e-44a0-ba05-51b40ea36b2b — How do I know if I have PTSD or trauma?
  Field: word_count
  Issue: combined body 687 words (target 350–550)
Row ecb5d407-82a4-4886-bef1-a1430a963043 — How do I find meaning in life when traditional religion doe…
  Field: word_count
  Issue: combined body 732 words (target 350–550)
  Severity: FAIL
  Recommended action: rerun
  Severity: FAIL
  Recommended action: rerun


Row ecc9a494-72b9-4fff-9dd0-ee4f7ce366ca — How do I cope with depression during major life changes?
  Field: word_count
  Issue: combined body 719 words (target 350–550)
Row ecb5d407-82a4-4886-bef1-a1430a963043 — How do I find meaning in life when traditional religion doe…
  Field: word_count
  Issue: combined body 732 words (target 350–550)
  Severity: FAIL
  Recommended action: rerun
  Severity: FAIL
  Recommended action: rerun

Row ed088597-01cf-42c1-bbdb-5a73eb09a9c0 — Can I still be spiritual without being religious?

Row ecc9a494-72b9-4fff-9dd0-ee4f7ce366ca — How do I cope with depression during major life changes?
  Field: word_count
  Issue: combined body 719 words (target 350–550)
  Field: word_count
  Issue: combined body 651 words (target 350–550)
  Severity: FAIL
  Recommended action: rerun
  Severity: FAIL
  Recommended action: rerun

Row ed088597-01cf-42c1-bbdb-5a73eb09a9c0 — Can I still be spiritual without being religious?

Row ed4d0040-2725-425f-859f-86711ad77b39 — How do I know if my anxiety is normal or if I need help?
  Field: word_count
  Issue: combined body 673 words (target 350–550)
  Field: word_count
  Issue: combined body 651 words (target 350–550)
  Severity: FAIL
  Recommended action: rerun
  Severity: FAIL
  Recommended action: rerun

Row ed667115-dcf5-4240-a8b3-59b1230f67b5 — What should I do if my partner always takes their family's …
  Field: word_count

Row ed4d0040-2725-425f-859f-86711ad77b39 — How do I know if my anxiety is normal or if I need help?
  Field: word_count
  Issue: combined body 673 words (target 350–550)
  Issue: combined body 642 words (target 350–550)
  Severity: FAIL
  Recommended action: rerun

  Severity: FAIL
  Recommended action: rerun

Row ed667115-dcf5-4240-a8b3-59b1230f67b5 — What should I do if my partner always takes their family's …
  Field: word_count
  Issue: combined body 642 words (target 350–550)
  Severity: FAIL
  Recommended action: rerun

Row ed688936-062f-4d4c-b76f-8720104fcd48 — Can AI make me feel like my creativity does not matter?
  Field: word_count
  Issue: combined body 693 words (target 350–550)
  Severity: FAIL
  Recommended action: rerun

Row ed6ed102-f87e-4dc1-bca7-d927a8424ae7 — What should I do after a relapse in recovery?
  Field: word_count
  Issue: combined body 710 words (target 350–550)
  Severity: FAIL
  Recommended action: rerun

Row edb24210-be4b-47ef-a617-1a993ab75926 — What is seasonal depression and how do I treat it?
Row ed688936-062f-4d4c-b76f-8720104fcd48 — Can AI make me feel like my creativity does not matter?
  Field: word_count
  Issue: combined body 693 words (target 350–550)
  Severity: FAIL
  Recommended action: rerun

Row ed6ed102-f87e-4dc1-bca7-d927a8424ae7 — What should I do after a relapse in recovery?
  Field: word_count
  Issue: combined body 710 words (target 350–550)
  Severity: FAIL
  Recommended action: rerun

  Field: word_count
Row edb24210-be4b-47ef-a617-1a993ab75926 — What is seasonal depression and how do I treat it?
  Field: word_count
  Issue: combined body 692 words (target 350–550)
  Severity: FAIL
  Recommended action: rerun

  Issue: combined body 692 words (target 350–550)
  Severity: FAIL
  Recommended action: rerun

Row f06c9dcf-0315-41a6-bd10-80f179e41193 — How do I apologize effectively when I've hurt someone?
Row f06c9dcf-0315-41a6-bd10-80f179e41193 — How do I apologize effectively when I've hurt someone?
  Field: word_count
  Issue: combined body 642 words (target 350–550)
  Severity: FAIL
  Recommended action: rerun

Row f0967d8a-8a50-48fb-9976-60dcd5ed5c57 — Is it normal to lose sleep over money worries?
  Field: word_count
  Issue: combined body 602 words (target 350–550)
  Severity: FAIL
  Recommended action: rerun

  Field: word_count
  Issue: combined body 642 words (target 350–550)
  Severity: FAIL
  Recommended action: rerun

Row f0967d8a-8a50-48fb-9976-60dcd5ed5c57 — Is it normal to lose sleep over money worries?
  Field: word_count
  Issue: combined body 602 words (target 350–550)
  Severity: FAIL
  Recommended action: rerun
Row f0ee5173-e394-473e-b8c0-5d9d099d51d0 — How can I tell if an AI conversation is making me paranoid?
  Field: word_count

  Issue: combined body 650 words (target 350–550)
Row f0ee5173-e394-473e-b8c0-5d9d099d51d0 — How can I tell if an AI conversation is making me paranoid?
  Field: word_count
  Severity: FAIL
  Issue: combined body 650 words (target 350–550)
  Recommended action: rerun

  Severity: FAIL
Row f108a5d8-c8be-4b13-9dd9-834176c985e5 — Why do I feel empty even when good things happen?
  Recommended action: rerun

  Field: canonical_answer
Row f108a5d8-c8be-4b13-9dd9-834176c985e5 — Why do I feel empty even when good things happen?
  Issue: 60 words (max 50)
  Severity: FAIL
  Field: canonical_answer
  Recommended action: rerun
  Issue: 60 words (max 50)
  Severity: FAIL

Row f108a5d8-c8be-4b13-9dd9-834176c985e5 — Why do I feel empty even when good things happen?
  Recommended action: rerun
  Field: word_count

Row f108a5d8-c8be-4b13-9dd9-834176c985e5 — Why do I feel empty even when good things happen?
  Field: word_count
  Issue: combined body 701 words (target 350–550)
  Severity: FAIL
  Issue: combined body 701 words (target 350–550)
  Severity: FAIL
  Recommended action: rerun

Row f221af60-8d96-4568-89e2-fb620998d3c7 — Can stress cause back and neck pain?
  Recommended action: rerun

Row f221af60-8d96-4568-89e2-fb620998d3c7 — Can stress cause back and neck pain?
  Field: word_count
  Issue: combined body 667 words (target 350–550)
  Field: word_count
  Severity: FAIL
  Issue: combined body 667 words (target 350–550)
  Recommended action: rerun
  Severity: FAIL

  Recommended action: rerun
Row f22361aa-4ae9-4e15-813a-759dc1895130 — How do I stop comparing my life to what I see on social med…
  Field: word_count

  Issue: combined body 677 words (target 350–550)
Row f22361aa-4ae9-4e15-813a-759dc1895130 — How do I stop comparing my life to what I see on social med…
  Field: word_count
  Severity: FAIL
  Issue: combined body 677 words (target 350–550)
  Recommended action: rerun

Row f235e389-2eeb-48c8-9bea-3b78141c9aa6 — How do I manage depression while working a demanding job?
  Field: word_count
  Issue: combined body 659 words (target 350–550)
  Severity: FAIL
  Recommended action: rerun

Row f2449ae9-2637-4f89-81cd-432a15596208 — How do I know if I have postpartum depression versus baby b…
  Field: word_count
  Issue: combined body 654 words (target 350–550)
  Severity: FAIL
  Recommended action: rerun

Row f235e389-2eeb-48c8-9bea-3b78141c9aa6 — How do I manage depression while working a demanding job?
  Field: word_count
  Issue: combined body 659 words (target 350–550)
  Severity: FAIL
  Recommended action: rerun

Row f2449ae9-2637-4f89-81cd-432a15596208 — How do I know if I have postpartum depression versus baby b…
  Field: word_count
  Issue: combined body 654 words (target 350–550)
  Severity: FAIL
  Recommended action: rerun

  Severity: FAIL
  Recommended action: rerun
Row f26e753d-ace2-493f-97c8-393e596b3583 — How do I tell if I'm depressed or just going through a roug…

  Field: word_count
Row f26e753d-ace2-493f-97c8-393e596b3583 — How do I tell if I'm depressed or just going through a roug…
  Issue: combined body 687 words (target 350–550)
  Severity: FAIL
  Field: word_count
  Recommended action: rerun
  Issue: combined body 687 words (target 350–550)
  Severity: FAIL

  Recommended action: rerun
Row f278337a-b677-4289-9ebe-e97ef38b3f0a — How do I stay mentally healthy while learning AI tools for …

  Field: word_count
Row f278337a-b677-4289-9ebe-e97ef38b3f0a — How do I stay mentally healthy while learning AI tools for …
  Issue: combined body 705 words (target 350–550)
  Field: word_count
  Issue: combined body 705 words (target 350–550)
  Severity: FAIL
  Recommended action: rerun

Row f27f780a-6244-441b-bd9e-dd12d45d7021 — What's the best way to talk to my child about difficult top…
  Field: word_count
  Issue: combined body 724 words (target 350–550)
  Severity: FAIL
  Recommended action: rerun

  Severity: FAIL
  Recommended action: rerun

Row f27f780a-6244-441b-bd9e-dd12d45d7021 — What's the best way to talk to my child about difficult top…
  Field: word_count
  Issue: combined body 724 words (target 350–550)
  Severity: FAIL
  Recommended action: rerun
Row f2957bd0-cc9b-45ed-a996-94eca605ae97 — Why does my anxiety get worse when I try to relax?

  Field: word_count
  Issue: combined body 682 words (target 350–550)
  Severity: FAIL
  Recommended action: rerun

Row f2957bd0-cc9b-45ed-a996-94eca605ae97 — Why does my anxiety get worse when I try to relax?
Row f2faa128-ad30-42ce-bdd4-8dc904e89a9f — Why do I feel anxious when things are going well?
  Field: word_count
  Issue: combined body 706 words (target 350–550)
  Severity: FAIL
  Field: word_count
  Issue: combined body 682 words (target 350–550)
  Severity: FAIL
  Recommended action: rerun

  Recommended action: rerun

Row f4241a47-1cfa-495f-8d2c-2b5075952286 — Why do I feel so different from my parents?
Row f2faa128-ad30-42ce-bdd4-8dc904e89a9f — Why do I feel anxious when things are going well?
  Field: word_count
  Issue: combined body 706 words (target 350–550)
  Severity: FAIL
  Field: word_count
  Issue: combined body 619 words (target 350–550)
  Severity: FAIL
  Recommended action: rerun
  Recommended action: rerun

Row f4241a47-1cfa-495f-8d2c-2b5075952286 — Why do I feel so different from my parents?
  Field: word_count
  Issue: combined body 619 words (target 350–550)
  Severity: FAIL
  Recommended action: rerun

Row f4c9f6a1-5955-4a7b-aa0a-7390912366aa — How do I stop myself from saying hurtful things when I'm an…
  Field: word_count
  Issue: combined body 697 words (target 350–550)
  Severity: FAIL
  Recommended action: rerun

Row f518b6b2-748a-4743-bb64-bf8be299d1dd — Why do I feel guilty when I'm happy?
  Field: word_count
  Issue: combined body 677 words (target 350–550)
  Severity: FAIL
  Recommended action: rerun

Row f5843f2e-f654-4731-a2de-4421b037334f — What should I do if talk therapy doesn't seem to be helping…
  Field: word_count
  Issue: combined body 737 words (target 350–550)
  Severity: FAIL

Row f4c9f6a1-5955-4a7b-aa0a-7390912366aa — How do I stop myself from saying hurtful things when I'm an…
  Field: word_count
  Issue: combined body 697 words (target 350–550)
  Severity: FAIL
  Recommended action: rerun

Row f518b6b2-748a-4743-bb64-bf8be299d1dd — Why do I feel guilty when I'm happy?
  Field: word_count
  Issue: combined body 677 words (target 350–550)
  Severity: FAIL
  Recommended action: rerun

Row f5843f2e-f654-4731-a2de-4421b037334f — What should I do if talk therapy doesn't seem to be helping…
  Field: word_count
  Issue: combined body 737 words (target 350–550)
  Severity: FAIL
  Recommended action: rerun

Row f5b31a6a-5760-43a5-843a-736b669a0073 — How do I ask for a mental health day without feeling guilty?
  Field: word_count
  Issue: combined body 612 words (target 350–550)
  Severity: FAIL
  Recommended action: rerun

Row f61e63ea-38da-4151-a1f2-c44ac26e94bb — How can I tell the difference between stress and anxiety?
  Recommended action: rerun

Row f5b31a6a-5760-43a5-843a-736b669a0073 — How do I ask for a mental health day without feeling guilty?
  Field: word_count
  Issue: combined body 612 words (target 350–550)
  Severity: FAIL
  Recommended action: rerun
  Field: word_count

Row f61e63ea-38da-4151-a1f2-c44ac26e94bb — How can I tell the difference between stress and anxiety?
  Issue: combined body 645 words (target 350–550)
  Field: word_count
  Severity: FAIL
  Recommended action: rerun
  Issue: combined body 645 words (target 350–550)

  Severity: FAIL
  Recommended action: rerun
Row f688be18-0acc-4442-a2a1-faccbf93028a — Why do I feel like I'm failing as a parent?
  Field: word_count

  Issue: combined body 668 words (target 350–550)
Row f688be18-0acc-4442-a2a1-faccbf93028a — Why do I feel like I'm failing as a parent?
  Field: word_count
  Severity: FAIL
  Issue: combined body 668 words (target 350–550)
  Recommended action: rerun
  Severity: FAIL
  Recommended action: rerun

Row f6d7d8b6-ccde-4c2c-bcd2-2b197ce9f673 — How do I communicate better with my partner during argument…
  Field: word_count
  Issue: combined body 665 words (target 350–550)
  Severity: FAIL
  Recommended action: rerun

Row f6e6ad70-80a5-492b-af8b-76eb5727509e — How do I stay sober when all my friends drink?
  Field: word_count
  Issue: combined body 701 words (target 350–550)
  Severity: FAIL

Row f6d7d8b6-ccde-4c2c-bcd2-2b197ce9f673 — How do I communicate better with my partner during argument…
  Field: word_count
  Issue: combined body 665 words (target 350–550)
  Severity: FAIL
  Recommended action: rerun

Row f6e6ad70-80a5-492b-af8b-76eb5727509e — How do I stay sober when all my friends drink?
  Field: word_count
  Issue: combined body 701 words (target 350–550)
  Severity: FAIL
  Recommended action: rerun

Row f6eab562-511b-406a-85d6-72c436f3f854 — Why do I feel anxious when things are going well in my life?
  Field: word_count
  Issue: combined body 694 words (target 350–550)
  Severity: FAIL
  Recommended action: rerun

Row f70050ec-6713-462e-82f8-c7694a2ebec1 — How do I deal with feeling like I'm not interesting enough?
  Recommended action: rerun

Row f6eab562-511b-406a-85d6-72c436f3f854 — Why do I feel anxious when things are going well in my life?
  Field: word_count
  Issue: combined body 694 words (target 350–550)
  Severity: FAIL
  Recommended action: rerun

  Field: word_count
Row f70050ec-6713-462e-82f8-c7694a2ebec1 — How do I deal with feeling like I'm not interesting enough?
  Issue: combined body 710 words (target 350–550)
  Severity: FAIL
  Recommended action: rerun

Row f71ccd07-d326-48c9-b5a2-4ebefec54d1a — How do I help a family member who has severe depression but…
  Field: word_count
  Field: word_count
  Issue: combined body 706 words (target 350–550)
  Severity: FAIL
  Recommended action: rerun
  Issue: combined body 710 words (target 350–550)
  Severity: FAIL
  Recommended action: rerun

Row f71ccd07-d326-48c9-b5a2-4ebefec54d1a — How do I help a family member who has severe depression but…

Row f72fd755-8d1b-4d94-a525-0a82545a753c — Can people get addicted to AI chatbots or virtual companion…
  Field: word_count
  Field: word_count
  Issue: combined body 706 words (target 350–550)
  Severity: FAIL
  Recommended action: rerun
  Issue: combined body 678 words (target 350–550)
  Severity: FAIL
  Recommended action: rerun

Row f76272e7-cf31-419f-983a-1c0725d62543 — Why does everyone else seem to move on while I'm still grie…

Row f72fd755-8d1b-4d94-a525-0a82545a753c — Can people get addicted to AI chatbots or virtual companion…
  Field: word_count
  Field: word_count
  Issue: combined body 750 words (target 350–550)
  Severity: FAIL
  Recommended action: rerun
  Issue: combined body 678 words (target 350–550)
  Severity: FAIL
  Recommended action: rerun

Row f76272e7-cf31-419f-983a-1c0725d62543 — Why does everyone else seem to move on while I'm still grie…

Row f7c3dda2-837c-450f-849d-e1a0e539cfdc — How do I handle grief during holidays and special occasions?
  Field: word_count
  Issue: combined body 751 words (target 350–550)
  Field: word_count
  Issue: combined body 750 words (target 350–550)
  Severity: FAIL
  Recommended action: rerun
  Severity: FAIL
  Recommended action: rerun

Row f7dd82bc-8d63-41e8-8984-e7354e2f9fb4 — What should I do if my partner doesn't listen to me?

Row f7c3dda2-837c-450f-849d-e1a0e539cfdc — How do I handle grief during holidays and special occasions?
  Field: word_count
  Issue: combined body 751 words (target 350–550)
  Field: word_count
  Issue: combined body 630 words (target 350–550)
  Severity: FAIL
  Recommended action: rerun
  Severity: FAIL
  Recommended action: rerun

Row f7dd82bc-8d63-41e8-8984-e7354e2f9fb4 — What should I do if my partner doesn't listen to me?

Row f93e5cd1-7f3e-48bc-8289-22f70fbdab2d — How do I deal with social media affecting my mental health?
  Field: word_count
  Issue: combined body 651 words (target 350–550)
  Field: word_count
  Issue: combined body 630 words (target 350–550)
  Severity: FAIL
  Recommended action: rerun
  Severity: FAIL
  Recommended action: rerun

Row f94ce3d0-75ec-44cf-8c66-18fb7a19001e — How do I deal with difficult in-laws?

Row f93e5cd1-7f3e-48bc-8289-22f70fbdab2d — How do I deal with social media affecting my mental health?
  Field: word_count
  Issue: combined body 651 words (target 350–550)
  Field: word_count
  Issue: combined body 650 words (target 350–550)
  Severity: FAIL
  Recommended action: rerun

  Severity: FAIL
  Recommended action: rerun

Row f94ce3d0-75ec-44cf-8c66-18fb7a19001e — How do I deal with difficult in-laws?
Row f9639ede-bead-4bbf-b0fc-452e0b6ca4fb — How do I deal with cravings in recovery?
  Field: word_count
  Issue: combined body 634 words (target 350–550)
  Severity: FAIL
  Field: word_count
  Issue: combined body 650 words (target 350–550)
  Severity: FAIL
  Recommended action: rerun

  Recommended action: rerun

Row f96744e2-f476-4423-b9aa-b585bb0e87a1 — How do I stop being a people-pleaser and start putting my o…
  Field: word_count
Row f9639ede-bead-4bbf-b0fc-452e0b6ca4fb — How do I deal with cravings in recovery?
  Field: word_count
  Issue: combined body 634 words (target 350–550)
  Severity: FAIL
  Issue: combined body 651 words (target 350–550)
  Severity: FAIL
  Recommended action: rerun

  Recommended action: rerun

Row f96744e2-f476-4423-b9aa-b585bb0e87a1 — How do I stop being a people-pleaser and start putting my o…
  Field: word_count
Row f975c1cf-9654-4b2c-8449-7b2f9bde2739 — Why do I feel like I'm failing at everything?
  Field: word_count
  Issue: combined body 681 words (target 350–550)
  Severity: FAIL
  Issue: combined body 651 words (target 350–550)
  Severity: FAIL
  Recommended action: rerun

  Recommended action: rerun

Row f9791f94-f24d-4db0-bd3a-edc7e0697642 — Why do I feel like I'm always performing instead of just be…
  Field: word_count
Row f975c1cf-9654-4b2c-8449-7b2f9bde2739 — Why do I feel like I'm failing at everything?
  Field: word_count
  Issue: combined body 681 words (target 350–550)
  Severity: FAIL
  Issue: combined body 641 words (target 350–550)
  Severity: FAIL
  Recommended action: rerun

  Recommended action: rerun

Row f9791f94-f24d-4db0-bd3a-edc7e0697642 — Why do I feel like I'm always performing instead of just be…
  Field: word_count
Row f9b3d91a-a259-480f-a882-6326908e4e8b — Why do I get triggered by things that seem harmless to othe…
  Field: canonical_answer
  Issue: 51 words (max 50)
  Severity: FAIL
  Issue: combined body 641 words (target 350–550)
  Severity: FAIL
  Recommended action: rerun

  Recommended action: rerun
Row f9b3d91a-a259-480f-a882-6326908e4e8b — Why do I get triggered by things that seem harmless to othe…
  Field: canonical_answer
  Issue: 51 words (max 50)
  Severity: FAIL

Row f9b3d91a-a259-480f-a882-6326908e4e8b — Why do I get triggered by things that seem harmless to othe…
  Field: word_count
  Issue: combined body 764 words (target 350–550)
  Recommended action: rerun
  Severity: FAIL
  Recommended action: rerun

Row f9ba5325-7508-484b-9fc0-7f58b3671a8d — How do I know if I need to be hospitalized for depression?

Row f9b3d91a-a259-480f-a882-6326908e4e8b — Why do I get triggered by things that seem harmless to othe…
  Field: word_count
  Issue: combined body 764 words (target 350–550)
  Field: word_count
  Issue: combined body 671 words (target 350–550)
  Severity: FAIL
  Recommended action: rerun

  Severity: FAIL
  Recommended action: rerun

Row f9ba5325-7508-484b-9fc0-7f58b3671a8d — How do I know if I need to be hospitalized for depression?
Row fb610607-24ae-4c09-bc58-2693249de97d — How do I communicate better with my teenager?
  Field: word_count
  Field: word_count
  Issue: combined body 671 words (target 350–550)
  Severity: FAIL
  Recommended action: rerun

  Issue: combined body 635 words (target 350–550)
  Severity: FAIL
Row fb610607-24ae-4c09-bc58-2693249de97d — How do I communicate better with my teenager?
  Field: word_count
  Recommended action: rerun
  Issue: combined body 635 words (target 350–550)
  Severity: FAIL

  Recommended action: rerun
Row fbb0850c-5927-4cfe-86a7-757ba0445fd6 — How do I deal with feeling behind in life compared to my pe…

  Field: word_count
  Issue: combined body 662 words (target 350–550)
Row fbb0850c-5927-4cfe-86a7-757ba0445fd6 — How do I deal with feeling behind in life compared to my pe…
  Severity: FAIL
  Field: word_count
  Issue: combined body 662 words (target 350–550)
  Recommended action: rerun
  Severity: FAIL

Row fbdeb2d2-a224-43a1-9d96-f6fde8c8477c — How do I handle the stress of retraining for a new career a…
  Recommended action: rerun
  Field: word_count

Row fbdeb2d2-a224-43a1-9d96-f6fde8c8477c — How do I handle the stress of retraining for a new career a…
  Issue: combined body 738 words (target 350–550)
  Field: word_count
  Severity: FAIL
  Recommended action: rerun
  Issue: combined body 738 words (target 350–550)

  Severity: FAIL
  Recommended action: rerun
Row fc441d9a-c0d5-4af2-b0be-e268e4731483 — What are the signs of emotional abuse in a relationship?

  Field: word_count
Row fc441d9a-c0d5-4af2-b0be-e268e4731483 — What are the signs of emotional abuse in a relationship?
  Issue: combined body 683 words (target 350–550)
  Field: word_count
  Severity: FAIL
  Recommended action: rerun

  Issue: combined body 683 words (target 350–550)
  Severity: FAIL
  Recommended action: rerun
Row fcff0a85-13f3-465d-8906-18864178de8c — What can I do when I feel anxious for no clear reason?

  Field: word_count
Row fcff0a85-13f3-465d-8906-18864178de8c — What can I do when I feel anxious for no clear reason?
  Issue: combined body 680 words (target 350–550)
  Field: word_count
  Severity: FAIL
  Issue: combined body 680 words (target 350–550)
  Recommended action: rerun

  Severity: FAIL
Row fd0fcf37-3e80-4af5-b350-488f8b27d30d — How do I stop feeling like I'm bothering people when I reac…
  Recommended action: rerun

  Field: word_count
Row fd0fcf37-3e80-4af5-b350-488f8b27d30d — How do I stop feeling like I'm bothering people when I reac…
  Issue: combined body 657 words (target 350–550)
  Severity: FAIL
  Field: word_count
  Recommended action: rerun
  Issue: combined body 657 words (target 350–550)
  Severity: FAIL
  Recommended action: rerun

Row fd1f9f6d-bd16-4bab-b56b-8f3931be6822 — What do I do when I feel like I don't fit in anywhere?
  Field: word_count
  Issue: combined body 689 words (target 350–550)
  Severity: FAIL
  Recommended action: rerun

Row fd494471-5272-492e-a7fb-095b94f1d9b8 — How can I learn to love myself?
  Field: word_count
  Issue: combined body 669 words (target 350–550)
  Severity: FAIL
  Recommended action: rerun


Row fd1f9f6d-bd16-4bab-b56b-8f3931be6822 — What do I do when I feel like I don't fit in anywhere?
  Field: word_count
  Issue: combined body 689 words (target 350–550)
  Severity: FAIL
  Recommended action: rerun

Row fd494471-5272-492e-a7fb-095b94f1d9b8 — How can I learn to love myself?
  Field: word_count
  Issue: combined body 669 words (target 350–550)
  Severity: FAIL
  Recommended action: rerun

Row fd992a6a-f71c-4641-8fe0-a164c632b803 — Is it normal to feel nauseous when I'm really anxious?
  Field: word_count
  Issue: combined body 620 words (target 350–550)
  Severity: FAIL
  Recommended action: rerun

Row fda736ab-5fb3-422f-8317-b32afef5ba08 — When should I consider switching antidepressants?
Row fd992a6a-f71c-4641-8fe0-a164c632b803 — Is it normal to feel nauseous when I'm really anxious?
  Field: word_count
  Issue: combined body 620 words (target 350–550)
  Severity: FAIL
  Recommended action: rerun

Row fda736ab-5fb3-422f-8317-b32afef5ba08 — When should I consider switching antidepressants?
  Field: word_count
  Issue: combined body 612 words (target 350–550)
  Severity: FAIL
  Recommended action: rerun

Row fda736ab-5fb3-422f-8317-b32afef5ba08 — When should I consider switching antidepressants?
  Field: when_to_reach_out
  Issue: YMYL topic missing professional evaluation recommendation
  Field: word_count
  Issue: combined body 612 words (target 350–550)
  Severity: FAIL
  Recommended action: rerun

Row fda736ab-5fb3-422f-8317-b32afef5ba08 — When should I consider switching antidepressants?
  Field: when_to_reach_out
  Severity: FAIL
  Issue: YMYL topic missing professional evaluation recommendation
  Recommended action: rerun
  Severity: FAIL

Row fdb318ba-5480-481f-a33d-0b6eba858350 — What should parents do when siblings fight constantly?
  Recommended action: rerun
  Field: word_count

Row fdb318ba-5480-481f-a33d-0b6eba858350 — What should parents do when siblings fight constantly?
  Issue: combined body 673 words (target 350–550)
  Field: word_count
  Severity: FAIL
  Recommended action: rerun
  Issue: combined body 673 words (target 350–550)

  Severity: FAIL
  Recommended action: rerun
Row fe1a90bb-bd85-4cc5-b5b4-e3455567cffd — How do I recover from a relationship with someone who had a…

  Field: word_count
Row fe1a90bb-bd85-4cc5-b5b4-e3455567cffd — How do I recover from a relationship with someone who had a…
  Issue: combined body 625 words (target 350–550)
  Severity: FAIL
  Field: word_count
  Recommended action: rerun
  Issue: combined body 625 words (target 350–550)
  Severity: FAIL

  Recommended action: rerun
Row fe2f8211-9d54-46f3-92a7-1d14b0a4683c — Why do I feel guilty when I say no to people?
  Field: word_count

  Issue: combined body 662 words (target 350–550)
Row fe2f8211-9d54-46f3-92a7-1d14b0a4683c — Why do I feel guilty when I say no to people?
  Field: word_count
  Severity: FAIL
  Recommended action: rerun
  Issue: combined body 662 words (target 350–550)

  Severity: FAIL
  Recommended action: rerun
Row fe9ccdb9-17dd-4169-a138-2548f6941e7a — Why do I feel like I'm performing my own life?

  Field: word_count
Row fe9ccdb9-17dd-4169-a138-2548f6941e7a — Why do I feel like I'm performing my own life?
  Issue: combined body 629 words (target 350–550)
  Severity: FAIL
  Field: word_count
  Recommended action: rerun
  Issue: combined body 629 words (target 350–550)
  Severity: FAIL

  Recommended action: rerun
Row feb92937-e514-4ad7-8dd2-47d3f206dcd2 — What should I do when someone shuts down during conflict?
  Field: word_count

  Issue: combined body 648 words (target 350–550)
Row feb92937-e514-4ad7-8dd2-47d3f206dcd2 — What should I do when someone shuts down during conflict?
  Field: word_count
  Severity: FAIL
  Issue: combined body 648 words (target 350–550)
  Severity: FAIL
  Recommended action: rerun
  Recommended action: rerun

Row fec108b9-dcff-488a-bd1e-606b6e0a6017 — How do I know if my spiritual experiences are genuine or ju…
  Field: canonical_answer
  Issue: 52 words (max 50)
  Severity: FAIL
  Recommended action: rerun

Row fec108b9-dcff-488a-bd1e-606b6e0a6017 — How do I know if my spiritual experiences are genuine or ju…

Row fec108b9-dcff-488a-bd1e-606b6e0a6017 — How do I know if my spiritual experiences are genuine or ju…
  Field: canonical_answer
  Issue: 52 words (max 50)
  Severity: FAIL
  Recommended action: rerun

Row fec108b9-dcff-488a-bd1e-606b6e0a6017 — How do I know if my spiritual experiences are genuine or ju…
  Field: word_count
  Issue: combined body 670 words (target 350–550)
  Severity: FAIL
  Recommended action: rerun

Row feecef14-df70-4a5c-8bdb-b95869f8bd4b — How do I stop feeling jealous of people who seem to have lo…
  Field: canonical_answer
  Field: word_count
  Issue: combined body 670 words (target 350–550)
  Severity: FAIL
  Recommended action: rerun

  Issue: 54 words (max 50)
Row feecef14-df70-4a5c-8bdb-b95869f8bd4b — How do I stop feeling jealous of people who seem to have lo…
  Field: canonical_answer
  Severity: FAIL
  Recommended action: rerun

Row feecef14-df70-4a5c-8bdb-b95869f8bd4b — How do I stop feeling jealous of people who seem to have lo…
  Field: word_count
  Issue: 54 words (max 50)
  Issue: combined body 682 words (target 350–550)
  Severity: FAIL
  Recommended action: rerun

  Severity: FAIL
  Recommended action: rerun

Row feecef14-df70-4a5c-8bdb-b95869f8bd4b — How do I stop feeling jealous of people who seem to have lo…
  Field: word_count
Row ff370296-02ed-44c2-911c-626894387fe2 — Can using AI for emotional support become addictive?
  Field: word_count
  Issue: combined body 662 words (target 350–550)
  Severity: FAIL
  Issue: combined body 682 words (target 350–550)
  Severity: FAIL
  Recommended action: rerun

  Recommended action: rerun

Row ff595170-21b7-46b4-9e76-69d253a07e27 — How do I build self-confidence when I've always struggled w…
  Field: word_count
Row ff370296-02ed-44c2-911c-626894387fe2 — Can using AI for emotional support become addictive?
  Field: word_count
  Issue: combined body 662 words (target 350–550)
  Severity: FAIL
  Issue: combined body 624 words (target 350–550)
  Severity: FAIL
  Recommended action: rerun

  Recommended action: rerun

Row ff595170-21b7-46b4-9e76-69d253a07e27 — How do I build self-confidence when I've always struggled w…
  Field: word_count
Row ffda7cfd-3b00-4a72-9dad-2b6e98a25bc2 — Is it normal to have existential thoughts when I can't slee…
  Field: word_count
  Issue: combined body 650 words (target 350–550)
  Severity: FAIL
  Recommended action: rerun
  Issue: combined body 624 words (target 350–550)
  Severity: FAIL
  Recommended action: rerun


─── WARNINGS ───
Row ffda7cfd-3b00-4a72-9dad-2b6e98a25bc2 — Is it normal to have existential thoughts when I can't slee…
  Field: word_count
  Issue: combined body 650 words (target 350–550)
  Severity: FAIL
  Recommended action: rerun
Row b22d2a0d-e2ef-4f56-a389-fa8948dff8d8 — Why do I feel anxious for no reason?

─── WARNINGS ───
  Field: primary_term
  Issue: does not clearly match condition in question
  Severity: WARN

Row b22d2a0d-e2ef-4f56-a389-fa8948dff8d8 — Why do I feel anxious for no reason?
Row b22d2a0d-e2ef-4f56-a389-fa8948dff8d8 — Why do I feel anxious for no reason?
  Field: what_can_help
  Issue: opening may rely on prior context (spot-check)
  Severity: WARN
  Field: primary_term
  Issue: does not clearly match condition in question
  Severity: WARN


Row b22d2a0d-e2ef-4f56-a389-fa8948dff8d8 — Why do I feel anxious for no reason?
  Field: when_to_reach_out
  Issue: opening may rely on prior context (spot-check)
Row b22d2a0d-e2ef-4f56-a389-fa8948dff8d8 — Why do I feel anxious for no reason?
  Field: what_can_help
  Issue: opening may rely on prior context (spot-check)
  Severity: WARN
  Severity: WARN

Row b234aa24-5f9c-4963-8ab2-6495281b80e1 — Why do I feel guilty about setting boundaries at work?
  Field: when_to_reach_out

Row b22d2a0d-e2ef-4f56-a389-fa8948dff8d8 — Why do I feel anxious for no reason?
  Field: when_to_reach_out
  Issue: opening may rely on prior context (spot-check)
  Issue: opening may rely on prior context (spot-check)
  Severity: WARN

Row b2586818-c80c-422a-b945-5446a5fc9553 — How do I talk to my teen about depression without them shut…
  Severity: WARN

Row b234aa24-5f9c-4963-8ab2-6495281b80e1 — Why do I feel guilty about setting boundaries at work?
  Field: when_to_reach_out
  Field: what_can_help
  Issue: opening may rely on prior context (spot-check)
  Severity: WARN

  Issue: opening may rely on prior context (spot-check)
  Severity: WARN

Row b2586818-c80c-422a-b945-5446a5fc9553 — How do I talk to my teen about depression without them shut…
  Field: what_can_help
  Issue: opening may rely on prior context (spot-check)
  Severity: WARN

Row b2586818-c80c-422a-b945-5446a5fc9553 — How do I talk to my teen about depression without them shut…
  Field: when_to_reach_out
  Issue: opening may rely on prior context (spot-check)
  Severity: WARN

Row b29b1a4f-d36a-47f9-83b9-0d43e32b556c — Why do I feel like I'm never enough for anyone?
  Field: primary_term
  Issue: does not clearly match condition in question
  Severity: WARN

Row b29b1a4f-d36a-47f9-83b9-0d43e32b556c — Why do I feel like I'm never enough for anyone?
  Field: when_to_reach_out
  Issue: opening may rely on prior context (spot-check)
Row b2586818-c80c-422a-b945-5446a5fc9553 — How do I talk to my teen about depression without them shut…
  Field: when_to_reach_out
  Issue: opening may rely on prior context (spot-check)
  Severity: WARN

Row b29b1a4f-d36a-47f9-83b9-0d43e32b556c — Why do I feel like I'm never enough for anyone?
  Field: primary_term
  Issue: does not clearly match condition in question
  Severity: WARN
  Severity: WARN

Row b29b1a4f-d36a-47f9-83b9-0d43e32b556c — Why do I feel like I'm never enough for anyone?
  Field: when_to_reach_out
  Issue: opening may rely on prior context (spot-check)
  Severity: WARN

Row b2c43fd1-c291-4d41-8739-6dce9c3052fa — Can AI make burnout worse?
  Field: what_can_help
  Issue: opening may rely on prior context (spot-check)

Row b2c43fd1-c291-4d41-8739-6dce9c3052fa — Can AI make burnout worse?
  Severity: WARN
  Field: what_can_help
  Issue: opening may rely on prior context (spot-check)

  Severity: WARN
Row b2c43fd1-c291-4d41-8739-6dce9c3052fa — Can AI make burnout worse?
  Field: when_to_reach_out
  Issue: opening may rely on prior context (spot-check)

  Severity: WARN
Row b2c43fd1-c291-4d41-8739-6dce9c3052fa — Can AI make burnout worse?
  Field: when_to_reach_out
  Issue: opening may rely on prior context (spot-check)

Row b2d01be5-c7f6-44f2-b88b-c9c654036344 — Why do I apologize for everything even when it's not my fau…
  Severity: WARN
  Field: primary_term

Row b2d01be5-c7f6-44f2-b88b-c9c654036344 — Why do I apologize for everything even when it's not my fau…
  Issue: does not clearly match condition in question
  Field: primary_term
  Severity: WARN

  Issue: does not clearly match condition in question
Row b2d01be5-c7f6-44f2-b88b-c9c654036344 — Why do I apologize for everything even when it's not my fau…
  Severity: WARN

  Field: when_to_reach_out
  Issue: opening may rely on prior context (spot-check)
Row b2d01be5-c7f6-44f2-b88b-c9c654036344 — Why do I apologize for everything even when it's not my fau…
  Field: when_to_reach_out
  Issue: opening may rely on prior context (spot-check)
  Severity: WARN

Row b3304e89-be3e-44a6-bd08-fe48f656f28b — Why do I feel lonelier after spending time with AI companio…
  Severity: WARN
  Field: when_to_reach_out

Row b3304e89-be3e-44a6-bd08-fe48f656f28b — Why do I feel lonelier after spending time with AI companio…
  Issue: opening may rely on prior context (spot-check)
  Field: when_to_reach_out
  Severity: WARN

  Issue: opening may rely on prior context (spot-check)
Row b3304e89-be3e-44a6-bd08-fe48f656f28b — Why do I feel lonelier after spending time with AI companio…
  Severity: WARN

  Field: word_count
Row b3304e89-be3e-44a6-bd08-fe48f656f28b — Why do I feel lonelier after spending time with AI companio…
  Issue: combined body 570 words (target 350–550)
  Severity: WARN
  Field: word_count

  Issue: combined body 570 words (target 350–550)
  Severity: WARN
Row b43aceaa-f85a-4336-9f7f-892b9a8df48f — How do I handle work or school while in treatment?
  Field: when_to_reach_out

  Issue: opening may rely on prior context (spot-check)
Row b43aceaa-f85a-4336-9f7f-892b9a8df48f — How do I handle work or school while in treatment?
  Field: when_to_reach_out
  Severity: WARN

  Issue: opening may rely on prior context (spot-check)
Row b43eb5d6-2e22-444e-b886-f1171bdea62a — Why do I feel lonely even when I'm around people?
  Severity: WARN

  Field: when_to_reach_out
Row b43eb5d6-2e22-444e-b886-f1171bdea62a — Why do I feel lonely even when I'm around people?
  Issue: opening may rely on prior context (spot-check)
  Field: when_to_reach_out
  Severity: WARN

  Issue: opening may rely on prior context (spot-check)
Row b49779d2-9c0e-4cc8-ba01-61a58cacd035 — How do I stop stalking my ex on social media?
  Severity: WARN

Row b49779d2-9c0e-4cc8-ba01-61a58cacd035 — How do I stop stalking my ex on social media?
  Field: what_can_help
  Issue: opening may rely on prior context (spot-check)
  Severity: WARN

Row b49779d2-9c0e-4cc8-ba01-61a58cacd035 — How do I stop stalking my ex on social media?
  Field: when_to_reach_out
  Issue: opening may rely on prior context (spot-check)
  Severity: WARN

  Field: what_can_help
  Issue: opening may rely on prior context (spot-check)
  Severity: WARN

Row b49779d2-9c0e-4cc8-ba01-61a58cacd035 — How do I stop stalking my ex on social media?
  Field: when_to_reach_out
  Issue: opening may rely on prior context (spot-check)
  Severity: WARN

Row b5acbdcc-5c64-415d-9942-6e7db5fb4a56 — What do I do if I think my child is questioning their gende…
  Field: what_can_help
  Issue: opening may rely on prior context (spot-check)
  Severity: WARN

Row b5acbdcc-5c64-415d-9942-6e7db5fb4a56 — What do I do if I think my child is questioning their gende…
  Field: when_to_reach_out
  Issue: opening may rely on prior context (spot-check)
  Severity: WARN
Row b5acbdcc-5c64-415d-9942-6e7db5fb4a56 — What do I do if I think my child is questioning their gende…
  Field: what_can_help
  Issue: opening may rely on prior context (spot-check)
  Severity: WARN

Row b5acbdcc-5c64-415d-9942-6e7db5fb4a56 — What do I do if I think my child is questioning their gende…
  Field: when_to_reach_out
  Issue: opening may rely on prior context (spot-check)
  Severity: WARN

Row b5b789a2-d94e-4716-96dc-373e0460c0bc — Can AI help me practice social skills before real interacti…
  Field: what_can_help
  Issue: opening may rely on prior context (spot-check)
  Severity: WARN

Row b5b789a2-d94e-4716-96dc-373e0460c0bc — Can AI help me practice social skills before real interacti…
  Field: when_to_reach_out
  Issue: opening may rely on prior context (spot-check)
  Severity: WARN

Row b61be7c2-a15e-4a17-baf8-d02182fe9eb4 — How do I know if I'm gay, straight, or something else?

Row b5b789a2-d94e-4716-96dc-373e0460c0bc — Can AI help me practice social skills before real interacti…
  Field: what_can_help
  Issue: opening may rely on prior context (spot-check)
  Severity: WARN

Row b5b789a2-d94e-4716-96dc-373e0460c0bc — Can AI help me practice social skills before real interacti…
  Field: when_to_reach_out
  Issue: opening may rely on prior context (spot-check)
  Severity: WARN

  Field: primary_term
Row b61be7c2-a15e-4a17-baf8-d02182fe9eb4 — How do I know if I'm gay, straight, or something else?
  Issue: does not clearly match condition in question
  Severity: WARN

Row b61be7c2-a15e-4a17-baf8-d02182fe9eb4 — How do I know if I'm gay, straight, or something else?
  Field: what_can_help
  Field: primary_term
  Issue: opening may rely on prior context (spot-check)
  Severity: WARN

Row b6208e5f-91a6-4986-bc9a-e13c4d38b3c8 — How do I know if what I'm experiencing is depression or jus…
  Issue: does not clearly match condition in question
  Severity: WARN

Row b61be7c2-a15e-4a17-baf8-d02182fe9eb4 — How do I know if I'm gay, straight, or something else?
  Field: what_can_help
  Field: what_can_help
  Issue: opening may rely on prior context (spot-check)
  Severity: WARN
  Issue: opening may rely on prior context (spot-check)
  Severity: WARN

Row b6208e5f-91a6-4986-bc9a-e13c4d38b3c8 — How do I know if what I'm experiencing is depression or jus…

Row b6208e5f-91a6-4986-bc9a-e13c4d38b3c8 — How do I know if what I'm experiencing is depression or jus…
  Field: when_to_reach_out
  Field: what_can_help
  Issue: opening may rely on prior context (spot-check)
  Severity: WARN
  Issue: opening may rely on prior context (spot-check)
  Severity: WARN

Row b63dc938-eab0-40b5-8333-90de12eb0c90 — How do I know if I'm depressed or just going through a roug…

Row b6208e5f-91a6-4986-bc9a-e13c4d38b3c8 — How do I know if what I'm experiencing is depression or jus…
  Field: when_to_reach_out
  Field: primary_term
  Issue: does not clearly match condition in question
  Severity: WARN
  Issue: opening may rely on prior context (spot-check)
  Severity: WARN

Row b63dc938-eab0-40b5-8333-90de12eb0c90 — How do I know if I'm depressed or just going through a roug…

Row b63dc938-eab0-40b5-8333-90de12eb0c90 — How do I know if I'm depressed or just going through a roug…
  Field: what_can_help
  Issue: opening may rely on prior context (spot-check)
  Severity: WARN
  Field: primary_term
  Issue: does not clearly match condition in question
  Severity: WARN

Row b63dc938-eab0-40b5-8333-90de12eb0c90 — How do I know if I'm depressed or just going through a roug…
  Field: when_to_reach_out
  Issue: opening may rely on prior context (spot-check)

Row b63dc938-eab0-40b5-8333-90de12eb0c90 — How do I know if I'm depressed or just going through a roug…
  Field: what_can_help
  Issue: opening may rely on prior context (spot-check)
  Severity: WARN
  Severity: WARN

Row b6a8042a-7658-4a8a-8cb2-4b245bfac742 — Is it normal to feel angry at God or religion?
  Field: when_to_reach_out

Row b63dc938-eab0-40b5-8333-90de12eb0c90 — How do I know if I'm depressed or just going through a roug…
  Field: when_to_reach_out
  Issue: opening may rely on prior context (spot-check)
  Issue: opening may rely on prior context (spot-check)
  Severity: WARN

Row b6e25775-eb48-4672-b5ee-fa26bbd8441a — Why do I feel like I can't trust my own feelings?
  Severity: WARN

Row b6a8042a-7658-4a8a-8cb2-4b245bfac742 — Is it normal to feel angry at God or religion?
  Field: when_to_reach_out
  Field: primary_term
  Issue: does not clearly match condition in question
  Severity: WARN

  Issue: opening may rely on prior context (spot-check)
  Severity: WARN

Row b6e25775-eb48-4672-b5ee-fa26bbd8441a — Why do I feel like I can't trust my own feelings?
Row b6e25775-eb48-4672-b5ee-fa26bbd8441a — Why do I feel like I can't trust my own feelings?
  Field: when_to_reach_out
  Issue: opening may rely on prior context (spot-check)
  Severity: WARN
  Field: primary_term
  Issue: does not clearly match condition in question
  Severity: WARN


Row b709dca7-c903-4a49-899e-19324747d027 — Why do I attract the same type of toxic people?
  Field: what_can_help
  Issue: opening may rely on prior context (spot-check)
Row b6e25775-eb48-4672-b5ee-fa26bbd8441a — Why do I feel like I can't trust my own feelings?
  Field: when_to_reach_out
  Issue: opening may rely on prior context (spot-check)
  Severity: WARN
  Severity: WARN

Row b709dca7-c903-4a49-899e-19324747d027 — Why do I attract the same type of toxic people?
  Field: when_to_reach_out

Row b709dca7-c903-4a49-899e-19324747d027 — Why do I attract the same type of toxic people?
  Field: what_can_help
  Issue: opening may rely on prior context (spot-check)
  Issue: opening may rely on prior context (spot-check)
  Severity: WARN

Row b74b065f-8dbd-472b-b7ce-82d3dcac6c8c — Is it normal to prefer being alone most of the time?
  Field: primary_term
  Severity: WARN

Row b709dca7-c903-4a49-899e-19324747d027 — Why do I attract the same type of toxic people?
  Field: when_to_reach_out
  Issue: does not clearly match condition in question
  Severity: WARN
  Issue: opening may rely on prior context (spot-check)
  Severity: WARN

Row b74b065f-8dbd-472b-b7ce-82d3dcac6c8c — Is it normal to prefer being alone most of the time?
  Field: primary_term

  Issue: does not clearly match condition in question
  Severity: WARN
Row b74b065f-8dbd-472b-b7ce-82d3dcac6c8c — Is it normal to prefer being alone most of the time?
  Field: what_can_help
  Issue: opening may rely on prior context (spot-check)
  Severity: WARN

Row b74b065f-8dbd-472b-b7ce-82d3dcac6c8c — Is it normal to prefer being alone most of the time?
  Field: when_to_reach_out

Row b74b065f-8dbd-472b-b7ce-82d3dcac6c8c — Is it normal to prefer being alone most of the time?
  Field: what_can_help
  Issue: opening may rely on prior context (spot-check)
  Severity: WARN

Row b74b065f-8dbd-472b-b7ce-82d3dcac6c8c — Is it normal to prefer being alone most of the time?
  Field: when_to_reach_out
  Issue: opening may rely on prior context (spot-check)
  Severity: WARN

Row b7572385-a3cc-4d23-b6da-cb54a050b971 — How do I deal with depression when I have young children?
  Field: what_can_help
  Issue: opening may rely on prior context (spot-check)
  Issue: opening may rely on prior context (spot-check)
  Severity: WARN

Row b7572385-a3cc-4d23-b6da-cb54a050b971 — How do I deal with depression when I have young children?
  Field: what_can_help
  Severity: WARN

  Issue: opening may rely on prior context (spot-check)
  Severity: WARN

Row b7572385-a3cc-4d23-b6da-cb54a050b971 — How do I deal with depression when I have young children?
  Field: when_to_reach_out
  Issue: opening may rely on prior context (spot-check)
  Severity: WARN

Row b7572385-a3cc-4d23-b6da-cb54a050b971 — How do I deal with depression when I have young children?
  Field: when_to_reach_out
  Issue: opening may rely on prior context (spot-check)
  Severity: WARN

Row b7822e70-4935-4d02-bc1e-165c28f68c4b — How do I deal with feeling like everyone else is more confi…
  Field: primary_term
  Issue: does not clearly match condition in question
  Severity: WARN

Row b7822e70-4935-4d02-bc1e-165c28f68c4b — How do I deal with feeling like everyone else is more confi…
  Field: what_can_help
Row b7822e70-4935-4d02-bc1e-165c28f68c4b — How do I deal with feeling like everyone else is more confi…
  Field: primary_term
  Issue: opening may rely on prior context (spot-check)
  Issue: does not clearly match condition in question
  Severity: WARN

Row b7822e70-4935-4d02-bc1e-165c28f68c4b — How do I deal with feeling like everyone else is more confi…
  Field: what_can_help
  Severity: WARN

Row b7822e70-4935-4d02-bc1e-165c28f68c4b — How do I deal with feeling like everyone else is more confi…
  Field: when_to_reach_out
  Issue: opening may rely on prior context (spot-check)
  Issue: opening may rely on prior context (spot-check)
  Severity: WARN

Row b7822e70-4935-4d02-bc1e-165c28f68c4b — How do I deal with feeling like everyone else is more confi…
  Field: word_count
  Severity: WARN

Row b7822e70-4935-4d02-bc1e-165c28f68c4b — How do I deal with feeling like everyone else is more confi…
  Field: when_to_reach_out
  Issue: combined body 569 words (target 350–550)
  Severity: WARN

  Issue: opening may rely on prior context (spot-check)
  Severity: WARN

Row b7822e70-4935-4d02-bc1e-165c28f68c4b — How do I deal with feeling like everyone else is more confi…
  Field: word_count
Row b7d9dd9a-8391-46e6-a5d2-7889c1f37a84 — Why do I feel like I can't handle normal adult responsibili…
  Field: when_to_reach_out
  Issue: opening may rely on prior context (spot-check)
  Severity: WARN

  Issue: combined body 569 words (target 350–550)
  Severity: WARN

Row b86c07cf-ff53-430d-b4bb-5dfb50af0507 — How do I stop having nightmares about traumatic events?
  Field: what_can_help
  Issue: opening may rely on prior context (spot-check)
Row b7d9dd9a-8391-46e6-a5d2-7889c1f37a84 — Why do I feel like I can't handle normal adult responsibili…
  Field: when_to_reach_out
  Issue: opening may rely on prior context (spot-check)
  Severity: WARN

  Severity: WARN

Row b88a3917-dce4-4820-a740-707a7835144b — Why does my AI companion feel more comforting than real peo…
Row b86c07cf-ff53-430d-b4bb-5dfb50af0507 — How do I stop having nightmares about traumatic events?
  Field: what_can_help
  Issue: opening may rely on prior context (spot-check)
  Field: when_to_reach_out
  Issue: opening may rely on prior context (spot-check)
  Severity: WARN

  Severity: WARN

Row b88a3917-dce4-4820-a740-707a7835144b — Why does my AI companion feel more comforting than real peo…
Row b88a3917-dce4-4820-a740-707a7835144b — Why does my AI companion feel more comforting than real peo…
  Field: word_count
  Issue: combined body 553 words (target 350–550)
  Severity: WARN

  Field: when_to_reach_out
  Issue: opening may rely on prior context (spot-check)
  Severity: WARN

Row b90965ad-cbda-4862-b656-d0098e5ceb2e — What if I don't believe in God or a higher power for 12-ste…
  Field: when_to_reach_out
  Issue: opening may rely on prior context (spot-check)
  Severity: WARN
Row b88a3917-dce4-4820-a740-707a7835144b — Why does my AI companion feel more comforting than real peo…
  Field: word_count
  Issue: combined body 553 words (target 350–550)
  Severity: WARN


Row b9283834-20f3-46d2-9d35-4570f5ac3661 — What should I do if I hate my job but can't quit?
  Field: primary_term
  Issue: does not clearly match condition in question
Row b90965ad-cbda-4862-b656-d0098e5ceb2e — What if I don't believe in God or a higher power for 12-ste…
  Field: when_to_reach_out
  Issue: opening may rely on prior context (spot-check)
  Severity: WARN
  Severity: WARN

Row b967c16c-3117-4343-9a59-93fafde76ad0 — What should I do if I feel like my skills are becoming obso…

Row b9283834-20f3-46d2-9d35-4570f5ac3661 — What should I do if I hate my job but can't quit?
  Field: primary_term
  Issue: does not clearly match condition in question
  Field: word_count
  Issue: combined body 565 words (target 350–550)
  Severity: WARN

  Severity: WARN

Row b967c16c-3117-4343-9a59-93fafde76ad0 — What should I do if I feel like my skills are becoming obso…
Row b9b67fd1-4509-4e48-a720-350a05b2a329 — How do I know if I'm developing a parasocial relationship w…
  Field: what_can_help
  Issue: opening may rely on prior context (spot-check)
  Severity: WARN
  Field: word_count
  Issue: combined body 565 words (target 350–550)
  Severity: WARN


Row b9b67fd1-4509-4e48-a720-350a05b2a329 — How do I know if I'm developing a parasocial relationship w…
  Field: when_to_reach_out
  Issue: opening may rely on prior context (spot-check)
Row b9b67fd1-4509-4e48-a720-350a05b2a329 — How do I know if I'm developing a parasocial relationship w…
  Field: what_can_help
  Issue: opening may rely on prior context (spot-check)
  Severity: WARN
  Severity: WARN

Row b9b67fd1-4509-4e48-a720-350a05b2a329 — How do I know if I'm developing a parasocial relationship w…
  Field: word_count

Row b9b67fd1-4509-4e48-a720-350a05b2a329 — How do I know if I'm developing a parasocial relationship w…
  Field: when_to_reach_out
  Issue: opening may rely on prior context (spot-check)
  Issue: combined body 560 words (target 350–550)
  Severity: WARN

Row b9f3b0be-4f7a-4294-af29-be6ad7f4a1d7 — How do I set boundaries to reduce stress?
  Severity: WARN

Row b9b67fd1-4509-4e48-a720-350a05b2a329 — How do I know if I'm developing a parasocial relationship w…
  Field: word_count
  Field: when_to_reach_out
  Issue: opening may rely on prior context (spot-check)
  Severity: WARN

Row b9f4e3eb-5136-4862-ac0c-1a763e586820 — Why does talking to AI feel easier than talking to my thera…
  Issue: combined body 560 words (target 350–550)
  Severity: WARN

Row b9f3b0be-4f7a-4294-af29-be6ad7f4a1d7 — How do I set boundaries to reduce stress?
  Field: primary_term
  Issue: does not clearly match condition in question
  Severity: WARN

  Field: when_to_reach_out
  Issue: opening may rely on prior context (spot-check)
  Severity: WARN

Row b9f4e3eb-5136-4862-ac0c-1a763e586820 — Why does talking to AI feel easier than talking to my thera…
Row b9f4e3eb-5136-4862-ac0c-1a763e586820 — Why does talking to AI feel easier than talking to my thera…
  Field: what_can_help
  Issue: opening may rely on prior context (spot-check)
  Severity: WARN
  Field: primary_term
  Issue: does not clearly match condition in question
  Severity: WARN


Row b9f4e3eb-5136-4862-ac0c-1a763e586820 — Why does talking to AI feel easier than talking to my thera…
  Field: when_to_reach_out
  Issue: opening may rely on prior context (spot-check)
Row b9f4e3eb-5136-4862-ac0c-1a763e586820 — Why does talking to AI feel easier than talking to my thera…
  Field: what_can_help
  Issue: opening may rely on prior context (spot-check)
  Severity: WARN
  Severity: WARN

Row ba4aeb75-9142-4ade-9216-cff30a61ee4d — What if my partner wants me to drink or use substances with…

Row b9f4e3eb-5136-4862-ac0c-1a763e586820 — Why does talking to AI feel easier than talking to my thera…
  Field: when_to_reach_out
  Issue: opening may rely on prior context (spot-check)
  Field: when_to_reach_out
  Issue: opening may rely on prior context (spot-check)
  Severity: WARN

  Severity: WARN

Row ba4aeb75-9142-4ade-9216-cff30a61ee4d — What if my partner wants me to drink or use substances with…
Row ba61f02e-dff9-429e-99e6-8f2bb96bf72e — What's the difference between major depression and persiste…
  Field: what_can_help
  Issue: opening may rely on prior context (spot-check)
  Severity: WARN
  Field: when_to_reach_out
  Issue: opening may rely on prior context (spot-check)
  Severity: WARN


Row ba61f02e-dff9-429e-99e6-8f2bb96bf72e — What's the difference between major depression and persiste…
  Field: when_to_reach_out
  Issue: opening may rely on prior context (spot-check)
Row ba61f02e-dff9-429e-99e6-8f2bb96bf72e — What's the difference between major depression and persiste…
  Field: what_can_help
  Issue: opening may rely on prior context (spot-check)
  Severity: WARN
  Severity: WARN

Row ba6736ac-5b1f-4e31-95bb-424c3788ce5c — How do I stop being so critical of myself and others?
  Field: primary_term

Row ba61f02e-dff9-429e-99e6-8f2bb96bf72e — What's the difference between major depression and persiste…
  Field: when_to_reach_out
  Issue: opening may rely on prior context (spot-check)
  Issue: does not clearly match condition in question
  Severity: WARN

Row baeade2f-29da-455e-89fa-7b25e0a80338 — How do I know when to cut off contact with my addicted fami…
  Severity: WARN

Row ba6736ac-5b1f-4e31-95bb-424c3788ce5c — How do I stop being so critical of myself and others?
  Field: primary_term
  Field: what_can_help
  Issue: opening may rely on prior context (spot-check)
  Severity: WARN
  Issue: does not clearly match condition in question
  Severity: WARN

Row baeade2f-29da-455e-89fa-7b25e0a80338 — How do I know when to cut off contact with my addicted fami…

Row baeade2f-29da-455e-89fa-7b25e0a80338 — How do I know when to cut off contact with my addicted fami…
  Field: when_to_reach_out
  Issue: opening may rely on prior context (spot-check)
  Field: what_can_help
  Issue: opening may rely on prior context (spot-check)
  Severity: WARN
  Severity: WARN


Row baeade2f-29da-455e-89fa-7b25e0a80338 — How do I know when to cut off contact with my addicted fami…
  Field: when_to_reach_out
  Issue: opening may rely on prior context (spot-check)
Row baf0385d-67d2-4827-81f9-69103e364565 — What's the difference between sadness and depression?
  Severity: WARN

  Field: when_to_reach_out
  Issue: opening may rely on prior context (spot-check)
  Severity: WARN

Row baf0385d-67d2-4827-81f9-69103e364565 — What's the difference between sadness and depression?
Row baf4ef3f-a088-4dbc-95c0-18a25968885c — How do I handle sibling rivalry and fighting?
  Field: when_to_reach_out
  Issue: opening may rely on prior context (spot-check)
  Severity: WARN
  Field: when_to_reach_out
  Issue: opening may rely on prior context (spot-check)
  Severity: WARN


Row bb52a5a4-47f2-4d21-a1b9-0e6727109afe — Why do I feel like I'm losing myself in my relationship?
  Field: what_can_help
Row baf4ef3f-a088-4dbc-95c0-18a25968885c — How do I handle sibling rivalry and fighting?
  Field: when_to_reach_out
  Issue: opening may rely on prior context (spot-check)
  Severity: WARN
  Issue: opening may rely on prior context (spot-check)

Row bb52a5a4-47f2-4d21-a1b9-0e6727109afe — Why do I feel like I'm losing myself in my relationship?
  Field: what_can_help
  Severity: WARN

Row bb52a5a4-47f2-4d21-a1b9-0e6727109afe — Why do I feel like I'm losing myself in my relationship?
  Issue: opening may rely on prior context (spot-check)
  Field: when_to_reach_out
  Issue: opening may rely on prior context (spot-check)
  Severity: WARN

  Severity: WARN

Row bb52a5a4-47f2-4d21-a1b9-0e6727109afe — Why do I feel like I'm losing myself in my relationship?
Row bb65ff3f-b06a-45c6-b62c-d122a527574a — Why do I feel like I'm never going to have enough money?
  Field: primary_term
  Issue: does not clearly match condition in question
  Severity: WARN
  Field: when_to_reach_out
  Issue: opening may rely on prior context (spot-check)
  Severity: WARN


Row bb759689-de97-44b0-a649-e9dd8b83d41e — How do I know if my recovery program is working?
  Field: when_to_reach_out
Row bb65ff3f-b06a-45c6-b62c-d122a527574a — Why do I feel like I'm never going to have enough money?
  Field: primary_term
  Issue: does not clearly match condition in question
  Severity: WARN
  Issue: opening may rely on prior context (spot-check)
  Severity: WARN

Row bbee483f-9574-4970-b897-21d2c22f6efd — Can talking to AI all night affect my mental health?

Row bb759689-de97-44b0-a649-e9dd8b83d41e — How do I know if my recovery program is working?
  Field: when_to_reach_out
  Field: what_can_help
  Issue: opening may rely on prior context (spot-check)
  Severity: WARN

  Issue: opening may rely on prior context (spot-check)
  Severity: WARN

Row bbee483f-9574-4970-b897-21d2c22f6efd — Can talking to AI all night affect my mental health?
Row bbee483f-9574-4970-b897-21d2c22f6efd — Can talking to AI all night affect my mental health?
  Field: when_to_reach_out
  Issue: opening may rely on prior context (spot-check)
  Severity: WARN
  Field: what_can_help
  Issue: opening may rely on prior context (spot-check)
  Severity: WARN


Row bc4b3722-2b1a-4f6b-b5a5-45c1cb0f8684 — Is it normal to miss aspects of my old faith?
  Field: when_to_reach_out
Row bbee483f-9574-4970-b897-21d2c22f6efd — Can talking to AI all night affect my mental health?
  Field: when_to_reach_out
  Issue: opening may rely on prior context (spot-check)
  Severity: WARN
  Issue: opening may rely on prior context (spot-check)
  Severity: WARN

Row bc66af5b-504b-4add-bbf4-57e3a073793b — How do I know if I'm drinking too much?

Row bc4b3722-2b1a-4f6b-b5a5-45c1cb0f8684 — Is it normal to miss aspects of my old faith?
  Field: when_to_reach_out
  Field: primary_term
  Issue: does not clearly match condition in question
  Severity: WARN

  Issue: opening may rely on prior context (spot-check)
  Severity: WARN

Row bc66af5b-504b-4add-bbf4-57e3a073793b — How do I know if I'm drinking too much?
Row bc66af5b-504b-4add-bbf4-57e3a073793b — How do I know if I'm drinking too much?
  Field: what_can_help
  Issue: opening may rely on prior context (spot-check)
  Severity: WARN
  Field: primary_term
  Issue: does not clearly match condition in question
  Severity: WARN


Row bc66af5b-504b-4add-bbf4-57e3a073793b — How do I know if I'm drinking too much?
  Field: when_to_reach_out
  Issue: opening may rely on prior context (spot-check)
Row bc66af5b-504b-4add-bbf4-57e3a073793b — How do I know if I'm drinking too much?
  Field: what_can_help
  Issue: opening may rely on prior context (spot-check)
  Severity: WARN
  Severity: WARN

Row bc727552-b70c-4037-a6d2-33ec2824dac4 — Why do I feel ashamed about my body during intimate moments?
  Field: when_to_reach_out

Row bc66af5b-504b-4add-bbf4-57e3a073793b — How do I know if I'm drinking too much?
  Field: when_to_reach_out
  Issue: opening may rely on prior context (spot-check)
  Issue: opening may rely on prior context (spot-check)
  Severity: WARN

Row bc80b4a7-709f-422b-8d66-f4c2086f53c8 — How do I deal with feeling overwhelmed by world events and …
  Severity: WARN

Row bc727552-b70c-4037-a6d2-33ec2824dac4 — Why do I feel ashamed about my body during intimate moments?
  Field: when_to_reach_out
  Field: word_count
  Issue: combined body 589 words (target 350–550)
  Severity: WARN
  Issue: opening may rely on prior context (spot-check)
  Severity: WARN

Row bc80b4a7-709f-422b-8d66-f4c2086f53c8 — How do I deal with feeling overwhelmed by world events and …

Row bcbf383b-a50d-4c5c-b337-225945327456 — Why do I feel like I'm pretending to be someone I'm not?
  Field: primary_term
  Issue: does not clearly match condition in question
  Field: word_count
  Issue: combined body 589 words (target 350–550)
  Severity: WARN
  Severity: WARN

Row bcbf383b-a50d-4c5c-b337-225945327456 — Why do I feel like I'm pretending to be someone I'm not?
  Field: when_to_reach_out

Row bcbf383b-a50d-4c5c-b337-225945327456 — Why do I feel like I'm pretending to be someone I'm not?
  Field: primary_term
  Issue: does not clearly match condition in question
  Issue: opening may rely on prior context (spot-check)
  Severity: WARN

Row bceccff2-2a8b-48c6-92e9-57ee5fb9073e — What should I do if I feel like I can't keep up with techno…
  Severity: WARN

Row bcbf383b-a50d-4c5c-b337-225945327456 — Why do I feel like I'm pretending to be someone I'm not?
  Field: when_to_reach_out
  Field: when_to_reach_out
  Issue: opening may rely on prior context (spot-check)
  Severity: WARN

  Issue: opening may rely on prior context (spot-check)
  Severity: WARN

Row bceccff2-2a8b-48c6-92e9-57ee5fb9073e — What should I do if I feel like I can't keep up with techno…
Row bcee6a3e-c5ca-49c6-9075-aa70dbe72ce9 — How do I cope with losing my pet?
  Field: primary_term
  Issue: does not clearly match condition in question
  Field: when_to_reach_out
  Issue: opening may rely on prior context (spot-check)
  Severity: WARN

  Severity: WARN

Row bcee6a3e-c5ca-49c6-9075-aa70dbe72ce9 — How do I cope with losing my pet?
  Field: when_to_reach_out
Row bcee6a3e-c5ca-49c6-9075-aa70dbe72ce9 — How do I cope with losing my pet?
  Field: primary_term
  Issue: does not clearly match condition in question
  Issue: opening may rely on prior context (spot-check)
  Severity: WARN

Row bcf69729-4165-40c5-8588-96fbfcd8f256 — How do I decide what to do with their belongings?
  Severity: WARN

Row bcee6a3e-c5ca-49c6-9075-aa70dbe72ce9 — How do I cope with losing my pet?
  Field: when_to_reach_out
  Field: primary_term
  Issue: does not clearly match condition in question
  Severity: WARN

  Issue: opening may rely on prior context (spot-check)
  Severity: WARN

Row bcf69729-4165-40c5-8588-96fbfcd8f256 — How do I decide what to do with their belongings?
Row bd49cb87-22e1-4bc8-b826-39954973f786 — How do I stop feeling like I'm wasting time when I'm not be…
  Field: primary_term
  Issue: does not clearly match condition in question
  Severity: WARN
  Field: primary_term
  Issue: does not clearly match condition in question
  Severity: WARN


Row bd7047a5-26d7-45cf-9563-9af2da7412fc — How do I stop feeling like I'm always walking on eggshells?
  Field: what_can_help
Row bd49cb87-22e1-4bc8-b826-39954973f786 — How do I stop feeling like I'm wasting time when I'm not be…
  Field: primary_term
  Issue: does not clearly match condition in question
  Severity: WARN
  Issue: opening may rely on prior context (spot-check)
  Severity: WARN

Row bd7047a5-26d7-45cf-9563-9af2da7412fc — How do I stop feeling like I'm always walking on eggshells?

Row bd7047a5-26d7-45cf-9563-9af2da7412fc — How do I stop feeling like I'm always walking on eggshells?
  Field: what_can_help
  Issue: opening may rely on prior context (spot-check)
  Severity: WARN

Row bd7047a5-26d7-45cf-9563-9af2da7412fc — How do I stop feeling like I'm always walking on eggshells?
  Field: when_to_reach_out
  Issue: opening may rely on prior context (spot-check)
  Severity: WARN

Row bdb666a7-5455-44e3-92cf-d190885e68ec — I'm afraid of becoming dependent on antidepressants. Is thi…
  Field: what_can_help
  Issue: opening may rely on prior context (spot-check)
  Severity: WARN

Row bdb666a7-5455-44e3-92cf-d190885e68ec — I'm afraid of becoming dependent on antidepressants. Is thi…
  Field: when_to_reach_out
  Field: when_to_reach_out
  Issue: opening may rely on prior context (spot-check)
  Severity: WARN

Row bdb666a7-5455-44e3-92cf-d190885e68ec — I'm afraid of becoming dependent on antidepressants. Is thi…
  Field: what_can_help
  Issue: opening may rely on prior context (spot-check)
  Severity: WARN
  Issue: opening may rely on prior context (spot-check)
  Severity: WARN

Row bdb666a7-5455-44e3-92cf-d190885e68ec — I'm afraid of becoming dependent on antidepressants. Is thi…
  Field: when_to_reach_out

Row be09078b-85c5-46ce-90dc-c8edfc0e813f — Why do I feel empty even when my life is going well?
  Issue: opening may rely on prior context (spot-check)
  Severity: WARN
  Field: primary_term
  Issue: does not clearly match condition in question

Row be09078b-85c5-46ce-90dc-c8edfc0e813f — Why do I feel empty even when my life is going well?
  Severity: WARN
  Field: primary_term
  Issue: does not clearly match condition in question

Row be09078b-85c5-46ce-90dc-c8edfc0e813f — Why do I feel empty even when my life is going well?
  Severity: WARN
  Field: when_to_reach_out

Row be09078b-85c5-46ce-90dc-c8edfc0e813f — Why do I feel empty even when my life is going well?
  Issue: opening may rely on prior context (spot-check)
  Severity: WARN
  Field: when_to_reach_out

  Issue: opening may rely on prior context (spot-check)
  Severity: WARN
Row be0e0311-efe4-4a74-b4b4-137027462670 — What do I do if I think I have depression?

  Field: when_to_reach_out
  Issue: opening may rely on prior context (spot-check)
Row be0e0311-efe4-4a74-b4b4-137027462670 — What do I do if I think I have depression?
  Severity: WARN
  Field: when_to_reach_out
  Issue: opening may rely on prior context (spot-check)

  Severity: WARN
Row be5c168b-f420-47fc-89ed-b7e503300f87 — How do I stop feeling like I'm broken and need to be fixed?
  Field: primary_term

  Issue: does not clearly match condition in question
  Severity: WARN
Row be5c168b-f420-47fc-89ed-b7e503300f87 — How do I stop feeling like I'm broken and need to be fixed?
  Field: primary_term

  Issue: does not clearly match condition in question
  Severity: WARN
Row be5c168b-f420-47fc-89ed-b7e503300f87 — How do I stop feeling like I'm broken and need to be fixed?
  Field: when_to_reach_out

  Issue: opening may rely on prior context (spot-check)
Row be5c168b-f420-47fc-89ed-b7e503300f87 — How do I stop feeling like I'm broken and need to be fixed?
  Field: when_to_reach_out
  Severity: WARN
  Issue: opening may rely on prior context (spot-check)
  Severity: WARN


Row be5c3153-7ab4-47f9-b312-bb191d45f542 — What should I do if I think my friend is in an abusive rela…
  Field: when_to_reach_out
  Issue: opening may rely on prior context (spot-check)
  Severity: WARN

Row be5c3153-7ab4-47f9-b312-bb191d45f542 — What should I do if I think my friend is in an abusive rela…
  Field: when_to_reach_out
  Issue: opening may rely on prior context (spot-check)
  Severity: WARN

Row bec01dea-06e3-4d6d-9cc3-e43366d1c9a0 — How do I find meaning when I no longer believe what I was t…
  Field: what_can_help
  Issue: opening may rely on prior context (spot-check)
  Severity: WARN

Row bec01dea-06e3-4d6d-9cc3-e43366d1c9a0 — How do I find meaning when I no longer believe what I was t…
  Field: when_to_reach_out
  Issue: opening may rely on prior context (spot-check)
Row bec01dea-06e3-4d6d-9cc3-e43366d1c9a0 — How do I find meaning when I no longer believe what I was t…
  Field: what_can_help
  Issue: opening may rely on prior context (spot-check)
  Severity: WARN

Row bec01dea-06e3-4d6d-9cc3-e43366d1c9a0 — How do I find meaning when I no longer believe what I was t…
  Severity: WARN
  Field: when_to_reach_out
  Issue: opening may rely on prior context (spot-check)

Row bf4ed0c5-91bf-4306-bb13-2cf0c3347ede — Why do I feel guilty for being excited about changes that h…
  Severity: WARN
  Field: what_can_help

Row bf4ed0c5-91bf-4306-bb13-2cf0c3347ede — Why do I feel guilty for being excited about changes that h…
  Issue: opening may rely on prior context (spot-check)
  Severity: WARN
  Field: what_can_help

  Issue: opening may rely on prior context (spot-check)
  Severity: WARN
Row bf5d7849-923e-47aa-a25b-4256a4805011 — How do I integrate plant medicine experiences with traditio…
  Field: what_can_help

  Issue: opening may rely on prior context (spot-check)
Row bf5d7849-923e-47aa-a25b-4256a4805011 — How do I integrate plant medicine experiences with traditio…
  Field: what_can_help
  Severity: WARN
  Issue: opening may rely on prior context (spot-check)

Row bf5d7849-923e-47aa-a25b-4256a4805011 — How do I integrate plant medicine experiences with traditio…
  Severity: WARN
  Field: when_to_reach_out

Row bf5d7849-923e-47aa-a25b-4256a4805011 — How do I integrate plant medicine experiences with traditio…
  Field: when_to_reach_out
  Issue: opening may rely on prior context (spot-check)
  Severity: WARN

Row bf66a1b5-b363-412c-9470-d0c677cb57f0 — How do I rebuild my relationship with my children after add…
  Field: when_to_reach_out
  Issue: opening may rely on prior context (spot-check)
  Severity: WARN

Row bf66a1b5-b363-412c-9470-d0c677cb57f0 — How do I rebuild my relationship with my children after add…
  Issue: opening may rely on prior context (spot-check)
  Field: when_to_reach_out
  Severity: WARN
  Issue: opening may rely on prior context (spot-check)

Row bf777fa1-7e3d-41d2-b207-f8229fd0135b — Why do I shut down during arguments?
  Severity: WARN
  Field: when_to_reach_out

Row bf777fa1-7e3d-41d2-b207-f8229fd0135b — Why do I shut down during arguments?
  Issue: opening may rely on prior context (spot-check)
  Severity: WARN
  Field: when_to_reach_out

  Issue: opening may rely on prior context (spot-check)
  Severity: WARN
Row bf99327a-654a-4bd2-a503-a594a2b5fbce — How can I apologize in a way that actually repairs trust?

  Field: when_to_reach_out
  Issue: opening may rely on prior context (spot-check)
Row bf99327a-654a-4bd2-a503-a594a2b5fbce — How can I apologize in a way that actually repairs trust?
  Severity: WARN
  Field: when_to_reach_out
  Issue: opening may rely on prior context (spot-check)

  Severity: WARN
Row bfa922c5-c5b1-4f8c-898a-0771e7a04143 — Why do I feel like I'm always waiting for the other shoe to…
  Field: primary_term

Row bfa922c5-c5b1-4f8c-898a-0771e7a04143 — Why do I feel like I'm always waiting for the other shoe to…
  Issue: does not clearly match condition in question
  Field: primary_term
  Severity: WARN
  Issue: does not clearly match condition in question

Row bfe2299f-e6a8-4e99-9ae0-2782c7130cb7 — What is seasonal depression and how is it treated?
  Severity: WARN
  Field: when_to_reach_out
  Issue: opening may rely on prior context (spot-check)
  Severity: WARN

Row bfe2299f-e6a8-4e99-9ae0-2782c7130cb7 — What is seasonal depression and how is it treated?
  Field: when_to_reach_out

  Issue: opening may rely on prior context (spot-check)
  Severity: WARN
Row bfe2299f-e6a8-4e99-9ae0-2782c7130cb7 — What is seasonal depression and how is it treated?

Row bfe2299f-e6a8-4e99-9ae0-2782c7130cb7 — What is seasonal depression and how is it treated?
  Field: word_count
  Issue: combined body 564 words (target 350–550)
  Severity: WARN

Row bff2668f-11d9-448a-a229-4ca93508a637 — Why do I overthink every conversation after it happens?
  Field: primary_term
  Issue: does not clearly match condition in question
  Severity: WARN

  Field: word_count
  Issue: combined body 564 words (target 350–550)
  Severity: WARN

Row bff2668f-11d9-448a-a229-4ca93508a637 — Why do I overthink every conversation after it happens?
  Field: primary_term
  Issue: does not clearly match condition in question
  Severity: WARN
Row c09bd0f9-9a0a-4a07-a025-a6b4f5cd4e6b — How do I handle being around my old using friends?

  Field: primary_term
  Issue: does not clearly match condition in question
Row c09bd0f9-9a0a-4a07-a025-a6b4f5cd4e6b — How do I handle being around my old using friends?
  Severity: WARN

  Field: primary_term
  Issue: does not clearly match condition in question
Row c09bd0f9-9a0a-4a07-a025-a6b4f5cd4e6b — How do I handle being around my old using friends?
  Field: when_to_reach_out
  Severity: WARN

  Issue: opening may rely on prior context (spot-check)
Row c09bd0f9-9a0a-4a07-a025-a6b4f5cd4e6b — How do I handle being around my old using friends?
  Field: when_to_reach_out
  Severity: WARN
  Issue: opening may rely on prior context (spot-check)

Row c09bd0f9-9a0a-4a07-a025-a6b4f5cd4e6b — How do I handle being around my old using friends?
  Severity: WARN
  Field: word_count

Row c09bd0f9-9a0a-4a07-a025-a6b4f5cd4e6b — How do I handle being around my old using friends?
  Issue: combined body 569 words (target 350–550)
  Severity: WARN
  Field: word_count
  Issue: combined body 569 words (target 350–550)

  Severity: WARN
Row c0ec99ec-84c6-41d0-b225-0921a3526d14 — How do I deal with financial stress affecting my relationsh…

  Field: what_can_help
  Issue: opening may rely on prior context (spot-check)
Row c0ec99ec-84c6-41d0-b225-0921a3526d14 — How do I deal with financial stress affecting my relationsh…
  Severity: WARN
  Field: what_can_help
  Issue: opening may rely on prior context (spot-check)

Row c0ec99ec-84c6-41d0-b225-0921a3526d14 — How do I deal with financial stress affecting my relationsh…
  Severity: WARN
  Field: when_to_reach_out
  Issue: opening may rely on prior context (spot-check)

Row c0ec99ec-84c6-41d0-b225-0921a3526d14 — How do I deal with financial stress affecting my relationsh…
  Severity: WARN

  Field: when_to_reach_out
  Issue: opening may rely on prior context (spot-check)
Row c1bb8f62-42a1-449b-bfc5-18fbc9099858 — How do I deal with people who don't understand or support m…
  Severity: WARN

  Field: what_can_help
  Issue: opening may rely on prior context (spot-check)
  Severity: WARN
Row c1bb8f62-42a1-449b-bfc5-18fbc9099858 — How do I deal with people who don't understand or support m…
  Field: what_can_help
  Issue: opening may rely on prior context (spot-check)
  Severity: WARN


Row c1bb8f62-42a1-449b-bfc5-18fbc9099858 — How do I deal with people who don't understand or support m…
  Field: when_to_reach_out
  Issue: opening may rely on prior context (spot-check)
  Severity: WARN

Row c2c0ee45-43de-4cfa-b997-e4b976ef90da — Is it okay to use AI to talk to someone who died?
  Field: primary_term
  Issue: does not clearly match condition in question
  Severity: WARN

Row c2c0ee45-43de-4cfa-b997-e4b976ef90da — Is it okay to use AI to talk to someone who died?
  Field: when_to_reach_out
Row c1bb8f62-42a1-449b-bfc5-18fbc9099858 — How do I deal with people who don't understand or support m…
  Field: when_to_reach_out
  Issue: opening may rely on prior context (spot-check)
  Severity: WARN

Row c2c0ee45-43de-4cfa-b997-e4b976ef90da — Is it okay to use AI to talk to someone who died?
  Field: primary_term
  Issue: does not clearly match condition in question
  Severity: WARN

Row c2c0ee45-43de-4cfa-b997-e4b976ef90da — Is it okay to use AI to talk to someone who died?
  Issue: opening may rely on prior context (spot-check)
  Field: when_to_reach_out
  Severity: WARN

Row c2c77849-c27d-453d-bfe0-d04f5ae59fac — How do I deal with a toxic work environment?
  Field: what_can_help
  Issue: opening may rely on prior context (spot-check)
  Issue: opening may rely on prior context (spot-check)
  Severity: WARN

Row c2c77849-c27d-453d-bfe0-d04f5ae59fac — How do I deal with a toxic work environment?
  Field: when_to_reach_out
  Severity: WARN

Row c2c77849-c27d-453d-bfe0-d04f5ae59fac — How do I deal with a toxic work environment?
  Field: what_can_help
  Issue: opening may rely on prior context (spot-check)
  Issue: opening may rely on prior context (spot-check)
  Severity: WARN

  Severity: WARN

Row c2c77849-c27d-453d-bfe0-d04f5ae59fac — How do I deal with a toxic work environment?
  Field: when_to_reach_out
Row c32884a5-009f-4fb0-9a8e-4e7daf234901 — How do I stop feeling like I'm a disappointment to myself?
  Field: primary_term
  Issue: does not clearly match condition in question
  Severity: WARN
  Issue: opening may rely on prior context (spot-check)
  Severity: WARN


Row c356d169-2775-439e-9c26-492b58349476 — What should I do if my child says an AI is their best frien…
  Field: what_can_help
  Issue: opening may rely on prior context (spot-check)
Row c32884a5-009f-4fb0-9a8e-4e7daf234901 — How do I stop feeling like I'm a disappointment to myself?
  Field: primary_term
  Issue: does not clearly match condition in question
  Severity: WARN
  Severity: WARN

Row c356d169-2775-439e-9c26-492b58349476 — What should I do if my child says an AI is their best frien…

Row c356d169-2775-439e-9c26-492b58349476 — What should I do if my child says an AI is their best frien…
  Field: what_can_help
  Issue: opening may rely on prior context (spot-check)
  Field: when_to_reach_out
  Issue: opening may rely on prior context (spot-check)
  Severity: WARN

  Severity: WARN

Row c356d169-2775-439e-9c26-492b58349476 — What should I do if my child says an AI is their best frien…
Row c361736d-bcd3-43a9-a54e-5158ae1a99af — How do I set boundaries with family members?
  Field: when_to_reach_out
  Issue: opening may rely on prior context (spot-check)
  Severity: WARN
  Field: when_to_reach_out
  Issue: opening may rely on prior context (spot-check)
  Severity: WARN


Row c3813252-974b-4337-8843-c9dba7688030 — How do I stop feeling like I need to fix everyone's problem…
  Field: what_can_help
Row c361736d-bcd3-43a9-a54e-5158ae1a99af — How do I set boundaries with family members?
  Field: when_to_reach_out
  Issue: opening may rely on prior context (spot-check)
  Severity: WARN
  Issue: opening may rely on prior context (spot-check)
  Severity: WARN

Row c3ec6df3-274b-4521-b071-49e38a86f603 — How do I stop feeling like I'm not living up to my own expe…

Row c3813252-974b-4337-8843-c9dba7688030 — How do I stop feeling like I need to fix everyone's problem…
  Field: what_can_help
  Field: primary_term
  Issue: does not clearly match condition in question
  Severity: WARN
  Issue: opening may rely on prior context (spot-check)
  Severity: WARN

Row c3ec6df3-274b-4521-b071-49e38a86f603 — How do I stop feeling like I'm not living up to my own expe…

Row c3ec6df3-274b-4521-b071-49e38a86f603 — How do I stop feeling like I'm not living up to my own expe…
  Field: what_can_help
  Issue: opening may rely on prior context (spot-check)
  Field: primary_term
  Issue: does not clearly match condition in question
  Severity: WARN
  Severity: WARN


Row c3ec6df3-274b-4521-b071-49e38a86f603 — How do I stop feeling like I'm not living up to my own expe…
  Field: what_can_help
  Issue: opening may rely on prior context (spot-check)
Row c3ec6df3-274b-4521-b071-49e38a86f603 — How do I stop feeling like I'm not living up to my own expe…
  Field: when_to_reach_out
  Severity: WARN

  Issue: opening may rely on prior context (spot-check)
  Severity: WARN

Row c4206d54-affa-4744-9867-470d7dc5b187 — Can I recover without going to meetings?
Row c3ec6df3-274b-4521-b071-49e38a86f603 — How do I stop feeling like I'm not living up to my own expe…
  Field: when_to_reach_out
  Field: what_can_help
  Issue: opening may rely on prior context (spot-check)
  Severity: WARN

  Issue: opening may rely on prior context (spot-check)
  Severity: WARN

Row c4206d54-affa-4744-9867-470d7dc5b187 — Can I recover without going to meetings?
Row c4206d54-affa-4744-9867-470d7dc5b187 — Can I recover without going to meetings?
  Field: when_to_reach_out
  Issue: opening may rely on prior context (spot-check)
  Severity: WARN
  Field: what_can_help
  Issue: opening may rely on prior context (spot-check)
  Severity: WARN


Row c42669d0-8cdf-485f-ae1f-c082d8fb4092 — How do I find meaning after leaving organized religion?
  Field: what_can_help
  Issue: opening may rely on prior context (spot-check)
Row c4206d54-affa-4744-9867-470d7dc5b187 — Can I recover without going to meetings?
  Field: when_to_reach_out
  Issue: opening may rely on prior context (spot-check)
  Severity: WARN
  Severity: WARN

Row c42669d0-8cdf-485f-ae1f-c082d8fb4092 — How do I find meaning after leaving organized religion?
  Field: when_to_reach_out

Row c42669d0-8cdf-485f-ae1f-c082d8fb4092 — How do I find meaning after leaving organized religion?
  Field: what_can_help
  Issue: opening may rely on prior context (spot-check)
  Issue: opening may rely on prior context (spot-check)
  Severity: WARN

Row c43f4493-2b95-4d60-8a89-7e3b84aa9baf — How do I deal with feeling like I'm too much for people?
  Severity: WARN

Row c42669d0-8cdf-485f-ae1f-c082d8fb4092 — How do I find meaning after leaving organized religion?
  Field: when_to_reach_out
  Field: what_can_help
  Issue: opening may rely on prior context (spot-check)
  Severity: WARN

  Issue: opening may rely on prior context (spot-check)
  Severity: WARN

Row c43f4493-2b95-4d60-8a89-7e3b84aa9baf — How do I deal with feeling like I'm too much for people?
Row c43f4493-2b95-4d60-8a89-7e3b84aa9baf — How do I deal with feeling like I'm too much for people?
  Field: when_to_reach_out
  Issue: opening may rely on prior context (spot-check)
  Severity: WARN
  Field: what_can_help
  Issue: opening may rely on prior context (spot-check)
  Severity: WARN


Row c48200a3-c52d-4d88-b97a-fd7cb5d246ef — How do I deal with feeling like I'm not contributing anythi…
  Field: what_can_help
  Issue: opening may rely on prior context (spot-check)
Row c43f4493-2b95-4d60-8a89-7e3b84aa9baf — How do I deal with feeling like I'm too much for people?
  Field: when_to_reach_out
  Issue: opening may rely on prior context (spot-check)
  Severity: WARN
  Severity: WARN

Row c48200a3-c52d-4d88-b97a-fd7cb5d246ef — How do I deal with feeling like I'm not contributing anythi…
  Field: when_to_reach_out
  Issue: opening may rely on prior context (spot-check)

Row c48200a3-c52d-4d88-b97a-fd7cb5d246ef — How do I deal with feeling like I'm not contributing anythi…
  Field: what_can_help
  Issue: opening may rely on prior context (spot-check)
  Severity: WARN

Row c503e667-aae4-415d-b1a5-ae55dfa2959b — Why do I feel like I don't know who I am anymore?
  Field: primary_term
  Severity: WARN

Row c48200a3-c52d-4d88-b97a-fd7cb5d246ef — How do I deal with feeling like I'm not contributing anythi…
  Field: when_to_reach_out
  Issue: opening may rely on prior context (spot-check)
  Issue: does not clearly match condition in question
  Severity: WARN

Row c503e667-aae4-415d-b1a5-ae55dfa2959b — Why do I feel like I don't know who I am anymore?
  Field: when_to_reach_out
  Severity: WARN

Row c503e667-aae4-415d-b1a5-ae55dfa2959b — Why do I feel like I don't know who I am anymore?
  Field: primary_term
  Issue: opening may rely on prior context (spot-check)
  Severity: WARN

  Issue: does not clearly match condition in question
  Severity: WARN

Row c503e667-aae4-415d-b1a5-ae55dfa2959b — Why do I feel like I don't know who I am anymore?
  Field: when_to_reach_out
Row c503e667-aae4-415d-b1a5-ae55dfa2959b — Why do I feel like I don't know who I am anymore?
  Field: word_count
  Issue: opening may rely on prior context (spot-check)
  Severity: WARN

  Issue: combined body 590 words (target 350–550)
  Severity: WARN

Row c5fbb039-ab90-4e00-98d4-04c3369964a3 — What's the difference between sadness and grief?
Row c503e667-aae4-415d-b1a5-ae55dfa2959b — Why do I feel like I don't know who I am anymore?
  Field: word_count
  Field: word_count
  Issue: combined body 596 words (target 350–550)
  Severity: WARN

  Issue: combined body 590 words (target 350–550)
  Severity: WARN

Row c5fbb039-ab90-4e00-98d4-04c3369964a3 — What's the difference between sadness and grief?
Row c60201a6-38f1-454a-b64a-460d8e7e2c34 — How can I develop a stronger sense of identity?
  Field: what_can_help
  Issue: opening may rely on prior context (spot-check)
  Severity: WARN
  Field: word_count
  Issue: combined body 596 words (target 350–550)
  Severity: WARN


Row c60201a6-38f1-454a-b64a-460d8e7e2c34 — How can I develop a stronger sense of identity?
  Field: when_to_reach_out
  Issue: opening may rely on prior context (spot-check)
Row c60201a6-38f1-454a-b64a-460d8e7e2c34 — How can I develop a stronger sense of identity?
  Field: what_can_help
  Issue: opening may rely on prior context (spot-check)
  Severity: WARN
  Severity: WARN

Row c60a8c48-4bcf-46c0-be54-f494788351cd — How do I find motivation when I'm depressed?
  Field: primary_term

Row c60201a6-38f1-454a-b64a-460d8e7e2c34 — How can I develop a stronger sense of identity?
  Field: when_to_reach_out
  Issue: opening may rely on prior context (spot-check)
  Issue: does not clearly match condition in question
  Severity: WARN

Row c66be1dd-7903-4260-b29f-bc63ee0f206c — What does it mean to grieve a relationship that never happe…
  Severity: WARN

Row c60a8c48-4bcf-46c0-be54-f494788351cd — How do I find motivation when I'm depressed?
  Field: primary_term
  Field: primary_term
  Issue: does not clearly match condition in question
  Severity: WARN

  Issue: does not clearly match condition in question
  Severity: WARN

Row c66be1dd-7903-4260-b29f-bc63ee0f206c — What does it mean to grieve a relationship that never happe…
Row c66be1dd-7903-4260-b29f-bc63ee0f206c — What does it mean to grieve a relationship that never happe…
  Field: what_can_help
  Issue: opening may rely on prior context (spot-check)
  Severity: WARN
  Field: primary_term
  Issue: does not clearly match condition in question
  Severity: WARN


Row c66be1dd-7903-4260-b29f-bc63ee0f206c — What does it mean to grieve a relationship that never happe…
  Field: when_to_reach_out
  Issue: opening may rely on prior context (spot-check)
Row c66be1dd-7903-4260-b29f-bc63ee0f206c — What does it mean to grieve a relationship that never happe…
  Field: what_can_help
  Issue: opening may rely on prior context (spot-check)
  Severity: WARN
  Severity: WARN

Row c71ad11e-a1d0-458d-9733-94d6acc1a38f — How do I know if my relationship is emotionally healthy?
  Field: what_can_help

Row c66be1dd-7903-4260-b29f-bc63ee0f206c — What does it mean to grieve a relationship that never happe…
  Field: when_to_reach_out
  Issue: opening may rely on prior context (spot-check)
  Issue: opening may rely on prior context (spot-check)
  Severity: WARN

Row c71ad11e-a1d0-458d-9733-94d6acc1a38f — How do I know if my relationship is emotionally healthy?
  Field: when_to_reach_out
  Issue: opening may rely on prior context (spot-check)
  Severity: WARN

Row c71ad11e-a1d0-458d-9733-94d6acc1a38f — How do I know if my relationship is emotionally healthy?
  Field: what_can_help
  Issue: opening may rely on prior context (spot-check)
  Severity: WARN

Row c71ad11e-a1d0-458d-9733-94d6acc1a38f — How do I know if my relationship is emotionally healthy?
  Field: when_to_reach_out
  Issue: opening may rely on prior context (spot-check)
  Severity: WARN

Row c7263b4f-98af-412d-9d7b-253f29096e5b — What if I relapse during recovery?
  Field: when_to_reach_out
  Issue: opening may rely on prior context (spot-check)
  Severity: WARN

Row c7263b4f-98af-412d-9d7b-253f29096e5b — What if I relapse during recovery?
  Field: word_count
  Severity: WARN

Row c7263b4f-98af-412d-9d7b-253f29096e5b — What if I relapse during recovery?
  Field: when_to_reach_out
  Issue: opening may rely on prior context (spot-check)
  Severity: WARN

Row c7263b4f-98af-412d-9d7b-253f29096e5b — What if I relapse during recovery?
  Issue: combined body 597 words (target 350–550)
  Field: word_count
  Issue: combined body 597 words (target 350–550)
  Severity: WARN

Row c7263b4f-98af-412d-9d7b-253f29096e5b — What if I relapse during recovery?
  Field: key_takeaways[4]
  Issue: 36 words (target 15–35)
  Severity: WARN

  Severity: WARN

Row c7263b4f-98af-412d-9d7b-253f29096e5b — What if I relapse during recovery?
  Field: key_takeaways[4]
  Issue: 36 words (target 15–35)
  Severity: WARN

Row c7a05a48-4ece-455a-b30c-1497810b9590 — What should I do if I'm struggling financially because of m…
  Field: when_to_reach_out
  Issue: opening may rely on prior context (spot-check)
  Severity: WARN

Row c7b87d8a-c07f-4ad3-9713-f40427209638 — What should I do if my child doesn't want to visit their ot…
  Field: what_can_help
Row c7a05a48-4ece-455a-b30c-1497810b9590 — What should I do if I'm struggling financially because of m…
  Field: when_to_reach_out
  Issue: opening may rely on prior context (spot-check)
  Severity: WARN

Row c7b87d8a-c07f-4ad3-9713-f40427209638 — What should I do if my child doesn't want to visit their ot…
  Issue: opening may rely on prior context (spot-check)
  Field: what_can_help
  Issue: opening may rely on prior context (spot-check)
  Severity: WARN
  Severity: WARN

Row c7b87d8a-c07f-4ad3-9713-f40427209638 — What should I do if my child doesn't want to visit their ot…
  Field: when_to_reach_out
  Issue: opening may rely on prior context (spot-check)
  Severity: WARN


Row c7b87d8a-c07f-4ad3-9713-f40427209638 — What should I do if my child doesn't want to visit their ot…
  Field: when_to_reach_out
  Issue: opening may rely on prior context (spot-check)
  Severity: WARN
Row c7c9790d-dc28-4419-8b71-c1d9f592756f — How do I cope with depression when I have a chronic illness?

  Field: when_to_reach_out
  Issue: opening may rely on prior context (spot-check)
  Severity: WARN
Row c7c9790d-dc28-4419-8b71-c1d9f592756f — How do I cope with depression when I have a chronic illness?

  Field: when_to_reach_out
  Issue: opening may rely on prior context (spot-check)
  Severity: WARN
Row c7e683e2-b239-4277-94b5-622280fe2cca — Why do my partner and I have the same fight over and over?

  Field: primary_term
  Issue: does not clearly match condition in question
Row c7e683e2-b239-4277-94b5-622280fe2cca — Why do my partner and I have the same fight over and over?
  Severity: WARN
  Field: primary_term
  Issue: does not clearly match condition in question

  Severity: WARN
Row c7f2fbc8-c97f-40c1-99e3-174f071660e3 — How do I know when it's time to end a relationship?

Row c7f2fbc8-c97f-40c1-99e3-174f071660e3 — How do I know when it's time to end a relationship?
  Field: what_can_help
  Issue: opening may rely on prior context (spot-check)
  Severity: WARN

Row c7f2fbc8-c97f-40c1-99e3-174f071660e3 — How do I know when it's time to end a relationship?
  Field: what_can_help
  Issue: opening may rely on prior context (spot-check)
  Severity: WARN
  Field: when_to_reach_out
  Issue: opening may rely on prior context (spot-check)

Row c7f2fbc8-c97f-40c1-99e3-174f071660e3 — How do I know when it's time to end a relationship?
  Severity: WARN

  Field: when_to_reach_out
  Issue: opening may rely on prior context (spot-check)
Row c80827a7-f786-4c02-9a47-7910da1f3386 — Why do I feel guilty for moving on after someone died?
  Field: what_can_help
  Severity: WARN

  Issue: opening may rely on prior context (spot-check)
Row c80827a7-f786-4c02-9a47-7910da1f3386 — Why do I feel guilty for moving on after someone died?
  Field: what_can_help
  Issue: opening may rely on prior context (spot-check)
  Severity: WARN

Row c83d519f-f9f6-4b03-99b1-7cdbab79797c — How do I stop feeling responsible for everyone else's emoti…
  Field: primary_term
  Issue: does not clearly match condition in question
  Severity: WARN

  Severity: WARN

Row c83d519f-f9f6-4b03-99b1-7cdbab79797c — How do I stop feeling responsible for everyone else's emoti…
  Field: primary_term
  Issue: does not clearly match condition in question
Row c83d519f-f9f6-4b03-99b1-7cdbab79797c — How do I stop feeling responsible for everyone else's emoti…
  Severity: WARN

  Field: what_can_help
  Issue: opening may rely on prior context (spot-check)
  Severity: WARN

Row c83d519f-f9f6-4b03-99b1-7cdbab79797c — How do I stop feeling responsible for everyone else's emoti…
  Field: when_to_reach_out
Row c83d519f-f9f6-4b03-99b1-7cdbab79797c — How do I stop feeling responsible for everyone else's emoti…
  Issue: opening may rely on prior context (spot-check)
  Severity: WARN

Row c87130b8-a968-4a87-9100-6af20b5e90e1 — How do cultural attitudes affect depression treatment?
  Field: what_can_help
  Issue: opening may rely on prior context (spot-check)
  Severity: WARN

Row c83d519f-f9f6-4b03-99b1-7cdbab79797c — How do I stop feeling responsible for everyone else's emoti…
  Field: when_to_reach_out
  Field: what_can_help
  Issue: opening may rely on prior context (spot-check)
  Severity: WARN
  Issue: opening may rely on prior context (spot-check)
  Severity: WARN

Row c87130b8-a968-4a87-9100-6af20b5e90e1 — How do cultural attitudes affect depression treatment?

Row c87130b8-a968-4a87-9100-6af20b5e90e1 — How do cultural attitudes affect depression treatment?
  Field: when_to_reach_out
  Issue: opening may rely on prior context (spot-check)
  Field: what_can_help
  Issue: opening may rely on prior context (spot-check)
  Severity: WARN
  Severity: WARN

Row c877210e-fc2d-4a04-b17d-ba389f975288 — What is compassion fatigue and how do I prevent it in a hel…
  Field: when_to_reach_out

Row c87130b8-a968-4a87-9100-6af20b5e90e1 — How do cultural attitudes affect depression treatment?
  Field: when_to_reach_out
  Issue: opening may rely on prior context (spot-check)
  Issue: opening may rely on prior context (spot-check)
  Severity: WARN

  Severity: WARN

Row c877210e-fc2d-4a04-b17d-ba389f975288 — What is compassion fatigue and how do I prevent it in a hel…
  Field: when_to_reach_out
Row c8857b5a-4185-47d2-bbca-51b8bbcf51bf — Why does my chest feel tight when I'm anxious?
  Field: when_to_reach_out
  Issue: opening may rely on prior context (spot-check)
  Severity: WARN

  Issue: opening may rely on prior context (spot-check)
  Severity: WARN

Row c8f17807-608e-4830-9a81-4743b4b9a7f5 — How does meditation help with anxiety?
  Field: what_can_help
  Issue: opening may rely on prior context (spot-check)
  Severity: WARN
Row c8857b5a-4185-47d2-bbca-51b8bbcf51bf — Why does my chest feel tight when I'm anxious?
  Field: when_to_reach_out
  Issue: opening may rely on prior context (spot-check)
  Severity: WARN


Row c8f17807-608e-4830-9a81-4743b4b9a7f5 — How does meditation help with anxiety?
  Field: when_to_reach_out
  Issue: opening may rely on prior context (spot-check)
Row c8f17807-608e-4830-9a81-4743b4b9a7f5 — How does meditation help with anxiety?
  Field: what_can_help
  Issue: opening may rely on prior context (spot-check)
  Severity: WARN
  Severity: WARN


Row c8f17807-608e-4830-9a81-4743b4b9a7f5 — How does meditation help with anxiety?
  Field: when_to_reach_out
  Issue: opening may rely on prior context (spot-check)
Row c8f17807-608e-4830-9a81-4743b4b9a7f5 — How does meditation help with anxiety?
  Field: word_count
  Severity: WARN

  Issue: combined body 595 words (target 350–550)
  Severity: WARN

Row c9146266-93c9-4c03-a25c-bf6a10c86bb2 — Why do I feel like I'm losing my cultural traditions?
Row c8f17807-608e-4830-9a81-4743b4b9a7f5 — How does meditation help with anxiety?
  Field: word_count
  Field: what_can_help
  Issue: opening may rely on prior context (spot-check)
  Severity: WARN

  Issue: combined body 595 words (target 350–550)
  Severity: WARN

Row c9146266-93c9-4c03-a25c-bf6a10c86bb2 — Why do I feel like I'm losing my cultural traditions?
Row c9146266-93c9-4c03-a25c-bf6a10c86bb2 — Why do I feel like I'm losing my cultural traditions?
  Field: word_count
  Issue: combined body 595 words (target 350–550)
  Severity: WARN

  Field: what_can_help
  Issue: opening may rely on prior context (spot-check)
  Severity: WARN

Row c9f9a331-242e-4eb1-8e49-cb1fa437a963 — How do I deal with feeling misunderstood by everyone?
  Field: what_can_help
  Issue: opening may rely on prior context (spot-check)
Row c9146266-93c9-4c03-a25c-bf6a10c86bb2 — Why do I feel like I'm losing my cultural traditions?
  Field: word_count
  Issue: combined body 595 words (target 350–550)
  Severity: WARN

  Severity: WARN

Row ca2519e1-3add-42b3-9292-0fd9d148088b — How do I prepare for my first psychedelic therapy session?
  Field: what_can_help
Row c9f9a331-242e-4eb1-8e49-cb1fa437a963 — How do I deal with feeling misunderstood by everyone?
  Field: what_can_help
  Issue: opening may rely on prior context (spot-check)
  Issue: opening may rely on prior context (spot-check)
  Severity: WARN

Row ca3333c7-13ed-495f-8aaf-bb0571649e09 — How do I tell my family I'm going to treatment?
  Severity: WARN

Row ca2519e1-3add-42b3-9292-0fd9d148088b — How do I prepare for my first psychedelic therapy session?
  Field: what_can_help
  Field: what_can_help
  Issue: opening may rely on prior context (spot-check)
  Severity: WARN

  Issue: opening may rely on prior context (spot-check)
  Severity: WARN

Row ca3333c7-13ed-495f-8aaf-bb0571649e09 — How do I tell my family I'm going to treatment?
Row ca3333c7-13ed-495f-8aaf-bb0571649e09 — How do I tell my family I'm going to treatment?
  Field: when_to_reach_out
  Issue: opening may rely on prior context (spot-check)
  Severity: WARN
  Field: what_can_help
  Issue: opening may rely on prior context (spot-check)
  Severity: WARN


Row cace00d0-f592-4f5c-bda8-51de7baf3daf — How do I stop feeling like I'm not worthy of good things?
  Field: primary_term
  Issue: does not clearly match condition in question
Row ca3333c7-13ed-495f-8aaf-bb0571649e09 — How do I tell my family I'm going to treatment?
  Field: when_to_reach_out
  Issue: opening may rely on prior context (spot-check)
  Severity: WARN
  Severity: WARN

Row cace00d0-f592-4f5c-bda8-51de7baf3daf — How do I stop feeling like I'm not worthy of good things?
  Field: what_can_help

Row cace00d0-f592-4f5c-bda8-51de7baf3daf — How do I stop feeling like I'm not worthy of good things?
  Field: primary_term
  Issue: does not clearly match condition in question
  Issue: opening may rely on prior context (spot-check)
  Severity: WARN

Row cb473940-d144-4b3f-acee-df5032d4a776 — Why do I feel like I need everyone to like me?
  Severity: WARN

Row cace00d0-f592-4f5c-bda8-51de7baf3daf — How do I stop feeling like I'm not worthy of good things?
  Field: what_can_help
  Field: what_can_help
  Issue: opening may rely on prior context (spot-check)
  Severity: WARN

Row cb473940-d144-4b3f-acee-df5032d4a776 — Why do I feel like I need everyone to like me?
  Issue: opening may rely on prior context (spot-check)
  Severity: WARN

Row cb473940-d144-4b3f-acee-df5032d4a776 — Why do I feel like I need everyone to like me?
  Field: when_to_reach_out
  Issue: opening may rely on prior context (spot-check)
  Severity: WARN

Row cb4ff5ea-12ea-469c-89eb-5e72debeffed — Why do I feel like I'm always one step behind everyone else?
  Field: what_can_help
  Issue: opening may rely on prior context (spot-check)
  Severity: WARN

Row cb473940-d144-4b3f-acee-df5032d4a776 — Why do I feel like I need everyone to like me?
  Field: what_can_help
  Issue: opening may rely on prior context (spot-check)
  Severity: WARN

  Field: when_to_reach_out
  Issue: opening may rely on prior context (spot-check)
  Severity: WARN

Row cb4ff5ea-12ea-469c-89eb-5e72debeffed — Why do I feel like I'm always one step behind everyone else?
Row cb4ff5ea-12ea-469c-89eb-5e72debeffed — Why do I feel like I'm always one step behind everyone else?
  Field: when_to_reach_out
  Issue: opening may rely on prior context (spot-check)
  Severity: WARN
  Field: what_can_help
  Issue: opening may rely on prior context (spot-check)
  Severity: WARN


Row cc57e7e9-5d4d-41c0-a8f8-7b24768b0db0 — How do I stop my mind from racing when I try to sleep?
  Field: what_can_help
  Issue: opening may rely on prior context (spot-check)
Row cb4ff5ea-12ea-469c-89eb-5e72debeffed — Why do I feel like I'm always one step behind everyone else?
  Field: when_to_reach_out
  Issue: opening may rely on prior context (spot-check)
  Severity: WARN
  Severity: WARN

Row cc57e7e9-5d4d-41c0-a8f8-7b24768b0db0 — How do I stop my mind from racing when I try to sleep?
  Field: when_to_reach_out

Row cc57e7e9-5d4d-41c0-a8f8-7b24768b0db0 — How do I stop my mind from racing when I try to sleep?
  Field: what_can_help
  Issue: opening may rely on prior context (spot-check)
  Issue: opening may rely on prior context (spot-check)
  Severity: WARN

Row cc9c7b10-1d2c-4844-84b2-38b78637a90c — How do I know if I'm ready to reduce my social media use?
  Field: when_to_reach_out
  Severity: WARN

Row cc57e7e9-5d4d-41c0-a8f8-7b24768b0db0 — How do I stop my mind from racing when I try to sleep?
  Field: when_to_reach_out
  Issue: opening may rely on prior context (spot-check)
  Severity: WARN

  Issue: opening may rely on prior context (spot-check)
  Severity: WARN

Row cc9c7b10-1d2c-4844-84b2-38b78637a90c — How do I know if I'm ready to reduce my social media use?
  Field: when_to_reach_out
Row cc9c7b10-1d2c-4844-84b2-38b78637a90c — How do I know if I'm ready to reduce my social media use?
  Field: word_count
  Issue: combined body 551 words (target 350–550)
  Severity: WARN

  Issue: opening may rely on prior context (spot-check)
  Severity: WARN

Row ccb7cc94-ceee-4e34-a4c0-6065b9e96c18 — What if my partner doesn't want to have sex as much as I do?
  Field: primary_term
  Issue: does not clearly match condition in question
  Severity: WARN
Row cc9c7b10-1d2c-4844-84b2-38b78637a90c — How do I know if I'm ready to reduce my social media use?
  Field: word_count
  Issue: combined body 551 words (target 350–550)
  Severity: WARN


Row ccb7cc94-ceee-4e34-a4c0-6065b9e96c18 — What if my partner doesn't want to have sex as much as I do?
  Field: word_count
  Issue: combined body 561 words (target 350–550)
Row ccb7cc94-ceee-4e34-a4c0-6065b9e96c18 — What if my partner doesn't want to have sex as much as I do?
  Field: primary_term
  Issue: does not clearly match condition in question
  Severity: WARN
  Severity: WARN

Row ccc6c5f0-647c-4673-8c6b-0140296b43ab — Why do I attract people who want to 'fix' me?
  Field: primary_term

Row ccb7cc94-ceee-4e34-a4c0-6065b9e96c18 — What if my partner doesn't want to have sex as much as I do?
  Field: word_count
  Issue: combined body 561 words (target 350–550)
  Issue: does not clearly match condition in question
  Severity: WARN

Row ccc6c5f0-647c-4673-8c6b-0140296b43ab — Why do I attract people who want to 'fix' me?
  Severity: WARN

Row ccc6c5f0-647c-4673-8c6b-0140296b43ab — Why do I attract people who want to 'fix' me?
  Field: primary_term
  Field: when_to_reach_out
  Issue: opening may rely on prior context (spot-check)
  Severity: WARN

Row ccd0a267-9892-4fa6-b4df-1bbaa4f30ad0 — Is it normal to feel jealous of people who seem financially…
  Field: when_to_reach_out
  Issue: opening may rely on prior context (spot-check)
  Issue: does not clearly match condition in question
  Severity: WARN

Row ccc6c5f0-647c-4673-8c6b-0140296b43ab — Why do I attract people who want to 'fix' me?
  Severity: WARN

Row ccd79c2b-82b0-4015-aa49-4c13ea20c5fa — How do I motivate myself when everything feels pointless?
  Field: when_to_reach_out
  Issue: opening may rely on prior context (spot-check)
  Severity: WARN

Row ccd0a267-9892-4fa6-b4df-1bbaa4f30ad0 — Is it normal to feel jealous of people who seem financially…
  Field: when_to_reach_out
  Issue: opening may rely on prior context (spot-check)
  Field: primary_term
  Issue: does not clearly match condition in question
  Severity: WARN

Row ccdac678-7d36-42cf-bc7a-5974bd3eb04f — How do I deal with feeling like I'm failing as a parent?
  Severity: WARN

Row ccd79c2b-82b0-4015-aa49-4c13ea20c5fa — How do I motivate myself when everything feels pointless?
  Field: primary_term
  Issue: does not clearly match condition in question
  Severity: WARN

  Field: primary_term
  Issue: does not clearly match condition in question
  Severity: WARN

Row ccdac678-7d36-42cf-bc7a-5974bd3eb04f — How do I deal with feeling like I'm failing as a parent?
Row ccdac678-7d36-42cf-bc7a-5974bd3eb04f — How do I deal with feeling like I'm failing as a parent?
  Field: when_to_reach_out
  Issue: opening may rely on prior context (spot-check)
  Field: primary_term
  Issue: does not clearly match condition in question
  Severity: WARN

  Severity: WARN

Row cdab3232-53a3-4469-90fc-3fef546b5966 — How long should it take me to get over a breakup?
  Field: what_can_help
  Issue: opening may rely on prior context (spot-check)
Row ccdac678-7d36-42cf-bc7a-5974bd3eb04f — How do I deal with feeling like I'm failing as a parent?
  Field: when_to_reach_out
  Issue: opening may rely on prior context (spot-check)
  Severity: WARN

Row cdab3232-53a3-4469-90fc-3fef546b5966 — How long should it take me to get over a breakup?
  Field: when_to_reach_out
  Severity: WARN

Row cdab3232-53a3-4469-90fc-3fef546b5966 — How long should it take me to get over a breakup?
  Field: what_can_help
  Issue: opening may rely on prior context (spot-check)
  Issue: opening may rely on prior context (spot-check)
  Severity: WARN

Row cdac1b65-24d2-498d-89d9-775b8b0ed710 — How do I stop bringing work stress home?
  Field: what_can_help
  Issue: opening may rely on prior context (spot-check)
  Severity: WARN

  Severity: WARN

Row cdab3232-53a3-4469-90fc-3fef546b5966 — How long should it take me to get over a breakup?
  Field: when_to_reach_out
  Issue: opening may rely on prior context (spot-check)
  Severity: WARN

Row cdac1b65-24d2-498d-89d9-775b8b0ed710 — How do I stop bringing work stress home?
  Field: what_can_help
  Issue: opening may rely on prior context (spot-check)
  Severity: WARN

Row cdac1b65-24d2-498d-89d9-775b8b0ed710 — How do I stop bringing work stress home?
  Field: word_count
  Issue: combined body 592 words (target 350–550)
  Severity: WARN

Row cdac1b65-24d2-498d-89d9-775b8b0ed710 — How do I stop bringing work stress home?
  Field: word_count
  Issue: combined body 592 words (target 350–550)
  Severity: WARN
Row cdfc1817-7c3f-41fa-a742-8ea171c5c131 — Why does depression come back after I start feeling better?

  Field: when_to_reach_out
  Issue: opening may rely on prior context (spot-check)
  Severity: WARN
Row cdfc1817-7c3f-41fa-a742-8ea171c5c131 — Why does depression come back after I start feeling better?
  Field: when_to_reach_out
  Issue: opening may rely on prior context (spot-check)
  Severity: WARN

Row cdfc1817-7c3f-41fa-a742-8ea171c5c131 — Why does depression come back after I start feeling better?
  Field: word_count
  Issue: combined body 584 words (target 350–550)
  Severity: WARN

Row cdfc1817-7c3f-41fa-a742-8ea171c5c131 — Why does depression come back after I start feeling better?
  Field: word_count
  Issue: combined body 584 words (target 350–550)

Row ce46404f-e3af-4949-8960-d39275488e95 — How do I prepare for my first therapy session?
  Field: when_to_reach_out
  Issue: opening may rely on prior context (spot-check)
  Severity: WARN
  Severity: WARN

Row ce46404f-e3af-4949-8960-d39275488e95 — How do I prepare for my first therapy session?
  Field: word_count

Row ce46404f-e3af-4949-8960-d39275488e95 — How do I prepare for my first therapy session?
  Field: when_to_reach_out
  Issue: opening may rely on prior context (spot-check)
  Issue: combined body 577 words (target 350–550)
  Severity: WARN

Row ce52dfa3-9838-4bc0-899e-3c20f46b80d0 — How do I help my child who seems depressed?
  Severity: WARN

Row ce46404f-e3af-4949-8960-d39275488e95 — How do I prepare for my first therapy session?
  Field: word_count
  Field: primary_term
  Issue: does not clearly match condition in question
  Severity: WARN

  Issue: combined body 577 words (target 350–550)
  Severity: WARN

Row ce52dfa3-9838-4bc0-899e-3c20f46b80d0 — How do I help my child who seems depressed?
Row ce52dfa3-9838-4bc0-899e-3c20f46b80d0 — How do I help my child who seems depressed?
  Field: when_to_reach_out
  Issue: opening may rely on prior context (spot-check)
  Severity: WARN
  Field: primary_term
  Issue: does not clearly match condition in question
  Severity: WARN


Row ce80d961-e4ab-469a-aff7-2db76e607709 — Why do I feel like I'm behind everyone else my age?
  Field: what_can_help
  Issue: opening may rely on prior context (spot-check)
Row ce52dfa3-9838-4bc0-899e-3c20f46b80d0 — How do I help my child who seems depressed?
  Field: when_to_reach_out
  Issue: opening may rely on prior context (spot-check)
  Severity: WARN
  Severity: WARN

Row ce80d961-e4ab-469a-aff7-2db76e607709 — Why do I feel like I'm behind everyone else my age?
  Field: when_to_reach_out

Row ce80d961-e4ab-469a-aff7-2db76e607709 — Why do I feel like I'm behind everyone else my age?
  Field: what_can_help
  Issue: opening may rely on prior context (spot-check)
  Issue: opening may rely on prior context (spot-check)
  Severity: WARN

Row cf652264-4c0a-4c93-b184-8619ab112077 — How do I know if I'm experiencing spiritual bypassing?
  Severity: WARN

Row ce80d961-e4ab-469a-aff7-2db76e607709 — Why do I feel like I'm behind everyone else my age?
  Field: when_to_reach_out
  Field: when_to_reach_out
  Issue: opening may rely on prior context (spot-check)
  Severity: WARN

  Issue: opening may rely on prior context (spot-check)
  Severity: WARN

Row cf652264-4c0a-4c93-b184-8619ab112077 — How do I know if I'm experiencing spiritual bypassing?
Row cf9ad1bf-2729-4f94-8380-a66606c60e1a — What does it mean to have a spiritual awakening?
  Field: word_count
  Issue: combined body 585 words (target 350–550)
  Severity: WARN
  Field: when_to_reach_out
  Issue: opening may rely on prior context (spot-check)
  Severity: WARN


Row d02373de-47a5-40b2-999b-3a9da9a01da7 — What should I do if my depression medication isn't working …
  Field: what_can_help
  Issue: opening may rely on prior context (spot-check)
Row cf9ad1bf-2729-4f94-8380-a66606c60e1a — What does it mean to have a spiritual awakening?
  Field: word_count
  Issue: combined body 585 words (target 350–550)
  Severity: WARN
  Severity: WARN

Row d02373de-47a5-40b2-999b-3a9da9a01da7 — What should I do if my depression medication isn't working …
  Field: when_to_reach_out

Row d02373de-47a5-40b2-999b-3a9da9a01da7 — What should I do if my depression medication isn't working …
  Field: what_can_help
  Issue: opening may rely on prior context (spot-check)
  Issue: opening may rely on prior context (spot-check)
  Severity: WARN

Row d02373de-47a5-40b2-999b-3a9da9a01da7 — What should I do if my depression medication isn't working …
  Severity: WARN

Row d02373de-47a5-40b2-999b-3a9da9a01da7 — What should I do if my depression medication isn't working …
  Field: when_to_reach_out
  Field: word_count
  Issue: combined body 592 words (target 350–550)
  Severity: WARN

  Issue: opening may rely on prior context (spot-check)
  Severity: WARN

Row d02373de-47a5-40b2-999b-3a9da9a01da7 — What should I do if my depression medication isn't working …
Row d02edc23-3e7f-4c85-9fa8-33c215c42c0f — How do I stop feeling like I need to prove myself constantl…
  Field: what_can_help
  Issue: opening may rely on prior context (spot-check)
  Severity: WARN

  Field: word_count
  Issue: combined body 592 words (target 350–550)
  Severity: WARN

Row d06be9aa-cd61-4295-9120-55adb4514f99 — How do I recognize depression in elderly parents?
  Field: what_can_help
  Issue: opening may rely on prior context (spot-check)
  Severity: WARN
Row d02edc23-3e7f-4c85-9fa8-33c215c42c0f — How do I stop feeling like I need to prove myself constantl…
  Field: what_can_help
  Issue: opening may rely on prior context (spot-check)
  Severity: WARN


Row d06be9aa-cd61-4295-9120-55adb4514f99 — How do I recognize depression in elderly parents?
  Field: when_to_reach_out
  Issue: opening may rely on prior context (spot-check)
Row d06be9aa-cd61-4295-9120-55adb4514f99 — How do I recognize depression in elderly parents?
  Field: what_can_help
  Issue: opening may rely on prior context (spot-check)
  Severity: WARN
  Severity: WARN

Row d0d92fce-629b-450c-a4d8-06c92b3752f4 — What should I do when I feel like I can't handle stress any…
  Field: when_to_reach_out

Row d06be9aa-cd61-4295-9120-55adb4514f99 — How do I recognize depression in elderly parents?
  Field: when_to_reach_out
  Issue: opening may rely on prior context (spot-check)
  Issue: opening may rely on prior context (spot-check)
  Severity: WARN

Row d1b69990-8ff2-4de7-8e09-7ef1e1591377 — How do I handle holidays and family gatherings with an addi…
  Severity: WARN

Row d0d92fce-629b-450c-a4d8-06c92b3752f4 — What should I do when I feel like I can't handle stress any…
  Field: when_to_reach_out
  Field: what_can_help
  Issue: opening may rely on prior context (spot-check)
  Severity: WARN

Row d1b69990-8ff2-4de7-8e09-7ef1e1591377 — How do I handle holidays and family gatherings with an addi…
  Field: when_to_reach_out
  Issue: opening may rely on prior context (spot-check)
  Issue: opening may rely on prior context (spot-check)
  Severity: WARN

Row d1b69990-8ff2-4de7-8e09-7ef1e1591377 — How do I handle holidays and family gatherings with an addi…
  Severity: WARN

Row d1ceae6a-0507-4ad3-a6bd-3441b0669745 — How do I know if I need inpatient treatment for depression?
  Field: what_can_help
  Issue: opening may rely on prior context (spot-check)
  Severity: WARN

  Field: what_can_help
  Issue: opening may rely on prior context (spot-check)
  Severity: WARN

Row d1b69990-8ff2-4de7-8e09-7ef1e1591377 — How do I handle holidays and family gatherings with an addi…
  Field: when_to_reach_out
  Issue: opening may rely on prior context (spot-check)
Row d1ceae6a-0507-4ad3-a6bd-3441b0669745 — How do I know if I need inpatient treatment for depression?
  Field: when_to_reach_out
  Issue: opening may rely on prior context (spot-check)
  Severity: WARN
  Severity: WARN

Row d1ceae6a-0507-4ad3-a6bd-3441b0669745 — How do I know if I need inpatient treatment for depression?
  Field: what_can_help
  Issue: opening may rely on prior context (spot-check)
  Severity: WARN


Row d230f7cd-5e7b-4412-ba93-5fa7ab54d402 — Why do I shut down during intimacy even when I want to be c…
  Field: when_to_reach_out
Row d1ceae6a-0507-4ad3-a6bd-3441b0669745 — How do I know if I need inpatient treatment for depression?
  Field: when_to_reach_out
  Issue: opening may rely on prior context (spot-check)
  Severity: WARN
  Issue: opening may rely on prior context (spot-check)
  Severity: WARN

Row d234fdc7-17c0-4051-8e49-e732473a62c6 — How do I make amends to people I hurt during my addiction?

Row d230f7cd-5e7b-4412-ba93-5fa7ab54d402 — Why do I shut down during intimacy even when I want to be c…
  Field: when_to_reach_out
  Field: when_to_reach_out
  Issue: opening may rely on prior context (spot-check)
  Severity: WARN

Row d35ae8ec-972f-4626-a712-e98a29add495 — How do I rebuild my life after a major loss or trauma?
  Field: what_can_help
  Issue: opening may rely on prior context (spot-check)
  Severity: WARN

Row d35ae8ec-972f-4626-a712-e98a29add495 — How do I rebuild my life after a major loss or trauma?
  Field: when_to_reach_out
  Issue: opening may rely on prior context (spot-check)
  Severity: WARN

Row d39b0457-e383-4e09-a05f-df997d14d518 — Is it unhealthy to prefer talking to AI over friends?
  Field: what_can_help
  Issue: opening may rely on prior context (spot-check)
  Severity: WARN
  Issue: opening may rely on prior context (spot-check)
  Severity: WARN

Row d234fdc7-17c0-4051-8e49-e732473a62c6 — How do I make amends to people I hurt during my addiction?
  Field: when_to_reach_out
  Issue: opening may rely on prior context (spot-check)
  Severity: WARN

Row d35ae8ec-972f-4626-a712-e98a29add495 — How do I rebuild my life after a major loss or trauma?
  Field: what_can_help
  Issue: opening may rely on prior context (spot-check)
  Severity: WARN

Row d35ae8ec-972f-4626-a712-e98a29add495 — How do I rebuild my life after a major loss or trauma?
  Field: when_to_reach_out
  Issue: opening may rely on prior context (spot-check)
  Severity: WARN

Row d39b0457-e383-4e09-a05f-df997d14d518 — Is it unhealthy to prefer talking to AI over friends?
  Field: what_can_help
  Issue: opening may rely on prior context (spot-check)

  Severity: WARN
Row d39b0457-e383-4e09-a05f-df997d14d518 — Is it unhealthy to prefer talking to AI over friends?
  Field: when_to_reach_out

  Issue: opening may rely on prior context (spot-check)
  Severity: WARN
Row d39b0457-e383-4e09-a05f-df997d14d518 — Is it unhealthy to prefer talking to AI over friends?
  Field: when_to_reach_out

  Issue: opening may rely on prior context (spot-check)
  Severity: WARN
Row d3ac45d9-7791-43dd-ad33-5c48cdf62021 — What if I can't afford treatment or therapy?

  Field: what_can_help
  Issue: opening may rely on prior context (spot-check)
  Severity: WARN

Row d3ac45d9-7791-43dd-ad33-5c48cdf62021 — What if I can't afford treatment or therapy?
  Field: when_to_reach_out
  Issue: opening may rely on prior context (spot-check)
  Severity: WARN

Row d46fb0a6-84b9-4abe-9b42-1bb058c3a979 — Why do I feel like I don't deserve love?
Row d3ac45d9-7791-43dd-ad33-5c48cdf62021 — What if I can't afford treatment or therapy?
  Field: what_can_help
  Issue: opening may rely on prior context (spot-check)
  Severity: WARN

Row d3ac45d9-7791-43dd-ad33-5c48cdf62021 — What if I can't afford treatment or therapy?
  Field: when_to_reach_out
  Issue: opening may rely on prior context (spot-check)
  Severity: WARN

Row d46fb0a6-84b9-4abe-9b42-1bb058c3a979 — Why do I feel like I don't deserve love?
  Field: what_can_help
  Issue: opening may rely on prior context (spot-check)
  Severity: WARN

Row d46fb0a6-84b9-4abe-9b42-1bb058c3a979 — Why do I feel like I don't deserve love?
  Field: when_to_reach_out
  Issue: opening may rely on prior context (spot-check)
  Severity: WARN

Row d500c52c-2757-4656-bf67-321de790b930 — How do I deal with feeling like my life has no purpose?
  Field: what_can_help
  Issue: opening may rely on prior context (spot-check)
  Severity: WARN

Row d46fb0a6-84b9-4abe-9b42-1bb058c3a979 — Why do I feel like I don't deserve love?
  Field: when_to_reach_out
  Issue: opening may rely on prior context (spot-check)
  Severity: WARN

  Field: when_to_reach_out
Row d500c52c-2757-4656-bf67-321de790b930 — How do I deal with feeling like my life has no purpose?
  Issue: opening may rely on prior context (spot-check)
  Severity: WARN
  Field: when_to_reach_out

  Issue: opening may rely on prior context (spot-check)
  Severity: WARN
Row d548a38c-5e54-43fc-806a-3ab9f6268db6 — Why do I feel lost without religious community?

  Field: what_can_help
Row d548a38c-5e54-43fc-806a-3ab9f6268db6 — Why do I feel lost without religious community?
  Field: what_can_help
  Issue: opening may rely on prior context (spot-check)
  Severity: WARN

Row d548a38c-5e54-43fc-806a-3ab9f6268db6 — Why do I feel lost without religious community?
  Field: when_to_reach_out
  Issue: opening may rely on prior context (spot-check)
  Severity: WARN

Row d5ec1afc-5a53-4167-bdfc-c1aa99e61e3e — What if I lose my job because of my addiction?
  Field: primary_term
  Issue: does not clearly match condition in question
  Severity: WARN

Row d5ec1afc-5a53-4167-bdfc-c1aa99e61e3e — What if I lose my job because of my addiction?
  Field: what_can_help
  Issue: opening may rely on prior context (spot-check)
  Severity: WARN

Row d5ec1afc-5a53-4167-bdfc-c1aa99e61e3e — What if I lose my job because of my addiction?
  Field: when_to_reach_out
  Issue: opening may rely on prior context (spot-check)
  Severity: WARN

Row d5ec1afc-5a53-4167-bdfc-c1aa99e61e3e — What if I lose my job because of my addiction?
  Field: word_count
  Issue: opening may rely on prior context (spot-check)
  Severity: WARN

Row d548a38c-5e54-43fc-806a-3ab9f6268db6 — Why do I feel lost without religious community?
  Field: when_to_reach_out
  Issue: opening may rely on prior context (spot-check)
  Severity: WARN

Row d5ec1afc-5a53-4167-bdfc-c1aa99e61e3e — What if I lose my job because of my addiction?
  Field: primary_term
  Issue: does not clearly match condition in question
  Severity: WARN
  Issue: combined body 599 words (target 350–550)
  Severity: WARN

Row d657b4bb-bd7e-41d2-8b1f-efffd46f2ce7 — How do I stay motivated when recovery feels like a daily st…
  Field: what_can_help
  Issue: opening may rely on prior context (spot-check)
  Severity: WARN

Row d657b4bb-bd7e-41d2-8b1f-efffd46f2ce7 — How do I stay motivated when recovery feels like a daily st…
  Field: when_to_reach_out
  Issue: opening may rely on prior context (spot-check)
  Severity: WARN

Row d657b4bb-bd7e-41d2-8b1f-efffd46f2ce7 — How do I stay motivated when recovery feels like a daily st…
  Field: word_count
  Issue: combined body 569 words (target 350–550)
  Severity: WARN

Row d71e60f0-ee8d-4f4c-a9da-d074fdc66430 — Can AI companions reduce loneliness or make it worse?
  Field: what_can_help
  Issue: opening may rely on prior context (spot-check)
  Severity: WARN

Row d71e60f0-ee8d-4f4c-a9da-d074fdc66430 — Can AI companions reduce loneliness or make it worse?

Row d5ec1afc-5a53-4167-bdfc-c1aa99e61e3e — What if I lose my job because of my addiction?
  Field: what_can_help
  Issue: opening may rely on prior context (spot-check)
  Severity: WARN

Row d5ec1afc-5a53-4167-bdfc-c1aa99e61e3e — What if I lose my job because of my addiction?
  Field: when_to_reach_out
  Issue: opening may rely on prior context (spot-check)
  Severity: WARN

Row d5ec1afc-5a53-4167-bdfc-c1aa99e61e3e — What if I lose my job because of my addiction?
  Field: word_count
  Issue: combined body 599 words (target 350–550)
  Severity: WARN

Row d657b4bb-bd7e-41d2-8b1f-efffd46f2ce7 — How do I stay motivated when recovery feels like a daily st…
  Field: what_can_help
  Issue: opening may rely on prior context (spot-check)
  Severity: WARN

Row d657b4bb-bd7e-41d2-8b1f-efffd46f2ce7 — How do I stay motivated when recovery feels like a daily st…
  Field: when_to_reach_out
  Issue: opening may rely on prior context (spot-check)
  Severity: WARN

Row d657b4bb-bd7e-41d2-8b1f-efffd46f2ce7 — How do I stay motivated when recovery feels like a daily st…
  Field: word_count
  Issue: combined body 569 words (target 350–550)
  Severity: WARN

Row d71e60f0-ee8d-4f4c-a9da-d074fdc66430 — Can AI companions reduce loneliness or make it worse?
  Field: what_can_help
  Issue: opening may rely on prior context (spot-check)
  Field: when_to_reach_out
  Severity: WARN

Row d71e60f0-ee8d-4f4c-a9da-d074fdc66430 — Can AI companions reduce loneliness or make it worse?
  Issue: opening may rely on prior context (spot-check)
  Severity: WARN

  Field: when_to_reach_out
  Issue: opening may rely on prior context (spot-check)
  Severity: WARN

Row d7349158-c02f-4995-834e-7775e2ede438 — Why do I need everyone's approval to feel good about myself?
  Field: primary_term
  Issue: does not clearly match condition in question
  Severity: WARN

Row d7349158-c02f-4995-834e-7775e2ede438 — Why do I need everyone's approval to feel good about myself?
  Field: when_to_reach_out
Row d7349158-c02f-4995-834e-7775e2ede438 — Why do I need everyone's approval to feel good about myself?
  Field: primary_term
  Issue: does not clearly match condition in question
  Severity: WARN

Row d7349158-c02f-4995-834e-7775e2ede438 — Why do I need everyone's approval to feel good about myself?
  Field: when_to_reach_out
  Issue: opening may rely on prior context (spot-check)
  Severity: WARN

Row d7d2cd1f-00d8-4c37-83ea-9673b3d79c82 — Can AI therapy apps replace a licensed therapist?
  Field: when_to_reach_out
  Issue: opening may rely on prior context (spot-check)
  Severity: WARN

Row d7d2cd1f-00d8-4c37-83ea-9673b3d79c82 — Can AI therapy apps replace a licensed therapist?
  Field: word_count
  Issue: combined body 579 words (target 350–550)
  Severity: WARN
  Issue: opening may rely on prior context (spot-check)
  Severity: WARN

Row d7d2cd1f-00d8-4c37-83ea-9673b3d79c82 — Can AI therapy apps replace a licensed therapist?
  Field: when_to_reach_out
  Issue: opening may rely on prior context (spot-check)
  Severity: WARN

Row d7d2cd1f-00d8-4c37-83ea-9673b3d79c82 — Can AI therapy apps replace a licensed therapist?
  Field: word_count
  Issue: combined body 579 words (target 350–550)
  Severity: WARN

Row d7d3a419-1483-438f-8334-243d6b6a713f — Why do I feel guilty when I set boundaries with family?
  Field: when_to_reach_out
  Issue: opening may rely on prior context (spot-check)
  Severity: WARN

Row d8962b9f-4d19-4209-bc3e-29325d716fb4 — How do I deal with feeling like I'm too sensitive?
  Field: primary_term
  Issue: does not clearly match condition in question
  Severity: WARN

Row d8962b9f-4d19-4209-bc3e-29325d716fb4 — How do I deal with feeling like I'm too sensitive?
  Field: what_can_help
  Issue: opening may rely on prior context (spot-check)
  Severity: WARN

Row d8962b9f-4d19-4209-bc3e-29325d716fb4 — How do I deal with feeling like I'm too sensitive?

Row d7d3a419-1483-438f-8334-243d6b6a713f — Why do I feel guilty when I set boundaries with family?
  Field: when_to_reach_out
  Issue: opening may rely on prior context (spot-check)
  Severity: WARN

Row d8962b9f-4d19-4209-bc3e-29325d716fb4 — How do I deal with feeling like I'm too sensitive?
  Field: primary_term
  Issue: does not clearly match condition in question
  Severity: WARN

Row d8962b9f-4d19-4209-bc3e-29325d716fb4 — How do I deal with feeling like I'm too sensitive?
  Field: what_can_help
  Issue: opening may rely on prior context (spot-check)
  Severity: WARN

Row d8962b9f-4d19-4209-bc3e-29325d716fb4 — How do I deal with feeling like I'm too sensitive?
  Field: when_to_reach_out
  Issue: opening may rely on prior context (spot-check)
  Severity: WARN

Row d8962b9f-4d19-4209-bc3e-29325d716fb4 — How do I deal with feeling like I'm too sensitive?
  Field: word_count
  Issue: combined body 581 words (target 350–550)
  Severity: WARN

Row d8c4ea75-b7f8-4e22-9c1f-fa6cb5ef230e — Why do I feel empty even when my life looks good on paper?
  Field: primary_term
  Issue: does not clearly match condition in question
  Severity: WARN

Row d8cbc469-69ea-4550-9bf7-8320afb7c69c — Why do I parent the way I was parented even when I swore I …
  Field: primary_term
  Issue: does not clearly match condition in question
  Severity: WARN

Row d8cbc469-69ea-4550-9bf7-8320afb7c69c — Why do I parent the way I was parented even when I swore I …
  Field: when_to_reach_out
  Issue: opening may rely on prior context (spot-check)
  Severity: WARN

Row d955eaa0-906a-4e04-aa20-aad1e344ee98 — How do I help my teen build healthy relationships and recog…
  Field: word_count
  Issue: combined body 585 words (target 350–550)
  Severity: WARN

Row d9955bb0-60ca-4b1e-8341-512740b4cd44 — What should I do if I think my child has anxiety?
  Field: what_can_help
  Issue: opening may rely on prior context (spot-check)
  Severity: WARN

Row d9955bb0-60ca-4b1e-8341-512740b4cd44 — What should I do if I think my child has anxiety?
  Field: when_to_reach_out
  Issue: opening may rely on prior context (spot-check)
  Severity: WARN

Row d8962b9f-4d19-4209-bc3e-29325d716fb4 — How do I deal with feeling like I'm too sensitive?
  Field: word_count
  Issue: combined body 581 words (target 350–550)
  Severity: WARN

Row d8c4ea75-b7f8-4e22-9c1f-fa6cb5ef230e — Why do I feel empty even when my life looks good on paper?
  Field: primary_term
  Issue: does not clearly match condition in question
  Severity: WARN

Row d8cbc469-69ea-4550-9bf7-8320afb7c69c — Why do I parent the way I was parented even when I swore I …
  Field: primary_term
  Issue: does not clearly match condition in question
  Severity: WARN

Row d8cbc469-69ea-4550-9bf7-8320afb7c69c — Why do I parent the way I was parented even when I swore I …
  Field: when_to_reach_out
  Issue: opening may rely on prior context (spot-check)
  Severity: WARN

Row d955eaa0-906a-4e04-aa20-aad1e344ee98 — How do I help my teen build healthy relationships and recog…
  Field: word_count
  Issue: combined body 585 words (target 350–550)
  Severity: WARN

Row d9955bb0-60ca-4b1e-8341-512740b4cd44 — What should I do if I think my child has anxiety?
  Field: what_can_help
  Issue: opening may rely on prior context (spot-check)
  Severity: WARN

  Field: when_to_reach_out
  Issue: opening may rely on prior context (spot-check)
  Severity: WARN

Row d9c9f923-2ee1-4f19-b710-e308cafdc100 — How do I cope with the emotional pain of divorce?
  Field: when_to_reach_out
  Issue: opening may rely on prior context (spot-check)
  Severity: WARN

Row d9eedcf9-cc48-45b1-a11a-1fd4f1fefe9d — What should I do if I suspect my employee has a substance a…
  Field: what_can_help
  Issue: opening may rely on prior context (spot-check)
  Severity: WARN

Row d9eedcf9-cc48-45b1-a11a-1fd4f1fefe9d — What should I do if I suspect my employee has a substance a…
  Field: when_to_reach_out
  Issue: opening may rely on prior context (spot-check)
  Severity: WARN

Row da13180a-219a-4f0e-bf71-c4b6f18b91f8 — Why do I feel empty even when my life looks good?
  Field: primary_term
  Issue: does not clearly match condition in question
  Severity: WARN

Row da13180a-219a-4f0e-bf71-c4b6f18b91f8 — Why do I feel empty even when my life looks good?
  Field: when_to_reach_out
  Issue: opening may rely on prior context (spot-check)
  Severity: WARN

Row da4a4aeb-5ae7-4985-8b77-e5c3020cf923 — How do I deal with feeling overwhelmed by my family's immig…
  Field: when_to_reach_out
  Issue: opening may rely on prior context (spot-check)
  Severity: WARN

Row da687806-8c71-4421-bb32-171948b44d83 — Why do I feel angry at the person who died?
  Field: primary_term
  Issue: does not clearly match condition in question
  Severity: WARN

Row da687806-8c71-4421-bb32-171948b44d83 — Why do I feel angry at the person who died?
  Field: when_to_reach_out
  Issue: opening may rely on prior context (spot-check)
  Severity: WARN

Row dac9ebf6-9bae-4124-b83c-29468c3314e9 — Can AI make people-pleasing worse?
  Field: word_count
  Issue: combined body 593 words (target 350–550)
  Severity: WARN

Row dad32643-cbe5-4630-b606-6ec5d88d4ef7 — I feel guilty for resting and doing nothing. How do I overc…
  Field: what_can_help
  Issue: opening may rely on prior context (spot-check)
  Severity: WARN

Row dc79d2be-d582-498e-b99a-f273020c9ac7 — How do I deal with people who drain my energy?
  Field: when_to_reach_out
  Issue: opening may rely on prior context (spot-check)
  Severity: WARN

Row dce255af-e801-48c8-b15e-337211cba1d8 — What are the warning signs that I might be heading toward r…
  Field: what_can_help
  Issue: opening may rely on prior context (spot-check)
  Severity: WARN

Row dce255af-e801-48c8-b15e-337211cba1d8 — What are the warning signs that I might be heading toward r…
  Field: when_to_reach_out
  Issue: opening may rely on prior context (spot-check)
  Severity: WARN

Row dcfd220c-c887-41ed-b375-d527141371dc — What should I do if my partner is emotionally unavailable?
  Field: when_to_reach_out
  Issue: opening may rely on prior context (spot-check)
  Severity: WARN

Row dcfe7266-672d-4dbb-be54-2d2a6abd58dc — How do I get over a breakup when I still love them?
  Field: when_to_reach_out
  Issue: opening may rely on prior context (spot-check)
  Severity: WARN

Row dcfe7266-672d-4dbb-be54-2d2a6abd58dc — How do I get over a breakup when I still love them?
  Field: word_count
  Issue: combined body 586 words (target 350–550)
  Severity: WARN

Row dd0d953b-f0a1-41bd-89be-a059e490d9fa — Can you actually change your attachment style or are you st…
  Field: when_to_reach_out
  Issue: opening may rely on prior context (spot-check)
  Severity: WARN

Row dd569f91-71f8-4f2d-a76b-46b1b6f47df6 — How do I deal with feeling like technology is controlling m…
  Field: what_can_help
  Issue: opening may rely on prior context (spot-check)
  Severity: WARN

Row dd85515c-4a63-4365-86b9-da213398f071 — Why do I need everyone to like me?
  Field: primary_term
  Issue: does not clearly match condition in question
  Severity: WARN

Row dd85515c-4a63-4365-86b9-da213398f071 — Why do I need everyone to like me?
  Field: what_can_help
  Issue: unresolved hedge: "From there, small experiments in authenticity build tolerance for disapproval gradually. Stating a preference when you'd…"
  Severity: WARN

Row dda7b0fd-0948-45a3-90b8-01ea001cc801 — Why do I feel like I have to choose between my cultural val…
  Field: what_can_help
  Issue: opening may rely on prior context (spot-check)
  Severity: WARN
Row d9955bb0-60ca-4b1e-8341-512740b4cd44 — What should I do if I think my child has anxiety?
  Field: when_to_reach_out
  Issue: opening may rely on prior context (spot-check)
  Severity: WARN

Row d9c9f923-2ee1-4f19-b710-e308cafdc100 — How do I cope with the emotional pain of divorce?
  Field: when_to_reach_out
  Issue: opening may rely on prior context (spot-check)
  Severity: WARN

Row d9eedcf9-cc48-45b1-a11a-1fd4f1fefe9d — What should I do if I suspect my employee has a substance a…
  Field: what_can_help
  Issue: opening may rely on prior context (spot-check)
  Severity: WARN

Row d9eedcf9-cc48-45b1-a11a-1fd4f1fefe9d — What should I do if I suspect my employee has a substance a…
  Field: when_to_reach_out
  Issue: opening may rely on prior context (spot-check)
  Severity: WARN

Row da13180a-219a-4f0e-bf71-c4b6f18b91f8 — Why do I feel empty even when my life looks good?
  Field: primary_term
  Issue: does not clearly match condition in question
  Severity: WARN

Row da13180a-219a-4f0e-bf71-c4b6f18b91f8 — Why do I feel empty even when my life looks good?
  Field: when_to_reach_out
  Issue: opening may rely on prior context (spot-check)
  Severity: WARN

Row da4a4aeb-5ae7-4985-8b77-e5c3020cf923 — How do I deal with feeling overwhelmed by my family's immig…
  Field: when_to_reach_out
  Issue: opening may rely on prior context (spot-check)
  Severity: WARN

Row da687806-8c71-4421-bb32-171948b44d83 — Why do I feel angry at the person who died?
  Field: primary_term
  Issue: does not clearly match condition in question
  Severity: WARN

Row da687806-8c71-4421-bb32-171948b44d83 — Why do I feel angry at the person who died?
  Field: when_to_reach_out
  Issue: opening may rely on prior context (spot-check)
  Severity: WARN

Row dac9ebf6-9bae-4124-b83c-29468c3314e9 — Can AI make people-pleasing worse?
  Field: word_count
  Issue: combined body 593 words (target 350–550)
  Severity: WARN

Row dad32643-cbe5-4630-b606-6ec5d88d4ef7 — I feel guilty for resting and doing nothing. How do I overc…
  Field: what_can_help
  Issue: opening may rely on prior context (spot-check)
  Severity: WARN

Row dc79d2be-d582-498e-b99a-f273020c9ac7 — How do I deal with people who drain my energy?
  Field: when_to_reach_out
  Issue: opening may rely on prior context (spot-check)
  Severity: WARN

Row dce255af-e801-48c8-b15e-337211cba1d8 — What are the warning signs that I might be heading toward r…
  Field: what_can_help
  Issue: opening may rely on prior context (spot-check)
  Severity: WARN

Row dce255af-e801-48c8-b15e-337211cba1d8 — What are the warning signs that I might be heading toward r…
  Field: when_to_reach_out
  Issue: opening may rely on prior context (spot-check)
  Severity: WARN

Row dcfd220c-c887-41ed-b375-d527141371dc — What should I do if my partner is emotionally unavailable?
  Field: when_to_reach_out
  Issue: opening may rely on prior context (spot-check)
  Severity: WARN

Row dcfe7266-672d-4dbb-be54-2d2a6abd58dc — How do I get over a breakup when I still love them?
  Field: when_to_reach_out
  Issue: opening may rely on prior context (spot-check)
  Severity: WARN

Row dcfe7266-672d-4dbb-be54-2d2a6abd58dc — How do I get over a breakup when I still love them?
  Field: word_count
  Issue: combined body 586 words (target 350–550)
  Severity: WARN

Row dd0d953b-f0a1-41bd-89be-a059e490d9fa — Can you actually change your attachment style or are you st…
  Field: when_to_reach_out
  Issue: opening may rely on prior context (spot-check)
  Severity: WARN

Row dd569f91-71f8-4f2d-a76b-46b1b6f47df6 — How do I deal with feeling like technology is controlling m…
  Field: what_can_help
  Issue: opening may rely on prior context (spot-check)
  Severity: WARN

Row dd85515c-4a63-4365-86b9-da213398f071 — Why do I need everyone to like me?
  Field: primary_term
  Issue: does not clearly match condition in question
  Severity: WARN

Row dd85515c-4a63-4365-86b9-da213398f071 — Why do I need everyone to like me?
  Field: what_can_help
  Issue: unresolved hedge: "From there, small experiments in authenticity build tolerance for disapproval gradually. Stating a preference when you'd…"
  Severity: WARN

Row dda7b0fd-0948-45a3-90b8-01ea001cc801 — Why do I feel like I have to choose between my cultural val…
  Field: what_can_help
  Issue: opening may rely on prior context (spot-check)
  Severity: WARN


Row ddb7e9e2-b5d0-47c6-825a-b0af8b7765bd — How do I create a bedtime routine that actually helps with …
  Field: what_can_help
  Issue: opening may rely on prior context (spot-check)
  Severity: WARN

Row ddb7e9e2-b5d0-47c6-825a-b0af8b7765bd — How do I create a bedtime routine that actually helps with …
  Field: when_to_reach_out
  Issue: opening may rely on prior context (spot-check)
Row ddb7e9e2-b5d0-47c6-825a-b0af8b7765bd — How do I create a bedtime routine that actually helps with …
  Field: what_can_help
  Issue: opening may rely on prior context (spot-check)
  Severity: WARN

Row ddb7e9e2-b5d0-47c6-825a-b0af8b7765bd — How do I create a bedtime routine that actually helps with …
  Field: when_to_reach_out
  Issue: opening may rely on prior context (spot-check)
  Severity: WARN

Row ddc6b611-8cc2-4d81-a9ad-3e3566d2f4a8 — How do I reinvent myself after a major life change like div…
  Field: what_can_help
  Issue: opening may rely on prior context (spot-check)
  Severity: WARN

Row ddc6b611-8cc2-4d81-a9ad-3e3566d2f4a8 — How do I reinvent myself after a major life change like div…
  Field: when_to_reach_out
  Issue: opening may rely on prior context (spot-check)
  Severity: WARN
  Severity: WARN

Row ddc6b611-8cc2-4d81-a9ad-3e3566d2f4a8 — How do I reinvent myself after a major life change like div…
  Field: what_can_help
  Issue: opening may rely on prior context (spot-check)
  Severity: WARN

Row ddc6b611-8cc2-4d81-a9ad-3e3566d2f4a8 — How do I reinvent myself after a major life change like div…
  Field: when_to_reach_out
  Issue: opening may rely on prior context (spot-check)
  Severity: WARN

Row dddb528a-d0f0-4979-9915-18f60f06c31b — How do I set a boundary without sounding harsh?
  Field: primary_term
  Issue: does not clearly match condition in question
  Severity: WARN

Row dddb528a-d0f0-4979-9915-18f60f06c31b — How do I set a boundary without sounding harsh?
  Field: what_can_help
  Issue: opening may rely on prior context (spot-check)
  Severity: WARN

Row dddb528a-d0f0-4979-9915-18f60f06c31b — How do I set a boundary without sounding harsh?
  Field: when_to_reach_out
  Issue: opening may rely on prior context (spot-check)
  Severity: WARN

Row dde08134-d890-487a-b8dd-c141ecec6442 — Is it okay to still miss my ex even though the relationship…
  Field: what_can_help
  Issue: opening may rely on prior context (spot-check)
  Severity: WARN

Row dde08134-d890-487a-b8dd-c141ecec6442 — Is it okay to still miss my ex even though the relationship…

Row dddb528a-d0f0-4979-9915-18f60f06c31b — How do I set a boundary without sounding harsh?
  Field: primary_term
  Issue: does not clearly match condition in question
  Severity: WARN

Row dddb528a-d0f0-4979-9915-18f60f06c31b — How do I set a boundary without sounding harsh?
  Field: what_can_help
  Issue: opening may rely on prior context (spot-check)
  Severity: WARN

Row dddb528a-d0f0-4979-9915-18f60f06c31b — How do I set a boundary without sounding harsh?
  Field: when_to_reach_out
  Issue: opening may rely on prior context (spot-check)
  Severity: WARN

Row dde08134-d890-487a-b8dd-c141ecec6442 — Is it okay to still miss my ex even though the relationship…
  Field: what_can_help
  Issue: opening may rely on prior context (spot-check)
  Severity: WARN

Row dde08134-d890-487a-b8dd-c141ecec6442 — Is it okay to still miss my ex even though the relationship…
  Field: when_to_reach_out
  Issue: opening may rely on prior context (spot-check)
  Severity: WARN

Row ddfb8676-7c1f-4694-bd0f-b648ec55ee9f — How do I know if I need therapy or just more support from f…
  Field: when_to_reach_out
  Issue: opening may rely on prior context (spot-check)
  Field: when_to_reach_out
  Issue: opening may rely on prior context (spot-check)
  Severity: WARN

Row ddfb8676-7c1f-4694-bd0f-b648ec55ee9f — How do I know if I need therapy or just more support from f…
  Field: when_to_reach_out
  Issue: opening may rely on prior context (spot-check)
  Severity: WARN

Row decbea77-6a45-405b-9e95-60532dd6af2e — How do I bring up a hard topic without starting a fight?
  Field: primary_term
  Issue: does not clearly match condition in question
  Severity: WARN

Row decbea77-6a45-405b-9e95-60532dd6af2e — How do I bring up a hard topic without starting a fight?
  Field: what_can_help
  Issue: opening may rely on prior context (spot-check)
  Severity: WARN

Row decbea77-6a45-405b-9e95-60532dd6af2e — How do I bring up a hard topic without starting a fight?
  Field: word_count
  Issue: combined body 589 words (target 350–550)
  Severity: WARN

Row df107d59-7239-4b8f-83cf-081b25545e4e — Should I avoid all mood-altering substances in recovery?
  Field: when_to_reach_out
  Issue: opening may rely on prior context (spot-check)
  Severity: WARN

Row df24fbaf-882f-4152-a2af-450798baf93d — What should I do if I caught my partner cheating?
  Field: primary_term
  Issue: does not clearly match condition in question
  Severity: WARN

Row df24fbaf-882f-4152-a2af-450798baf93d — What should I do if I caught my partner cheating?
  Field: what_can_help
  Issue: opening may rely on prior context (spot-check)
  Severity: WARN

Row df24fbaf-882f-4152-a2af-450798baf93d — What should I do if I caught my partner cheating?
  Field: when_to_reach_out
  Issue: opening may rely on prior context (spot-check)
  Severity: WARN

Row df6b8352-e0ed-4a20-bc0c-402899b50233 — How do I deal with feeling like I'm not good enough?
  Field: primary_term
  Severity: WARN

Row decbea77-6a45-405b-9e95-60532dd6af2e — How do I bring up a hard topic without starting a fight?
  Field: primary_term
  Issue: does not clearly match condition in question
  Severity: WARN

Row decbea77-6a45-405b-9e95-60532dd6af2e — How do I bring up a hard topic without starting a fight?
  Field: what_can_help
  Issue: opening may rely on prior context (spot-check)
  Severity: WARN

Row decbea77-6a45-405b-9e95-60532dd6af2e — How do I bring up a hard topic without starting a fight?
  Field: word_count
  Issue: combined body 589 words (target 350–550)
  Severity: WARN

Row df107d59-7239-4b8f-83cf-081b25545e4e — Should I avoid all mood-altering substances in recovery?
  Field: when_to_reach_out
  Issue: opening may rely on prior context (spot-check)
  Severity: WARN

Row df24fbaf-882f-4152-a2af-450798baf93d — What should I do if I caught my partner cheating?
  Field: primary_term
  Issue: does not clearly match condition in question
  Severity: WARN

Row df24fbaf-882f-4152-a2af-450798baf93d — What should I do if I caught my partner cheating?
  Field: what_can_help
  Issue: opening may rely on prior context (spot-check)
  Severity: WARN

Row df24fbaf-882f-4152-a2af-450798baf93d — What should I do if I caught my partner cheating?
  Field: when_to_reach_out
  Issue: opening may rely on prior context (spot-check)
  Severity: WARN

Row df6b8352-e0ed-4a20-bc0c-402899b50233 — How do I deal with feeling like I'm not good enough?
  Field: primary_term
  Issue: does not clearly match condition in question
  Severity: WARN

Row df8a0b37-bef1-472f-a97a-f592b18bf56a — How do I support a partner with depression without burning …
  Field: when_to_reach_out
  Issue: opening may rely on prior context (spot-check)
  Severity: WARN

Row df8a0b37-bef1-472f-a97a-f592b18bf56a — How do I support a partner with depression without burning …
  Field: word_count
  Issue: combined body 573 words (target 350–550)
  Severity: WARN

Row e15b21ca-b590-4f5b-a453-78e912274e20 — What do I do if I can't afford therapy?
  Field: what_can_help
  Issue: opening may rely on prior context (spot-check)
  Severity: WARN

Row e2062f48-19b0-41b3-a5e5-6b0efdc799f1 — What are some simple relaxation techniques I can do anywher…
  Field: word_count
  Issue: combined body 556 words (target 350–550)
  Severity: WARN

Row e20a9f6f-eea9-4cd4-9a05-357b3aad3af1 — Why do I feel exhausted all the time even when I sleep enou…
  Field: what_can_help
  Issue: opening may rely on prior context (spot-check)
  Severity: WARN

Row e20a9f6f-eea9-4cd4-9a05-357b3aad3af1 — Why do I feel exhausted all the time even when I sleep enou…
  Field: when_to_reach_out
  Issue: opening may rely on prior context (spot-check)
  Severity: WARN

Row e2bfc03d-d87c-4a3a-8868-09bad97316da — What should I do if I can't afford regular therapy sessions?
  Field: when_to_reach_out
  Issue: opening may rely on prior context (spot-check)
  Severity: WARN

Row e2bfc03d-d87c-4a3a-8868-09bad97316da — What should I do if I can't afford regular therapy sessions?
  Field: word_count
  Issue: combined body 567 words (target 350–550)
  Severity: WARN

  Issue: does not clearly match condition in question
  Severity: WARN

Row df8a0b37-bef1-472f-a97a-f592b18bf56a — How do I support a partner with depression without burning …
  Field: when_to_reach_out
  Issue: opening may rely on prior context (spot-check)
  Severity: WARN

Row df8a0b37-bef1-472f-a97a-f592b18bf56a — How do I support a partner with depression without burning …
  Field: word_count
  Issue: combined body 573 words (target 350–550)
  Severity: WARN

Row e15b21ca-b590-4f5b-a453-78e912274e20 — What do I do if I can't afford therapy?
  Field: what_can_help
  Issue: opening may rely on prior context (spot-check)
  Severity: WARN

Row e2062f48-19b0-41b3-a5e5-6b0efdc799f1 — What are some simple relaxation techniques I can do anywher…
  Field: word_count
  Issue: combined body 556 words (target 350–550)
  Severity: WARN

Row e20a9f6f-eea9-4cd4-9a05-357b3aad3af1 — Why do I feel exhausted all the time even when I sleep enou…
  Field: what_can_help
  Issue: opening may rely on prior context (spot-check)
  Severity: WARN

Row e20a9f6f-eea9-4cd4-9a05-357b3aad3af1 — Why do I feel exhausted all the time even when I sleep enou…
  Field: when_to_reach_out
  Issue: opening may rely on prior context (spot-check)
  Severity: WARN

Row e2bfc03d-d87c-4a3a-8868-09bad97316da — What should I do if I can't afford regular therapy sessions?
  Field: when_to_reach_out
  Issue: opening may rely on prior context (spot-check)
  Severity: WARN

Row e2bfc03d-d87c-4a3a-8868-09bad97316da — What should I do if I can't afford regular therapy sessions?
  Field: word_count
  Issue: combined body 567 words (target 350–550)
  Severity: WARN

Row e33ea7e3-e543-46b6-bddd-fb00186f5d9e — Why do I lose myself in romantic relationships?
  Field: when_to_reach_out
  Issue: opening may rely on prior context (spot-check)
  Severity: WARN

Row e3690690-8662-459c-8133-4a3633c73617 — Every small mistake feels like evidence that I am fundament…
  Field: primary_term
  Issue: does not clearly match condition in question
  Severity: WARN

Row e3690690-8662-459c-8133-4a3633c73617 — Every small mistake feels like evidence that I am fundament…
  Field: when_to_reach_out
  Issue: opening may rely on prior context (spot-check)
  Severity: WARN

Row e449fadb-dc16-4a10-b676-164a795e1e31 — Why does AI at work make me feel less in control?
  Field: what_can_help
  Issue: opening may rely on prior context (spot-check)
  Severity: WARN

Row e449fadb-dc16-4a10-b676-164a795e1e31 — Why does AI at work make me feel less in control?
  Field: when_to_reach_out
  Issue: opening may rely on prior context (spot-check)
  Severity: WARN

Row e33ea7e3-e543-46b6-bddd-fb00186f5d9e — Why do I lose myself in romantic relationships?
  Field: when_to_reach_out
  Issue: opening may rely on prior context (spot-check)
  Severity: WARN

Row e3690690-8662-459c-8133-4a3633c73617 — Every small mistake feels like evidence that I am fundament…
  Field: primary_term
  Issue: does not clearly match condition in question
  Severity: WARN

Row e3690690-8662-459c-8133-4a3633c73617 — Every small mistake feels like evidence that I am fundament…
  Field: when_to_reach_out
  Issue: opening may rely on prior context (spot-check)
  Severity: WARN

Row e449fadb-dc16-4a10-b676-164a795e1e31 — Why does AI at work make me feel less in control?
  Field: what_can_help
  Issue: opening may rely on prior context (spot-check)
  Severity: WARN

Row e449fadb-dc16-4a10-b676-164a795e1e31 — Why does AI at work make me feel less in control?
  Field: when_to_reach_out
  Issue: opening may rely on prior context (spot-check)
  Severity: WARN

Row e4641b6b-2ed1-4691-b4cf-5c29c45a4f82 — What's the difference between being shy and having avoidant…
  Field: what_can_help
  Issue: opening may rely on prior context (spot-check)
  Severity: WARN

Row e4641b6b-2ed1-4691-b4cf-5c29c45a4f82 — What's the difference between being shy and having avoidant…
  Field: when_to_reach_out
  Issue: opening may rely on prior context (spot-check)
  Severity: WARN

Row e4bfcd15-f369-46f0-ae48-e27ae05ae6a6 — How do I know if someone I love is using drugs?
  Field: what_can_help
  Issue: opening may rely on prior context (spot-check)
  Severity: WARN

Row e4bfcd15-f369-46f0-ae48-e27ae05ae6a6 — How do I know if someone I love is using drugs?
  Field: when_to_reach_out
  Issue: opening may rely on prior context (spot-check)
  Severity: WARN

Row e54d7af4-6774-49b1-a677-a9a9b95fbada — How do I handle cravings that seem to come out of nowhere?
  Field: what_can_help
  Issue: opening may rely on prior context (spot-check)
  Severity: WARN

Row e54d7af4-6774-49b1-a677-a9a9b95fbada — How do I handle cravings that seem to come out of nowhere?
  Field: when_to_reach_out
  Issue: opening may rely on prior context (spot-check)
  Severity: WARN

Row e5812f75-b54f-49b3-a7e0-ec505adff47f — Can stress and anxiety really cause stomach problems?
  Field: what_can_help
  Issue: opening may rely on prior context (spot-check)
  Severity: WARN

Row e58ef28d-e344-44a3-bd80-0f92d83667fa — Why do I feel like I don't know how to be a good friend?
  Field: primary_term
  Issue: does not clearly match condition in question
  Severity: WARN

Row e58ef28d-e344-44a3-bd80-0f92d83667fa — Why do I feel like I don't know how to be a good friend?
  Field: what_can_help
  Issue: opening may rely on prior context (spot-check)
  Severity: WARN

Row e5bc002b-47e8-404f-9432-71eb82a7f65a — What if I'm having second thoughts about getting divorced?
  Field: when_to_reach_out
  Issue: opening may rely on prior context (spot-check)
  Severity: WARN

Row e5e69e60-6696-448e-8986-b08ff0d573d5 — Why do I feel like I need to earn love and acceptance?
  Field: what_can_help
  Issue: opening may rely on prior context (spot-check)
  Severity: WARN

Row e5e69e60-6696-448e-8986-b08ff0d573d5 — Why do I feel like I need to earn love and acceptance?
  Field: when_to_reach_out
  Issue: opening may rely on prior context (spot-check)
  Severity: WARN

Row e618aa0d-0fa6-47f5-b9eb-7f386060dfac — How do I deal with feeling like I'm not living authenticall…
Row e4641b6b-2ed1-4691-b4cf-5c29c45a4f82 — What's the difference between being shy and having avoidant…
  Field: what_can_help
  Issue: opening may rely on prior context (spot-check)
  Severity: WARN

Row e4641b6b-2ed1-4691-b4cf-5c29c45a4f82 — What's the difference between being shy and having avoidant…
  Field: when_to_reach_out
  Issue: opening may rely on prior context (spot-check)
  Severity: WARN

Row e4bfcd15-f369-46f0-ae48-e27ae05ae6a6 — How do I know if someone I love is using drugs?
  Field: what_can_help
  Issue: opening may rely on prior context (spot-check)
  Severity: WARN

Row e4bfcd15-f369-46f0-ae48-e27ae05ae6a6 — How do I know if someone I love is using drugs?
  Field: when_to_reach_out
  Issue: opening may rely on prior context (spot-check)
  Severity: WARN

Row e54d7af4-6774-49b1-a677-a9a9b95fbada — How do I handle cravings that seem to come out of nowhere?
  Field: what_can_help
  Issue: opening may rely on prior context (spot-check)
  Severity: WARN

Row e54d7af4-6774-49b1-a677-a9a9b95fbada — How do I handle cravings that seem to come out of nowhere?
  Field: when_to_reach_out
  Issue: opening may rely on prior context (spot-check)
  Severity: WARN

Row e5812f75-b54f-49b3-a7e0-ec505adff47f — Can stress and anxiety really cause stomach problems?
  Field: what_can_help
  Issue: opening may rely on prior context (spot-check)
  Severity: WARN

Row e58ef28d-e344-44a3-bd80-0f92d83667fa — Why do I feel like I don't know how to be a good friend?
  Field: primary_term
  Issue: does not clearly match condition in question
  Severity: WARN

Row e58ef28d-e344-44a3-bd80-0f92d83667fa — Why do I feel like I don't know how to be a good friend?
  Field: what_can_help
  Issue: opening may rely on prior context (spot-check)
  Severity: WARN

Row e5bc002b-47e8-404f-9432-71eb82a7f65a — What if I'm having second thoughts about getting divorced?
  Field: when_to_reach_out
  Issue: opening may rely on prior context (spot-check)
  Severity: WARN

Row e5e69e60-6696-448e-8986-b08ff0d573d5 — Why do I feel like I need to earn love and acceptance?
  Field: what_can_help
  Issue: opening may rely on prior context (spot-check)
  Severity: WARN

Row e5e69e60-6696-448e-8986-b08ff0d573d5 — Why do I feel like I need to earn love and acceptance?
  Field: when_to_reach_out
  Issue: opening may rely on prior context (spot-check)
  Severity: WARN

  Field: what_can_help
  Issue: opening may rely on prior context (spot-check)
  Severity: WARN

Row e61d07e8-db48-4883-8414-1460db8128a5 — How do I stop worrying about things I can't control?
  Field: what_can_help
  Issue: opening may rely on prior context (spot-check)
  Severity: WARN

Row e618aa0d-0fa6-47f5-b9eb-7f386060dfac — How do I deal with feeling like I'm not living authenticall…
  Field: what_can_help
  Issue: opening may rely on prior context (spot-check)
  Severity: WARN

Row e61d07e8-db48-4883-8414-1460db8128a5 — How do I stop worrying about things I can't control?
  Field: what_can_help
  Issue: opening may rely on prior context (spot-check)
Row e61d07e8-db48-4883-8414-1460db8128a5 — How do I stop worrying about things I can't control?
  Severity: WARN

  Field: when_to_reach_out
  Issue: opening may rely on prior context (spot-check)
Row e61d07e8-db48-4883-8414-1460db8128a5 — How do I stop worrying about things I can't control?
  Severity: WARN

  Field: when_to_reach_out
  Issue: opening may rely on prior context (spot-check)
Row e6473b57-f0c6-459d-8477-9cef154a8c8e — What should I do if my antidepressants aren't working?
  Field: what_can_help
  Severity: WARN

  Issue: opening may rely on prior context (spot-check)
  Severity: WARN
Row e6473b57-f0c6-459d-8477-9cef154a8c8e — What should I do if my antidepressants aren't working?
  Field: what_can_help

  Issue: opening may rely on prior context (spot-check)
  Severity: WARN
Row e6473b57-f0c6-459d-8477-9cef154a8c8e — What should I do if my antidepressants aren't working?
  Field: when_to_reach_out

  Issue: opening may rely on prior context (spot-check)
Row e6473b57-f0c6-459d-8477-9cef154a8c8e — What should I do if my antidepressants aren't working?
  Field: when_to_reach_out
  Severity: WARN

  Issue: opening may rely on prior context (spot-check)
Row e6a12a4f-6a4e-4ddf-9276-adf49887e81e — How do I set boundaries with family members who don't respe…
  Severity: WARN

  Field: what_can_help
Row e6a12a4f-6a4e-4ddf-9276-adf49887e81e — How do I set boundaries with family members who don't respe…
  Issue: opening may rely on prior context (spot-check)
  Severity: WARN
  Field: what_can_help

  Issue: opening may rely on prior context (spot-check)
  Severity: WARN
Row e6a12a4f-6a4e-4ddf-9276-adf49887e81e — How do I set boundaries with family members who don't respe…
  Field: when_to_reach_out

  Issue: opening may rely on prior context (spot-check)
Row e6a12a4f-6a4e-4ddf-9276-adf49887e81e — How do I set boundaries with family members who don't respe…
  Field: when_to_reach_out
  Severity: WARN

  Issue: opening may rely on prior context (spot-check)
Row e6a12a4f-6a4e-4ddf-9276-adf49887e81e — How do I set boundaries with family members who don't respe…
  Severity: WARN

  Field: word_count
Row e6a12a4f-6a4e-4ddf-9276-adf49887e81e — How do I set boundaries with family members who don't respe…
  Issue: combined body 578 words (target 350–550)
  Severity: WARN
  Field: word_count

  Issue: combined body 578 words (target 350–550)
  Severity: WARN
Row e6d65a50-6c34-4022-b37f-7fead19b45cc — How do I handle family pressure about my relationship choic…

  Field: when_to_reach_out
  Issue: opening may rely on prior context (spot-check)
Row e6d65a50-6c34-4022-b37f-7fead19b45cc — How do I handle family pressure about my relationship choic…
  Severity: WARN
  Field: when_to_reach_out
  Issue: opening may rely on prior context (spot-check)

Row e6f643f8-8160-4425-b8f8-bdfd2616c3c4 — Can emotional stress cause physical fatigue?
  Severity: WARN
  Field: when_to_reach_out

Row e6f643f8-8160-4425-b8f8-bdfd2616c3c4 — Can emotional stress cause physical fatigue?
  Issue: opening may rely on prior context (spot-check)
  Severity: WARN
  Field: when_to_reach_out

  Issue: opening may rely on prior context (spot-check)
  Severity: WARN
Row e71edc2a-ddeb-484a-a0a3-8fe8db480a29 — Why do I feel so emotional all the time?

  Field: when_to_reach_out
  Issue: opening may rely on prior context (spot-check)
Row e71edc2a-ddeb-484a-a0a3-8fe8db480a29 — Why do I feel so emotional all the time?
  Severity: WARN
  Field: when_to_reach_out
  Issue: opening may rely on prior context (spot-check)

Row e755a445-0016-4702-af6f-9fc1cdd0041d — Why do I feel like I'm too much for people?
  Severity: WARN
  Field: what_can_help

Row e755a445-0016-4702-af6f-9fc1cdd0041d — Why do I feel like I'm too much for people?
  Issue: opening may rely on prior context (spot-check)
  Field: what_can_help
  Severity: WARN

  Issue: opening may rely on prior context (spot-check)
Row e755a445-0016-4702-af6f-9fc1cdd0041d — Why do I feel like I'm too much for people?
  Severity: WARN

  Field: when_to_reach_out
Row e755a445-0016-4702-af6f-9fc1cdd0041d — Why do I feel like I'm too much for people?
  Issue: opening may rely on prior context (spot-check)
  Severity: WARN
  Field: when_to_reach_out

  Issue: opening may rely on prior context (spot-check)
  Severity: WARN
Row e785d3c1-5f4f-4179-a244-299df958f03a — What if psychiatric medication doesn't work for me?
  Field: what_can_help

  Issue: opening may rely on prior context (spot-check)
Row e785d3c1-5f4f-4179-a244-299df958f03a — What if psychiatric medication doesn't work for me?
  Field: what_can_help
  Severity: WARN

  Issue: opening may rely on prior context (spot-check)
Row e785d3c1-5f4f-4179-a244-299df958f03a — What if psychiatric medication doesn't work for me?
  Severity: WARN

  Field: when_to_reach_out
Row e785d3c1-5f4f-4179-a244-299df958f03a — What if psychiatric medication doesn't work for me?
  Issue: opening may rely on prior context (spot-check)
  Severity: WARN
  Field: when_to_reach_out

  Issue: opening may rely on prior context (spot-check)
  Severity: WARN
Row e7936a8c-e99b-4b68-a8de-e7c853a77801 — How do I cope with feeling like I'm 'too much' for other pe…
  Field: what_can_help

  Issue: opening may rely on prior context (spot-check)
Row e7936a8c-e99b-4b68-a8de-e7c853a77801 — How do I cope with feeling like I'm 'too much' for other pe…
  Field: what_can_help
  Severity: WARN

  Issue: opening may rely on prior context (spot-check)
Row e7936a8c-e99b-4b68-a8de-e7c853a77801 — How do I cope with feeling like I'm 'too much' for other pe…
  Severity: WARN

  Field: when_to_reach_out
Row e7936a8c-e99b-4b68-a8de-e7c853a77801 — How do I cope with feeling like I'm 'too much' for other pe…
  Issue: opening may rely on prior context (spot-check)
  Severity: WARN
  Field: when_to_reach_out

  Issue: opening may rely on prior context (spot-check)
  Severity: WARN
Row e7b9524c-d7cc-4ecf-b489-64dfd34e34a4 — How do I deal with flashbacks?
  Field: what_can_help

  Issue: opening may rely on prior context (spot-check)
Row e7b9524c-d7cc-4ecf-b489-64dfd34e34a4 — How do I deal with flashbacks?
  Field: what_can_help
  Severity: WARN

  Issue: opening may rely on prior context (spot-check)
Row e7b9524c-d7cc-4ecf-b489-64dfd34e34a4 — How do I deal with flashbacks?
  Severity: WARN

  Field: when_to_reach_out
  Issue: opening may rely on prior context (spot-check)
Row e7b9524c-d7cc-4ecf-b489-64dfd34e34a4 — How do I deal with flashbacks?
  Severity: WARN
  Field: when_to_reach_out
  Issue: opening may rely on prior context (spot-check)

  Severity: WARN
Row e85098b5-45c6-49b1-905c-55fd635c6a97 — How do I tell my family I think I'm autistic?
  Field: primary_term

  Issue: does not clearly match condition in question
Row e85098b5-45c6-49b1-905c-55fd635c6a97 — How do I tell my family I think I'm autistic?
  Field: primary_term
  Severity: WARN

  Issue: does not clearly match condition in question
Row e85098b5-45c6-49b1-905c-55fd635c6a97 — How do I tell my family I think I'm autistic?
  Severity: WARN

  Field: what_can_help
  Issue: opening may rely on prior context (spot-check)
Row e85098b5-45c6-49b1-905c-55fd635c6a97 — How do I tell my family I think I'm autistic?
  Severity: WARN
  Field: what_can_help
  Issue: opening may rely on prior context (spot-check)
  Severity: WARN

Row e8c3718d-da0d-48c0-bfbd-acef86e10874 — What's the difference between being introverted and having …
  Field: what_can_help
  Issue: opening may rely on prior context (spot-check)
  Severity: WARN

Row e8f7592b-8782-4521-ae4d-0aa370de898f — How do I help my teenager who seems angry all the time?
  Field: primary_term
  Issue: does not clearly match condition in question
  Severity: WARN

Row e8f7592b-8782-4521-ae4d-0aa370de898f — How do I help my teenager who seems angry all the time?
  Field: what_can_help
  Issue: opening may rely on prior context (spot-check)
  Severity: WARN

Row e8f7592b-8782-4521-ae4d-0aa370de898f — How do I help my teenager who seems angry all the time?
  Field: when_to_reach_out
  Issue: opening may rely on prior context (spot-check)
  Severity: WARN

Row e90b8a21-7430-4b85-a249-e8168a3260c5 — What should I do if my partner and I have mismatched libido…
  Field: what_can_help
  Issue: opening may rely on prior context (spot-check)
  Severity: WARN

Row e90b8a21-7430-4b85-a249-e8168a3260c5 — What should I do if my partner and I have mismatched libido…
  Field: when_to_reach_out
  Issue: opening may rely on prior context (spot-check)
  Severity: WARN

Row e94e6911-894a-4a00-af77-65f0d1f01bc7 — How do I deal with feeling like I don't deserve good things?
  Field: what_can_help
  Issue: opening may rely on prior context (spot-check)
  Severity: WARN

Row e94e6911-894a-4a00-af77-65f0d1f01bc7 — How do I deal with feeling like I don't deserve good things?
  Field: when_to_reach_out
  Issue: opening may rely on prior context (spot-check)
  Severity: WARN

Row e95e87a6-186d-4475-8dff-17ee06ba5f47 — What is codependency and how does it relate to addiction?
  Field: what_can_help
  Issue: opening may rely on prior context (spot-check)
  Severity: WARN

Row ea210e5f-d780-42cc-b676-4859d470d6dd — How do I deal with feeling jealous in my relationship?
  Field: primary_term
  Issue: does not clearly match condition in question
  Severity: WARN


Row e8c3718d-da0d-48c0-bfbd-acef86e10874 — What's the difference between being introverted and having …
  Field: what_can_help
  Issue: opening may rely on prior context (spot-check)
  Severity: WARN

Row e8f7592b-8782-4521-ae4d-0aa370de898f — How do I help my teenager who seems angry all the time?
  Field: primary_term
  Issue: does not clearly match condition in question
  Severity: WARN

Row e8f7592b-8782-4521-ae4d-0aa370de898f — How do I help my teenager who seems angry all the time?
  Field: what_can_help
  Issue: opening may rely on prior context (spot-check)
  Severity: WARN

Row e8f7592b-8782-4521-ae4d-0aa370de898f — How do I help my teenager who seems angry all the time?
  Field: when_to_reach_out
  Issue: opening may rely on prior context (spot-check)
  Severity: WARN

Row e90b8a21-7430-4b85-a249-e8168a3260c5 — What should I do if my partner and I have mismatched libido…
  Field: what_can_help
  Issue: opening may rely on prior context (spot-check)
  Severity: WARN

Row e90b8a21-7430-4b85-a249-e8168a3260c5 — What should I do if my partner and I have mismatched libido…
  Field: when_to_reach_out
  Issue: opening may rely on prior context (spot-check)
  Severity: WARN

Row e94e6911-894a-4a00-af77-65f0d1f01bc7 — How do I deal with feeling like I don't deserve good things?
  Field: what_can_help
  Issue: opening may rely on prior context (spot-check)
  Severity: WARN

Row e94e6911-894a-4a00-af77-65f0d1f01bc7 — How do I deal with feeling like I don't deserve good things?
  Field: when_to_reach_out
  Issue: opening may rely on prior context (spot-check)
  Severity: WARN

Row e95e87a6-186d-4475-8dff-17ee06ba5f47 — What is codependency and how does it relate to addiction?
  Field: what_can_help
  Issue: opening may rely on prior context (spot-check)
  Severity: WARN

Row ea210e5f-d780-42cc-b676-4859d470d6dd — How do I deal with feeling jealous in my relationship?
  Field: primary_term
  Issue: does not clearly match condition in question
  Severity: WARN

Row ea210e5f-d780-42cc-b676-4859d470d6dd — How do I deal with feeling jealous in my relationship?
  Field: when_to_reach_out
  Issue: opening may rely on prior context (spot-check)
  Severity: WARN

Row ea431c76-38ea-4df7-a7fb-ad3cbf115616 — Why do I feel so lonely, even when I'm surrounded by people?
  Field: primary_term
  Issue: does not clearly match condition in question
  Severity: WARN
Row ea210e5f-d780-42cc-b676-4859d470d6dd — How do I deal with feeling jealous in my relationship?
  Field: when_to_reach_out
  Issue: opening may rely on prior context (spot-check)
  Severity: WARN

Row ea431c76-38ea-4df7-a7fb-ad3cbf115616 — Why do I feel so lonely, even when I'm surrounded by people?
  Field: primary_term
  Issue: does not clearly match condition in question
  Severity: WARN

Row ea431c76-38ea-4df7-a7fb-ad3cbf115616 — Why do I feel so lonely, even when I'm surrounded by people?
  Field: when_to_reach_out

Row ea431c76-38ea-4df7-a7fb-ad3cbf115616 — Why do I feel so lonely, even when I'm surrounded by people?
  Field: when_to_reach_out
  Issue: opening may rely on prior context (spot-check)
  Severity: WARN

Row ea6f095f-7a38-41de-b9c3-bc5f9bf3dd9a — How do I help someone who believes an AI chatbot is communi…
  Field: primary_term
  Issue: does not clearly match condition in question
  Severity: WARN

Row ea6f095f-7a38-41de-b9c3-bc5f9bf3dd9a — How do I help someone who believes an AI chatbot is communi…
  Field: when_to_reach_out
  Issue: opening may rely on prior context (spot-check)
  Severity: WARN

Row eb0788e0-e232-4573-8474-c50438e6fe9a — How do I know if I need a break from social media?
  Field: when_to_reach_out
  Issue: opening may rely on prior context (spot-check)
  Severity: WARN

Row eb0788e0-e232-4573-8474-c50438e6fe9a — How do I know if I need a break from social media?
  Field: word_count
  Issue: combined body 553 words (target 350–550)
  Severity: WARN

Row eb18ded4-c8a6-4947-8583-712b27623e3b — My mind races with worst-case scenarios whenever plans chan…
  Field: primary_term
  Issue: does not clearly match condition in question
  Severity: WARN

Row eb20c817-eea2-4159-912a-0c2cb28a556c — Why do I feel like I'm living in a fog all the time?
  Field: primary_term
  Issue: does not clearly match condition in question
  Severity: WARN

Row eb20c817-eea2-4159-912a-0c2cb28a556c — Why do I feel like I'm living in a fog all the time?
  Issue: opening may rely on prior context (spot-check)
  Severity: WARN

Row ea6f095f-7a38-41de-b9c3-bc5f9bf3dd9a — How do I help someone who believes an AI chatbot is communi…
  Field: primary_term
  Issue: does not clearly match condition in question
  Severity: WARN

Row ea6f095f-7a38-41de-b9c3-bc5f9bf3dd9a — How do I help someone who believes an AI chatbot is communi…
  Field: when_to_reach_out
  Issue: opening may rely on prior context (spot-check)
  Severity: WARN

Row eb0788e0-e232-4573-8474-c50438e6fe9a — How do I know if I need a break from social media?
  Field: when_to_reach_out
  Issue: opening may rely on prior context (spot-check)
  Severity: WARN

Row eb0788e0-e232-4573-8474-c50438e6fe9a — How do I know if I need a break from social media?
  Field: word_count
  Issue: combined body 553 words (target 350–550)
  Severity: WARN

Row eb18ded4-c8a6-4947-8583-712b27623e3b — My mind races with worst-case scenarios whenever plans chan…
  Field: primary_term
  Issue: does not clearly match condition in question
  Severity: WARN

Row eb20c817-eea2-4159-912a-0c2cb28a556c — Why do I feel like I'm living in a fog all the time?
  Field: primary_term
  Issue: does not clearly match condition in question
  Severity: WARN

Row eb20c817-eea2-4159-912a-0c2cb28a556c — Why do I feel like I'm living in a fog all the time?
  Field: when_to_reach_out
  Issue: opening may rely on prior context (spot-check)
  Severity: WARN

  Field: when_to_reach_out
  Issue: opening may rely on prior context (spot-check)
  Severity: WARN

Row eb33c0fd-3ea2-4661-b09e-c4e0ae946126 — What should I do if I'm having thoughts about using again?
  Field: what_can_help
  Issue: opening may rely on prior context (spot-check)
Row eb33c0fd-3ea2-4661-b09e-c4e0ae946126 — What should I do if I'm having thoughts about using again?
  Field: what_can_help
  Severity: WARN

Row eb33c0fd-3ea2-4661-b09e-c4e0ae946126 — What should I do if I'm having thoughts about using again?
  Field: when_to_reach_out
  Issue: opening may rely on prior context (spot-check)
  Severity: WARN

Row ebcd909a-7df4-49b9-ae47-011ce58c0eb2 — What should I do if I think I'm being bullied?
  Issue: opening may rely on prior context (spot-check)
  Severity: WARN

  Field: primary_term
  Issue: does not clearly match condition in question
  Severity: WARN
Row eb33c0fd-3ea2-4661-b09e-c4e0ae946126 — What should I do if I'm having thoughts about using again?
  Field: when_to_reach_out
  Issue: opening may rely on prior context (spot-check)
  Severity: WARN

Row ebcd909a-7df4-49b9-ae47-011ce58c0eb2 — What should I do if I think I'm being bullied?

Row ebcd909a-7df4-49b9-ae47-011ce58c0eb2 — What should I do if I think I'm being bullied?
  Field: what_can_help
  Issue: opening may rely on prior context (spot-check)
  Field: primary_term
  Issue: does not clearly match condition in question
  Severity: WARN
  Severity: WARN

Row ec0022d8-548d-4169-ad74-6cb4d7ee746d — Why do I feel jealous even when I trust my partner complete…
  Field: primary_term

Row ebcd909a-7df4-49b9-ae47-011ce58c0eb2 — What should I do if I think I'm being bullied?
  Field: what_can_help
  Issue: opening may rely on prior context (spot-check)
  Severity: WARN

Row ec0022d8-548d-4169-ad74-6cb4d7ee746d — Why do I feel jealous even when I trust my partner complete…
  Field: primary_term
  Issue: does not clearly match condition in question
  Severity: WARN

  Issue: does not clearly match condition in question
  Severity: WARN

Row ec3a16dc-8d1c-4d17-a1b6-a4b59247a88b — How do I help a family member who has a personality disorde…
  Field: when_to_reach_out
  Issue: opening may rely on prior context (spot-check)
  Severity: WARN

Row ecb5d407-82a4-4886-bef1-a1430a963043 — How do I find meaning in life when traditional religion doe…
  Field: primary_term
  Issue: does not clearly match condition in question
  Severity: WARN

Row ecb5d407-82a4-4886-bef1-a1430a963043 — How do I find meaning in life when traditional religion doe…
  Field: what_can_help
  Issue: opening may rely on prior context (spot-check)
  Severity: WARN

Row ece32b7e-758f-4f8d-be44-3c34e05c3e20 — How do I deal with feeling like I'm betraying my ancestors …
  Field: what_can_help
  Issue: opening may rely on prior context (spot-check)
  Severity: WARN

Row ece32b7e-758f-4f8d-be44-3c34e05c3e20 — How do I deal with feeling like I'm betraying my ancestors …
  Field: word_count
  Issue: combined body 595 words (target 350–550)
  Severity: WARN

Row ed088597-01cf-42c1-bbdb-5a73eb09a9c0 — Can I still be spiritual without being religious?
  Field: what_can_help
  Issue: opening may rely on prior context (spot-check)
  Severity: WARN

Row ed088597-01cf-42c1-bbdb-5a73eb09a9c0 — Can I still be spiritual without being religious?
  Field: when_to_reach_out
  Issue: opening may rely on prior context (spot-check)
  Severity: WARN

Row ed41139f-4670-478d-88ad-cbfa451104e3 — How do I know if I need professional help for my anxiety?
  Field: word_count
  Issue: combined body 593 words (target 350–550)
  Severity: WARN

Row ed667115-dcf5-4240-a8b3-59b1230f67b5 — What should I do if my partner always takes their family's …
  Field: when_to_reach_out
  Issue: opening may rely on prior context (spot-check)
  Severity: WARN

Row ed688936-062f-4d4c-b76f-8720104fcd48 — Can AI make me feel like my creativity does not matter?
  Field: primary_term
  Issue: does not clearly match condition in question
  Severity: WARN

Row ed6ed102-f87e-4dc1-bca7-d927a8424ae7 — What should I do after a relapse in recovery?
  Field: when_to_reach_out
  Issue: opening may rely on prior context (spot-check)
  Severity: WARN

Row edb24210-be4b-47ef-a617-1a993ab75926 — What is seasonal depression and how do I treat it?
  Field: when_to_reach_out
  Issue: opening may rely on prior context (spot-check)
  Severity: WARN

Row eeb6ec3f-c62d-4a1e-91c0-a2fec9f6ddd8 — Why am I so anxious about AI replacing my job?
  Field: primary_term
  Issue: does not clearly match condition in question
  Severity: WARN

Row eeb6ec3f-c62d-4a1e-91c0-a2fec9f6ddd8 — Why am I so anxious about AI replacing my job?
  Field: word_count
  Issue: combined body 589 words (target 350–550)
  Severity: WARN

Row ef8af811-289c-46fa-8478-69aaec88176a — What does it mean to be autistic as an adult?
  Field: primary_term
  Issue: does not clearly match condition in question
  Severity: WARN

Row ef8af811-289c-46fa-8478-69aaec88176a — What does it mean to be autistic as an adult?
  Field: what_can_help
  Issue: opening may rely on prior context (spot-check)
  Severity: WARN

Row ef8af811-289c-46fa-8478-69aaec88176a — What does it mean to be autistic as an adult?
  Field: when_to_reach_out
  Issue: opening may rely on prior context (spot-check)
  Severity: WARN

Row ef8af811-289c-46fa-8478-69aaec88176a — What does it mean to be autistic as an adult?
  Field: word_count
  Issue: combined body 567 words (target 350–550)
  Severity: WARN

Row efa0b397-be72-4a6e-98f1-e2ab47311ec5 — How can I communicate better with someone who has a differe…
  Field: when_to_reach_out
  Issue: opening may rely on prior context (spot-check)
  Severity: WARN

Row efa0b397-be72-4a6e-98f1-e2ab47311ec5 — How can I communicate better with someone who has a differe…
  Field: word_count
  Issue: combined body 580 words (target 350–550)
  Severity: WARN

Row f06c9dcf-0315-41a6-bd10-80f179e41193 — How do I apologize effectively when I've hurt someone?
  Field: when_to_reach_out
  Issue: opening may rely on prior context (spot-check)
  Severity: WARN

Row f0967d8a-8a50-48fb-9976-60dcd5ed5c57 — Is it normal to lose sleep over money worries?
  Field: primary_term
  Issue: does not clearly match condition in question
  Severity: WARN

Row f0967d8a-8a50-48fb-9976-60dcd5ed5c57 — Is it normal to lose sleep over money worries?
  Field: what_can_help
  Issue: opening may rely on prior context (spot-check)
  Severity: WARN

Row f0aba38f-2a6c-4721-a536-e3d661f53433 — What are some healthy ways to celebrate milestones in recov…
  Field: what_can_help
  Issue: opening may rely on prior context (spot-check)
  Severity: WARN

Row f0aba38f-2a6c-4721-a536-e3d661f53433 — What are some healthy ways to celebrate milestones in recov…
  Field: when_to_reach_out
  Issue: opening may rely on prior context (spot-check)
  Severity: WARN

Row f0aba38f-2a6c-4721-a536-e3d661f53433 — What are some healthy ways to celebrate milestones in recov…
  Field: word_count
  Issue: combined body 589 words (target 350–550)
  Severity: WARN

Row f0ee5173-e394-473e-b8c0-5d9d099d51d0 — How can I tell if an AI conversation is making me paranoid?
  Field: primary_term
  Issue: does not clearly match condition in question
  Severity: WARN

Row f0ee5173-e394-473e-b8c0-5d9d099d51d0 — How can I tell if an AI conversation is making me paranoid?
  Field: when_to_reach_out
  Issue: opening may rely on prior context (spot-check)
  Severity: WARN

Row f108a5d8-c8be-4b13-9dd9-834176c985e5 — Why do I feel empty even when good things happen?
  Field: primary_term
  Issue: does not clearly match condition in question
  Severity: WARN

Row f17d4640-5b09-4175-bdbd-a8a5d4de0cba — How can I support my partner who has depression?
  Field: when_to_reach_out
  Issue: opening may rely on prior context (spot-check)
  Severity: WARN

Row f17d4640-5b09-4175-bdbd-a8a5d4de0cba — How can I support my partner who has depression?
  Field: word_count
  Issue: combined body 561 words (target 350–550)
Row ec3a16dc-8d1c-4d17-a1b6-a4b59247a88b — How do I help a family member who has a personality disorde…
  Field: when_to_reach_out
  Issue: opening may rely on prior context (spot-check)
  Severity: WARN

Row ecb5d407-82a4-4886-bef1-a1430a963043 — How do I find meaning in life when traditional religion doe…
  Field: primary_term
  Issue: does not clearly match condition in question
  Severity: WARN

Row ecb5d407-82a4-4886-bef1-a1430a963043 — How do I find meaning in life when traditional religion doe…
  Field: what_can_help
  Issue: opening may rely on prior context (spot-check)
  Severity: WARN

Row ece32b7e-758f-4f8d-be44-3c34e05c3e20 — How do I deal with feeling like I'm betraying my ancestors …
  Field: what_can_help
  Issue: opening may rely on prior context (spot-check)
  Severity: WARN

Row ece32b7e-758f-4f8d-be44-3c34e05c3e20 — How do I deal with feeling like I'm betraying my ancestors …
  Field: word_count
  Issue: combined body 595 words (target 350–550)
  Severity: WARN

Row ed088597-01cf-42c1-bbdb-5a73eb09a9c0 — Can I still be spiritual without being religious?
  Field: what_can_help
  Issue: opening may rely on prior context (spot-check)
  Severity: WARN

Row ed088597-01cf-42c1-bbdb-5a73eb09a9c0 — Can I still be spiritual without being religious?
  Field: when_to_reach_out
  Issue: opening may rely on prior context (spot-check)
  Severity: WARN

Row ed41139f-4670-478d-88ad-cbfa451104e3 — How do I know if I need professional help for my anxiety?
  Field: word_count
  Issue: combined body 593 words (target 350–550)
  Severity: WARN

Row ed667115-dcf5-4240-a8b3-59b1230f67b5 — What should I do if my partner always takes their family's …
  Field: when_to_reach_out
  Issue: opening may rely on prior context (spot-check)
  Severity: WARN

Row ed688936-062f-4d4c-b76f-8720104fcd48 — Can AI make me feel like my creativity does not matter?
  Field: primary_term
  Issue: does not clearly match condition in question
  Severity: WARN

Row ed6ed102-f87e-4dc1-bca7-d927a8424ae7 — What should I do after a relapse in recovery?
  Field: when_to_reach_out
  Issue: opening may rely on prior context (spot-check)
  Severity: WARN

Row edb24210-be4b-47ef-a617-1a993ab75926 — What is seasonal depression and how do I treat it?
  Field: when_to_reach_out
  Issue: opening may rely on prior context (spot-check)
  Severity: WARN

Row eeb6ec3f-c62d-4a1e-91c0-a2fec9f6ddd8 — Why am I so anxious about AI replacing my job?
  Field: primary_term
  Issue: does not clearly match condition in question
  Severity: WARN

Row eeb6ec3f-c62d-4a1e-91c0-a2fec9f6ddd8 — Why am I so anxious about AI replacing my job?
  Field: word_count
  Issue: combined body 589 words (target 350–550)
  Severity: WARN

Row ef8af811-289c-46fa-8478-69aaec88176a — What does it mean to be autistic as an adult?
  Field: primary_term
  Issue: does not clearly match condition in question
  Severity: WARN

Row ef8af811-289c-46fa-8478-69aaec88176a — What does it mean to be autistic as an adult?
  Field: what_can_help
  Issue: opening may rely on prior context (spot-check)
  Severity: WARN

Row ef8af811-289c-46fa-8478-69aaec88176a — What does it mean to be autistic as an adult?
  Field: when_to_reach_out
  Issue: opening may rely on prior context (spot-check)
  Severity: WARN

Row ef8af811-289c-46fa-8478-69aaec88176a — What does it mean to be autistic as an adult?
  Field: word_count
  Issue: combined body 567 words (target 350–550)
  Severity: WARN

Row efa0b397-be72-4a6e-98f1-e2ab47311ec5 — How can I communicate better with someone who has a differe…
  Field: when_to_reach_out
  Issue: opening may rely on prior context (spot-check)
  Severity: WARN

Row efa0b397-be72-4a6e-98f1-e2ab47311ec5 — How can I communicate better with someone who has a differe…
  Field: word_count
  Issue: combined body 580 words (target 350–550)
  Severity: WARN

Row f06c9dcf-0315-41a6-bd10-80f179e41193 — How do I apologize effectively when I've hurt someone?
  Field: when_to_reach_out
  Issue: opening may rely on prior context (spot-check)
  Severity: WARN

Row f0967d8a-8a50-48fb-9976-60dcd5ed5c57 — Is it normal to lose sleep over money worries?
  Field: primary_term
  Issue: does not clearly match condition in question
  Severity: WARN

Row f0967d8a-8a50-48fb-9976-60dcd5ed5c57 — Is it normal to lose sleep over money worries?
  Field: what_can_help
  Issue: opening may rely on prior context (spot-check)
  Severity: WARN

Row f0aba38f-2a6c-4721-a536-e3d661f53433 — What are some healthy ways to celebrate milestones in recov…
  Field: what_can_help
  Issue: opening may rely on prior context (spot-check)
  Severity: WARN

Row f0aba38f-2a6c-4721-a536-e3d661f53433 — What are some healthy ways to celebrate milestones in recov…
  Field: when_to_reach_out
  Issue: opening may rely on prior context (spot-check)
  Severity: WARN

Row f0aba38f-2a6c-4721-a536-e3d661f53433 — What are some healthy ways to celebrate milestones in recov…
  Field: word_count
  Issue: combined body 589 words (target 350–550)
  Severity: WARN

Row f0ee5173-e394-473e-b8c0-5d9d099d51d0 — How can I tell if an AI conversation is making me paranoid?
  Field: primary_term
  Issue: does not clearly match condition in question
  Severity: WARN

Row f0ee5173-e394-473e-b8c0-5d9d099d51d0 — How can I tell if an AI conversation is making me paranoid?
  Field: when_to_reach_out
  Issue: opening may rely on prior context (spot-check)
  Severity: WARN

Row f108a5d8-c8be-4b13-9dd9-834176c985e5 — Why do I feel empty even when good things happen?
  Field: primary_term
  Issue: does not clearly match condition in question
  Severity: WARN

Row f17d4640-5b09-4175-bdbd-a8a5d4de0cba — How can I support my partner who has depression?
  Field: when_to_reach_out
  Issue: opening may rely on prior context (spot-check)
  Severity: WARN

Row f17d4640-5b09-4175-bdbd-a8a5d4de0cba — How can I support my partner who has depression?
  Field: word_count
  Issue: combined body 561 words (target 350–550)
  Severity: WARN

Row f2449ae9-2637-4f89-81cd-432a15596208 — How do I know if I have postpartum depression versus baby b…
  Field: when_to_reach_out
  Issue: opening may rely on prior context (spot-check)
  Severity: WARN

Row f26e753d-ace2-493f-97c8-393e596b3583 — How do I tell if I'm depressed or just going through a roug…
  Field: primary_term
  Issue: does not clearly match condition in question
  Severity: WARN

Row f26e753d-ace2-493f-97c8-393e596b3583 — How do I tell if I'm depressed or just going through a roug…
  Field: what_can_help
  Issue: opening may rely on prior context (spot-check)
  Severity: WARN

Row f278337a-b677-4289-9ebe-e97ef38b3f0a — How do I stay mentally healthy while learning AI tools for …
  Field: when_to_reach_out
  Issue: opening may rely on prior context (spot-check)
  Severity: WARN

Row f27f780a-6244-441b-bd9e-dd12d45d7021 — What's the best way to talk to my child about difficult top…
  Field: what_can_help
  Issue: opening may rely on prior context (spot-check)
  Severity: WARN

Row f27f780a-6244-441b-bd9e-dd12d45d7021 — What's the best way to talk to my child about difficult top…
  Field: when_to_reach_out
  Issue: opening may rely on prior context (spot-check)
  Severity: WARN

Row f2449ae9-2637-4f89-81cd-432a15596208 — How do I know if I have postpartum depression versus baby b…
  Field: when_to_reach_out
  Issue: opening may rely on prior context (spot-check)
  Severity: WARN

Row f26e753d-ace2-493f-97c8-393e596b3583 — How do I tell if I'm depressed or just going through a roug…
  Field: primary_term
  Issue: does not clearly match condition in question
  Severity: WARN

Row f26e753d-ace2-493f-97c8-393e596b3583 — How do I tell if I'm depressed or just going through a roug…
  Field: what_can_help
  Issue: opening may rely on prior context (spot-check)
  Severity: WARN

Row f278337a-b677-4289-9ebe-e97ef38b3f0a — How do I stay mentally healthy while learning AI tools for …
  Field: when_to_reach_out
  Issue: opening may rely on prior context (spot-check)
  Severity: WARN

Row f27f780a-6244-441b-bd9e-dd12d45d7021 — What's the best way to talk to my child about difficult top…
  Field: what_can_help
  Issue: opening may rely on prior context (spot-check)
  Severity: WARN

  Severity: WARN

Row f2957bd0-cc9b-45ed-a996-94eca605ae97 — Why does my anxiety get worse when I try to relax?
  Field: when_to_reach_out
  Issue: opening may rely on prior context (spot-check)
  Severity: WARN

Row f3875840-d72f-4c5f-bcaa-ab305829c900 — Why do I feel guilty about losing my native language?
Row f27f780a-6244-441b-bd9e-dd12d45d7021 — What's the best way to talk to my child about difficult top…
  Field: when_to_reach_out
  Issue: opening may rely on prior context (spot-check)
  Severity: WARN

Row f2957bd0-cc9b-45ed-a996-94eca605ae97 — Why does my anxiety get worse when I try to relax?
  Field: when_to_reach_out
  Issue: opening may rely on prior context (spot-check)
  Severity: WARN

Row f3875840-d72f-4c5f-bcaa-ab305829c900 — Why do I feel guilty about losing my native language?
  Field: what_can_help
  Issue: opening may rely on prior context (spot-check)
  Severity: WARN

Row f3875840-d72f-4c5f-bcaa-ab305829c900 — Why do I feel guilty about losing my native language?
  Field: word_count
  Issue: combined body 583 words (target 350–550)
  Severity: WARN

Row f398ed7c-b15a-4dc5-b5f3-56319c9e89d9 — How do I deal with the pressure to be constantly productive…
  Field: when_to_reach_out
  Issue: opening may rely on prior context (spot-check)
  Severity: WARN

Row f398ed7c-b15a-4dc5-b5f3-56319c9e89d9 — How do I deal with the pressure to be constantly productive…
  Field: word_count
  Issue: combined body 590 words (target 350–550)
  Severity: WARN

Row f4241a47-1cfa-495f-8d2c-2b5075952286 — Why do I feel so different from my parents?
  Field: what_can_help
  Issue: opening may rely on prior context (spot-check)
  Severity: WARN

Row f4c9f6a1-5955-4a7b-aa0a-7390912366aa — How do I stop myself from saying hurtful things when I'm an…
  Field: what_can_help
  Issue: opening may rely on prior context (spot-check)
  Severity: WARN

Row f3875840-d72f-4c5f-bcaa-ab305829c900 — Why do I feel guilty about losing my native language?
  Field: word_count
  Issue: combined body 583 words (target 350–550)
  Severity: WARN

Row f398ed7c-b15a-4dc5-b5f3-56319c9e89d9 — How do I deal with the pressure to be constantly productive…
  Field: when_to_reach_out
  Issue: opening may rely on prior context (spot-check)
  Severity: WARN

Row f398ed7c-b15a-4dc5-b5f3-56319c9e89d9 — How do I deal with the pressure to be constantly productive…
  Field: word_count
  Issue: combined body 590 words (target 350–550)
  Severity: WARN

Row f4241a47-1cfa-495f-8d2c-2b5075952286 — Why do I feel so different from my parents?
  Field: what_can_help
  Issue: opening may rely on prior context (spot-check)
  Severity: WARN

Row f4c9f6a1-5955-4a7b-aa0a-7390912366aa — How do I stop myself from saying hurtful things when I'm an…
  Field: when_to_reach_out
  Issue: opening may rely on prior context (spot-check)
  Severity: WARN

Row f4e9c072-b715-4eef-97b3-cf8d7d20db9b — Is my constant need to talk to an AI a form of emotional av…
  Field: what_can_help
  Issue: opening may rely on prior context (spot-check)
  Severity: WARN

Row f4e9c072-b715-4eef-97b3-cf8d7d20db9b — Is my constant need to talk to an AI a form of emotional av…
  Field: when_to_reach_out
  Issue: opening may rely on prior context (spot-check)
  Severity: WARN

Row f4e9c072-b715-4eef-97b3-cf8d7d20db9b — Is my constant need to talk to an AI a form of emotional av…
  Field: word_count
  Issue: combined body 583 words (target 350–550)
  Severity: WARN

Row f5843f2e-f654-4731-a2de-4421b037334f — What should I do if talk therapy doesn't seem to be helping…
  Field: when_to_reach_out
  Issue: opening may rely on prior context (spot-check)
  Severity: WARN

Row f5b31a6a-5760-43a5-843a-736b669a0073 — How do I ask for a mental health day without feeling guilty?
  Field: what_can_help
  Issue: opening may rely on prior context (spot-check)
  Severity: WARN

Row f5bf947e-36e7-4b69-b11e-e65c5c0f1b2f — Why does grief come in waves?
  Field: word_count
  Field: when_to_reach_out
  Issue: opening may rely on prior context (spot-check)
  Severity: WARN

Row f4e9c072-b715-4eef-97b3-cf8d7d20db9b — Is my constant need to talk to an AI a form of emotional av…
  Field: what_can_help
  Issue: opening may rely on prior context (spot-check)
  Severity: WARN

Row f4e9c072-b715-4eef-97b3-cf8d7d20db9b — Is my constant need to talk to an AI a form of emotional av…
  Field: when_to_reach_out
  Issue: opening may rely on prior context (spot-check)
  Severity: WARN

Row f4e9c072-b715-4eef-97b3-cf8d7d20db9b — Is my constant need to talk to an AI a form of emotional av…
  Field: word_count
  Issue: combined body 583 words (target 350–550)
  Severity: WARN

Row f5843f2e-f654-4731-a2de-4421b037334f — What should I do if talk therapy doesn't seem to be helping…
  Field: when_to_reach_out
  Issue: opening may rely on prior context (spot-check)
  Severity: WARN

Row f5b31a6a-5760-43a5-843a-736b669a0073 — How do I ask for a mental health day without feeling guilty?
  Field: what_can_help
  Issue: opening may rely on prior context (spot-check)
  Severity: WARN

Row f5bf947e-36e7-4b69-b11e-e65c5c0f1b2f — Why does grief come in waves?
  Field: word_count
  Issue: combined body 577 words (target 350–550)
  Severity: WARN

Row f61e63ea-38da-4151-a1f2-c44ac26e94bb — How can I tell the difference between stress and anxiety?
  Field: when_to_reach_out
  Issue: opening may rely on prior context (spot-check)
  Issue: combined body 577 words (target 350–550)
  Severity: WARN

Row f688be18-0acc-4442-a2a1-faccbf93028a — Why do I feel like I'm failing as a parent?
  Field: primary_term
  Issue: does not clearly match condition in question
  Severity: WARN

Row f688be18-0acc-4442-a2a1-faccbf93028a — Why do I feel like I'm failing as a parent?
  Field: when_to_reach_out
  Issue: opening may rely on prior context (spot-check)
  Severity: WARN

Row f6c563e7-d3ce-48c8-aee4-76cb9b572de9 — Why do I feel furious over small things that shouldn't matt…
  Field: primary_term
  Issue: does not clearly match condition in question
  Severity: WARN

Row f6c563e7-d3ce-48c8-aee4-76cb9b572de9 — Why do I feel furious over small things that shouldn't matt…
  Field: what_can_help
  Issue: opening may rely on prior context (spot-check)
  Severity: WARN

Row f6c563e7-d3ce-48c8-aee4-76cb9b572de9 — Why do I feel furious over small things that shouldn't matt…
  Field: when_to_reach_out
  Severity: WARN

Row f61e63ea-38da-4151-a1f2-c44ac26e94bb — How can I tell the difference between stress and anxiety?
  Field: when_to_reach_out
  Issue: opening may rely on prior context (spot-check)
  Severity: WARN

Row f688be18-0acc-4442-a2a1-faccbf93028a — Why do I feel like I'm failing as a parent?
  Field: primary_term
  Issue: does not clearly match condition in question
  Severity: WARN

Row f688be18-0acc-4442-a2a1-faccbf93028a — Why do I feel like I'm failing as a parent?
  Field: when_to_reach_out
  Issue: opening may rely on prior context (spot-check)
  Severity: WARN

Row f6c563e7-d3ce-48c8-aee4-76cb9b572de9 — Why do I feel furious over small things that shouldn't matt…
  Field: primary_term
  Issue: does not clearly match condition in question
  Severity: WARN

Row f6c563e7-d3ce-48c8-aee4-76cb9b572de9 — Why do I feel furious over small things that shouldn't matt…
  Field: what_can_help
  Issue: opening may rely on prior context (spot-check)
  Severity: WARN

Row f6c563e7-d3ce-48c8-aee4-76cb9b572de9 — Why do I feel furious over small things that shouldn't matt…
  Field: when_to_reach_out
  Issue: opening may rely on prior context (spot-check)
  Severity: WARN

Row f6c563e7-d3ce-48c8-aee4-76cb9b572de9 — Why do I feel furious over small things that shouldn't matt…
  Field: word_count
  Issue: combined body 572 words (target 350–550)
  Severity: WARN

Row f6d7d8b6-ccde-4c2c-bcd2-2b197ce9f673 — How do I communicate better with my partner during argument…
  Field: what_can_help
  Issue: opening may rely on prior context (spot-check)
  Severity: WARN

  Issue: opening may rely on prior context (spot-check)
  Severity: WARN

Row f6e6ad70-80a5-492b-af8b-76eb5727509e — How do I stay sober when all my friends drink?
  Field: primary_term
  Issue: does not clearly match condition in question
  Severity: WARN

Row f6e6ad70-80a5-492b-af8b-76eb5727509e — How do I stay sober when all my friends drink?
  Field: what_can_help
  Issue: opening may rely on prior context (spot-check)
  Severity: WARN

Row f6e6ad70-80a5-492b-af8b-76eb5727509e — How do I stay sober when all my friends drink?
  Field: when_to_reach_out
  Issue: opening may rely on prior context (spot-check)
  Severity: WARN

Row f6c563e7-d3ce-48c8-aee4-76cb9b572de9 — Why do I feel furious over small things that shouldn't matt…
  Field: word_count
  Issue: combined body 572 words (target 350–550)
  Severity: WARN

Row f6d7d8b6-ccde-4c2c-bcd2-2b197ce9f673 — How do I communicate better with my partner during argument…
  Field: what_can_help
  Issue: opening may rely on prior context (spot-check)
  Severity: WARN

Row f6e6ad70-80a5-492b-af8b-76eb5727509e — How do I stay sober when all my friends drink?
  Field: primary_term
  Issue: does not clearly match condition in question
  Severity: WARN

Row f6e6ad70-80a5-492b-af8b-76eb5727509e — How do I stay sober when all my friends drink?
  Field: what_can_help
  Issue: opening may rely on prior context (spot-check)
  Severity: WARN

Row f6e6ad70-80a5-492b-af8b-76eb5727509e — How do I stay sober when all my friends drink?
  Field: when_to_reach_out
  Issue: opening may rely on prior context (spot-check)
Row f6eab562-511b-406a-85d6-72c436f3f854 — Why do I feel anxious when things are going well in my life?
  Field: when_to_reach_out
  Issue: opening may rely on prior context (spot-check)
  Severity: WARN

Row f70050ec-6713-462e-82f8-c7694a2ebec1 — How do I deal with feeling like I'm not interesting enough?
  Field: what_can_help
  Issue: opening may rely on prior context (spot-check)
  Severity: WARN

Row f71ccd07-d326-48c9-b5a2-4ebefec54d1a — How do I help a family member who has severe depression but…
  Field: when_to_reach_out
  Issue: opening may rely on prior context (spot-check)
  Severity: WARN

Row f72fd755-8d1b-4d94-a525-0a82545a753c — Can people get addicted to AI chatbots or virtual companion…
  Field: what_can_help
  Issue: opening may rely on prior context (spot-check)
  Severity: WARN

Row f73546bd-6214-4308-b103-614c9c19d09c — How do I discipline my child without damaging our relations…
  Field: what_can_help
  Issue: opening may rely on prior context (spot-check)
  Severity: WARN

  Severity: WARN

Row f6eab562-511b-406a-85d6-72c436f3f854 — Why do I feel anxious when things are going well in my life?
  Field: when_to_reach_out
  Issue: opening may rely on prior context (spot-check)
  Severity: WARN

Row f70050ec-6713-462e-82f8-c7694a2ebec1 — How do I deal with feeling like I'm not interesting enough?
  Field: what_can_help
  Issue: opening may rely on prior context (spot-check)
  Severity: WARN

Row f71ccd07-d326-48c9-b5a2-4ebefec54d1a — How do I help a family member who has severe depression but…
  Field: when_to_reach_out
  Issue: opening may rely on prior context (spot-check)
  Severity: WARN

Row f72fd755-8d1b-4d94-a525-0a82545a753c — Can people get addicted to AI chatbots or virtual companion…
  Field: what_can_help
  Issue: opening may rely on prior context (spot-check)
  Severity: WARN

Row f73546bd-6214-4308-b103-614c9c19d09c — How do I discipline my child without damaging our relations…
  Field: what_can_help
  Issue: opening may rely on prior context (spot-check)
Row f73546bd-6214-4308-b103-614c9c19d09c — How do I discipline my child without damaging our relations…
  Field: when_to_reach_out
  Issue: opening may rely on prior context (spot-check)
  Severity: WARN

Row f73546bd-6214-4308-b103-614c9c19d09c — How do I discipline my child without damaging our relations…
  Field: word_count
  Issue: combined body 596 words (target 350–550)
  Severity: WARN

  Severity: WARN

Row f73546bd-6214-4308-b103-614c9c19d09c — How do I discipline my child without damaging our relations…
  Field: when_to_reach_out
  Issue: opening may rely on prior context (spot-check)
  Severity: WARN

Row f73546bd-6214-4308-b103-614c9c19d09c — How do I discipline my child without damaging our relations…
  Field: word_count
  Issue: combined body 596 words (target 350–550)
Row f76272e7-cf31-419f-983a-1c0725d62543 — Why does everyone else seem to move on while I'm still grie…
  Field: primary_term
  Issue: does not clearly match condition in question
  Severity: WARN

Row f76272e7-cf31-419f-983a-1c0725d62543 — Why does everyone else seem to move on while I'm still grie…
  Severity: WARN

  Field: what_can_help
  Issue: opening may rely on prior context (spot-check)
  Severity: WARN

Row f7c3dda2-837c-450f-849d-e1a0e539cfdc — How do I handle grief during holidays and special occasions?
  Field: when_to_reach_out
  Issue: opening may rely on prior context (spot-check)
Row f76272e7-cf31-419f-983a-1c0725d62543 — Why does everyone else seem to move on while I'm still grie…
  Field: primary_term
  Issue: does not clearly match condition in question
  Severity: WARN

Row f76272e7-cf31-419f-983a-1c0725d62543 — Why does everyone else seem to move on while I'm still grie…
  Severity: WARN

Row f7dd82bc-8d63-41e8-8984-e7354e2f9fb4 — What should I do if my partner doesn't listen to me?
  Field: primary_term
  Issue: does not clearly match condition in question
  Severity: WARN
  Field: what_can_help
  Issue: opening may rely on prior context (spot-check)
  Severity: WARN

Row f7c3dda2-837c-450f-849d-e1a0e539cfdc — How do I handle grief during holidays and special occasions?
  Field: when_to_reach_out
  Issue: opening may rely on prior context (spot-check)

Row f7dd82bc-8d63-41e8-8984-e7354e2f9fb4 — What should I do if my partner doesn't listen to me?
  Field: when_to_reach_out
  Issue: opening may rely on prior context (spot-check)
  Severity: WARN

Row f8bb7b0d-ae2c-4299-a6a5-78b4e1f15484 — Why do I feel like I'm betraying my family by going to ther…
  Severity: WARN

Row f7dd82bc-8d63-41e8-8984-e7354e2f9fb4 — What should I do if my partner doesn't listen to me?
  Field: primary_term
  Issue: does not clearly match condition in question
  Severity: WARN
  Field: what_can_help
  Issue: opening may rely on prior context (spot-check)
  Severity: WARN

Row f8bb7b0d-ae2c-4299-a6a5-78b4e1f15484 — Why do I feel like I'm betraying my family by going to ther…
  Field: when_to_reach_out

Row f7dd82bc-8d63-41e8-8984-e7354e2f9fb4 — What should I do if my partner doesn't listen to me?
  Field: when_to_reach_out
  Issue: opening may rely on prior context (spot-check)
  Severity: WARN

Row f8bb7b0d-ae2c-4299-a6a5-78b4e1f15484 — Why do I feel like I'm betraying my family by going to ther…
  Issue: opening may rely on prior context (spot-check)
  Severity: WARN

Row f8bb7b0d-ae2c-4299-a6a5-78b4e1f15484 — Why do I feel like I'm betraying my family by going to ther…
  Field: word_count
  Issue: combined body 571 words (target 350–550)
  Severity: WARN
  Field: what_can_help
  Issue: opening may rely on prior context (spot-check)
  Severity: WARN

Row f8bb7b0d-ae2c-4299-a6a5-78b4e1f15484 — Why do I feel like I'm betraying my family by going to ther…
  Field: when_to_reach_out

Row f93e5cd1-7f3e-48bc-8289-22f70fbdab2d — How do I deal with social media affecting my mental health?
  Field: what_can_help
  Issue: opening may rely on prior context (spot-check)
  Severity: WARN

Row f93e5cd1-7f3e-48bc-8289-22f70fbdab2d — How do I deal with social media affecting my mental health?
  Issue: opening may rely on prior context (spot-check)
  Severity: WARN

Row f8bb7b0d-ae2c-4299-a6a5-78b4e1f15484 — Why do I feel like I'm betraying my family by going to ther…
  Field: word_count
  Issue: combined body 571 words (target 350–550)
  Severity: WARN
  Field: when_to_reach_out
  Issue: opening may rely on prior context (spot-check)
  Severity: WARN

Row f94fdc4b-177e-4d14-86e5-5edf645eb504 — How do I tell my friends I'm sober without making it weird?
  Field: when_to_reach_out

Row f93e5cd1-7f3e-48bc-8289-22f70fbdab2d — How do I deal with social media affecting my mental health?
  Field: what_can_help
  Issue: opening may rely on prior context (spot-check)
  Severity: WARN

Row f93e5cd1-7f3e-48bc-8289-22f70fbdab2d — How do I deal with social media affecting my mental health?
  Issue: opening may rely on prior context (spot-check)
  Severity: WARN

Row f9639ede-bead-4bbf-b0fc-452e0b6ca4fb — How do I deal with cravings in recovery?
  Field: when_to_reach_out
  Issue: opening may rely on prior context (spot-check)
  Field: when_to_reach_out
  Issue: opening may rely on prior context (spot-check)
  Severity: WARN

Row f94fdc4b-177e-4d14-86e5-5edf645eb504 — How do I tell my friends I'm sober without making it weird?
  Field: when_to_reach_out
  Severity: WARN

Row f96744e2-f476-4423-b9aa-b585bb0e87a1 — How do I stop being a people-pleaser and start putting my o…
  Field: primary_term
  Issue: does not clearly match condition in question
  Severity: WARN

  Issue: opening may rely on prior context (spot-check)
  Severity: WARN

Row f9639ede-bead-4bbf-b0fc-452e0b6ca4fb — How do I deal with cravings in recovery?
  Field: when_to_reach_out
  Issue: opening may rely on prior context (spot-check)
  Severity: WARN

Row f96744e2-f476-4423-b9aa-b585bb0e87a1 — How do I stop being a people-pleaser and start putting my o…
  Field: primary_term
  Issue: does not clearly match condition in question
  Severity: WARN

Row f975c1cf-9654-4b2c-8449-7b2f9bde2739 — Why do I feel like I'm failing at everything?
  Field: primary_term
  Issue: does not clearly match condition in question
  Severity: WARN

Row f9791f94-f24d-4db0-bd3a-edc7e0697642 — Why do I feel like I'm always performing instead of just be…
  Field: primary_term
  Issue: does not clearly match condition in question
  Severity: WARN

Row f9b3d91a-a259-480f-a882-6326908e4e8b — Why do I get triggered by things that seem harmless to othe…
  Field: primary_term
  Issue: does not clearly match condition in question
  Severity: WARN

Row f9ba5325-7508-484b-9fc0-7f58b3671a8d — How do I know if I need to be hospitalized for depression?
  Field: what_can_help
  Issue: opening may rely on prior context (spot-check)
  Severity: WARN

Row f9ba5325-7508-484b-9fc0-7f58b3671a8d — How do I know if I need to be hospitalized for depression?
  Field: when_to_reach_out
  Issue: opening may rely on prior context (spot-check)
Row f975c1cf-9654-4b2c-8449-7b2f9bde2739 — Why do I feel like I'm failing at everything?
  Field: primary_term
  Issue: does not clearly match condition in question
  Severity: WARN

Row f9791f94-f24d-4db0-bd3a-edc7e0697642 — Why do I feel like I'm always performing instead of just be…
  Field: primary_term
  Issue: does not clearly match condition in question
  Severity: WARN

Row f9b3d91a-a259-480f-a882-6326908e4e8b — Why do I get triggered by things that seem harmless to othe…
  Field: primary_term
  Issue: does not clearly match condition in question
  Severity: WARN

Row f9ba5325-7508-484b-9fc0-7f58b3671a8d — How do I know if I need to be hospitalized for depression?
  Field: what_can_help
  Issue: opening may rely on prior context (spot-check)
  Severity: WARN

  Severity: WARN

Row fa23a887-2d93-451c-9743-9b80b0374672 — What do I do when my family rejects me for questioning reli…
Row f9ba5325-7508-484b-9fc0-7f58b3671a8d — How do I know if I need to be hospitalized for depression?
  Field: when_to_reach_out
  Issue: opening may rely on prior context (spot-check)
  Field: what_can_help
  Issue: opening may rely on prior context (spot-check)
  Severity: WARN

Row fa23a887-2d93-451c-9743-9b80b0374672 — What do I do when my family rejects me for questioning reli…
  Field: word_count
  Issue: combined body 590 words (target 350–550)
  Severity: WARN
  Severity: WARN

Row fa23a887-2d93-451c-9743-9b80b0374672 — What do I do when my family rejects me for questioning reli…

Row fb610607-24ae-4c09-bc58-2693249de97d — How do I communicate better with my teenager?
  Field: primary_term
  Issue: does not clearly match condition in question
  Severity: WARN

  Field: what_can_help
  Issue: opening may rely on prior context (spot-check)
  Severity: WARN

Row fa23a887-2d93-451c-9743-9b80b0374672 — What do I do when my family rejects me for questioning reli…
  Field: word_count
  Issue: combined body 590 words (target 350–550)
  Severity: WARN
Row fb610607-24ae-4c09-bc58-2693249de97d — How do I communicate better with my teenager?
  Field: when_to_reach_out
  Issue: opening may rely on prior context (spot-check)
  Severity: WARN

Row fbb0850c-5927-4cfe-86a7-757ba0445fd6 — How do I deal with feeling behind in life compared to my pe…
  Field: what_can_help

Row fb610607-24ae-4c09-bc58-2693249de97d — How do I communicate better with my teenager?
  Field: primary_term
  Issue: does not clearly match condition in question
  Severity: WARN

  Issue: opening may rely on prior context (spot-check)
  Severity: WARN

Row fbb0850c-5927-4cfe-86a7-757ba0445fd6 — How do I deal with feeling behind in life compared to my pe…
  Field: when_to_reach_out
  Issue: opening may rely on prior context (spot-check)
Row fb610607-24ae-4c09-bc58-2693249de97d — How do I communicate better with my teenager?
  Field: when_to_reach_out
  Issue: opening may rely on prior context (spot-check)
  Severity: WARN

Row fbb0850c-5927-4cfe-86a7-757ba0445fd6 — How do I deal with feeling behind in life compared to my pe…
  Field: what_can_help
  Severity: WARN

Row fbdeb2d2-a224-43a1-9d96-f6fde8c8477c — How do I handle the stress of retraining for a new career a…
  Field: when_to_reach_out
  Issue: opening may rely on prior context (spot-check)
  Severity: WARN

  Issue: opening may rely on prior context (spot-check)
  Severity: WARN

Row fbb0850c-5927-4cfe-86a7-757ba0445fd6 — How do I deal with feeling behind in life compared to my pe…
  Field: when_to_reach_out
  Issue: opening may rely on prior context (spot-check)
Row fc41c121-7ac8-45cc-b5e8-d73db9c4c341 — Why do I feel like I'm always the one who has to initiate p…
  Field: primary_term
  Issue: does not clearly match condition in question
  Severity: WARN

Row fc41c121-7ac8-45cc-b5e8-d73db9c4c341 — Why do I feel like I'm always the one who has to initiate p…
  Severity: WARN

Row fbdeb2d2-a224-43a1-9d96-f6fde8c8477c — How do I handle the stress of retraining for a new career a…
  Field: when_to_reach_out
  Issue: opening may rely on prior context (spot-check)
  Severity: WARN

  Field: what_can_help
  Issue: opening may rely on prior context (spot-check)
  Severity: WARN

Row fc41c121-7ac8-45cc-b5e8-d73db9c4c341 — Why do I feel like I'm always the one who has to initiate p…
  Field: word_count
  Issue: combined body 577 words (target 350–550)
Row fc41c121-7ac8-45cc-b5e8-d73db9c4c341 — Why do I feel like I'm always the one who has to initiate p…
  Field: primary_term
  Issue: does not clearly match condition in question
  Severity: WARN

Row fc41c121-7ac8-45cc-b5e8-d73db9c4c341 — Why do I feel like I'm always the one who has to initiate p…
  Field: what_can_help
  Issue: opening may rely on prior context (spot-check)
  Severity: WARN

Row fc41c121-7ac8-45cc-b5e8-d73db9c4c341 — Why do I feel like I'm always the one who has to initiate p…
  Field: word_count
  Issue: combined body 577 words (target 350–550)
  Severity: WARN

Row fc441d9a-c0d5-4af2-b0be-e268e4731483 — What are the signs of emotional abuse in a relationship?
  Field: what_can_help
  Issue: opening may rely on prior context (spot-check)
  Severity: WARN

Row fc441d9a-c0d5-4af2-b0be-e268e4731483 — What are the signs of emotional abuse in a relationship?
  Field: when_to_reach_out
  Severity: WARN

Row fc441d9a-c0d5-4af2-b0be-e268e4731483 — What are the signs of emotional abuse in a relationship?
  Field: what_can_help
  Issue: opening may rely on prior context (spot-check)
  Severity: WARN
  Issue: opening may rely on prior context (spot-check)

Row fc441d9a-c0d5-4af2-b0be-e268e4731483 — What are the signs of emotional abuse in a relationship?
  Field: when_to_reach_out
  Issue: opening may rely on prior context (spot-check)
  Severity: WARN

  Severity: WARN

Row fd0fcf37-3e80-4af5-b350-488f8b27d30d — How do I stop feeling like I'm bothering people when I reac…
  Field: primary_term
  Issue: does not clearly match condition in question
  Severity: WARN
Row fd0fcf37-3e80-4af5-b350-488f8b27d30d — How do I stop feeling like I'm bothering people when I reac…
  Field: primary_term
  Issue: does not clearly match condition in question
  Severity: WARN

Row fd0fcf37-3e80-4af5-b350-488f8b27d30d — How do I stop feeling like I'm bothering people when I reac…
  Field: when_to_reach_out
  Issue: opening may rely on prior context (spot-check)
  Severity: WARN

Row fd1f9f6d-bd16-4bab-b56b-8f3931be6822 — What do I do when I feel like I don't fit in anywhere?
  Field: what_can_help
  Issue: opening may rely on prior context (spot-check)
  Severity: WARN

Row fd1f9f6d-bd16-4bab-b56b-8f3931be6822 — What do I do when I feel like I don't fit in anywhere?
  Field: when_to_reach_out
  Issue: opening may rely on prior context (spot-check)

Row fd0fcf37-3e80-4af5-b350-488f8b27d30d — How do I stop feeling like I'm bothering people when I reac…
  Field: when_to_reach_out
  Issue: opening may rely on prior context (spot-check)
  Severity: WARN

Row fd1f9f6d-bd16-4bab-b56b-8f3931be6822 — What do I do when I feel like I don't fit in anywhere?
  Field: what_can_help
  Issue: opening may rely on prior context (spot-check)
  Severity: WARN

  Severity: WARN

Row fd494471-5272-492e-a7fb-095b94f1d9b8 — How can I learn to love myself?
  Field: primary_term
  Issue: does not clearly match condition in question
  Severity: WARN

Row fd494471-5272-492e-a7fb-095b94f1d9b8 — How can I learn to love myself?
  Field: when_to_reach_out
  Issue: opening may rely on prior context (spot-check)
  Severity: WARN

Row fd7a9aa7-2053-4f68-bcb1-74f9d862cf89 — How do I get out of bed when depression makes everything fe…
  Field: what_can_help
  Issue: opening may rely on prior context (spot-check)
Row fd1f9f6d-bd16-4bab-b56b-8f3931be6822 — What do I do when I feel like I don't fit in anywhere?
  Field: when_to_reach_out
  Issue: opening may rely on prior context (spot-check)
  Severity: WARN

  Severity: WARN

Row fd494471-5272-492e-a7fb-095b94f1d9b8 — How can I learn to love myself?
  Field: primary_term
  Issue: does not clearly match condition in question
  Severity: WARN

Row fd494471-5272-492e-a7fb-095b94f1d9b8 — How can I learn to love myself?
  Field: when_to_reach_out
  Issue: opening may rely on prior context (spot-check)
  Severity: WARN

Row fd7a9aa7-2053-4f68-bcb1-74f9d862cf89 — How do I get out of bed when depression makes everything fe…
  Field: what_can_help
  Issue: opening may rely on prior context (spot-check)
Row fd7a9aa7-2053-4f68-bcb1-74f9d862cf89 — How do I get out of bed when depression makes everything fe…
  Field: word_count
  Issue: combined body 576 words (target 350–550)
  Severity: WARN

Row fd992a6a-f71c-4641-8fe0-a164c632b803 — Is it normal to feel nauseous when I'm really anxious?
  Field: primary_term
  Issue: does not clearly match condition in question
  Severity: WARN

  Severity: WARN

Row fda736ab-5fb3-422f-8317-b32afef5ba08 — When should I consider switching antidepressants?
  Field: when_to_reach_out
  Issue: opening may rely on prior context (spot-check)
Row fd7a9aa7-2053-4f68-bcb1-74f9d862cf89 — How do I get out of bed when depression makes everything fe…
  Field: word_count
  Issue: combined body 576 words (target 350–550)
  Severity: WARN

Row fd992a6a-f71c-4641-8fe0-a164c632b803 — Is it normal to feel nauseous when I'm really anxious?
  Field: primary_term
  Issue: does not clearly match condition in question
  Severity: WARN

Row fdb318ba-5480-481f-a33d-0b6eba858350 — What should parents do when siblings fight constantly?
  Field: when_to_reach_out
  Issue: opening may rely on prior context (spot-check)
  Severity: WARN

Row fe1a90bb-bd85-4cc5-b5b4-e3455567cffd — How do I recover from a relationship with someone who had a…
  Severity: WARN

Row fda736ab-5fb3-422f-8317-b32afef5ba08 — When should I consider switching antidepressants?
  Field: when_to_reach_out
  Issue: opening may rely on prior context (spot-check)
  Field: what_can_help
  Issue: opening may rely on prior context (spot-check)
  Severity: WARN

Row fe1a90bb-bd85-4cc5-b5b4-e3455567cffd — How do I recover from a relationship with someone who had a…
  Field: when_to_reach_out
  Issue: opening may rely on prior context (spot-check)
  Severity: WARN
  Severity: WARN

Row fdb318ba-5480-481f-a33d-0b6eba858350 — What should parents do when siblings fight constantly?
  Field: when_to_reach_out
  Issue: opening may rely on prior context (spot-check)
  Severity: WARN

Row fe1a90bb-bd85-4cc5-b5b4-e3455567cffd — How do I recover from a relationship with someone who had a…

Row fe2f8211-9d54-46f3-92a7-1d14b0a4683c — Why do I feel guilty when I say no to people?
  Field: when_to_reach_out
  Issue: opening may rely on prior context (spot-check)
  Severity: WARN

Row fe9ccdb9-17dd-4169-a138-2548f6941e7a — Why do I feel like I'm performing my own life?
  Field: what_can_help
  Issue: opening may rely on prior context (spot-check)
  Severity: WARN

Row fe1a90bb-bd85-4cc5-b5b4-e3455567cffd — How do I recover from a relationship with someone who had a…
  Field: when_to_reach_out
  Issue: opening may rely on prior context (spot-check)
  Severity: WARN
  Field: what_can_help
  Issue: opening may rely on prior context (spot-check)
  Severity: WARN

Row fe9ccdb9-17dd-4169-a138-2548f6941e7a — Why do I feel like I'm performing my own life?
  Field: when_to_reach_out
  Issue: opening may rely on prior context (spot-check)
  Severity: WARN

Row fe2f8211-9d54-46f3-92a7-1d14b0a4683c — Why do I feel guilty when I say no to people?
  Field: when_to_reach_out
  Issue: opening may rely on prior context (spot-check)
  Severity: WARN

Row fe9ccdb9-17dd-4169-a138-2548f6941e7a — Why do I feel like I'm performing my own life?

Row feb92937-e514-4ad7-8dd2-47d3f206dcd2 — What should I do when someone shuts down during conflict?
  Field: what_can_help
  Issue: opening may rely on prior context (spot-check)
  Severity: WARN

Row fec108b9-dcff-488a-bd1e-606b6e0a6017 — How do I know if my spiritual experiences are genuine or ju…
  Field: what_can_help
  Issue: opening may rely on prior context (spot-check)
  Severity: WARN

Row fe9ccdb9-17dd-4169-a138-2548f6941e7a — Why do I feel like I'm performing my own life?
  Field: when_to_reach_out
  Issue: opening may rely on prior context (spot-check)
  Severity: WARN
  Field: when_to_reach_out
  Issue: opening may rely on prior context (spot-check)
  Severity: WARN

Row feecef14-df70-4a5c-8bdb-b95869f8bd4b — How do I stop feeling jealous of people who seem to have lo…
  Field: primary_term
  Issue: does not clearly match condition in question
  Severity: WARN

Row feb92937-e514-4ad7-8dd2-47d3f206dcd2 — What should I do when someone shuts down during conflict?
  Field: what_can_help
  Issue: opening may rely on prior context (spot-check)
  Severity: WARN

Row fec108b9-dcff-488a-bd1e-606b6e0a6017 — How do I know if my spiritual experiences are genuine or ju…

  Field: when_to_reach_out
  Issue: opening may rely on prior context (spot-check)
  Severity: WARN

Row feecef14-df70-4a5c-8bdb-b95869f8bd4b — How do I stop feeling jealous of people who seem to have lo…
  Field: primary_term
  Issue: does not clearly match condition in question
  Severity: WARN
Row feecef14-df70-4a5c-8bdb-b95869f8bd4b — How do I stop feeling jealous of people who seem to have lo…
  Field: when_to_reach_out
  Issue: opening may rely on prior context (spot-check)
  Severity: WARN


Row feecef14-df70-4a5c-8bdb-b95869f8bd4b — How do I stop feeling jealous of people who seem to have lo…
  Field: key_takeaways[0]
  Issue: 36 words (target 15–35)
  Severity: WARN

Row ff13c859-fa00-45a6-81d5-41677fa204cb — How do I maintain friendships when I'm depressed?
  Field: primary_term
Row feecef14-df70-4a5c-8bdb-b95869f8bd4b — How do I stop feeling jealous of people who seem to have lo…
  Field: when_to_reach_out
  Issue: opening may rely on prior context (spot-check)
  Severity: WARN

  Issue: does not clearly match condition in question
  Severity: WARN

Row ff13c859-fa00-45a6-81d5-41677fa204cb — How do I maintain friendships when I'm depressed?
  Field: word_count
  Issue: combined body 572 words (target 350–550)
  Severity: WARN

Row feecef14-df70-4a5c-8bdb-b95869f8bd4b — How do I stop feeling jealous of people who seem to have lo…
  Field: key_takeaways[0]
  Issue: 36 words (target 15–35)
  Severity: WARN

Row ff13c859-fa00-45a6-81d5-41677fa204cb — How do I maintain friendships when I'm depressed?
  Field: primary_term
  Issue: does not clearly match condition in question
  Severity: WARN

Row ff13c859-fa00-45a6-81d5-41677fa204cb — How do I maintain friendships when I'm depressed?
  Field: word_count
  Issue: combined body 572 words (target 350–550)
  Severity: WARN

Row ffda7cfd-3b00-4a72-9dad-2b6e98a25bc2 — Is it normal to have existential thoughts when I can't slee…
  Field: when_to_reach_out
  Issue: opening may rely on prior context (spot-check)
  Severity: WARN

Row ffda7cfd-3b00-4a72-9dad-2b6e98a25bc2 — Is it normal to have existential thoughts when I can't slee…
  Field: when_to_reach_out
  Issue: opening may rely on prior context (spot-check)
  Severity: WARN

─── SYSTEM PROMPT OBSERVATIONS ───
- 3 rows: word_count — combined body 702 words (target 350–550)
- 3 rows: word_count — combined body 666 words (target 350–550)
- 9 rows: word_count — combined body 673 words (target 350–550)
- 4 rows: canonical_answer — 52 words (max 50)
- 3 rows: word_count — combined body 658 words (target 350–550)
- 6 rows: word_count — combined body 650 words (target 350–550)
- 3 rows: word_count — combined body 724 words (target 350–550)
- 3 rows: word_count — combined body 678 words (target 350–550)
- 3 rows: word_count — combined body 690 words (target 350–550)
- 5 rows: word_count — combined body 629 words (target 350–550)
─── SYSTEM PROMPT OBSERVATIONS ───
- 3 rows: word_count — combined body 702 words (target 350–550)
- 3 rows: word_count — combined body 666 words (target 350–550)
- 9 rows: word_count — combined body 673 words (target 350–550)
- 4 rows: canonical_answer — 52 words (max 50)
- 3 rows: word_count — combined body 658 words (target 350–550)
- 6 rows: word_count — combined body 650 words (target 350–550)
- 3 rows: word_count — combined body 724 words (target 350–550)
- 3 rows: word_count — combined body 678 words (target 350–550)
- 3 rows: word_count — combined body 690 words (target 350–550)
- 7 rows: word_count — combined body 677 words (target 350–550)
- 3 rows: canonical_answer — 54 words (max 50)
- 3 rows: word_count — combined body 655 words (target 350–550)
- 5 rows: word_count — combined body 648 words (target 350–550)
- 4 rows: word_count — combined body 669 words (target 350–550)
- 5 rows: word_count — combined body 629 words (target 350–550)
- 7 rows: word_count — combined body 677 words (target 350–550)
- 3 rows: canonical_answer — 54 words (max 50)
- 3 rows: word_count — combined body 645 words (target 350–550)
- 3 rows: word_count — combined body 655 words (target 350–550)
- 5 rows: word_count — combined body 648 words (target 350–550)
- 4 rows: word_count — combined body 669 words (target 350–550)
- 3 rows: word_count — combined body 721 words (target 350–550)
- 3 rows: word_count — combined body 645 words (target 350–550)
- 3 rows: word_count — combined body 721 words (target 350–550)
- 5 rows: word_count — combined body 642 words (target 350–550)
- 3 rows: word_count — combined body 664 words (target 350–550)
- 3 rows: word_count — combined body 703 words (target 350–550)
- 4 rows: word_count — combined body 624 words (target 350–550)
- 3 rows: word_count — combined body 630 words (target 350–550)
- 3 rows: word_count — combined body 732 words (target 350–550)
- 4 rows: word_count — combined body 691 words (target 350–550)
- 4 rows: word_count — combined body 668 words (target 350–550)
- 4 rows: word_count — combined body 660 words (target 350–550)
- 3 rows: lede — does not open with canonical_answer verbatim
- 6 rows: word_count — combined body 662 words (target 350–550)
- 4 rows: word_count — combined body 653 words (target 350–550)
- 3 rows: word_count — combined body 656 words (target 350–550)
- 3 rows: word_count — combined body 713 words (target 350–550)
- 3 rows: word_count — combined body 707 words (target 350–550)
- 3 rows: word_count — combined body 625 words (target 350–550)
- 3 rows: word_count — combined body 705 words (target 350–550)
- 3 rows: word_count — combined body 667 words (target 350–550)
- 5 rows: word_count — combined body 642 words (target 350–550)
- 3 rows: word_count — combined body 664 words (target 350–550)
- 3 rows: word_count — combined body 703 words (target 350–550)
- 4 rows: word_count — combined body 624 words (target 350–550)
- 3 rows: word_count — combined body 630 words (target 350–550)
- 3 rows: word_count — combined body 732 words (target 350–550)
- 4 rows: word_count — combined body 691 words (target 350–550)
- 4 rows: word_count — combined body 668 words (target 350–550)
- 4 rows: word_count — combined body 660 words (target 350–550)
- 3 rows: word_count — combined body 683 words (target 350–550)
- 3 rows: word_count — combined body 638 words (target 350–550)
- 3 rows: word_count — combined body 612 words (target 350–550)
- 3 rows: lede — does not open with canonical_answer verbatim
- 6 rows: word_count — combined body 662 words (target 350–550)
- 4 rows: word_count — combined body 653 words (target 350–550)
- 3 rows: word_count — combined body 656 words (target 350–550)
- 3 rows: word_count — combined body 713 words (target 350–550)
- 3 rows: word_count — combined body 707 words (target 350–550)
- 3 rows: word_count — combined body 625 words (target 350–550)
- 3 rows: word_count — combined body 705 words (target 350–550)
- 3 rows: word_count — combined body 667 words (target 350–550)
- 3 rows: word_count — combined body 683 words (target 350–550)
- 3 rows: word_count — combined body 706 words (target 350–550)
- 6 rows: word_count — combined body 651 words (target 350–550)
- 3 rows: word_count — combined body 638 words (target 350–550)
- 3 rows: word_count — combined body 612 words (target 350–550)
- 3 rows: word_count — combined body 684 words (target 350–550)
- 3 rows: word_count — combined body 706 words (target 350–550)
- 6 rows: word_count — combined body 651 words (target 350–550)
- 4 rows: word_count — combined body 635 words (target 350–550)
- 3 rows: word_count — combined body 682 words (target 350–550)
- 3 rows: word_count — combined body 684 words (target 350–550)
- 3 rows: word_count — combined body 657 words (target 350–550)
- 3 rows: word_count — combined body 634 words (target 350–550)
- 4 rows: word_count — combined body 635 words (target 350–550)
- 3 rows: word_count — combined body 682 words (target 350–550)
- 3 rows: word_count — combined body 654 words (target 350–550)
- 3 rows: word_count — combined body 687 words (target 350–550)
- 3 rows: word_count — combined body 657 words (target 350–550)
- 3 rows: word_count — combined body 634 words (target 350–550)
- 83 rows: primary_term — does not clearly match condition in question
- 3 rows: word_count — combined body 654 words (target 350–550)
- 3 rows: word_count — combined body 687 words (target 350–550)
- 138 rows: what_can_help — opening may rely on prior context (spot-check)
- 83 rows: primary_term — does not clearly match condition in question
- 209 rows: when_to_reach_out — opening may rely on prior context (spot-check)
- 3 rows: word_count — combined body 569 words (target 350–550)
- 138 rows: what_can_help — opening may rely on prior context (spot-check)
- 209 rows: when_to_reach_out — opening may rely on prior context (spot-check)
- 3 rows: word_count — combined body 569 words (target 350–550)
- 4 rows: word_count — combined body 589 words (target 350–550)
- 3 rows: word_count — combined body 590 words (target 350–550)
- 3 rows: word_count — combined body 595 words (target 350–550)
- 3 rows: word_count — combined body 577 words (target 350–550)

─── RECOMMENDATION ───
HALT — safety or structural failures require human review before any further processing
- 4 rows: word_count — combined body 589 words (target 350–550)
- 3 rows: word_count — combined body 590 words (target 350–550)
- 3 rows: word_count — combined body 595 words (target 350–550)
- 3 rows: word_count — combined body 577 words (target 350–550)

─── RECOMMENDATION ───
HALT — safety or structural failures require human review before any further processing
qa_exit: 0
qa_exit: 0
--- promote dry-run (no --apply) ---
--- promote dry-run (no --apply) ---
{
  "mode": "dry-run",
  "prompt_version": "deeper-health-copywriter-v1",
  "candidates": 1097,
  "promotable": 4,
  "blocked": 1093,
  "allow_warn": false,
  "unpromoted_only": true
}
─── BLOCKED (QA) ───
how-do-i-stop-feeling-like-i-need-to-earn-184730-095 — FAIL
{
  "mode": "dry-run",
  "prompt_version": "deeper-health-copywriter-v1",
  "candidates": 1097,
  "promotable": 4,
  "blocked": 1093,
  "allow_warn": false,
  "unpromoted_only": true
}
─── BLOCKED (QA) ───
how-do-i-stop-feeling-like-i-need-to-earn-184730-095 — FAIL
  lede: contains em-dash
how-do-i-deal-with-feeling-like-i-dont-have-anyone-who-really-gets-me — FAIL
  word_count: combined body 687 words (target 350–550)
what-is-gaslighting-and-how-do-i-recogni-186032-030 — FAIL
  lede: contains em-dash
how-do-i-deal-with-feeling-like-i-dont-have-anyone-who-really-gets-me — FAIL
  word_count: combined body 687 words (target 350–550)
what-is-gaslighting-and-how-do-i-recogni-186032-030 — FAIL
  canonical_answer: contains em-dash
  canonical_answer: contains em-dash
  lede: contains em-dash
  lede: contains em-dash
  word_count: combined body 605 words (target 350–550)
why-do-i-feel-more-anxious-after-using-social-f9g3h7 — FAIL
  lede: does not open with canonical_answer verbatim
  canonical_answer: contains em-dash
  word_count: combined body 658 words (target 350–550)
why-do-i-feel-addicted-to-social-media-validation-v7w2x5 — FAIL
  word_count: combined body 605 words (target 350–550)
why-do-i-feel-more-anxious-after-using-social-f9g3h7 — FAIL
  lede: does not open with canonical_answer verbatim
  canonical_answer: contains em-dash
  word_count: combined body 658 words (target 350–550)
why-do-i-feel-addicted-to-social-media-validation-v7w2x5 — FAIL
  lede: contains em-dash
  lede: contains em-dash
  word_count: combined body 623 words (target 350–550)
how-do-i-overcome-perfectionism-at-work-186032-040 — FAIL
  word_count: combined body 623 words (target 350–550)
  canonical_answer: contains em-dash
  lede: contains em-dash
  word_count: combined body 722 words (target 350–550)
how-do-i-overcome-perfectionism-at-work-186032-040 — FAIL
what-role-does-exercise-play-in-treating-depression — FAIL
  canonical_answer: contains em-dash
  lede: contains em-dash
  word_count: combined body 722 words (target 350–550)
  canonical_answer: contains em-dash
  lede: contains em-dash
what-role-does-exercise-play-in-treating-depression — FAIL
  word_count: combined body 632 words (target 350–550)
  canonical_answer: contains em-dash
  lede: contains em-dash
what-if-im-struggling-with-both-addiction-and-mental-health-issues — FAIL
  canonical_answer: contains em-dash
  lede: contains em-dash
  word_count: combined body 632 words (target 350–550)
what-if-im-struggling-with-both-addiction-and-mental-health-issues — FAIL
  canonical_answer: contains em-dash
  lede: contains em-dash
  word_count: combined body 660 words (target 350–550)
what-should-i-know-about-depression-and-pregnancy-planning — FAIL
  lede: contains em-dash
  word_count: combined body 671 words (target 350–550)
why-do-i-feel-like-im-always-apologizing-for-who-184730-094 — FAIL
  lede: contains em-dash
  word_count: combined body 721 words (target 350–550)
why-do-i-feel-guilty-about-taking-psychi-181083-059 — FAIL
  lede: does not open with canonical_answer verbatim
  canonical_answer: contains em-dash
  word_count: combined body 676 words (target 350–550)
how-can-i-protect-my-children-from-conflict-between-me-and-my-ex — FAIL
  word_count: combined body 660 words (target 350–550)
what-should-i-know-about-depression-and-pregnancy-planning — FAIL
  lede: contains em-dash
  word_count: combined body 671 words (target 350–550)
why-do-i-feel-like-im-always-apologizing-for-who-184730-094 — FAIL
  lede: contains em-dash
  word_count: combined body 721 words (target 350–550)
why-do-i-feel-guilty-about-taking-psychi-181083-059 — FAIL
  lede: does not open with canonical_answer verbatim
  canonical_answer: contains em-dash
  lede: contains em-dash
  word_count: combined body 675 words (target 350–550)
should-i-be-concerned-about-my-teenagers-relations-189142-019 — FAIL
  lede: contains em-dash
  word_count: combined body 687 words (target 350–550)
  word_count: combined body 676 words (target 350–550)
how-can-i-protect-my-children-from-conflict-between-me-and-my-ex — FAIL
  lede: contains em-dash
  word_count: combined body 675 words (target 350–550)
should-i-be-concerned-about-my-teenagers-relations-189142-019 — FAIL
  lede: contains em-dash
  word_count: combined body 687 words (target 350–550)
how-do-i-rebuild-intimacy-after-infidelity-or-betrayal — FAIL
  canonical_answer: contains em-dash
  lede: contains em-dash
  word_count: combined body 720 words (target 350–550)
how-do-i-deal-with-feeling-like-im-always-the-184730-063 — FAIL
  lede: contains em-dash
  word_count: combined body 710 words (target 350–550)
how-do-i-explain-my-spiritual-journey-to-181083-041 — FAIL
  canonical_answer: contains em-dash
  lede: contains em-dash
how-do-i-know-if-therapy-is-working-186032-042 — FAIL
  canonical_answer: contains em-dash
  lede: contains em-dash
whats-the-connection-between-depression-and-physical-health-problems — FAIL
  lede: contains em-dash
how-do-i-rebuild-intimacy-after-infidelity-or-betrayal — FAIL
  canonical_answer: contains em-dash
  lede: contains em-dash
  word_count: combined body 720 words (target 350–550)
how-do-i-deal-with-feeling-like-im-always-the-184730-063 — FAIL
  lede: contains em-dash
  word_count: combined body 710 words (target 350–550)
how-do-i-explain-my-spiritual-journey-to-181083-041 — FAIL
  canonical_answer: contains em-dash
  lede: contains em-dash
how-do-i-know-if-therapy-is-working-186032-042 — FAIL
  canonical_answer: contains em-dash
  lede: contains em-dash
  word_count: combined body 749 words (target 350–550)
what-does-it-mean-to-take-care-of-your-mental-health — FAIL
  canonical_answer: contains em-dash
  lede: contains em-dash
what-is-workplace-anxiety-and-how-do-i-m-186032-041 — FAIL
  canonical_answer: contains em-dash
  lede: contains em-dash
  word_count: combined body 771 words (target 350–550)
whats-the-connection-between-depression-and-physical-health-problems — FAIL
  lede: contains em-dash
  word_count: combined body 749 words (target 350–550)
what-does-it-mean-to-take-care-of-your-mental-health — FAIL
...and 1073 more blocked rows
  canonical_answer: contains em-dash
  lede: contains em-dash
what-is-workplace-anxiety-and-how-do-i-m-186032-041 — FAIL
  canonical_answer: contains em-dash
  lede: contains em-dash
  word_count: combined body 771 words (target 350–550)
...and 1073 more blocked rows
[dry-run] how-do-i-deal-with-friend-drama-and-goss-186032-019 → 3 sections, 5 takeaways
[dry-run] how-do-i-explain-to-others-that-i-cant-just-think-positive-my-way-out-of-depression → 3 sections, 5 takeaways
[dry-run] what-should-i-do-about-seasonal-depression → 3 sections, 5 takeaways
[dry-run] how-do-i-set-boundaries-with-work-technology-o7p1q4 → 3 sections, 5 takeaways
[dry-run] how-do-i-deal-with-friend-drama-and-goss-186032-019 → 3 sections, 5 takeaways
[dry-run] how-do-i-explain-to-others-that-i-cant-just-think-positive-my-way-out-of-depression → 3 sections, 5 takeaways
[dry-run] what-should-i-do-about-seasonal-depression → 3 sections, 5 takeaways
[dry-run] how-do-i-set-boundaries-with-work-technology-o7p1q4 → 3 sections, 5 takeaways
{
  "report_path": "reports/answer-rewrite/promote-updates/promote-2026-06-17T21-53-15-344Z.json",
  "promoted": 0
}
{
  "report_path": "reports/answer-rewrite/promote-updates/promote-2026-06-17T21-53-15-344Z.json",
  "promoted": 0
}
promote_dry_run_exit: 0
promote_dry_run_exit: 0
=== post-rewrite pipeline complete 2026-06-17T21:53:15Z ===
=== post-rewrite pipeline complete 2026-06-17T21:53:15Z ===
