npm warn Unknown env config "devdir". This will stop working in the next major version of npm.

> deeper-global@1.0.0 content:qa-answer-rewrite:all
> node scripts/qa-answer-rewrite-batch.mjs --all

BATCH QA REPORT
Scope: full-corpus
Run timestamp: 2026-06-17T21-58-26-098Z
Records reviewed: 1099
Pass: 5 | Warn: 176 | Fail: 918

─── FAILURES ───
Row 18e51622-7110-418f-b6fe-75e004a8d402 — Am I losing my ability to connect with real people because …
  Field: word_count
  Issue: combined body 629 words (target 350–550)
  Severity: FAIL
  Recommended action: rerun

Row c9448d08-3fc8-4951-a927-ab452c5fbb60 — Are there specific depression challenges for LGBTQ+ individ…
  Field: word_count
  Issue: combined body 690 words (target 350–550)
  Severity: FAIL
  Recommended action: rerun

Row 9debf278-e4ba-4616-8dbf-988b81f6552c — Can AI chatbots make delusional thoughts worse?
  Field: word_count
  Issue: combined body 721 words (target 350–550)
  Severity: FAIL
  Recommended action: rerun

Row 586965a5-afa8-4f2f-9084-5e1ef40d6cfb — Can AI companions be risky for lonely teens?
  Field: word_count
  Issue: combined body 712 words (target 350–550)
  Severity: FAIL
  Recommended action: rerun

Row d71e60f0-ee8d-4f4c-a9da-d074fdc66430 — Can AI companions reduce loneliness or make it worse?
  Field: word_count
  Issue: combined body 664 words (target 350–550)
  Severity: FAIL
  Recommended action: rerun

Row 5b536e8b-8b7d-4125-98e6-cbc35886eba5 — Can AI give bad mental health advice?
  Field: word_count
  Issue: combined body 656 words (target 350–550)
  Severity: FAIL
  Recommended action: rerun

Row 33f3f8ee-06d8-4b1e-8646-aeb023173276 — Can AI griefbots make grief harder to process?
  Field: word_count
  Issue: combined body 637 words (target 350–550)
  Severity: FAIL
  Recommended action: rerun

Row b5b789a2-d94e-4716-96dc-373e0460c0bc — Can AI help me practice social skills before real interacti…
  Field: word_count
  Issue: combined body 622 words (target 350–550)
  Severity: FAIL
  Recommended action: rerun

Row 097008df-6aad-4e4d-86ad-0f728a1de682 — Can AI help me process grief or trauma?
  Field: word_count
  Issue: combined body 668 words (target 350–550)
  Severity: FAIL
  Recommended action: rerun

Row b2c43fd1-c291-4d41-8739-6dce9c3052fa — Can AI make burnout worse?
  Field: word_count
  Issue: combined body 666 words (target 350–550)
  Severity: FAIL
  Recommended action: rerun

Row df1d3e84-c236-4674-98bc-ab3361930d5f — Can AI make doomscrolling worse?
  Field: word_count
  Issue: combined body 691 words (target 350–550)
  Severity: FAIL
  Recommended action: rerun

Row 5d8b2f8d-f3ca-40fa-af8c-0b18cb6f8218 — Can AI make health anxiety worse?
  Field: word_count
  Issue: combined body 634 words (target 350–550)
  Severity: FAIL
  Recommended action: rerun

Row 104a874b-b591-4860-9962-dd07950a3b56 — Can AI make impostor syndrome worse?
  Field: word_count
  Issue: combined body 684 words (target 350–550)
  Severity: FAIL
  Recommended action: rerun

Row ddd629ef-e12a-49c9-ab49-8ff93e4eca64 — Can AI make intrusive thoughts worse?
  Field: word_count
  Issue: combined body 732 words (target 350–550)
  Severity: FAIL
  Recommended action: rerun

Row 3c079123-82a7-446a-8180-80f01f822411 — Can AI make isolation feel normal?
  Field: word_count
  Issue: combined body 678 words (target 350–550)
  Severity: FAIL
  Recommended action: rerun

Row 43bc5a00-f947-4628-8769-61f6de5ce84b — Can AI make it harder to build real intimacy?
  Field: word_count
  Issue: combined body 692 words (target 350–550)
  Severity: FAIL
  Recommended action: rerun

Row 6a251591-4c65-4e7c-b142-fcca29d18353 — Can AI make me feel emotionally numb?
  Field: word_count
  Issue: combined body 617 words (target 350–550)
  Severity: FAIL
  Recommended action: rerun

Row ed688936-062f-4d4c-b76f-8720104fcd48 — Can AI make me feel like my creativity does not matter?
  Field: word_count
  Issue: combined body 693 words (target 350–550)
  Severity: FAIL
  Recommended action: rerun

Row 5b0d8198-dec6-46e7-9327-ba47bf84f9fc — Can AI make relationship anxiety worse?
  Field: word_count
  Issue: combined body 724 words (target 350–550)
  Severity: FAIL
  Recommended action: rerun

Row 8cc8d0f3-c92e-4da4-ad7e-66bfdcb8c1f7 — Can AI make religious or spiritual confusion worse?
  Field: word_count
  Issue: combined body 721 words (target 350–550)
  Severity: FAIL
  Recommended action: rerun

Row 6134da23-54c3-4cf9-a909-f719581d1e41 — Can AI reinforce mania or grandiose thinking?
  Field: word_count
  Issue: combined body 681 words (target 350–550)
  Severity: FAIL
  Recommended action: rerun

Row 4bbe0a53-b2da-40a0-a057-d8c319ab9a65 — Can AI workplace monitoring affect mental health?
  Field: word_count
  Issue: combined body 628 words (target 350–550)
  Severity: FAIL
  Recommended action: rerun

Row 6b850fb6-f074-4bb1-937a-93ba2be70a0d — Can an AI chatbot make suicidal thoughts worse?
  Field: word_count
  Issue: combined body 685 words (target 350–550)
  Severity: FAIL
  Recommended action: rerun

Row 6b850fb6-f074-4bb1-937a-93ba2be70a0d — Can an AI chatbot make suicidal thoughts worse?
  Field: when_to_reach_out
  Issue: YMYL topic missing professional evaluation recommendation
  Severity: FAIL
  Recommended action: rerun

Row a4dd8dd7-00c6-4977-8f73-027be5d54f3a — Can anxiety cause muscle twitches and spasms?
  Field: word_count
  Issue: combined body 676 words (target 350–550)
  Severity: FAIL
  Recommended action: rerun

Row 727f47a0-a87d-44f5-984b-7a65965bd1c7 — Can anxiety make me feel like I can't breathe properly?
  Field: word_count
  Issue: combined body 759 words (target 350–550)
  Severity: FAIL
  Recommended action: rerun

Row 768cd868-0048-43cf-bf28-c380637276b6 — Can deepfakes cause trauma or anxiety?
  Field: word_count
  Issue: combined body 663 words (target 350–550)
  Severity: FAIL
  Recommended action: rerun

Row 9f070089-0441-4e8a-8188-eb3bb8db882f — Can depression cause physical symptoms?
  Field: word_count
  Issue: combined body 678 words (target 350–550)
  Severity: FAIL
  Recommended action: rerun

Row e6f643f8-8160-4425-b8f8-bdfd2616c3c4 — Can emotional stress cause physical fatigue?
  Field: word_count
  Issue: combined body 637 words (target 350–550)
  Severity: FAIL
  Recommended action: rerun

Row c4206d54-affa-4744-9867-470d7dc5b187 — Can I recover without going to meetings?
  Field: word_count
  Issue: combined body 627 words (target 350–550)
  Severity: FAIL
  Recommended action: rerun

Row ed088597-01cf-42c1-bbdb-5a73eb09a9c0 — Can I still be spiritual without being religious?
  Field: word_count
  Issue: combined body 651 words (target 350–550)
  Severity: FAIL
  Recommended action: rerun

Row 5beed97f-61a7-410f-9d35-797cb1181e4b — Can I stop taking psychiatric medication if I feel better?
  Field: word_count
  Issue: combined body 639 words (target 350–550)
  Severity: FAIL
  Recommended action: rerun

Row 5beed97f-61a7-410f-9d35-797cb1181e4b — Can I stop taking psychiatric medication if I feel better?
  Field: when_to_reach_out
  Issue: YMYL topic missing professional evaluation recommendation
  Severity: FAIL
  Recommended action: rerun

Row 9e3fe259-035c-4f41-ae80-8bcb85cbf041 — Can lack of sleep make my anxiety worse?
  Field: word_count
  Issue: combined body 636 words (target 350–550)
  Severity: FAIL
  Recommended action: rerun

Row 88542f02-b4b1-4ddb-b4d6-0ee73d09df3a — Can mental health symptoms be physical?
  Field: word_count
  Issue: combined body 651 words (target 350–550)
  Severity: FAIL
  Recommended action: rerun

Row f72fd755-8d1b-4d94-a525-0a82545a753c — Can people get addicted to AI chatbots or virtual companion…
  Field: word_count
  Issue: combined body 678 words (target 350–550)
  Severity: FAIL
  Recommended action: rerun

Row 66c480b8-5f36-4cc3-8d67-c71984a10687 — Can religious trauma be real even if nothing 'bad' happened?
  Field: word_count
  Issue: combined body 663 words (target 350–550)
  Severity: FAIL
  Recommended action: rerun

Row 6a093a65-b5dd-4ac7-be8c-9d7ca6241519 — Can relying on AI make my social anxiety worse?
  Field: word_count
  Issue: combined body 662 words (target 350–550)
  Severity: FAIL
  Recommended action: rerun

Row e5812f75-b54f-49b3-a7e0-ec505adff47f — Can stress and anxiety really cause stomach problems?
  Field: word_count
  Issue: combined body 637 words (target 350–550)
  Severity: FAIL
  Recommended action: rerun

Row f221af60-8d96-4568-89e2-fb620998d3c7 — Can stress cause back and neck pain?
  Field: word_count
  Issue: combined body 667 words (target 350–550)
  Severity: FAIL
  Recommended action: rerun

Row a1d61851-e37e-4cd4-9939-4c70b4eb78f2 — Can stress cause ringing in my ears?
  Field: word_count
  Issue: combined body 694 words (target 350–550)
  Severity: FAIL
  Recommended action: rerun

Row bbee483f-9574-4970-b897-21d2c22f6efd — Can talking to AI all night affect my mental health?
  Field: word_count
  Issue: combined body 644 words (target 350–550)
  Severity: FAIL
  Recommended action: rerun

Row ff370296-02ed-44c2-911c-626894387fe2 — Can using AI for emotional support become addictive?
  Field: word_count
  Issue: combined body 662 words (target 350–550)
  Severity: FAIL
  Recommended action: rerun

Row dd0d953b-f0a1-41bd-89be-a059e490d9fa — Can you actually change your attachment style or are you st…
  Field: word_count
  Issue: combined body 648 words (target 350–550)
  Severity: FAIL
  Recommended action: rerun

Row f61e63ea-38da-4151-a1f2-c44ac26e94bb — How can I tell the difference between stress and anxiety?
  Field: word_count
  Issue: combined body 645 words (target 350–550)
  Severity: FAIL
  Recommended action: rerun

Row e3690690-8662-459c-8133-4a3633c73617 — Every small mistake feels like evidence that I am fundament…
  Field: word_count
  Issue: combined body 656 words (target 350–550)
  Severity: FAIL
  Recommended action: rerun

Row ea6f095f-7a38-41de-b9c3-bc5f9bf3dd9a — How do I help someone who believes an AI chatbot is communi…
  Field: word_count
  Issue: combined body 622 words (target 350–550)
  Severity: FAIL
  Recommended action: rerun

Row c60201a6-38f1-454a-b64a-460d8e7e2c34 — How can I develop a stronger sense of identity?
  Field: word_count
  Issue: combined body 665 words (target 350–550)
  Severity: FAIL
  Recommended action: rerun

Row 84beb36e-68c1-4fae-b5ea-b04ebb2d5f47 — How can I help my child adjust to our divorce?
  Field: word_count
  Issue: combined body 678 words (target 350–550)
  Severity: FAIL
  Recommended action: rerun

Row ac17e0fa-a2aa-4a7a-b902-4bccd1e98bd7 — How can I help my partner who is struggling with addiction?
  Field: word_count
  Issue: combined body 693 words (target 350–550)
  Severity: FAIL
  Recommended action: rerun

Row 2635d864-b7f8-4822-87b9-2359492db6c9 — How can I improve communication about sex with my partner?
  Field: word_count
  Issue: combined body 637 words (target 350–550)
  Severity: FAIL
  Recommended action: rerun

Row 091b1651-4080-4a45-9890-c07d55e7d3e8 — How can I improve communication with my teenager?
  Field: word_count
  Issue: combined body 652 words (target 350–550)
  Severity: FAIL
  Recommended action: rerun

Row 0b1b90da-9b2d-496a-82f4-87522c937ae1 — How can I improve my communication skills in relationships?
  Field: word_count
  Issue: combined body 649 words (target 350–550)
  Severity: FAIL
  Recommended action: rerun

Row fd494471-5272-492e-a7fb-095b94f1d9b8 — How can I learn to love myself?
  Field: word_count
  Issue: combined body 669 words (target 350–550)
  Severity: FAIL
  Recommended action: rerun

Row 4d773d16-ba36-4311-acc5-105f66f9b202 — How can I maintain real relationships in an increasingly di…
  Field: word_count
  Issue: combined body 607 words (target 350–550)
  Severity: FAIL
  Recommended action: rerun

Row b5d9d773-237b-4c47-a2d3-ec6b6b9d21de — How can I manage my anxiety without medication?
  Field: word_count
  Issue: combined body 724 words (target 350–550)
  Severity: FAIL
  Recommended action: rerun

Row 7af8118c-a380-4898-b6e8-d2b9908d48b8 — How can I overcome my fear of public speaking?
  Field: word_count
  Issue: combined body 670 words (target 350–550)
  Severity: FAIL
  Recommended action: rerun

Row 022990eb-5526-4ac2-8183-739bcc74824e — How can I protect my children from conflict between me and …
  Field: word_count
  Issue: combined body 674 words (target 350–550)
  Severity: FAIL
  Recommended action: rerun

Row 3b4c1c45-7d20-4130-b539-6d4b9bda7dbd — How can I stop comparing myself to others on social media?
  Field: word_count
  Issue: combined body 617 words (target 350–550)
  Severity: FAIL
  Recommended action: rerun

Row 206649c0-68ab-42a6-aaf0-b29ab019a0f5 — How can I support someone who has experienced trauma?
  Field: word_count
  Issue: combined body 656 words (target 350–550)
  Severity: FAIL
  Recommended action: rerun

Row 59a58c2a-2fda-40fc-a326-8909dacbb89c — How can I tell if someone is manipulating me?
  Field: word_count
  Issue: combined body 662 words (target 350–550)
  Severity: FAIL
  Recommended action: rerun

Row c87130b8-a968-4a87-9100-6af20b5e90e1 — How do cultural attitudes affect depression treatment?
  Field: word_count
  Issue: combined body 705 words (target 350–550)
  Severity: FAIL
  Recommended action: rerun

Row 6fdb7460-7c69-4220-93fc-d7e4c78569a6 — How does depression affect different cultures and communiti…
  Field: word_count
  Issue: combined body 689 words (target 350–550)
  Severity: FAIL
  Recommended action: rerun

Row cce0afd4-2802-4412-8547-5601e4672bc5 — How does depression interact with substance use?
  Field: word_count
  Issue: combined body 673 words (target 350–550)
  Severity: FAIL
  Recommended action: rerun

Row f06c9dcf-0315-41a6-bd10-80f179e41193 — How do I apologize effectively when I've hurt someone?
  Field: word_count
  Issue: combined body 642 words (target 350–550)
  Severity: FAIL
  Recommended action: rerun

Row f5b31a6a-5760-43a5-843a-736b669a0073 — How do I ask for a mental health day without feeling guilty?
  Field: word_count
  Issue: combined body 612 words (target 350–550)
  Severity: FAIL
  Recommended action: rerun

Row 321c3aa2-97f6-4b7e-9c3a-e245c99687a7 — How do I build confidence when I've been criticized my whol…
  Field: word_count
  Issue: combined body 734 words (target 350–550)
  Severity: FAIL
  Recommended action: rerun

Row ff595170-21b7-46b4-9e76-69d253a07e27 — How do I build self-confidence when I've always struggled w…
  Field: word_count
  Issue: combined body 624 words (target 350–550)
  Severity: FAIL
  Recommended action: rerun

Row 1de1b7a4-fa75-499e-b490-60e912c8595f — How do I come out to my parents?
  Field: word_count
  Issue: combined body 718 words (target 350–550)
  Severity: FAIL
  Recommended action: rerun

Row 8fb44658-98d9-4753-8505-7437e466eed0 — How do I come out when I'm not sure how people will react?
  Field: word_count
  Issue: combined body 692 words (target 350–550)
  Severity: FAIL
  Recommended action: rerun

Row f6d7d8b6-ccde-4c2c-bcd2-2b197ce9f673 — How do I communicate better with my partner during argument…
  Field: word_count
  Issue: combined body 665 words (target 350–550)
  Severity: FAIL
  Recommended action: rerun

Row fb610607-24ae-4c09-bc58-2693249de97d — How do I communicate better with my teenager?
  Field: word_count
  Issue: combined body 635 words (target 350–550)
  Severity: FAIL
  Recommended action: rerun

Row 28e4db1d-8c57-4085-b930-4a65b1b0e641 — How do I communicate my needs without sounding needy?
  Field: word_count
  Issue: combined body 681 words (target 350–550)
  Severity: FAIL
  Recommended action: rerun

Row 5f0186bf-efc0-4425-bae0-7b4b12666b44 — How do I co-parent effectively with my ex?
  Field: word_count
  Issue: combined body 659 words (target 350–550)
  Severity: FAIL
  Recommended action: rerun

Row ad2260ab-e6c3-4b14-abce-c91407293c0e — How do I cope with being laid off due to AI automation?
  Field: word_count
  Issue: combined body 711 words (target 350–550)
  Severity: FAIL
  Recommended action: rerun

Row 71544c3a-f523-4a0e-9f43-63cfb0869a2e — How do I cope with depression during global crises or traum…
  Field: word_count
  Issue: combined body 728 words (target 350–550)
  Severity: FAIL
  Recommended action: rerun

Row ecc9a494-72b9-4fff-9dd0-ee4f7ce366ca — How do I cope with depression during major life changes?
  Field: word_count
  Issue: combined body 719 words (target 350–550)
  Severity: FAIL
  Recommended action: rerun

Row c7c9790d-dc28-4419-8b71-c1d9f592756f — How do I cope with depression when I have a chronic illness?
  Field: word_count
  Issue: combined body 768 words (target 350–550)
  Severity: FAIL
  Recommended action: rerun

Row e7936a8c-e99b-4b68-a8de-e7c853a77801 — How do I cope with feeling like I'm 'too much' for other pe…
  Field: word_count
  Issue: combined body 749 words (target 350–550)
  Severity: FAIL
  Recommended action: rerun

Row 39d32d11-c95c-45cf-b151-3329d1abad5f — How do I cope with feeling like time is running out?
  Field: word_count
  Issue: combined body 677 words (target 350–550)
  Severity: FAIL
  Recommended action: rerun

Row a402ef0e-9611-4c26-ae83-62281a56536f — How do I cope with feeling lost and uncertain during a majo…
  Field: word_count
  Issue: combined body 789 words (target 350–550)
  Severity: FAIL
  Recommended action: rerun

Row 73e92f2f-82b2-4fe8-b0df-8edcdbab944e — How do I cope with losing a pet?
  Field: word_count
  Issue: combined body 645 words (target 350–550)
  Severity: FAIL
  Recommended action: rerun

Row 16c784c2-0c77-4835-979c-872b2372f06b — How do I cope with losing my faith?
  Field: word_count
  Issue: combined body 707 words (target 350–550)
  Severity: FAIL
  Recommended action: rerun

Row bcee6a3e-c5ca-49c6-9075-aa70dbe72ce9 — How do I cope with losing my pet?
  Field: word_count
  Issue: combined body 703 words (target 350–550)
  Severity: FAIL
  Recommended action: rerun

Row 606b63cb-0b78-414e-ab54-e952f4778e8c — How do I cope with losing someone I thought I'd have foreve…
  Field: word_count
  Issue: combined body 685 words (target 350–550)
  Severity: FAIL
  Recommended action: rerun

Row 859f488b-026f-48b8-88f7-3cd2b5fa770d — How do I cope with losing someone to suicide?
  Field: word_count
  Issue: combined body 757 words (target 350–550)
  Severity: FAIL
  Recommended action: rerun

Row 2895e5ff-be84-4d0b-afc4-eed68ab68636 — How do I cope with seasonal depression (SAD)?
  Field: word_count
  Issue: combined body 612 words (target 350–550)
  Severity: FAIL
  Recommended action: rerun

Row 42b6a051-e291-4b9b-a351-081fa13329b9 — How do I cope with the death of a parent?
  Field: canonical_answer
  Issue: 52 words (max 50)
  Severity: FAIL
  Recommended action: rerun

Row 42b6a051-e291-4b9b-a351-081fa13329b9 — How do I cope with the death of a parent?
  Field: word_count
  Issue: combined body 690 words (target 350–550)
  Severity: FAIL
  Recommended action: rerun

Row d9c9f923-2ee1-4f19-b710-e308cafdc100 — How do I cope with the emotional pain of divorce?
  Field: word_count
  Issue: combined body 677 words (target 350–550)
  Severity: FAIL
  Recommended action: rerun

Row c7cb92f6-e67f-491a-9d16-e136c94e9722 — How do I cope with the fear of being judged by others?
  Field: word_count
  Issue: combined body 685 words (target 350–550)
  Severity: FAIL
  Recommended action: rerun

Row 5a6e3c9f-ceb7-4463-a399-e0c75e9981f0 — How do I cope with the fear that death means complete nothi…
  Field: word_count
  Issue: combined body 708 words (target 350–550)
  Severity: FAIL
  Recommended action: rerun

Row ba4a939a-1c23-4c69-9863-c99c53dd8524 — How do I cope with the loss of a pet?
  Field: word_count
  Issue: combined body 646 words (target 350–550)
  Severity: FAIL
  Recommended action: rerun

Row b1d24111-e81e-45c9-bc3f-542e778e415c — How do I cope with the stress of loving someone with addict…
  Field: word_count
  Issue: combined body 744 words (target 350–550)
  Severity: FAIL
  Recommended action: rerun

Row ddb7e9e2-b5d0-47c6-825a-b0af8b7765bd — How do I create a bedtime routine that actually helps with …
  Field: word_count
  Issue: combined body 653 words (target 350–550)
  Severity: FAIL
  Recommended action: rerun

Row 31bcf3f3-adb8-4f85-b5fe-1089ccd93e90 — How do I create a relapse prevention plan?
  Field: word_count
  Issue: combined body 636 words (target 350–550)
  Severity: FAIL
  Recommended action: rerun

Row 2132721a-8435-48cb-8808-fce499fdffa8 — How do I create a safety plan for depression?
  Field: word_count
  Issue: combined body 636 words (target 350–550)
  Severity: FAIL
  Recommended action: rerun

Row 3965a5a8-22cd-4c22-8e5b-53fc22c283bd — How do I deal with academic pressure and fear of failure?
  Field: word_count
  Issue: combined body 676 words (target 350–550)
  Severity: FAIL
  Recommended action: rerun

Row 7498eae2-8d76-481d-b2df-932f51c8d181 — How do I deal with anxiety about my first therapy session?
  Field: word_count
  Issue: combined body 616 words (target 350–550)
  Severity: FAIL
  Recommended action: rerun

Row bc86fd61-d26d-4da5-bc92-4b97079557dd — How do I deal with anxiety about the future?
  Field: word_count
  Issue: combined body 624 words (target 350–550)
  Severity: FAIL
  Recommended action: rerun

Row 7539434e-e838-401d-847c-4abc951ad533 — How do I deal with anxiety when I can't identify the cause?
  Field: word_count
  Issue: combined body 752 words (target 350–550)
  Severity: FAIL
  Recommended action: rerun

Row 4019b144-7965-41c4-be99-7894a2d360a3 — How do I deal with a toxic boss?
  Field: word_count
  Issue: combined body 684 words (target 350–550)
  Severity: FAIL
  Recommended action: rerun

Row 622ac7ca-3c88-4cff-ab62-13159eb3a9bc — How do I deal with a toxic boss or coworker?
  Field: word_count
  Issue: combined body 632 words (target 350–550)
  Severity: FAIL
  Recommended action: rerun

Row c2c77849-c27d-453d-bfe0-d04f5ae59fac — How do I deal with a toxic work environment?
  Field: lede
  Issue: does not open with canonical_answer verbatim
  Severity: FAIL
  Recommended action: rerun

Row c2c77849-c27d-453d-bfe0-d04f5ae59fac — How do I deal with a toxic work environment?
  Field: word_count
  Issue: combined body 713 words (target 350–550)
  Severity: FAIL
  Recommended action: rerun

Row 781c97dd-ebe2-452e-aba9-fec6a2e8377f — How do I deal with body image issues?
  Field: word_count
  Issue: combined body 742 words (target 350–550)
  Severity: FAIL
  Recommended action: rerun

Row 6df6b8fd-84b2-49c2-aa5a-7ff2151c515f — How do I deal with boredom in recovery?
  Field: word_count
  Issue: combined body 695 words (target 350–550)
  Severity: FAIL
  Recommended action: rerun

Row f9639ede-bead-4bbf-b0fc-452e0b6ca4fb — How do I deal with cravings in recovery?
  Field: word_count
  Issue: combined body 634 words (target 350–550)
  Severity: FAIL
  Recommended action: rerun

Row 3b715201-2f03-4bba-892f-edd0f3a68571 — How do I deal with depression during major life transitions?
  Field: word_count
  Issue: combined body 720 words (target 350–550)
  Severity: FAIL
  Recommended action: rerun

Row 9cdfca18-aa62-4cd4-afce-7f1989899543 — How do I deal with depression in early recovery?
  Field: word_count
  Issue: combined body 621 words (target 350–550)
  Severity: FAIL
  Recommended action: rerun

Row 4d4cfcf5-4522-441c-bea2-1519c901cc1e — How do I deal with depression-related memory and concentrat…
  Field: word_count
  Issue: combined body 637 words (target 350–550)
  Severity: FAIL
  Recommended action: rerun

Row b7572385-a3cc-4d23-b6da-cb54a050b971 — How do I deal with depression when I have young children?
  Field: word_count
  Issue: combined body 677 words (target 350–550)
  Severity: FAIL
  Recommended action: rerun

Row abeaa543-4bbd-426c-bb29-ef9ae763691b — How do I deal with depression when I'm unemployed?
  Field: word_count
  Issue: combined body 614 words (target 350–550)
  Severity: FAIL
  Recommended action: rerun

Row 4fbf102b-ca4d-4449-8e9a-7c08f9da9e76 — How do I deal with depression while caring for aging parent…
  Field: word_count
  Issue: combined body 612 words (target 350–550)
  Severity: FAIL
  Recommended action: rerun

Row f94ce3d0-75ec-44cf-8c66-18fb7a19001e — How do I deal with difficult in-laws?
  Field: word_count
  Issue: combined body 650 words (target 350–550)
  Severity: FAIL
  Recommended action: rerun

Row b8fd1c3e-9516-466c-a787-664bd37ddd90 — How do I deal with existential anxiety about death and mean…
  Field: word_count
  Issue: combined body 808 words (target 350–550)
  Severity: FAIL
  Recommended action: rerun

Row 708fccdc-4efc-43df-afee-2338bbd322dd — How do I deal with family pressure about my life choices?
  Field: word_count
  Issue: combined body 651 words (target 350–550)
  Severity: FAIL
  Recommended action: rerun

Row 7ba30127-1b1b-4302-b9ca-b5b6229c0288 — How do I deal with family who don't accept my sexuality?
  Field: word_count
  Issue: combined body 695 words (target 350–550)
  Severity: FAIL
  Recommended action: rerun

Row 6f9550f3-1eb0-4fe5-9774-f3092a825d94 — How do I deal with fear of hell after leaving religion?
  Field: canonical_answer
  Issue: 54 words (max 50)
  Severity: FAIL
  Recommended action: rerun

Row 6f9550f3-1eb0-4fe5-9774-f3092a825d94 — How do I deal with fear of hell after leaving religion?
  Field: word_count
  Issue: combined body 710 words (target 350–550)
  Severity: FAIL
  Recommended action: rerun

Row fbb0850c-5927-4cfe-86a7-757ba0445fd6 — How do I deal with feeling behind in life compared to my pe…
  Field: word_count
  Issue: combined body 662 words (target 350–550)
  Severity: FAIL
  Recommended action: rerun

Row 2abdcdc9-5442-406c-b52f-76d049d6b9f7 — How do I deal with feeling disconnected from my body?
  Field: word_count
  Issue: combined body 752 words (target 350–550)
  Severity: FAIL
  Recommended action: rerun

Row ad8c5db5-a537-41f1-9b82-426ccd3e4f84 — How do I deal with feeling invisible in my family?
  Field: word_count
  Issue: combined body 761 words (target 350–550)
  Severity: FAIL
  Recommended action: rerun

Row 5ba5fce8-c107-4802-8ebe-c369fa7a6a97 — How do I deal with feeling invisible in social situations?
  Field: word_count
  Issue: combined body 662 words (target 350–550)
  Severity: FAIL
  Recommended action: rerun

Row ea210e5f-d780-42cc-b676-4859d470d6dd — How do I deal with feeling jealous in my relationship?
  Field: word_count
  Issue: combined body 663 words (target 350–550)
  Severity: FAIL
  Recommended action: rerun

Row 9c875642-5cd6-4201-8f22-d61e575fdada — How do I deal with feeling like everyone else has it figure…
  Field: canonical_answer
  Issue: 55 words (max 50)
  Severity: FAIL
  Recommended action: rerun

Row 9c875642-5cd6-4201-8f22-d61e575fdada — How do I deal with feeling like everyone else has it figure…
  Field: word_count
  Issue: combined body 723 words (target 350–550)
  Severity: FAIL
  Recommended action: rerun

Row 2e486776-16aa-4e38-ae7e-b927dc0b99f9 — How do I deal with feeling like everyone else knows somethi…
  Field: word_count
  Issue: combined body 605 words (target 350–550)
  Severity: FAIL
  Recommended action: rerun

Row 4f8b6a23-9aae-46a7-b0fa-e9fda6148ee2 — How do I deal with feeling like I don't belong anywhere?
  Field: word_count
  Issue: combined body 698 words (target 350–550)
  Severity: FAIL
  Recommended action: rerun

Row 5ab1e2e1-9f7b-404e-a122-5c27ce349bdc — How do I deal with feeling like I don't belong in therapy?
  Field: word_count
  Issue: combined body 674 words (target 350–550)
  Severity: FAIL
  Recommended action: rerun

Row e94e6911-894a-4a00-af77-65f0d1f01bc7 — How do I deal with feeling like I don't deserve good things?
  Field: word_count
  Issue: combined body 679 words (target 350–550)
  Severity: FAIL
  Recommended action: rerun

Row 00509ab5-e831-43b6-8893-7f5baa8396f5 — How do I deal with feeling like I don't have anyone who rea…
  Field: word_count
  Issue: combined body 687 words (target 350–550)
  Severity: FAIL
  Recommended action: rerun

Row 78731d62-d086-4b5d-9765-b8d308a044d0 — How do I deal with feeling like I'm always on the outside l…
  Field: word_count
  Issue: combined body 716 words (target 350–550)
  Severity: FAIL
  Recommended action: rerun

Row 038ce68c-ece7-496a-9ef4-eb7518fb9084 — How do I deal with feeling like I'm always the outsider?
  Field: word_count
  Issue: combined body 709 words (target 350–550)
  Severity: FAIL
  Recommended action: rerun

Row 852fed24-91c1-4971-ae0d-d079f2d95f38 — How do I deal with feeling like I'm behind in life?
  Field: canonical_answer
  Issue: 59 words (max 50)
  Severity: FAIL
  Recommended action: rerun

Row 852fed24-91c1-4971-ae0d-d079f2d95f38 — How do I deal with feeling like I'm behind in life?
  Field: word_count
  Issue: combined body 757 words (target 350–550)
  Severity: FAIL
  Recommended action: rerun

Row ccdac678-7d36-42cf-bc7a-5974bd3eb04f — How do I deal with feeling like I'm failing as a parent?
  Field: word_count
  Issue: combined body 715 words (target 350–550)
  Severity: FAIL
  Recommended action: rerun

Row c48200a3-c52d-4d88-b97a-fd7cb5d246ef — How do I deal with feeling like I'm not contributing anythi…
  Field: word_count
  Issue: combined body 660 words (target 350–550)
  Severity: FAIL
  Recommended action: rerun

Row 1aff5be7-6dc5-427f-bb1b-b5b08e7411b8 — How do I deal with feeling like I'm not creative enough?
  Field: word_count
  Issue: combined body 614 words (target 350–550)
  Severity: FAIL
  Recommended action: rerun

Row df6b8352-e0ed-4a20-bc0c-402899b50233 — How do I deal with feeling like I'm not good enough?
  Field: word_count
  Issue: combined body 673 words (target 350–550)
  Severity: FAIL
  Recommended action: rerun

Row 364cfde0-e467-43cc-9757-f12e57b4ba77 — How do I deal with feeling like I'm not good enough for my …
  Field: word_count
  Issue: combined body 629 words (target 350–550)
  Severity: FAIL
  Recommended action: rerun

Row f70050ec-6713-462e-82f8-c7694a2ebec1 — How do I deal with feeling like I'm not interesting enough?
  Field: word_count
  Issue: combined body 710 words (target 350–550)
  Severity: FAIL
  Recommended action: rerun

Row e618aa0d-0fa6-47f5-b9eb-7f386060dfac — How do I deal with feeling like I'm not living authenticall…
  Field: word_count
  Issue: combined body 635 words (target 350–550)
  Severity: FAIL
  Recommended action: rerun

Row 89760157-908d-42c1-acdd-9ad374ab691f — How do I deal with feeling like I'm not living up to my par…
  Field: canonical_answer
  Issue: 51 words (max 50)
  Severity: FAIL
  Recommended action: rerun

Row 89760157-908d-42c1-acdd-9ad374ab691f — How do I deal with feeling like I'm not living up to my par…
  Field: word_count
  Issue: combined body 670 words (target 350–550)
  Severity: FAIL
  Recommended action: rerun

Row 31e37e7b-d538-4994-aa60-c3042ccbab5c — How do I deal with feeling like I'm not making progress in …
  Field: word_count
  Issue: combined body 692 words (target 350–550)
  Severity: FAIL
  Recommended action: rerun

Row 81da7e41-476c-4995-9b72-9e071bafe655 — How do I deal with feeling like I'm not smart enough?
  Field: word_count
  Issue: combined body 697 words (target 350–550)
  Severity: FAIL
  Recommended action: rerun

Row 24504fc2-1626-4b58-9881-3c35afd3e2ae — How do I deal with feeling like I'm not smart enough for my…
  Field: canonical_answer
  Issue: 55 words (max 50)
  Severity: FAIL
  Recommended action: rerun

Row 24504fc2-1626-4b58-9881-3c35afd3e2ae — How do I deal with feeling like I'm not smart enough for my…
  Field: word_count
  Issue: combined body 735 words (target 350–550)
  Severity: FAIL
  Recommended action: rerun

Row 7daaba8a-0838-4adc-9f3a-258893fe7494 — How do I deal with feeling like I'm not where I should be i…
  Field: word_count
  Issue: combined body 658 words (target 350–550)
  Severity: FAIL
  Recommended action: rerun

Row 8f0b603d-6f51-49c4-96dd-d2c64d115bbc — How do I deal with feeling like I'm not where I'm supposed …
  Field: word_count
  Issue: combined body 708 words (target 350–550)
  Severity: FAIL
  Recommended action: rerun

Row c43f4493-2b95-4d60-8a89-7e3b84aa9baf — How do I deal with feeling like I'm too much for people?
  Field: word_count
  Issue: combined body 693 words (target 350–550)
  Severity: FAIL
  Recommended action: rerun

Row 66b6eff0-6bd8-409a-aaa8-34b5898f472a — How do I deal with feeling like I'm wasting my potential?
  Field: word_count
  Issue: combined body 744 words (target 350–550)
  Severity: FAIL
  Recommended action: rerun

Row 6c7cf9f1-d7cb-4339-8ba9-d34c53a79f4f — How do I deal with feeling like I peaked in high school or …
  Field: word_count
  Issue: combined body 715 words (target 350–550)
  Severity: FAIL
  Recommended action: rerun

Row 8ff82afa-c351-4486-b0fa-bf2ec6700872 — How do I deal with feeling like my emotions are too much?
  Field: word_count
  Issue: combined body 694 words (target 350–550)
  Severity: FAIL
  Recommended action: rerun

Row 98ce410e-da4d-40ee-8bf7-fa65ba303ff4 — How do I deal with feeling like my emotions are too intense?
  Field: word_count
  Issue: combined body 640 words (target 350–550)
  Severity: FAIL
  Recommended action: rerun

Row d500c52c-2757-4656-bf67-321de790b930 — How do I deal with feeling like my life has no purpose?
  Field: word_count
  Issue: combined body 621 words (target 350–550)
  Severity: FAIL
  Recommended action: rerun

Row 4f8178ac-5cee-424d-a605-10ffc07175bf — How do I deal with feeling like my mental health struggles …
  Field: word_count
  Issue: combined body 636 words (target 350–550)
  Severity: FAIL
  Recommended action: rerun

Row 757c9a0e-c73f-40e1-b62e-6e205b8ab695 — How do I deal with feeling like my problems aren't serious …
  Field: word_count
  Issue: combined body 693 words (target 350–550)
  Severity: FAIL
  Recommended action: rerun

Row c9f9a331-242e-4eb1-8e49-cb1fa437a963 — How do I deal with feeling misunderstood by everyone?
  Field: word_count
  Issue: combined body 612 words (target 350–550)
  Severity: FAIL
  Recommended action: rerun

Row 8725af20-f33c-4e2e-8ee2-b8cc79d09b11 — How do I deal with feeling overwhelmed as a new parent?
  Field: word_count
  Issue: combined body 682 words (target 350–550)
  Severity: FAIL
  Recommended action: rerun

Row 77c684b9-5e36-4c9e-bbb6-fffc14913caa — How do I deal with feeling overwhelmed by constant notifica…
  Field: word_count
  Issue: combined body 631 words (target 350–550)
  Severity: FAIL
  Recommended action: rerun

Row da4a4aeb-5ae7-4985-8b77-e5c3020cf923 — How do I deal with feeling overwhelmed by my family's immig…
  Field: word_count
  Issue: combined body 634 words (target 350–550)
  Severity: FAIL
  Recommended action: rerun

Row 1551a82a-2ccd-4b08-a426-e17d9d39f10e — How do I deal with feeling overwhelmed by social media and …
  Field: word_count
  Issue: combined body 680 words (target 350–550)
  Severity: FAIL
  Recommended action: rerun

Row a03be7fe-a8f1-483a-8ff3-7f7e433b22fc — How do I deal with feeling overwhelmed by world events?
  Field: word_count
  Issue: combined body 624 words (target 350–550)
  Severity: FAIL
  Recommended action: rerun

Row 124b3c70-716a-455d-8ddf-95b937715c2c — How do I deal with feeling overwhelmed by world problems?
  Field: word_count
  Issue: combined body 624 words (target 350–550)
  Severity: FAIL
  Recommended action: rerun

Row aa8d51d6-f47f-41ab-8eb2-31649c32bf58 — How do I deal with feeling spiritually lost after a major l…
  Field: word_count
  Issue: combined body 722 words (target 350–550)
  Severity: FAIL
  Recommended action: rerun

Row 75bcda85-96b8-4511-9b35-b04ee87dc591 — How do I deal with feeling stuck in life?
  Field: word_count
  Issue: combined body 687 words (target 350–550)
  Severity: FAIL
  Recommended action: rerun

Row c0ec99ec-84c6-41d0-b225-0921a3526d14 — How do I deal with financial stress affecting my relationsh…
  Field: word_count
  Issue: combined body 664 words (target 350–550)
  Severity: FAIL
  Recommended action: rerun

Row e7b9524c-d7cc-4ecf-b489-64dfd34e34a4 — How do I deal with flashbacks?
  Field: word_count
  Issue: combined body 662 words (target 350–550)
  Severity: FAIL
  Recommended action: rerun

Row 1e993a61-25a3-4c31-bca5-4286576554e2 — How do I deal with imposter syndrome at work?
  Field: word_count
  Issue: combined body 644 words (target 350–550)
  Severity: FAIL
  Recommended action: rerun

Row a76e4638-6eef-466b-899a-ceced1c52586 — How do I deal with imposter syndrome in my career?
  Field: word_count
  Issue: combined body 657 words (target 350–550)
  Severity: FAIL
  Recommended action: rerun

Row 20a8ee4c-f03f-4190-8a40-b43e05efae56 — How do I deal with jealousy in my relationship?
  Field: word_count
  Issue: combined body 695 words (target 350–550)
  Severity: FAIL
  Recommended action: rerun

Row e6924b53-12e5-450e-978c-6c5e6f043b30 — How do I deal with mismatched libidos in my relationship?
  Field: word_count
  Issue: combined body 629 words (target 350–550)
  Severity: FAIL
  Recommended action: rerun

Row 23e0e04b-f725-4ac1-9a4d-8f3c27359c84 — How do I deal with my parents' divorce?
  Field: word_count
  Issue: combined body 641 words (target 350–550)
  Severity: FAIL
  Recommended action: rerun

Row 4c8a77c8-5870-45d2-ab29-a594b9950e9e — How do I deal with panic attacks at work?
  Field: word_count
  Issue: combined body 627 words (target 350–550)
  Severity: FAIL
  Recommended action: rerun

Row 86a571b5-7e23-456f-8eaa-9f057563c63b — How do I deal with peer pressure?
  Field: word_count
  Issue: combined body 664 words (target 350–550)
  Severity: FAIL
  Recommended action: rerun

Row 5460eb5a-4831-4375-b243-92699e643a1d — How do I deal with people who don't support my recovery?
  Field: lede
  Issue: does not open with canonical_answer verbatim
  Severity: FAIL
  Recommended action: rerun

Row 5460eb5a-4831-4375-b243-92699e643a1d — How do I deal with people who don't support my recovery?
  Field: word_count
  Issue: combined body 671 words (target 350–550)
  Severity: FAIL
  Recommended action: rerun

Row 81ab930d-7eb2-4a7b-927d-d756314861b9 — How do I deal with people who don't understand addiction?
  Field: word_count
  Issue: combined body 620 words (target 350–550)
  Severity: FAIL
  Recommended action: rerun

Row c1bb8f62-42a1-449b-bfc5-18fbc9099858 — How do I deal with people who don't understand or support m…
  Field: word_count
  Issue: combined body 656 words (target 350–550)
  Severity: FAIL
  Recommended action: rerun

Row dc79d2be-d582-498e-b99a-f273020c9ac7 — How do I deal with people who drain my energy?
  Field: word_count
  Issue: combined body 642 words (target 350–550)
  Severity: FAIL
  Recommended action: rerun

Row 192f38c4-e687-443d-beef-30e8c7fcc576 — How do I deal with people who trigger my urge to use substa…
  Field: word_count
  Issue: combined body 658 words (target 350–550)
  Severity: FAIL
  Recommended action: rerun

Row 8aa5fe26-2b35-44d0-9e0a-07bf43ef4b8c — How do I deal with postpartum depression?
  Field: word_count
  Issue: combined body 653 words (target 350–550)
  Severity: FAIL
  Recommended action: rerun

Row 8aa5fe26-2b35-44d0-9e0a-07bf43ef4b8c — How do I deal with postpartum depression?
  Field: when_to_reach_out
  Issue: YMYL topic missing professional evaluation recommendation
  Severity: FAIL
  Recommended action: rerun

Row 3d543d91-e6e9-4567-85f2-438a767b4888 — How do I deal with regret about things I didn't say or do?
  Field: word_count
  Issue: combined body 679 words (target 350–550)
  Severity: FAIL
  Recommended action: rerun

Row 276e8bdd-a859-4bbe-b41b-3c63e913c601 — How do I deal with relapse and the shame that comes with it?
  Field: word_count
  Issue: combined body 773 words (target 350–550)
  Severity: FAIL
  Recommended action: rerun

Row 439bd09c-6528-4527-bccd-71929eb39bed — How do I deal with seasonal depression?
  Field: word_count
  Issue: combined body 678 words (target 350–550)
  Severity: FAIL
  Recommended action: rerun

Row a72437b8-16c2-4326-9729-d8c0c08594df — How do I deal with seeing my ex with someone new?
  Field: word_count
  Issue: combined body 625 words (target 350–550)
  Severity: FAIL
  Recommended action: rerun

Row 98645912-8be7-436b-8d8b-f3410e11c116 — How do I deal with side effects from psychiatric medication?
  Field: word_count
  Issue: combined body 626 words (target 350–550)
  Severity: FAIL
  Recommended action: rerun

Row c76d8977-d5f9-4c75-8dbe-53d1f28aab77 — How do I deal with social anxiety at work?
  Field: word_count
  Issue: combined body 721 words (target 350–550)
  Severity: FAIL
  Recommended action: rerun

Row f93e5cd1-7f3e-48bc-8289-22f70fbdab2d — How do I deal with social media affecting my mental health?
  Field: word_count
  Issue: combined body 651 words (target 350–550)
  Severity: FAIL
  Recommended action: rerun

Row 222b5e8a-a00d-42c0-8fcc-59d84dc3490d — How do I deal with someone who has narcissistic traits?
  Field: word_count
  Issue: combined body 662 words (target 350–550)
  Severity: FAIL
  Recommended action: rerun

Row 1348177b-adee-4a64-bb49-da919a49972d — How do I deal with spiritual bypassing in my healing journe…
  Field: word_count
  Issue: combined body 741 words (target 350–550)
  Severity: FAIL
  Recommended action: rerun

Row 5e2e0d4f-d896-4a19-8272-b074e603288b — How do I deal with Sunday night anxiety about the week ahea…
  Field: word_count
  Issue: combined body 683 words (target 350–550)
  Severity: FAIL
  Recommended action: rerun

Row 19801d9f-729f-4eda-8401-5095158a4da8 — How do I deal with the anxiety that comes from not having c…
  Field: word_count
  Issue: combined body 655 words (target 350–550)
  Severity: FAIL
  Recommended action: rerun

Row 0ece6d07-f015-432b-81e6-fb0a5337a3aa — How do I deal with the stigma of being in recovery?
  Field: word_count
  Issue: combined body 690 words (target 350–550)
  Severity: FAIL
  Recommended action: rerun

Row 7cd58ae6-5965-460b-9d6f-777dffeedb0b — How do I deal with toxic family members?
  Field: word_count
  Issue: combined body 623 words (target 350–550)
  Severity: FAIL
  Recommended action: rerun

Row 292afffe-a40a-4c34-afd4-0b2f443ad116 — How do I deal with trauma triggers in everyday situations?
  Field: word_count
  Issue: combined body 761 words (target 350–550)
  Severity: FAIL
  Recommended action: rerun

Row ba8b8587-42b5-49f4-9a50-f52c5be52b19 — How do I deal with workplace surveillance and AI monitoring…
  Field: word_count
  Issue: combined body 643 words (target 350–550)
  Severity: FAIL
  Recommended action: rerun

Row bcf69729-4165-40c5-8588-96fbfcd8f256 — How do I decide what to do with their belongings?
  Field: word_count
  Issue: combined body 630 words (target 350–550)
  Severity: FAIL
  Recommended action: rerun

Row 314715df-1b92-46f3-ba9f-ccc8ceeae295 — How do I explain gaps in my employment history due to addic…
  Field: word_count
  Issue: combined body 684 words (target 350–550)
  Severity: FAIL
  Recommended action: rerun

Row d2cb6214-c485-40db-b10d-e9c572fab02e — How do I express anger in healthy ways without bottling it …
  Field: word_count
  Issue: combined body 682 words (target 350–550)
  Severity: FAIL
  Recommended action: rerun

Row 8612dadc-77ad-4057-9fda-ae81631bd2e0 — How do I find a good therapist for addiction recovery?
  Field: word_count
  Issue: combined body 619 words (target 350–550)
  Severity: FAIL
  Recommended action: rerun

Row 4c923dae-ebbe-4ede-85e0-e0bdb136cc9d — How do I find a therapist that's right for me?
  Field: word_count
  Issue: combined body 601 words (target 350–550)
  Severity: FAIL
  Recommended action: rerun

Row 05180c4d-e5d2-444d-ad7e-bd70d683d89e — How do I find a therapist who understands psychedelic exper…
  Field: word_count
  Issue: combined body 643 words (target 350–550)
  Severity: FAIL
  Recommended action: rerun

Row 59e17e0b-6450-4e0d-91fe-551b9885d696 — How do I find balance between online activism and mental he…
  Field: word_count
  Issue: combined body 613 words (target 350–550)
  Severity: FAIL
  Recommended action: rerun

Row c42669d0-8cdf-485f-ae1f-c082d8fb4092 — How do I find meaning after leaving organized religion?
  Field: word_count
  Issue: combined body 653 words (target 350–550)
  Severity: FAIL
  Recommended action: rerun

Row 852d1d45-da98-43ba-af11-6c1d9726cb02 — How do I find meaning after losing my religious beliefs?
  Field: word_count
  Issue: combined body 604 words (target 350–550)
  Severity: FAIL
  Recommended action: rerun

Row 8a5ab9f8-1ece-4d05-920a-9770676a3d14 — How do I find meaning in life when everything feels pointle…
  Field: word_count
  Issue: combined body 681 words (target 350–550)
  Severity: FAIL
  Recommended action: rerun

Row ecb5d407-82a4-4886-bef1-a1430a963043 — How do I find meaning in life when traditional religion doe…
  Field: word_count
  Issue: combined body 732 words (target 350–550)
  Severity: FAIL
  Recommended action: rerun

Row 74b2052d-eb9b-4ba6-abc2-de3f56f1bc89 — How do I find meaning in work when it feels disconnected fr…
  Field: word_count
  Issue: combined body 616 words (target 350–550)
  Severity: FAIL
  Recommended action: rerun

Row bec01dea-06e3-4d6d-9cc3-e43366d1c9a0 — How do I find meaning when I no longer believe what I was t…
  Field: word_count
  Issue: combined body 662 words (target 350–550)
  Severity: FAIL
  Recommended action: rerun

Row c60a8c48-4bcf-46c0-be54-f494788351cd — How do I find motivation when I'm depressed?
  Field: word_count
  Issue: combined body 691 words (target 350–550)
  Severity: FAIL
  Recommended action: rerun

Row 1990247f-0ef6-4770-be40-4a811bf6f0f8 — How do I find motivation when recovery feels impossible?
  Field: word_count
  Issue: combined body 637 words (target 350–550)
  Severity: FAIL
  Recommended action: rerun

Row d64f585a-8891-4cf9-935d-e1ff15ff4df8 — How do I find my purpose when nothing feels meaningful anym…
  Field: word_count
  Issue: combined body 662 words (target 350–550)
  Severity: FAIL
  Recommended action: rerun

Row 607b7357-54df-4623-afc6-736059e981e8 — How do I find my purpose when nothing feels meaningful?
  Field: word_count
  Issue: combined body 696 words (target 350–550)
  Severity: FAIL
  Recommended action: rerun

Row 5483b5ce-a8f4-4de6-9d74-73aeaf13b034 — How do I forgive someone who isn't sorry?
  Field: word_count
  Issue: combined body 637 words (target 350–550)
  Severity: FAIL
  Recommended action: rerun

Row 50f0e4d6-8ac6-4a7c-84fe-f5de1e3f89a1 — How do I function when anxiety makes everything feel overwh…
  Field: word_count
  Issue: combined body 623 words (target 350–550)
  Severity: FAIL
  Recommended action: rerun

Row 61b0504a-5e85-4157-807a-9db12cdff9f9 — How do I get over someone who doesn't want me back?
  Field: word_count
  Issue: combined body 633 words (target 350–550)
  Severity: FAIL
  Recommended action: rerun

Row 8151853b-1157-4ae8-be58-f32f80923437 — How do I grieve someone I had a complicated relationship wi…
  Field: word_count
  Issue: combined body 651 words (target 350–550)
  Severity: FAIL
  Recommended action: rerun

Row 1d41e189-07b8-4cb7-ba52-23ebaacbe923 — How do I handle anniversaries and holidays after losing som…
  Field: word_count
  Issue: combined body 693 words (target 350–550)
  Severity: FAIL
  Recommended action: rerun

Row 8e8abc81-1589-4dd1-ad5f-e43d0c425e8a — How do I handle anniversary dates and holidays after losing…
  Field: word_count
  Issue: combined body 658 words (target 350–550)
  Severity: FAIL
  Recommended action: rerun

Row 052bc6ae-7355-46bc-9fbe-bfa257904509 — How do I handle anxiety without using substances?
  Field: lede
  Issue: does not open with canonical_answer verbatim
  Severity: FAIL
  Recommended action: rerun

Row 962355cc-7f8e-4ef2-ab93-55d104466ad5 — How do I handle burnout when I'm constantly worried about j…
  Field: word_count
  Issue: combined body 637 words (target 350–550)
  Severity: FAIL
  Recommended action: rerun

Row 888f0d44-fbfb-4876-80d3-805b54665177 — How do I handle conflict with my partner without damaging o…
  Field: word_count
  Issue: combined body 636 words (target 350–550)
  Severity: FAIL
  Recommended action: rerun

Row 60963aae-219b-4727-bf22-bb8a91dff1b0 — How do I handle co-parenting with a difficult ex-spouse?
  Field: word_count
  Issue: combined body 694 words (target 350–550)
  Severity: FAIL
  Recommended action: rerun

Row e54d7af4-6774-49b1-a677-a9a9b95fbada — How do I handle cravings that seem to come out of nowhere?
  Field: word_count
  Issue: combined body 638 words (target 350–550)
  Severity: FAIL
  Recommended action: rerun

Row 33ae1ba4-c6bd-466d-805a-9ffed6b7b225 — How do I handle criticism without taking it personally?
  Field: word_count
  Issue: combined body 697 words (target 350–550)
  Severity: FAIL
  Recommended action: rerun

Row 5d306030-c92f-42c1-91b8-639aef2aa3e0 — How do I handle dating and relationships in recovery?
  Field: word_count
  Issue: combined body 745 words (target 350–550)
  Severity: FAIL
  Recommended action: rerun

Row 30e73d20-aec9-4ebf-aa91-00772eab9614 — How do I handle depression in college or graduate school?
  Field: word_count
  Issue: combined body 611 words (target 350–550)
  Severity: FAIL
  Recommended action: rerun

Row 4ddc257e-3351-4988-8907-bd024eece32b — How do I handle depression-related guilt and shame?
  Field: word_count
  Issue: combined body 627 words (target 350–550)
  Severity: FAIL
  Recommended action: rerun

Row 3e88b83c-b6f4-4781-aa96-d4eb02c599e9 — How do I handle drug testing at work while in recovery?
  Field: word_count
  Issue: combined body 633 words (target 350–550)
  Severity: FAIL
  Recommended action: rerun

Row e6d65a50-6c34-4022-b37f-7fead19b45cc — How do I handle family pressure about my relationship choic…
  Field: word_count
  Issue: combined body 603 words (target 350–550)
  Severity: FAIL
  Recommended action: rerun

Row 0ce9cb9f-970c-4da7-8f58-822cc06f00d3 — How do I handle family rejection after changing my beliefs?
  Field: word_count
  Issue: combined body 650 words (target 350–550)
  Severity: FAIL
  Recommended action: rerun

Row f7c3dda2-837c-450f-849d-e1a0e539cfdc — How do I handle grief during holidays and special occasions?
  Field: word_count
  Issue: combined body 751 words (target 350–550)
  Severity: FAIL
  Recommended action: rerun

Row 7a7d5858-77db-4ed0-ba23-778ceee58f9f — How do I handle guilt and shame about my past actions?
  Field: word_count
  Issue: combined body 658 words (target 350–550)
  Severity: FAIL
  Recommended action: rerun

Row d1b69990-8ff2-4de7-8e09-7ef1e1591377 — How do I handle holidays and family gatherings with an addi…
  Field: word_count
  Issue: combined body 684 words (target 350–550)
  Severity: FAIL
  Recommended action: rerun

Row 51054ce4-2e6e-42aa-b6d7-db720380e816 — How do I handle holidays and special events after divorce?
  Field: word_count
  Issue: combined body 643 words (target 350–550)
  Severity: FAIL
  Recommended action: rerun

Row 0bf42f26-6cd8-4bac-aea8-6ddb8a86d7ce — How do I handle holidays and special occasions in recovery?
  Field: word_count
  Issue: combined body 619 words (target 350–550)
  Severity: FAIL
  Recommended action: rerun

Row 2b13fdd5-5866-4d20-8652-531196f560c4 — How do I handle religious holidays after losing my faith?
  Field: word_count
  Issue: combined body 656 words (target 350–550)
  Severity: FAIL
  Recommended action: rerun

Row baf4ef3f-a088-4dbc-95c0-18a25968885c — How do I handle sibling rivalry and fighting?
  Field: word_count
  Issue: combined body 629 words (target 350–550)
  Severity: FAIL
  Recommended action: rerun

Row 717c1e6b-7530-4018-b4e3-0c77c7fe0061 — How do I handle stress without turning to substances?
  Field: word_count
  Issue: combined body 635 words (target 350–550)
  Severity: FAIL
  Recommended action: rerun

Row fbdeb2d2-a224-43a1-9d96-f6fde8c8477c — How do I handle the stress of retraining for a new career a…
  Field: word_count
  Issue: combined body 738 words (target 350–550)
  Severity: FAIL
  Recommended action: rerun

Row b43aceaa-f85a-4336-9f7f-892b9a8df48f — How do I handle work or school while in treatment?
  Field: canonical_answer
  Issue: 52 words (max 50)
  Severity: FAIL
  Recommended action: rerun

Row b43aceaa-f85a-4336-9f7f-892b9a8df48f — How do I handle work or school while in treatment?
  Field: word_count
  Issue: combined body 658 words (target 350–550)
  Severity: FAIL
  Recommended action: rerun

Row a94fbd2f-ce8b-40a1-a90f-ae90e50d1822 — How do I handle work stress without using substances?
  Field: word_count
  Issue: combined body 689 words (target 350–550)
  Severity: FAIL
  Recommended action: rerun

Row 350ecc6c-b219-4030-b78c-d9c5284c64ce — How do I handle work while in addiction treatment?
  Field: word_count
  Issue: combined body 652 words (target 350–550)
  Severity: FAIL
  Recommended action: rerun

Row 21bb7c44-db8a-4430-981e-8f6cc3b3d494 — How do I have difficult conversations without making things…
  Field: word_count
  Issue: combined body 616 words (target 350–550)
  Severity: FAIL
  Recommended action: rerun

Row 8651f3db-5878-47ee-94f8-b2efc77e3600 — How do I heal from childhood emotional neglect?
  Field: word_count
  Issue: combined body 601 words (target 350–550)
  Severity: FAIL
  Recommended action: rerun

Row 3c9cf4c8-c253-4038-8095-2b9244522f1d — How do I heal my relationship with my inner child?
  Field: word_count
  Issue: combined body 707 words (target 350–550)
  Severity: FAIL
  Recommended action: rerun

Row ec3a16dc-8d1c-4d17-a1b6-a4b59247a88b — How do I help a family member who has a personality disorde…
  Field: word_count
  Issue: combined body 634 words (target 350–550)
  Severity: FAIL
  Recommended action: rerun

Row f71ccd07-d326-48c9-b5a2-4ebefec54d1a — How do I help a family member who has severe depression but…
  Field: word_count
  Issue: combined body 706 words (target 350–550)
  Severity: FAIL
  Recommended action: rerun

Row 960b48c3-e74b-4ca3-97cb-4b484d203e8d — How do I help my anxious child without making it worse?
  Field: word_count
  Issue: combined body 631 words (target 350–550)
  Severity: FAIL
  Recommended action: rerun

Row 2eca3c5b-70c8-46a1-ad20-615cf2f99d63 — How do I help my children adjust to divorce?
  Field: word_count
  Issue: combined body 714 words (target 350–550)
  Severity: FAIL
  Recommended action: rerun

Row 9dc51947-37e4-4fa2-891d-de01b5281b0b — How do I help my children understand death and grief?
  Field: word_count
  Issue: combined body 699 words (target 350–550)
  Severity: FAIL
  Recommended action: rerun

Row ce52dfa3-9838-4bc0-899e-3c20f46b80d0 — How do I help my child who seems depressed?
  Field: word_count
  Issue: combined body 673 words (target 350–550)
  Severity: FAIL
  Recommended action: rerun

Row e8f7592b-8782-4521-ae4d-0aa370de898f — How do I help my teenager who seems angry all the time?
  Field: word_count
  Issue: combined body 617 words (target 350–550)
  Severity: FAIL
  Recommended action: rerun

Row 0fb2d2b9-a9b5-4bb3-8428-9b67937105f3 — How do I help my teenager who seems depressed?
  Field: word_count
  Issue: combined body 602 words (target 350–550)
  Severity: FAIL
  Recommended action: rerun

Row aeb017a4-59d8-48bb-ad5f-717330d7fdd8 — How do I help my teenager with anxiety without making it wo…
  Field: word_count
  Issue: combined body 643 words (target 350–550)
  Severity: FAIL
  Recommended action: rerun

Row 7ffa3f05-9d16-49ca-9e96-cbb6fea4058b — How do I help someone who doesn't want help for their addic…
  Field: word_count
  Issue: combined body 771 words (target 350–550)
  Severity: FAIL
  Recommended action: rerun

Row 6ece683e-0844-4755-b5ae-6761f355564c — How do I honor my ancestors while living my own authentic l…
  Field: word_count
  Issue: combined body 694 words (target 350–550)
  Severity: FAIL
  Recommended action: rerun

Row 23eabfde-30bf-4187-b908-221617e0736b — How do I improve communication with my partner?
  Field: word_count
  Issue: combined body 691 words (target 350–550)
  Severity: FAIL
  Recommended action: rerun

Row bf5d7849-923e-47aa-a25b-4256a4805011 — How do I integrate plant medicine experiences with traditio…
  Field: word_count
  Issue: combined body 607 words (target 350–550)
  Severity: FAIL
  Recommended action: rerun

Row 3d76832d-cd51-4185-853e-760ef3263718 — How do I integrate psychedelic experiences into my daily li…
  Field: word_count
  Issue: combined body 633 words (target 350–550)
  Severity: FAIL
  Recommended action: rerun

Row 231c788c-8e19-4920-99aa-5b91d337fff6 — How do I know if I have ADHD as an adult?
  Field: canonical_answer
  Issue: 57 words (max 50)
  Severity: FAIL
  Recommended action: rerun

Row 231c788c-8e19-4920-99aa-5b91d337fff6 — How do I know if I have ADHD as an adult?
  Field: word_count
  Issue: combined body 718 words (target 350–550)
  Severity: FAIL
  Recommended action: rerun

Row 248a005f-0204-4ca0-9fc3-c401794e9406 — How do I know if I have a gambling problem?
  Field: word_count
  Issue: combined body 660 words (target 350–550)
  Severity: FAIL
  Recommended action: rerun

Row 5e53d642-25ac-486e-8430-abc1aff04700 — How do I know if I have anxiety or if I'm just stressed?
  Field: word_count
  Issue: combined body 639 words (target 350–550)
  Severity: FAIL
  Recommended action: rerun

Row 5f716bd5-8932-4d5e-ab92-5779bde6b18a — How do I know if I have anxious attachment?
  Field: word_count
  Issue: combined body 717 words (target 350–550)
  Severity: FAIL
  Recommended action: rerun

Row 07fd8f5e-0a24-45b1-b775-ad75a5cb4ae9 — How do I know if I have clinical depression versus just fee…
  Field: word_count
  Issue: combined body 680 words (target 350–550)
  Severity: FAIL
  Recommended action: rerun

Row f2449ae9-2637-4f89-81cd-432a15596208 — How do I know if I have postpartum depression versus baby b…
  Field: word_count
  Issue: combined body 654 words (target 350–550)
  Severity: FAIL
  Recommended action: rerun

Row 4c047672-19f8-48d2-9570-5a6cb88457cb — How do I know if I have PTSD or just normal stress?
  Field: word_count
  Issue: combined body 710 words (target 350–550)
  Severity: FAIL
  Recommended action: rerun

Row ec73aa50-6b0e-44a0-ba05-51b40ea36b2b — How do I know if I have PTSD or trauma?
  Field: word_count
  Issue: combined body 687 words (target 350–550)
  Severity: FAIL
  Recommended action: rerun

Row 7b0fbcb9-1759-4437-a8a0-10fd72add734 — How do I know if I have trauma from my childhood?
  Field: word_count
  Issue: combined body 698 words (target 350–550)
  Severity: FAIL
  Recommended action: rerun

Row 86e17a76-c3a5-4c1c-9599-9d8b1748d2b2 — How do I know if I'm being too demanding in my relationship?
  Field: word_count
  Issue: combined body 622 words (target 350–550)
  Severity: FAIL
  Recommended action: rerun

Row 535b1b66-1ce8-4441-ab90-442fbd66eca0 — How do I know if I'm burned out or just stressed?
  Field: word_count
  Issue: combined body 651 words (target 350–550)
  Severity: FAIL
  Recommended action: rerun

Row b63dc938-eab0-40b5-8333-90de12eb0c90 — How do I know if I'm depressed or just going through a roug…
  Field: word_count
  Issue: combined body 632 words (target 350–550)
  Severity: FAIL
  Recommended action: rerun

Row bc66af5b-504b-4add-bbf4-57e3a073793b — How do I know if I'm drinking too much?
  Field: canonical_answer
  Issue: 54 words (max 50)
  Severity: FAIL
  Recommended action: rerun

Row bc66af5b-504b-4add-bbf4-57e3a073793b — How do I know if I'm drinking too much?
  Field: word_count
  Issue: combined body 664 words (target 350–550)
  Severity: FAIL
  Recommended action: rerun

Row 7753b801-11f0-49e3-b305-7e38c99d94da — How do I know if I'm experiencing burnout?
  Field: word_count
  Issue: combined body 734 words (target 350–550)
  Severity: FAIL
  Recommended action: rerun

Row cf652264-4c0a-4c93-b184-8619ab112077 — How do I know if I'm experiencing spiritual bypassing?
  Field: word_count
  Issue: combined body 648 words (target 350–550)
  Severity: FAIL
  Recommended action: rerun

Row b61be7c2-a15e-4a17-baf8-d02182fe9eb4 — How do I know if I'm gay, straight, or something else?
  Field: word_count
  Issue: combined body 690 words (target 350–550)
  Severity: FAIL
  Recommended action: rerun

Row 57ee7ead-422f-44c1-a7a4-a4ca9e98307d — How do I know if I'm having a panic attack or just anxiety?
  Field: word_count
  Issue: combined body 700 words (target 350–550)
  Severity: FAIL
  Recommended action: rerun

Row 3e63f5c1-2dec-4f72-800a-a2c56abd7275 — How do I know if I might be depressed?
  Field: word_count
  Issue: combined body 714 words (target 350–550)
  Severity: FAIL
  Recommended action: rerun

Row b06b3339-9980-4676-aef3-bc922bb4fb4a — How do I know if I'm in a codependent relationship?
  Field: word_count
  Issue: combined body 638 words (target 350–550)
  Severity: FAIL
  Recommended action: rerun

Row 0bb1d30d-32d9-4cde-99a8-b34e8bbc9d2c — How do I know if I'm in an emotionally abusive relationship?
  Field: word_count
  Issue: combined body 698 words (target 350–550)
  Severity: FAIL
  Recommended action: rerun

Row 61a4502c-f3e7-461a-afb6-d935e5c6f19e — How do I know if I'm in a toxic relationship or just going …
  Field: word_count
  Issue: combined body 703 words (target 350–550)
  Severity: FAIL
  Recommended action: rerun

Row 0a6d7f13-461b-4a0c-a3ee-bfd7dc9e1f02 — How do I know if I'm in a toxic relationship?
  Field: word_count
  Issue: combined body 692 words (target 350–550)
  Severity: FAIL
  Recommended action: rerun

Row 52aecb1c-61c4-425c-9f00-2b16b035103f — How do I know if I'm ready to date again?
  Field: word_count
  Issue: combined body 660 words (target 350–550)
  Severity: FAIL
  Recommended action: rerun

Row a5835bd3-2699-4587-93b3-8348cf22242b — How do I know if I'm transgender or just going through a ph…
  Field: canonical_answer
  Issue: 55 words (max 50)
  Severity: FAIL
  Recommended action: rerun

Row a5835bd3-2699-4587-93b3-8348cf22242b — How do I know if I'm transgender or just going through a ph…
  Field: word_count
  Issue: combined body 602 words (target 350–550)
  Severity: FAIL
  Recommended action: rerun

Row 6ba541f5-3176-4a83-a412-3f36bec5241d — How do I know if I'm truly healing or just getting better a…
  Field: word_count
  Issue: combined body 663 words (target 350–550)
  Severity: FAIL
  Recommended action: rerun

Row d1ceae6a-0507-4ad3-a6bd-3441b0669745 — How do I know if I need inpatient treatment for depression?
  Field: word_count
  Issue: combined body 635 words (target 350–550)
  Severity: FAIL
  Recommended action: rerun

Row 71e29f1c-b0bb-420d-90d6-5b174733a6ce — How do I know if I need medication for my mental health?
  Field: word_count
  Issue: combined body 611 words (target 350–550)
  Severity: FAIL
  Recommended action: rerun

Row bd0461e8-df46-4863-847a-778c4b6834d8 — How do I know if I need professional help for my grief?
  Field: word_count
  Issue: combined body 732 words (target 350–550)
  Severity: FAIL
  Recommended action: rerun

Row 443274c7-9fca-4b22-9b19-f632bef5ac7d — How do I know if I need professional help for my drinking?
  Field: word_count
  Issue: combined body 655 words (target 350–550)
  Severity: FAIL
  Recommended action: rerun

Row a055b7b0-9d03-4dfd-bc43-be51574bc977 — How do I know if I need professional help for spiritual cri…
  Field: word_count
  Issue: combined body 637 words (target 350–550)
  Severity: FAIL
  Recommended action: rerun

Row 39d5c801-bbca-4088-88aa-3106ae613b52 — How do I know if I need therapy?
  Field: word_count
  Issue: combined body 693 words (target 350–550)
  Severity: FAIL
  Recommended action: rerun

Row f9ba5325-7508-484b-9fc0-7f58b3671a8d — How do I know if I need to be hospitalized for depression?
  Field: word_count
  Issue: combined body 671 words (target 350–550)
  Severity: FAIL
  Recommended action: rerun

Row 16062281-da59-4e73-8b5a-803ea0262fb7 — How do I know if microdosing psychedelics is right for me?
  Field: word_count
  Issue: combined body 629 words (target 350–550)
  Severity: FAIL
  Recommended action: rerun

Row ed4d0040-2725-425f-859f-86711ad77b39 — How do I know if my anxiety is normal or if I need help?
  Field: word_count
  Issue: combined body 673 words (target 350–550)
  Severity: FAIL
  Recommended action: rerun

Row 2db8c303-c81f-423c-a5b0-e7ae6e95fd69 — How do I know if my childhood was actually traumatic or if …
  Field: word_count
  Issue: combined body 750 words (target 350–550)
  Severity: FAIL
  Recommended action: rerun

Row 32ba7579-d7a8-49de-8581-b06556dad22c — How do I know if my child is depressed or just going throug…
  Field: word_count
  Issue: combined body 704 words (target 350–550)
  Severity: FAIL
  Recommended action: rerun

Row 156e57fe-8da6-45d7-aec2-9976162da80c — How do I know if my depression is getting worse?
  Field: word_count
  Issue: combined body 726 words (target 350–550)
  Severity: FAIL
  Recommended action: rerun

Row ab37c9ce-2104-440d-b6cc-ea4988bc60bc — How do I know if my drinking has become a problem?
  Field: word_count
  Issue: combined body 662 words (target 350–550)
  Severity: FAIL
  Recommended action: rerun

Row b01ab11e-3705-4ed5-9a80-a7f2e4e07c75 — How do I know if my drinking is a problem?
  Field: word_count
  Issue: combined body 616 words (target 350–550)
  Severity: FAIL
  Recommended action: rerun

Row 8fe5f5e9-bacc-4fb4-949a-2ba348ba0b49 — How do I know if my drinking is becoming a problem?
  Field: word_count
  Issue: combined body 679 words (target 350–550)
  Severity: FAIL
  Recommended action: rerun

Row 47b48356-d814-46a0-ba31-08e585864cf7 — How do I know if my marriage is worth saving?
  Field: word_count
  Issue: combined body 632 words (target 350–550)
  Severity: FAIL
  Recommended action: rerun

Row 55f58640-3d95-4578-99a0-8d6770185573 — How do I know if my psychiatric medication is working?
  Field: word_count
  Issue: combined body 631 words (target 350–550)
  Severity: FAIL
  Recommended action: rerun

Row 55f58640-3d95-4578-99a0-8d6770185573 — How do I know if my psychiatric medication is working?
  Field: when_to_reach_out
  Issue: YMYL topic missing professional evaluation recommendation
  Severity: FAIL
  Recommended action: rerun

Row bb759689-de97-44b0-a649-e9dd8b83d41e — How do I know if my recovery program is working?
  Field: word_count
  Issue: combined body 642 words (target 350–550)
  Severity: FAIL
  Recommended action: rerun

Row c71ad11e-a1d0-458d-9733-94d6acc1a38f — How do I know if my relationship is emotionally healthy?
  Field: word_count
  Issue: combined body 705 words (target 350–550)
  Severity: FAIL
  Recommended action: rerun

Row b139bc36-35fb-4840-a28c-060479e03792 — How do I know if my relationship is healthy?
  Field: word_count
  Issue: combined body 641 words (target 350–550)
  Severity: FAIL
  Recommended action: rerun

Row 3d1bae01-8070-46e1-9ab7-40810e24622b — How do I know if my relationship is toxic?
  Field: word_count
  Issue: combined body 669 words (target 350–550)
  Severity: FAIL
  Recommended action: rerun

Row 9a6acb6e-879c-46b8-a0e4-d8d5c9f3f302 — How do I know if my relationship is worth fighting for?
  Field: canonical_answer
  Issue: 52 words (max 50)
  Severity: FAIL
  Recommended action: rerun

Row 9a6acb6e-879c-46b8-a0e4-d8d5c9f3f302 — How do I know if my relationship is worth fighting for?
  Field: word_count
  Issue: combined body 662 words (target 350–550)
  Severity: FAIL
  Recommended action: rerun

Row 8cce97ff-9c05-4bd7-8c7f-cd3e9980553f — How do I know if my sadness is normal grief or clinical dep…
  Field: word_count
  Issue: combined body 632 words (target 350–550)
  Severity: FAIL
  Recommended action: rerun

Row fec108b9-dcff-488a-bd1e-606b6e0a6017 — How do I know if my spiritual experiences are genuine or ju…
  Field: canonical_answer
  Issue: 52 words (max 50)
  Severity: FAIL
  Recommended action: rerun

Row fec108b9-dcff-488a-bd1e-606b6e0a6017 — How do I know if my spiritual experiences are genuine or ju…
  Field: word_count
  Issue: combined body 670 words (target 350–550)
  Severity: FAIL
  Recommended action: rerun

Row 46e687b0-6e4d-47ea-84a5-0ea02d0c5bbd — How do I know if my stress levels are unhealthy?
  Field: word_count
  Issue: combined body 678 words (target 350–550)
  Severity: FAIL
  Recommended action: rerun

Row 103ddcfe-6cef-4ae0-bf4b-62d4a9f2f6d0 — How do I know if my teenager has depression?
  Field: word_count
  Issue: combined body 684 words (target 350–550)
  Severity: FAIL
  Recommended action: rerun

Row 6c419751-373d-4bdc-bb2f-32052bf4d44b — How do I know if my therapist is right for me?
  Field: word_count
  Issue: combined body 769 words (target 350–550)
  Severity: FAIL
  Recommended action: rerun

Row 609a9568-ad42-4fae-97ea-0d15764f0df6 — How do I know if psychedelics could help with my depression?
  Field: word_count
  Issue: combined body 605 words (target 350–550)
  Severity: FAIL
  Recommended action: rerun

Row e4bfcd15-f369-46f0-ae48-e27ae05ae6a6 — How do I know if someone I love is using drugs?
  Field: word_count
  Issue: combined body 769 words (target 350–550)
  Severity: FAIL
  Recommended action: rerun

Row b6208e5f-91a6-4986-bc9a-e13c4d38b3c8 — How do I know if what I'm experiencing is depression or jus…
  Field: word_count
  Issue: combined body 610 words (target 350–550)
  Severity: FAIL
  Recommended action: rerun

Row 2bcd15c6-cae9-4c98-bcd3-50fee95c78f3 — How do I know when it's time to end a friendship?
  Field: word_count
  Issue: combined body 605 words (target 350–550)
  Severity: FAIL
  Recommended action: rerun

Row 2e0e6cd2-fa3c-4c30-83b2-fa2b6f328589 — How do I know when it's time to make a major life change?
  Field: word_count
  Issue: combined body 651 words (target 350–550)
  Severity: FAIL
  Recommended action: rerun

Row baeade2f-29da-455e-89fa-7b25e0a80338 — How do I know when to cut off contact with my addicted fami…
  Field: word_count
  Issue: combined body 694 words (target 350–550)
  Severity: FAIL
  Recommended action: rerun

Row 5cd305bd-78f0-440f-b90f-a6f25405c216 — How do I maintain cultural identity while adapting to a new…
  Field: word_count
  Issue: combined body 717 words (target 350–550)
  Severity: FAIL
  Recommended action: rerun

Row 2b96c87c-fc63-4856-82d1-0fe0c65cd373 — How do I maintain my job while dealing with depression?
  Field: word_count
  Issue: combined body 657 words (target 350–550)
  Severity: FAIL
  Recommended action: rerun

Row 2567f59c-767d-47b4-85f2-fc4272568a2a — How do I maintain my recovery during major life changes?
  Field: word_count
  Issue: combined body 712 words (target 350–550)
  Severity: FAIL
  Recommended action: rerun

Row affb82cd-e3a5-4e24-83a9-a4b815df2f48 — How do I maintain my sense of identity during retirement or…
  Field: word_count
  Issue: combined body 691 words (target 350–550)
  Severity: FAIL
  Recommended action: rerun

Row d234fdc7-17c0-4051-8e49-e732473a62c6 — How do I make amends to people I hurt during my addiction?
  Field: word_count
  Issue: combined body 669 words (target 350–550)
  Severity: FAIL
  Recommended action: rerun

Row 59c410ad-9163-44b2-ae07-7eea5928b158 — How do I manage anxiety about AI taking over my job?
  Field: word_count
  Issue: combined body 621 words (target 350–550)
  Severity: FAIL
  Recommended action: rerun

Row f235e389-2eeb-48c8-9bea-3b78141c9aa6 — How do I manage depression while working a demanding job?
  Field: word_count
  Issue: combined body 659 words (target 350–550)
  Severity: FAIL
  Recommended action: rerun

Row 7d9e1022-d7f5-47de-94a5-bd2c3191eb94 — How do I manage financial stress when my industry is being …
  Field: word_count
  Issue: combined body 668 words (target 350–550)
  Severity: FAIL
  Recommended action: rerun

Row 57ced82b-f858-4354-9cc2-a9bb73586eb4 — How do I manage screen time when my job requires constant c…
  Field: word_count
  Issue: combined body 641 words (target 350–550)
  Severity: FAIL
  Recommended action: rerun

Row a3f92e92-cc4e-4bc9-b81a-d249572277ca — How do I manage screen time without feeling like I'm missin…
  Field: word_count
  Issue: combined body 613 words (target 350–550)
  Severity: FAIL
  Recommended action: rerun

Row 718d70a4-16d2-47f2-8fdf-a3ef099f4bca — How do I manage stress at work?
  Field: word_count
  Issue: combined body 606 words (target 350–550)
  Severity: FAIL
  Recommended action: rerun

Row 71de95b5-0238-4a2c-a1bc-b8728c22f31c — How do I manage stress when I can't change my situation?
  Field: word_count
  Issue: combined body 663 words (target 350–550)
  Severity: FAIL
  Recommended action: rerun

Row ccd79c2b-82b0-4015-aa49-4c13ea20c5fa — How do I motivate myself when everything feels pointless?
  Field: word_count
  Issue: combined body 651 words (target 350–550)
  Severity: FAIL
  Recommended action: rerun

Row 0cf60da1-84cb-4005-a0c5-7e9a354e9bd1 — How do I overcome imposter syndrome?
  Field: word_count
  Issue: combined body 608 words (target 350–550)
  Severity: FAIL
  Recommended action: rerun

Row 01153ef1-afa5-49e7-81b8-c4627d831195 — How do I overcome perfectionism at work?
  Field: word_count
  Issue: combined body 720 words (target 350–550)
  Severity: FAIL
  Recommended action: rerun

Row 77b3704a-5b58-4392-8799-d97001fb34f1 — How do I overcome sexual anxiety and performance pressure?
  Field: word_count
  Issue: combined body 666 words (target 350–550)
  Severity: FAIL
  Recommended action: rerun

Row 788c2788-3741-43ef-8391-c0239e91368f — How do I parent effectively when I'm struggling with depres…
  Field: word_count
  Issue: combined body 612 words (target 350–550)
  Severity: FAIL
  Recommended action: rerun

Row ca2519e1-3add-42b3-9292-0fd9d148088b — How do I prepare for my first psychedelic therapy session?
  Field: word_count
  Issue: combined body 645 words (target 350–550)
  Severity: FAIL
  Recommended action: rerun

Row 70c4afac-d291-47cf-a38c-b4f46375e5e3 — How do I process grief after losing someone close to me?
  Field: word_count
  Issue: combined body 653 words (target 350–550)
  Severity: FAIL
  Recommended action: rerun

Row 8a896375-c44e-4c0a-a768-563580b4ec95 — How do I protect my children from my own mental health stru…
  Field: word_count
  Issue: combined body 736 words (target 350–550)
  Severity: FAIL
  Recommended action: rerun

Row 2b02b005-691b-4ded-8ded-554e9a4485fe — How do I protect my children from their parent's addiction?
  Field: word_count
  Issue: combined body 700 words (target 350–550)
  Severity: FAIL
  Recommended action: rerun

Row 5a20c1f9-c907-451b-be4b-2fb9ccf4a252 — How do I rebuild emotional intimacy after a betrayal?
  Field: word_count
  Issue: combined body 636 words (target 350–550)
  Severity: FAIL
  Recommended action: rerun

Row 02e25548-610a-4402-96e8-70797fb2fdf6 — How do I rebuild intimacy after infidelity or betrayal?
  Field: word_count
  Issue: combined body 718 words (target 350–550)
  Severity: FAIL
  Recommended action: rerun

Row 58f6fb3e-aca2-484f-9f9e-6761e63cfadd — How do I rebuild intimacy in my relationship?
  Field: word_count
  Issue: combined body 684 words (target 350–550)
  Severity: FAIL
  Recommended action: rerun

Row 6d1effd8-d512-4a06-b0af-fbf351f9a7c4 — How do I rebuild my career after addiction?
  Field: word_count
  Issue: combined body 640 words (target 350–550)
  Severity: FAIL
  Recommended action: rerun

Row 610cfb3b-bc9a-403f-90c8-277f2d8d2242 — How do I rebuild my confidence after a major failure?
  Field: word_count
  Issue: combined body 683 words (target 350–550)
  Severity: FAIL
  Recommended action: rerun

Row d35ae8ec-972f-4626-a712-e98a29add495 — How do I rebuild my life after a major loss or trauma?
  Field: word_count
  Issue: combined body 648 words (target 350–550)
  Severity: FAIL
  Recommended action: rerun

Row bf66a1b5-b363-412c-9470-d0c677cb57f0 — How do I rebuild my relationship with my children after add…
  Field: word_count
  Issue: combined body 666 words (target 350–550)
  Severity: FAIL
  Recommended action: rerun

Row 8c62684e-3dc3-4663-ae38-b350a942ce52 — How do I rebuild my self-esteem after addiction?
  Field: word_count
  Issue: combined body 736 words (target 350–550)
  Severity: FAIL
  Recommended action: rerun

Row 2187a172-32fb-4027-8dbd-a0a2347f33ea — How do I rebuild trust after being cheated on?
  Field: word_count
  Issue: combined body 736 words (target 350–550)
  Severity: FAIL
  Recommended action: rerun

Row 0f724dee-d99b-4b2b-9d57-b7e88f5a4713 — How do I rebuild trust after my partner cheated?
  Field: word_count
  Issue: combined body 612 words (target 350–550)
  Severity: FAIL
  Recommended action: rerun

Row 1aa98f04-f330-4f9e-ad9a-53defca0e738 — How do I rebuild trust with family after addiction hurt the…
  Field: word_count
  Issue: combined body 654 words (target 350–550)
  Severity: FAIL
  Recommended action: rerun

Row 986978c6-f831-4cfa-abef-b8e46d83e1df — How do I rebuild trust with my family after my loved one's …
  Field: word_count
  Issue: combined body 638 words (target 350–550)
  Severity: FAIL
  Recommended action: rerun

Row 9b8bacbd-9b71-4e7a-babd-464e1beadfbe — How do I rebuild trust with my partner after addiction?
  Field: word_count
  Issue: combined body 674 words (target 350–550)
  Severity: FAIL
  Recommended action: rerun

Row 7b5291a2-1c0e-4dba-a0d9-10cf5e171d93 — How do I rebuild trust with people I hurt during my addicti…
  Field: word_count
  Issue: combined body 652 words (target 350–550)
  Severity: FAIL
  Recommended action: rerun

Row d06be9aa-cd61-4295-9120-55adb4514f99 — How do I recognize depression in elderly parents?
  Field: word_count
  Issue: combined body 667 words (target 350–550)
  Severity: FAIL
  Recommended action: rerun

Row abaa84de-3089-4169-a7df-9f6dab4d6c24 — How do I reconnect with my cultural heritage after years of…
  Field: word_count
  Issue: combined body 671 words (target 350–550)
  Severity: FAIL
  Recommended action: rerun

Row 4b65a9d6-391a-4495-8c0e-b14003aa1094 — How do I reconnect with my spiritual beliefs after trauma?
  Field: word_count
  Issue: combined body 645 words (target 350–550)
  Severity: FAIL
  Recommended action: rerun

Row fe1a90bb-bd85-4cc5-b5b4-e3455567cffd — How do I recover from a relationship with someone who had a…
  Field: word_count
  Issue: combined body 625 words (target 350–550)
  Severity: FAIL
  Recommended action: rerun

Row a29eb334-fc84-48cf-853d-5841ffe482e0 — How do I recover from burnout at work?
  Field: word_count
  Issue: combined body 619 words (target 350–550)
  Severity: FAIL
  Recommended action: rerun

Row ddc6b611-8cc2-4d81-a9ad-3e3566d2f4a8 — How do I reinvent myself after a major life change like div…
  Field: word_count
  Issue: combined body 666 words (target 350–550)
  Severity: FAIL
  Recommended action: rerun

Row 6c4eafe5-c105-47fc-b174-32d230ca7732 — How do I separate my self-worth from my job title or career…
  Field: word_count
  Issue: combined body 631 words (target 350–550)
  Severity: FAIL
  Recommended action: rerun

Row 2e9f6347-11c7-440e-a8d3-55806b9230fe — How do I set boundaries between work and personal life?
  Field: word_count
  Issue: combined body 619 words (target 350–550)
  Severity: FAIL
  Recommended action: rerun

Row b9f3b0be-4f7a-4294-af29-be6ad7f4a1d7 — How do I set boundaries to reduce stress?
  Field: word_count
  Issue: combined body 648 words (target 350–550)
  Severity: FAIL
  Recommended action: rerun

Row c361736d-bcd3-43a9-a54e-5158ae1a99af — How do I set boundaries with family members?
  Field: word_count
  Issue: combined body 625 words (target 350–550)
  Severity: FAIL
  Recommended action: rerun

Row 38ba4793-47c2-473c-b009-10e664d9f290 — How do I set boundaries with my own family about my relatio…
  Field: word_count
  Issue: combined body 617 words (target 350–550)
  Severity: FAIL
  Recommended action: rerun

Row 3b10dfa7-5c7b-4565-b70a-93a38a3d570a — How do I set boundaries without feeling guilty?
  Field: word_count
  Issue: combined body 722 words (target 350–550)
  Severity: FAIL
  Recommended action: rerun

Row 45df558b-917f-471b-9528-f21dd08fb53a — How do I set boundaries with someone who has borderline per…
  Field: word_count
  Issue: combined body 683 words (target 350–550)
  Severity: FAIL
  Recommended action: rerun

Row 65b1fab2-8512-4c6d-85a6-191b41cc0760 — How do I set healthy boundaries with family members?
  Field: word_count
  Issue: combined body 638 words (target 350–550)
  Severity: FAIL
  Recommended action: rerun

Row 7768fd77-56c2-4ab3-a17b-72cc00094ca1 — How do I set healthy boundaries with my children?
  Field: word_count
  Issue: combined body 625 words (target 350–550)
  Severity: FAIL
  Recommended action: rerun

Row 517d7692-15b3-4a95-b204-a875e981c7c9 — How do I socialize without drinking?
  Field: word_count
  Issue: combined body 623 words (target 350–550)
  Severity: FAIL
  Recommended action: rerun

Row 53192926-3802-4c2c-99d1-8219ea03cecf — How do I start dating again after divorce?
  Field: word_count
  Issue: combined body 690 words (target 350–550)
  Severity: FAIL
  Recommended action: rerun

Row f6e6ad70-80a5-492b-af8b-76eb5727509e — How do I stay sober when all my friends drink?
  Field: word_count
  Issue: combined body 701 words (target 350–550)
  Severity: FAIL
  Recommended action: rerun

Row 8aea9eb9-7dde-422b-b459-e6b57604d832 — How do I stop being afraid of conflict in relationships?
  Field: word_count
  Issue: combined body 704 words (target 350–550)
  Severity: FAIL
  Recommended action: rerun

Row 762476ae-ab91-4adb-85ea-1878c8485a5c — How do I stop being a people pleaser?
  Field: word_count
  Issue: combined body 696 words (target 350–550)
  Severity: FAIL
  Recommended action: rerun

Row f96744e2-f476-4423-b9aa-b585bb0e87a1 — How do I stop being a people-pleaser and start putting my o…
  Field: word_count
  Issue: combined body 651 words (target 350–550)
  Severity: FAIL
  Recommended action: rerun

Row 8602a01d-34a1-403b-be5f-5742274b2b0b — How do I stop being a people pleaser in relationships?
  Field: word_count
  Issue: combined body 701 words (target 350–550)
  Severity: FAIL
  Recommended action: rerun

Row 7e67cfdc-396a-40de-8faa-765d7fa4f0b3 — How do I stop being so clingy and needy in relationships?
  Field: word_count
  Issue: combined body 681 words (target 350–550)
  Severity: FAIL
  Recommended action: rerun

Row ba6736ac-5b1f-4e31-95bb-424c3788ce5c — How do I stop being so critical of myself and others?
  Field: word_count
  Issue: combined body 669 words (target 350–550)
  Severity: FAIL
  Recommended action: rerun

Row 1d566679-9140-4660-a7f0-a504f2397058 — How do I stop being so hard on myself?
  Field: word_count
  Issue: combined body 667 words (target 350–550)
  Severity: FAIL
  Recommended action: rerun

Row 447d9f37-da02-481b-a418-a7c7714a9ad3 — How do I stop being so jealous in my relationship?
  Field: word_count
  Issue: combined body 616 words (target 350–550)
  Severity: FAIL
  Recommended action: rerun

Row 15fc1473-5bd3-4e7c-bd36-11377eaadf25 — How do I stop being so sensitive to criticism?
  Field: word_count
  Issue: combined body 637 words (target 350–550)
  Severity: FAIL
  Recommended action: rerun

Row a7546567-5c1e-47da-9dd9-c111227766ef — How do I stop caring so much about what others think of me?
  Field: word_count
  Issue: combined body 662 words (target 350–550)
  Severity: FAIL
  Recommended action: rerun

Row 32728f09-10bc-4cf4-bf58-2c4c94ba3485 — How do I stop catastrophizing every small problem?
  Field: word_count
  Issue: combined body 725 words (target 350–550)
  Severity: FAIL
  Recommended action: rerun

Row 43fea8d5-470d-4c5c-8808-d53403ef74be — How do I stop checking my phone when I can't sleep?
  Field: word_count
  Issue: combined body 608 words (target 350–550)
  Severity: FAIL
  Recommended action: rerun

Row 331486b9-ec35-43c0-afea-3d162d05fd50 — How do I stop comparing everyone I meet to my ex?
  Field: word_count
  Issue: combined body 606 words (target 350–550)
  Severity: FAIL
  Recommended action: rerun

Row a55294a7-f011-41dc-8b20-b47088c0e9c0 — How do I stop comparing my financial situation to others?
  Field: word_count
  Issue: combined body 656 words (target 350–550)
  Severity: FAIL
  Recommended action: rerun

Row f22361aa-4ae9-4e15-813a-759dc1895130 — How do I stop comparing my life to what I see on social med…
  Field: word_count
  Issue: combined body 677 words (target 350–550)
  Severity: FAIL
  Recommended action: rerun

Row 90548629-5f1d-430f-be9e-d2d115907b3f — How do I stop enabling my loved one's addiction?
  Field: canonical_answer
  Issue: 53 words (max 50)
  Severity: FAIL
  Recommended action: rerun

Row 90548629-5f1d-430f-be9e-d2d115907b3f — How do I stop enabling my loved one's addiction?
  Field: word_count
  Issue: combined body 665 words (target 350–550)
  Severity: FAIL
  Recommended action: rerun

Row dfbbc930-092d-4e54-b5e3-a57027df60ce — How do I stop feeling guilty about my past mistakes?
  Field: word_count
  Issue: combined body 658 words (target 350–550)
  Severity: FAIL
  Recommended action: rerun

Row 6716e76a-0882-443b-af0e-f87c9cad4f0a — How do I stop feeling guilty about setting boundaries?
  Field: word_count
  Issue: combined body 682 words (target 350–550)
  Severity: FAIL
  Recommended action: rerun

Row feecef14-df70-4a5c-8bdb-b95869f8bd4b — How do I stop feeling jealous of people who seem to have lo…
  Field: canonical_answer
  Issue: 54 words (max 50)
  Severity: FAIL
  Recommended action: rerun

Row feecef14-df70-4a5c-8bdb-b95869f8bd4b — How do I stop feeling jealous of people who seem to have lo…
  Field: word_count
  Issue: combined body 682 words (target 350–550)
  Severity: FAIL
  Recommended action: rerun

Row 8cfd3ad2-a4c5-4285-a115-96acfca9421d — How do I stop feeling jumpy and on edge all the time?
  Field: word_count
  Issue: combined body 606 words (target 350–550)
  Severity: FAIL
  Recommended action: rerun

Row 13024627-7be0-419b-839d-3907c2538c68 — How do I stop feeling like everyone else has it figured out?
  Field: lede
  Issue: does not open with canonical_answer verbatim
  Severity: FAIL
  Recommended action: rerun

Row 13024627-7be0-419b-839d-3907c2538c68 — How do I stop feeling like everyone else has it figured out?
  Field: word_count
  Issue: combined body 747 words (target 350–550)
  Severity: FAIL
  Recommended action: rerun

Row 2b1e5627-ab7a-49c6-bbf8-061177e0f5f4 — How do I stop feeling like everyone is judging me?
  Field: word_count
  Issue: combined body 700 words (target 350–550)
  Severity: FAIL
  Recommended action: rerun

Row 1f5e0e33-f726-49da-a462-76b92eaa2577 — How do I stop feeling like everyone will eventually leave m…
  Field: word_count
  Issue: combined body 670 words (target 350–550)
  Severity: FAIL
  Recommended action: rerun

Row a168c151-5e1d-4ef7-ae74-6859406f2101 — How do I stop feeling like I'm a burden to others?
  Field: word_count
  Issue: combined body 628 words (target 350–550)
  Severity: FAIL
  Recommended action: rerun

Row c32884a5-009f-4fb0-9a8e-4e7daf234901 — How do I stop feeling like I'm a disappointment to myself?
  Field: lede
  Issue: does not open with canonical_answer verbatim
  Severity: FAIL
  Recommended action: rerun

Row c32884a5-009f-4fb0-9a8e-4e7daf234901 — How do I stop feeling like I'm a disappointment to myself?
  Field: word_count
  Issue: combined body 700 words (target 350–550)
  Severity: FAIL
  Recommended action: rerun

Row 7fa10ad5-e2b0-49f2-a091-8cf8bacbdf4e — How do I stop feeling like I'm always in survival mode?
  Field: word_count
  Issue: combined body 697 words (target 350–550)
  Severity: FAIL
  Recommended action: rerun

Row bd7047a5-26d7-45cf-9563-9af2da7412fc — How do I stop feeling like I'm always walking on eggshells?
  Field: word_count
  Issue: combined body 668 words (target 350–550)
  Severity: FAIL
  Recommended action: rerun

Row e56407db-8699-4d2c-a273-5c699f5d81df — How do I stop feeling like I'm behind everyone else profess…
  Field: word_count
  Issue: combined body 721 words (target 350–550)
  Severity: FAIL
  Recommended action: rerun

Row fd0fcf37-3e80-4af5-b350-488f8b27d30d — How do I stop feeling like I'm bothering people when I reac…
  Field: word_count
  Issue: combined body 657 words (target 350–550)
  Severity: FAIL
  Recommended action: rerun

Row be5c168b-f420-47fc-89ed-b7e503300f87 — How do I stop feeling like I'm broken and need to be fixed?
  Field: word_count
  Issue: combined body 733 words (target 350–550)
  Severity: FAIL
  Recommended action: rerun

Row 0a23465b-7daf-4571-9452-ff4fc341d987 — How do I stop feeling like I'm in danger when I'm actually …
  Field: word_count
  Issue: combined body 719 words (target 350–550)
  Severity: FAIL
  Recommended action: rerun

Row 80cfc9ec-51ce-422e-b5a8-515322f52816 — How do I stop feeling like I'm not allowed to take up space?
  Field: word_count
  Issue: combined body 717 words (target 350–550)
  Severity: FAIL
  Recommended action: rerun

Row 6a8a04df-add9-4b6e-936d-a1b488118f53 — How do I stop feeling like I'm not doing enough with my lif…
  Field: word_count
  Issue: combined body 691 words (target 350–550)
  Severity: FAIL
  Recommended action: rerun

Row 5bb095cc-622c-445e-b435-97219b346c15 — How do I stop feeling like I'm not enough?
  Field: word_count
  Issue: combined body 643 words (target 350–550)
  Severity: FAIL
  Recommended action: rerun

Row 774438d3-653e-47af-bf21-ee915ea6666f — How do I stop feeling like I'm not living up to my potentia…
  Field: word_count
  Issue: combined body 696 words (target 350–550)
  Severity: FAIL
  Recommended action: rerun

Row c3ec6df3-274b-4521-b071-49e38a86f603 — How do I stop feeling like I'm not living up to my own expe…
  Field: word_count
  Issue: combined body 713 words (target 350–550)
  Severity: FAIL
  Recommended action: rerun

Row cace00d0-f592-4f5c-bda8-51de7baf3daf — How do I stop feeling like I'm not worthy of good things?
  Field: word_count
  Issue: combined body 798 words (target 350–550)
  Severity: FAIL
  Recommended action: rerun

Row a89bfd29-9aec-4f2e-989e-0db1dd9568c4 — How do I stop feeling like I'm wasting my life?
  Field: word_count
  Issue: combined body 652 words (target 350–550)
  Severity: FAIL
  Recommended action: rerun

Row 1ce1b3e6-ad1f-412e-8d81-872a26a754b1 — How do I stop feeling like I'm wasting my potential?
  Field: word_count
  Issue: combined body 684 words (target 350–550)
  Severity: FAIL
  Recommended action: rerun

Row bd49cb87-22e1-4bc8-b826-39954973f786 — How do I stop feeling like I'm wasting time when I'm not be…
  Field: word_count
  Issue: combined body 691 words (target 350–550)
  Severity: FAIL
  Recommended action: rerun

Row 04c071df-30ea-4dd7-981f-195373aff87f — How do I stop feeling like I need everyone to like me?
  Field: word_count
  Issue: combined body 705 words (target 350–550)
  Severity: FAIL
  Recommended action: rerun

Row 5d96f463-9a88-4860-b612-a58268fd29b3 — How do I stop feeling like I need to earn love through achi…
  Field: word_count
  Issue: combined body 637 words (target 350–550)
  Severity: FAIL
  Recommended action: rerun

Row c3813252-974b-4337-8843-c9dba7688030 — How do I stop feeling like I need to fix everyone's problem…
  Field: word_count
  Issue: combined body 639 words (target 350–550)
  Severity: FAIL
  Recommended action: rerun

Row 8234edce-a36b-47c3-83a9-eb33e5c57f26 — How do I stop feeling like I need to fix everyone around me?
  Field: word_count
  Issue: combined body 647 words (target 350–550)
  Severity: FAIL
  Recommended action: rerun

Row d02edc23-3e7f-4c85-9fa8-33c215c42c0f — How do I stop feeling like I need to prove myself constantl…
  Field: word_count
  Issue: combined body 604 words (target 350–550)
  Severity: FAIL
  Recommended action: rerun

Row 39dc378c-b41f-41e7-9139-06f5791f1255 — How do I stop feeling overwhelmed by financial decisions?
  Field: word_count
  Issue: combined body 619 words (target 350–550)
  Severity: FAIL
  Recommended action: rerun

Row c83d519f-f9f6-4b03-99b1-7cdbab79797c — How do I stop feeling responsible for everyone else's emoti…
  Field: word_count
  Issue: combined body 638 words (target 350–550)
  Severity: FAIL
  Recommended action: rerun

Row 342b2bda-ef5c-458e-aaf8-6bd62ef11bbc — How do I stop feeling so ashamed of my debt?
  Field: word_count
  Issue: combined body 732 words (target 350–550)
  Severity: FAIL
  Recommended action: rerun

Row 1322b4a3-6593-42fb-9058-49c3fd88916c — How do I stop losing myself in romantic relationships?
  Field: word_count
  Issue: combined body 677 words (target 350–550)
  Severity: FAIL
  Recommended action: rerun

Row b767c9e2-df16-4a59-9b15-4338d1cc5795 — How do I stop money from controlling my mood?
  Field: canonical_answer
  Issue: 54 words (max 50)
  Severity: FAIL
  Recommended action: rerun

Row b767c9e2-df16-4a59-9b15-4338d1cc5795 — How do I stop money from controlling my mood?
  Field: word_count
  Issue: combined body 708 words (target 350–550)
  Severity: FAIL
  Recommended action: rerun

Row cc57e7e9-5d4d-41c0-a8f8-7b24768b0db0 — How do I stop my mind from racing when I try to sleep?
  Field: word_count
  Issue: combined body 621 words (target 350–550)
  Severity: FAIL
  Recommended action: rerun

Row e5fadf6f-4565-4ca5-9614-e4e1b6a85508 — How do I stop my perfectionism from ruining my life and rel…
  Field: word_count
  Issue: combined body 673 words (target 350–550)
  Severity: FAIL
  Recommended action: rerun

Row f4c9f6a1-5955-4a7b-aa0a-7390912366aa — How do I stop myself from saying hurtful things when I'm an…
  Field: word_count
  Issue: combined body 697 words (target 350–550)
  Severity: FAIL
  Recommended action: rerun

Row 68e3508a-400d-450b-aed9-9f0b6e75ab3b — How do I stop obsessing over health symptoms?
  Field: word_count
  Issue: combined body 716 words (target 350–550)
  Severity: FAIL
  Recommended action: rerun

Row c417e710-8831-4271-ad12-af2fa6ea1715 — How do I stop overthinking every conversation I have?
  Field: word_count
  Issue: combined body 740 words (target 350–550)
  Severity: FAIL
  Recommended action: rerun

Row 5250a012-c71c-402c-949f-efa8e1dd1591 — How do I stop overthinking every conversation I have?
  Field: word_count
  Issue: combined body 708 words (target 350–550)
  Severity: FAIL
  Recommended action: rerun

Row 8fac9054-a620-4046-ad91-f957f4b1303d — How do I stop overthinking everything?
  Field: key_takeaways
  Issue: opens with rhetorical question
  Severity: FAIL
  Recommended action: undefined

Row 8fac9054-a620-4046-ad91-f957f4b1303d — How do I stop overthinking everything?
  Field: word_count
  Issue: combined body 653 words (target 350–550)
  Severity: FAIL
  Recommended action: rerun

Row a6eb9e75-05b4-40bd-b675-1436fde5d458 — How do I stop overthinking everything I say and do?
  Field: word_count
  Issue: combined body 705 words (target 350–550)
  Severity: FAIL
  Recommended action: rerun

Row 94f631d0-c9f4-467b-9fd0-4363513d77ce — How do I stop procrastinating when I'm afraid of not doing …
  Field: word_count
  Issue: combined body 678 words (target 350–550)
  Severity: FAIL
  Recommended action: rerun

Row 62ee69b3-f28d-4f2b-bd0d-843216b1532f — How do I stop replaying arguments and angry moments in my h…
  Field: word_count
  Issue: combined body 676 words (target 350–550)
  Severity: FAIL
  Recommended action: rerun

Row 7bb1627b-769b-4e45-9cc7-e2f91f023774 — How do I stop ruminating about past mistakes?
  Field: word_count
  Issue: combined body 692 words (target 350–550)
  Severity: FAIL
  Recommended action: rerun

Row 4fc33b7d-9985-4c30-b287-b6205ff5ad8d — How do I stop seeking validation from others?
  Field: word_count
  Issue: combined body 644 words (target 350–550)
  Severity: FAIL
  Recommended action: rerun

Row b49779d2-9c0e-4cc8-ba01-61a58cacd035 — How do I stop stalking my ex on social media?
  Field: word_count
  Issue: combined body 724 words (target 350–550)
  Severity: FAIL
  Recommended action: rerun

Row e61d07e8-db48-4883-8414-1460db8128a5 — How do I stop worrying about things I can't control?
  Field: word_count
  Issue: combined body 700 words (target 350–550)
  Severity: FAIL
  Recommended action: rerun

Row 7a11ba99-ecc0-4688-a252-a2eec4337e50 — How do I support a family member who is struggling with add…
  Field: word_count
  Issue: combined body 743 words (target 350–550)
  Severity: FAIL
  Recommended action: rerun

Row 7437dd73-3378-4489-93f4-3c64f1d15f3f — How do I support a friend who is depressed but won't seek h…
  Field: word_count
  Issue: combined body 661 words (target 350–550)
  Severity: FAIL
  Recommended action: rerun

Row 79efb90c-ff4c-4347-9fab-a541a4e50eee — How do I support a friend who is grieving?
  Field: word_count
  Issue: combined body 622 words (target 350–550)
  Severity: FAIL
  Recommended action: rerun

Row 7f4bb06a-21d2-44de-b1ee-d4c5cf0ffcb3 — How do I support a friend who is struggling with mental hea…
  Field: word_count
  Issue: combined body 673 words (target 350–550)
  Severity: FAIL
  Recommended action: rerun

Row 185c1730-182c-404e-ae5c-05b528f8e7b9 — How do I support a friend with depression without burning o…
  Field: word_count
  Issue: combined body 621 words (target 350–550)
  Severity: FAIL
  Recommended action: rerun

Row 84a3bb12-4e79-4702-afeb-e3ac5debea48 — How do I support my teen through social media drama and cyb…
  Field: word_count
  Issue: combined body 648 words (target 350–550)
  Severity: FAIL
  Recommended action: rerun

Row 3f7a9a61-ba36-45b5-ab9a-2be727033c13 — How do I support someone in recovery without enabling them?
  Field: word_count
  Issue: combined body 729 words (target 350–550)
  Severity: FAIL
  Recommended action: rerun

Row 6c1698e9-ff28-461d-a1ec-6f7d7545a41b — How do I survive a toxic work environment?
  Field: word_count
  Issue: combined body 762 words (target 350–550)
  Severity: FAIL
  Recommended action: rerun

Row d5aa095f-e192-4d33-be06-e5d8941cf16d — How do I talk to my family about money without fighting?
  Field: word_count
  Issue: combined body 635 words (target 350–550)
  Severity: FAIL
  Recommended action: rerun

Row 080e0b49-b933-45c0-8187-a749632ef101 — How do I talk to my partner about sexual needs without feel…
  Field: word_count
  Issue: combined body 636 words (target 350–550)
  Severity: FAIL
  Recommended action: rerun

Row 12af1636-4b2f-4160-987d-4d2f28ee5ad7 — How do I talk to my teen about academic pressure and perfec…
  Field: word_count
  Issue: combined body 666 words (target 350–550)
  Severity: FAIL
  Recommended action: rerun

Row b2586818-c80c-422a-b945-5446a5fc9553 — How do I talk to my teen about depression without them shut…
  Field: word_count
  Issue: combined body 661 words (target 350–550)
  Severity: FAIL
  Recommended action: rerun

Row 272854c3-261e-4bf1-9b44-d1c66de103c0 — How do I talk to my teenager about depression?
  Field: word_count
  Issue: combined body 654 words (target 350–550)
  Severity: FAIL
  Recommended action: rerun

Row 42a8ba99-428d-4eab-bb83-c5f29d4163c5 — How do I talk to my teenager about substance use?
  Field: word_count
  Issue: combined body 703 words (target 350–550)
  Severity: FAIL
  Recommended action: rerun

Row 55e50b76-7803-466d-8d7c-98677861d0fc — How do I talk to my therapist about my relationship with AI?
  Field: word_count
  Issue: combined body 632 words (target 350–550)
  Severity: FAIL
  Recommended action: rerun

Row f26e753d-ace2-493f-97c8-393e596b3583 — How do I tell if I'm depressed or just going through a roug…
  Field: word_count
  Issue: combined body 687 words (target 350–550)
  Severity: FAIL
  Recommended action: rerun

Row a60be08f-c0c7-4298-b5ab-0c9ce42acaac — How do I tell if my social media use is unhealthy?
  Field: word_count
  Issue: combined body 660 words (target 350–550)
  Severity: FAIL
  Recommended action: rerun

Row ca3333c7-13ed-495f-8aaf-bb0571649e09 — How do I tell my family I'm going to treatment?
  Field: canonical_answer
  Issue: 52 words (max 50)
  Severity: FAIL
  Recommended action: rerun

Row ca3333c7-13ed-495f-8aaf-bb0571649e09 — How do I tell my family I'm going to treatment?
  Field: word_count
  Issue: combined body 698 words (target 350–550)
  Severity: FAIL
  Recommended action: rerun

Row e85098b5-45c6-49b1-905c-55fd635c6a97 — How do I tell my family I think I'm autistic?
  Field: word_count
  Issue: combined body 674 words (target 350–550)
  Severity: FAIL
  Recommended action: rerun

Row 8d7f8813-f801-4999-be9c-46b951787f1a — How do I tell my partner about my depression?
  Field: word_count
  Issue: combined body 627 words (target 350–550)
  Severity: FAIL
  Recommended action: rerun

Row adefe2a3-475d-49ad-b350-dcd8ba824449 — How is depression different in elderly people?
  Field: word_count
  Issue: combined body 716 words (target 350–550)
  Severity: FAIL
  Recommended action: rerun

Row 6b4b1f44-ac5a-4307-9ffb-28b7df277a7e — How long does it take to feel normal again in recovery?
  Field: word_count
  Issue: combined body 645 words (target 350–550)
  Severity: FAIL
  Recommended action: rerun

Row 4eb9ccd2-d05e-4177-9bf7-7c43ef80ad34 — How long does therapy typically take?
  Field: word_count
  Issue: combined body 635 words (target 350–550)
  Severity: FAIL
  Recommended action: rerun

Row 6088fe2a-0f14-4943-9d1f-3695a8411df3 — How long do I have to take psychiatric medication?
  Field: word_count
  Issue: combined body 637 words (target 350–550)
  Severity: FAIL
  Recommended action: rerun

Row 6088fe2a-0f14-4943-9d1f-3695a8411df3 — How long do I have to take psychiatric medication?
  Field: when_to_reach_out
  Issue: YMYL topic missing professional evaluation recommendation
  Severity: FAIL
  Recommended action: rerun

Row 58093f94-bd31-4313-bc94-a6cdc2e162bb — How long is it normal to grieve after losing someone?
  Field: word_count
  Issue: combined body 663 words (target 350–550)
  Severity: FAIL
  Recommended action: rerun

Row 14da4654-31c2-481e-8c7e-78b311ef6db6 — How long should I wait before making major life decisions i…
  Field: word_count
  Issue: combined body 615 words (target 350–550)
  Severity: FAIL
  Recommended action: rerun

Row 2dbac3c4-c752-440f-8a13-ce571c428d6d — How can managers talk about AI without increasing employee …
  Field: word_count
  Issue: combined body 710 words (target 350–550)
  Severity: FAIL
  Recommended action: rerun

Row bf99327a-654a-4bd2-a503-a594a2b5fbce — How can I apologize in a way that actually repairs trust?
  Field: word_count
  Issue: combined body 624 words (target 350–550)
  Severity: FAIL
  Recommended action: rerun

Row 1df5d067-a0bc-4167-ad09-fd45a78c2fc5 — How do I co-parent with someone I do not trust?
  Field: word_count
  Issue: combined body 683 words (target 350–550)
  Severity: FAIL
  Recommended action: rerun

Row 6008cd42-824c-465c-93cd-f79fb6204d4c — How do I cope with AI change fatigue at work?
  Field: word_count
  Issue: combined body 669 words (target 350–550)
  Severity: FAIL
  Recommended action: rerun

Row be48553f-b480-4e65-b5e3-84cea990f33c — How do I handle feeling replaceable because of AI?
  Field: word_count
  Issue: combined body 734 words (target 350–550)
  Severity: FAIL
  Recommended action: rerun

Row 426a67cd-df90-4dd0-b153-6ceb0020d16b — How do I know if AI is helping my therapy or replacing it?
  Field: word_count
  Issue: combined body 615 words (target 350–550)
  Severity: FAIL
  Recommended action: rerun

Row 510dce1e-0e0d-4d13-8c31-862273e821aa — How do I know if my teenager is too attached to AI?
  Field: word_count
  Issue: combined body 673 words (target 350–550)
  Severity: FAIL
  Recommended action: rerun

Row cf713791-956b-4518-b499-2cfa47d55f2f — How do I know if I'm too emotionally dependent on AI?
  Field: word_count
  Issue: combined body 683 words (target 350–550)
  Severity: FAIL
  Recommended action: rerun

Row f0ee5173-e394-473e-b8c0-5d9d099d51d0 — How can I tell if an AI conversation is making me paranoid?
  Field: word_count
  Issue: combined body 650 words (target 350–550)
  Severity: FAIL
  Recommended action: rerun

Row a3d9d305-c01e-4946-9e01-1653ae5f82af — How do I use AI without losing my own voice?
  Field: word_count
  Issue: combined body 621 words (target 350–550)
  Severity: FAIL
  Recommended action: rerun

Row 33597c8d-19f3-4be5-a844-f207a649f7fb — I cannot stop checking if I locked the door before leaving
  Field: word_count
  Issue: combined body 622 words (target 350–550)
  Severity: FAIL
  Recommended action: rerun

Row dad32643-cbe5-4630-b606-6ec5d88d4ef7 — I feel guilty for resting and doing nothing. How do I overc…
  Field: word_count
  Issue: combined body 601 words (target 350–550)
  Severity: FAIL
  Recommended action: rerun

Row bdb666a7-5455-44e3-92cf-d190885e68ec — I'm afraid of becoming dependent on antidepressants. Is thi…
  Field: word_count
  Issue: combined body 660 words (target 350–550)
  Severity: FAIL
  Recommended action: rerun

Row 72a0b719-6e5d-4e96-b579-51dd3c4b68a2 — I'm having thoughts of suicide - what should I do right now?
  Field: word_count
  Issue: combined body 673 words (target 350–550)
  Severity: FAIL
  Recommended action: rerun

Row 24c1543e-d0f2-478e-b499-797c5e66ffd2 — I rehearse conversations in my head for hours before they h…
  Field: word_count
  Issue: combined body 619 words (target 350–550)
  Severity: FAIL
  Recommended action: rerun

Row 54cec8a0-bc09-4ec4-a252-37a3a8c7fdad — Is AI making it harder for me to tolerate emotional discomf…
  Field: word_count
  Issue: combined body 686 words (target 350–550)
  Severity: FAIL
  Recommended action: rerun

Row b0aac548-f970-404e-888b-d78b1aa16441 — Is asking AI for reassurance making my anxiety worse?
  Field: word_count
  Issue: combined body 657 words (target 350–550)
  Severity: FAIL
  Recommended action: rerun

Row 859c3380-932d-4933-8070-d8d8b7447a9e — Is hustle culture toxic and how do I escape it?
  Field: word_count
  Issue: combined body 704 words (target 350–550)
  Severity: FAIL
  Recommended action: rerun

Row 0befbe52-ae75-43fa-9080-39ddc52d4143 — Is it bad to take naps when I'm depressed?
  Field: word_count
  Issue: combined body 628 words (target 350–550)
  Severity: FAIL
  Recommended action: rerun

Row 33ae833a-0f8d-41f0-a2e2-0fd8b47d2c5a — Is it my responsibility to make my partner happy?
  Field: lede
  Issue: does not open with canonical_answer verbatim
  Severity: FAIL
  Recommended action: rerun

Row 7f7bd4ee-eb43-4598-91b0-61766e0918ba — Is it normal to be scared of starting psychiatric medicatio…
  Field: word_count
  Issue: combined body 632 words (target 350–550)
  Severity: FAIL
  Recommended action: rerun

Row 7f7bd4ee-eb43-4598-91b0-61766e0918ba — Is it normal to be scared of starting psychiatric medicatio…
  Field: when_to_reach_out
  Issue: YMYL topic missing professional evaluation recommendation
  Severity: FAIL
  Recommended action: rerun

Row 8f7b0a2c-c107-4a04-bb8b-fc848bdf6edb — Is it normal to cry for no apparent reason?
  Field: word_count
  Issue: combined body 715 words (target 350–550)
  Severity: FAIL
  Recommended action: rerun

Row 8ce63a78-69cb-4b52-b2a1-396b73cb3bae — Is it normal to dread going to work every day?
  Field: word_count
  Issue: combined body 765 words (target 350–550)
  Severity: FAIL
  Recommended action: rerun

Row b6a8042a-7658-4a8a-8cb2-4b245bfac742 — Is it normal to feel angry at God or religion?
  Field: word_count
  Issue: combined body 629 words (target 350–550)
  Severity: FAIL
  Recommended action: rerun

Row 19d37961-9646-45de-81d0-54fb4fcb2f0e — Is it normal to feel anxious about being happy?
  Field: word_count
  Issue: combined body 620 words (target 350–550)
  Severity: FAIL
  Recommended action: rerun

Row a0591b87-562a-4ff6-acde-2bb25edd0c70 — Is it normal to feel bored in early recovery?
  Field: word_count
  Issue: combined body 677 words (target 350–550)
  Severity: FAIL
  Recommended action: rerun

Row 06c9b672-6364-4b1f-8b43-9b2f7900d575 — Is it normal to feel bored or empty after getting sober?
  Field: word_count
  Issue: combined body 774 words (target 350–550)
  Severity: FAIL
  Recommended action: rerun

Row 621b0ee7-c2a4-466d-be36-144b0ecb376d — Is it normal to feel guilty about spending money on myself?
  Field: word_count
  Issue: combined body 665 words (target 350–550)
  Severity: FAIL
  Recommended action: rerun

Row ccd0a267-9892-4fa6-b4df-1bbaa4f30ad0 — Is it normal to feel jealous of people who seem financially…
  Field: word_count
  Issue: combined body 716 words (target 350–550)
  Severity: FAIL
  Recommended action: rerun

Row 637ebed6-d1c4-4d52-8f76-7f1bae3a19ff — Is it normal to feel lonely even when I'm around people?
  Field: word_count
  Issue: combined body 648 words (target 350–550)
  Severity: FAIL
  Recommended action: rerun

Row fd992a6a-f71c-4641-8fe0-a164c632b803 — Is it normal to feel nauseous when I'm really anxious?
  Field: word_count
  Issue: combined body 620 words (target 350–550)
  Severity: FAIL
  Recommended action: rerun

Row 0b4555ce-ace3-410b-85aa-3cb6cb8e712c — Is it normal to feel nothing after someone dies?
  Field: word_count
  Issue: combined body 647 words (target 350–550)
  Severity: FAIL
  Recommended action: rerun

Row 36e622b1-4d72-4d76-9095-f2efb397e419 — Is it normal to feel relief when someone dies after a long …
  Field: word_count
  Issue: combined body 698 words (target 350–550)
  Severity: FAIL
  Recommended action: rerun

Row 145f90c0-b571-4e84-b9cb-f0c46a80bed0 — Is it normal to feel scared of dating again after a bad bre…
  Field: word_count
  Issue: combined body 692 words (target 350–550)
  Severity: FAIL
  Recommended action: rerun

Row 116c02be-b735-4f65-950a-c0f811253e5a — Is it normal to feel worse before I feel better in recovery?
  Field: word_count
  Issue: combined body 605 words (target 350–550)
  Severity: FAIL
  Recommended action: rerun

Row ffda7cfd-3b00-4a72-9dad-2b6e98a25bc2 — Is it normal to have existential thoughts when I can't slee…
  Field: word_count
  Issue: combined body 650 words (target 350–550)
  Severity: FAIL
  Recommended action: rerun

Row ce51cb42-3bc5-4823-bffc-8944099d3c34 — Is it normal to have vivid dreams or nightmares in recovery?
  Field: word_count
  Issue: combined body 651 words (target 350–550)
  Severity: FAIL
  Recommended action: rerun

Row f0967d8a-8a50-48fb-9976-60dcd5ed5c57 — Is it normal to lose sleep over money worries?
  Field: word_count
  Issue: combined body 602 words (target 350–550)
  Severity: FAIL
  Recommended action: rerun

Row bc4b3722-2b1a-4f6b-b5a5-45c1cb0f8684 — Is it normal to miss aspects of my old faith?
  Field: word_count
  Issue: combined body 702 words (target 350–550)
  Severity: FAIL
  Recommended action: rerun

Row 488cbec5-7be5-4726-b6ba-60b17439bc79 — Is it normal to not remember parts of my childhood?
  Field: word_count
  Issue: combined body 656 words (target 350–550)
  Severity: FAIL
  Recommended action: rerun

Row b74b065f-8dbd-472b-b7ce-82d3dcac6c8c — Is it normal to prefer being alone most of the time?
  Field: word_count
  Issue: combined body 677 words (target 350–550)
  Severity: FAIL
  Recommended action: rerun

Row 69a55c7a-b40a-4b6e-815f-25e60081252b — Is it okay to self-diagnose with information from the inter…
  Field: word_count
  Issue: combined body 661 words (target 350–550)
  Severity: FAIL
  Recommended action: rerun

Row dde08134-d890-487a-b8dd-c141ecec6442 — Is it okay to still miss my ex even though the relationship…
  Field: word_count
  Issue: combined body 735 words (target 350–550)
  Severity: FAIL
  Recommended action: rerun

Row c2c0ee45-43de-4cfa-b997-e4b976ef90da — Is it okay to use AI to talk to someone who died?
  Field: canonical_answer
  Issue: 53 words (max 50)
  Severity: FAIL
  Recommended action: rerun

Row c2c0ee45-43de-4cfa-b997-e4b976ef90da — Is it okay to use AI to talk to someone who died?
  Field: word_count
  Issue: combined body 680 words (target 350–550)
  Severity: FAIL
  Recommended action: rerun

Row 4aaaa7ef-81ac-47b5-9ce5-b435da019ce6 — Is it pathetic to eat dinner alone every night?
  Field: word_count
  Issue: combined body 633 words (target 350–550)
  Severity: FAIL
  Recommended action: rerun

Row a980fdfe-e9d7-471d-95dd-03f8dc7a0e25 — Is it possible to be addicted to social media?
  Field: word_count
  Issue: combined body 663 words (target 350–550)
  Severity: FAIL
  Recommended action: rerun

Row b1b2114a-20dc-4dd5-9006-7cdc0bb0ad1d — Is it possible to use substances occasionally after addicti…
  Field: word_count
  Issue: combined body 733 words (target 350–550)
  Severity: FAIL
  Recommended action: rerun

Row d39b0457-e383-4e09-a05f-df997d14d518 — Is it unhealthy to prefer talking to AI over friends?
  Field: word_count
  Issue: combined body 623 words (target 350–550)
  Severity: FAIL
  Recommended action: rerun

Row a7849da4-c401-49ca-9214-b44535b69a84 — Is using AI at work making me feel more isolated from my co…
  Field: word_count
  Issue: combined body 693 words (target 350–550)
  Severity: FAIL
  Recommended action: rerun

Row 93bd5ee8-2bf3-4234-babb-df40195b8140 — Is using AI to check if I'm a bad person making things wors…
  Field: word_count
  Issue: combined body 651 words (target 350–550)
  Severity: FAIL
  Recommended action: rerun

Row 9508f456-f55b-42a9-96b8-578dfab1c8ef — My chest tightens whenever someone texts me unexpectedly
  Field: word_count
  Issue: combined body 716 words (target 350–550)
  Severity: FAIL
  Recommended action: rerun

Row eb18ded4-c8a6-4947-8583-712b27623e3b — My mind races with worst-case scenarios whenever plans chan…
  Field: word_count
  Issue: combined body 735 words (target 350–550)
  Severity: FAIL
  Recommended action: rerun

Row ddfb8676-7c1f-4694-bd0f-b648ec55ee9f — How do I know if I need therapy or just more support from f…
  Field: word_count
  Issue: combined body 661 words (target 350–550)
  Severity: FAIL
  Recommended action: rerun

Row 5c77dde7-ae2d-4169-b8b8-e9f2a1592a71 — How can I repair my relationship with my adult child?
  Field: word_count
  Issue: combined body 680 words (target 350–550)
  Severity: FAIL
  Recommended action: rerun

Row df107d59-7239-4b8f-83cf-081b25545e4e — Should I avoid all mood-altering substances in recovery?
  Field: word_count
  Issue: combined body 655 words (target 350–550)
  Severity: FAIL
  Recommended action: rerun

Row 02cf3411-f1d7-425d-9d33-5a50faa8ed31 — Should I be concerned about my teenager's relationship with…
  Field: word_count
  Issue: combined body 686 words (target 350–550)
  Severity: FAIL
  Recommended action: rerun

Row 7d8bc4cc-c8a5-4e88-8ee0-929f5fa493c6 — Should I give my addicted family member money for basic nee…
  Field: canonical_answer
  Issue: 55 words (max 50)
  Severity: FAIL
  Recommended action: rerun

Row 7d8bc4cc-c8a5-4e88-8ee0-929f5fa493c6 — Should I give my addicted family member money for basic nee…
  Field: word_count
  Issue: combined body 724 words (target 350–550)
  Severity: FAIL
  Recommended action: rerun

Row 8eb1d4f2-a815-497e-a206-523c3f467eeb — Should I stay in a relationship where my partner is still u…
  Field: word_count
  Issue: combined body 649 words (target 350–550)
  Severity: FAIL
  Recommended action: rerun

Row 2c9ae41d-48f9-43f1-8af0-a401c1eb830f — Should I tell my therapist everything?
  Field: word_count
  Issue: combined body 645 words (target 350–550)
  Severity: FAIL
  Recommended action: rerun

Row 4933c4cb-3dab-4fe1-bb5c-e6d1dd086c41 — Should I tell my therapist how much I use AI for emotional …
  Field: word_count
  Issue: combined body 692 words (target 350–550)
  Severity: FAIL
  Recommended action: rerun

Row f278337a-b677-4289-9ebe-e97ef38b3f0a — How do I stay mentally healthy while learning AI tools for …
  Field: word_count
  Issue: combined body 705 words (target 350–550)
  Severity: FAIL
  Recommended action: rerun

Row 71c72887-f87d-40c4-b005-c550b1caaee7 — How can I support someone who is struggling with addiction …
  Field: word_count
  Issue: combined body 622 words (target 350–550)
  Severity: FAIL
  Recommended action: rerun

Row 86143b60-7204-4dae-9389-1cc055129eb9 — How can I take a break from AI without feeling abandoned?
  Field: word_count
  Issue: combined body 657 words (target 350–550)
  Severity: FAIL
  Recommended action: rerun

Row 0abb94ef-b473-48c1-af40-68d4632138c8 — What are warning signs that AI use is hurting my mental hea…
  Field: word_count
  Issue: combined body 797 words (target 350–550)
  Severity: FAIL
  Recommended action: rerun

Row 86f3fde7-5b9e-4e91-994c-88edc63bb3e0 — What are body scan meditations and how do they help?
  Field: word_count
  Issue: combined body 631 words (target 350–550)
  Severity: FAIL
  Recommended action: rerun

Row 53d475f5-9ee0-4eca-a7ba-74a261eca590 — What are healthy ways to cope with flashbacks?
  Field: word_count
  Issue: combined body 683 words (target 350–550)
  Severity: FAIL
  Recommended action: rerun

Row 1690bbfa-603c-405d-955b-e963752bee46 — What are healthy ways to cope with stress?
  Field: word_count
  Issue: combined body 619 words (target 350–550)
  Severity: FAIL
  Recommended action: rerun

Row 2e19eb8a-1b5c-419a-944d-dc7c3265ea89 — What are signs that my parenting style might be too strict …
  Field: word_count
  Issue: combined body 648 words (target 350–550)
  Severity: FAIL
  Recommended action: rerun

Row a5635b24-7170-4b81-921f-2b19df5af3ff — What are some quick techniques to calm anxiety in the momen…
  Field: word_count
  Issue: combined body 706 words (target 350–550)
  Severity: FAIL
  Recommended action: rerun

Row 5fb7de90-f7be-4583-88cc-681d31ee85c8 — What are the different types of depression?
  Field: word_count
  Issue: combined body 778 words (target 350–550)
  Severity: FAIL
  Recommended action: rerun

Row 8a4d00eb-a3df-4b13-ad4d-0579bff2e895 — What are the sexual side effects of antidepressants and wha…
  Field: word_count
  Issue: combined body 650 words (target 350–550)
  Severity: FAIL
  Recommended action: rerun

Row 5b4dc2bd-7445-441f-948d-e47415368526 — What are the signs of borderline personality disorder?
  Field: word_count
  Issue: combined body 686 words (target 350–550)
  Severity: FAIL
  Recommended action: rerun

Row a170a20e-cc84-4392-a6ff-7c4ab288af6b — What are the signs of burnout and how do I recover?
  Field: word_count
  Issue: combined body 740 words (target 350–550)
  Severity: FAIL
  Recommended action: rerun

Row fc441d9a-c0d5-4af2-b0be-e268e4731483 — What are the signs of emotional abuse in a relationship?
  Field: word_count
  Issue: combined body 683 words (target 350–550)
  Severity: FAIL
  Recommended action: rerun

Row 8254311a-a711-4a7c-989a-c9d54b3056ec — What are the signs that my child needs counseling after div…
  Field: word_count
  Issue: combined body 770 words (target 350–550)
  Severity: FAIL
  Recommended action: rerun

Row 38655aae-423f-4483-94b3-e0ad941d9c9b — What are the signs that someone I love has an addiction?
  Field: word_count
  Issue: combined body 644 words (target 350–550)
  Severity: FAIL
  Recommended action: rerun

Row dce255af-e801-48c8-b15e-337211cba1d8 — What are the warning signs that I might be heading toward r…
  Field: word_count
  Issue: combined body 629 words (target 350–550)
  Severity: FAIL
  Recommended action: rerun

Row a323dc7f-e683-47cd-913f-1f711698a1d7 — What are the warning signs that my depression is getting wo…
  Field: word_count
  Issue: combined body 687 words (target 350–550)
  Severity: FAIL
  Recommended action: rerun

Row 7ed5cfc1-aa89-49c0-99fd-6e7a369beabf — What does it mean if I feel more at peace in solitude than …
  Field: word_count
  Issue: combined body 651 words (target 350–550)
  Severity: FAIL
  Recommended action: rerun

Row 18742ac5-1f9a-4fad-b447-5cc2c968f5bf — What does it mean if I feel more connected to nature than t…
  Field: word_count
  Issue: combined body 716 words (target 350–550)
  Severity: FAIL
  Recommended action: rerun

Row a7411ed6-6b50-450a-8742-8e8b3f8c01a3 — What does it mean if I feel more spiritual in nature than i…
  Field: canonical_answer
  Issue: 54 words (max 50)
  Severity: FAIL
  Recommended action: rerun

Row a7411ed6-6b50-450a-8742-8e8b3f8c01a3 — What does it mean if I feel more spiritual in nature than i…
  Field: word_count
  Issue: combined body 665 words (target 350–550)
  Severity: FAIL
  Recommended action: rerun

Row 8550a90c-f7b8-403c-9bc4-6e189a88e0cd — What does it mean to be a 'dry drunk'?
  Field: lede
  Issue: does not open with canonical_answer verbatim
  Severity: FAIL
  Recommended action: rerun

Row 8550a90c-f7b8-403c-9bc4-6e189a88e0cd — What does it mean to be a 'dry drunk'?
  Field: word_count
  Issue: combined body 609 words (target 350–550)
  Severity: FAIL
  Recommended action: rerun

Row c66be1dd-7903-4260-b29f-bc63ee0f206c — What does it mean to grieve a relationship that never happe…
  Field: word_count
  Issue: combined body 716 words (target 350–550)
  Severity: FAIL
  Recommended action: rerun

Row cf9ad1bf-2729-4f94-8380-a66606c60e1a — What does it mean to have a spiritual awakening?
  Field: canonical_answer
  Issue: 51 words (max 50)
  Severity: FAIL
  Recommended action: rerun

Row be0e0311-efe4-4a74-b4b4-137027462670 — What do I do if I think I have depression?
  Field: lede
  Issue: does not open with canonical_answer verbatim
  Severity: FAIL
  Recommended action: rerun

Row be0e0311-efe4-4a74-b4b4-137027462670 — What do I do if I think I have depression?
  Field: word_count
  Issue: combined body 609 words (target 350–550)
  Severity: FAIL
  Recommended action: rerun

Row b5acbdcc-5c64-415d-9942-6e7db5fb4a56 — What do I do if I think my child is questioning their gende…
  Field: word_count
  Issue: combined body 678 words (target 350–550)
  Severity: FAIL
  Recommended action: rerun

Row 8170cc2f-822b-4e29-baaa-9ddc91f7d719 — What do I do when I can't forgive someone?
  Field: word_count
  Issue: combined body 712 words (target 350–550)
  Severity: FAIL
  Recommended action: rerun

Row 25ca7e2a-3ca1-4981-b996-f2daa7711a42 — What do I do when I can't stop crying?
  Field: word_count
  Issue: combined body 615 words (target 350–550)
  Severity: FAIL
  Recommended action: rerun

Row 13664d06-13ca-4b3b-883d-8f710d5ed606 — What do I do when I feel disconnected from my partner?
  Field: word_count
  Issue: combined body 646 words (target 350–550)
  Severity: FAIL
  Recommended action: rerun

Row 7234e644-46d1-49ed-9d41-dbc4d8b7ebc2 — What do I do when I feel like everyone hates me?
  Field: word_count
  Issue: combined body 740 words (target 350–550)
  Severity: FAIL
  Recommended action: rerun

Row 72aceb59-e179-4fca-81a5-efed01a66554 — What do I do when I feel like giving up on everything?
  Field: word_count
  Issue: combined body 659 words (target 350–550)
  Severity: FAIL
  Recommended action: rerun

Row 14c1ff56-bfbc-4f20-9ac5-6aab1adf534d — What do I do when I feel like giving up on my dreams?
  Field: word_count
  Issue: combined body 627 words (target 350–550)
  Severity: FAIL
  Recommended action: rerun

Row fd1f9f6d-bd16-4bab-b56b-8f3931be6822 — What do I do when I feel like I don't fit in anywhere?
  Field: word_count
  Issue: combined body 689 words (target 350–550)
  Severity: FAIL
  Recommended action: rerun

Row 8e170f51-d4c1-4da0-98e9-c4d995c05c66 — What do I do when I feel like I have no real identity of my…
  Field: word_count
  Issue: combined body 698 words (target 350–550)
  Severity: FAIL
  Recommended action: rerun

Row 15bed19c-e563-4c46-91bf-404fa83408e3 — What do I do when I feel like I'm losing myself in my relat…
  Field: word_count
  Issue: combined body 629 words (target 350–550)
  Severity: FAIL
  Recommended action: rerun

Row 5909ec3f-6c5a-4426-9f23-84edcf1a7e8f — What do I do when I feel like I'm not living up to my poten…
  Field: word_count
  Issue: combined body 718 words (target 350–550)
  Severity: FAIL
  Recommended action: rerun

Row 07a7cb65-cb71-4481-a169-ebb3779eefe6 — What do I do when I'm losing faith in everything I used to …
  Field: word_count
  Issue: combined body 753 words (target 350–550)
  Severity: FAIL
  Recommended action: rerun

Row 582734f6-2045-46f9-a273-a72d6c954134 — What do I do when my anxiety is so bad I can't leave the ho…
  Field: word_count
  Issue: combined body 641 words (target 350–550)
  Severity: FAIL
  Recommended action: rerun

Row 2b5cad95-f934-439b-953b-2493b7479c95 — What do I do when prayer or meditation no longer brings me …
  Field: word_count
  Issue: combined body 620 words (target 350–550)
  Severity: FAIL
  Recommended action: rerun

Row 1634696c-9082-41a7-b190-c9dfbf5e899d — What should I do if an AI chatbot is telling me I have a sp…
  Field: word_count
  Issue: combined body 682 words (target 350–550)
  Severity: FAIL
  Recommended action: rerun

Row 2965e169-63ec-46ab-9612-9d6fc4efedb4 — What if antidepressants change who I am?
  Field: word_count
  Issue: combined body 650 words (target 350–550)
  Severity: FAIL
  Recommended action: rerun

Row 57247ad9-d691-4c83-944b-5bb2c0a1db32 — What if I become dependent on anxiety medication?
  Field: canonical_answer
  Issue: 52 words (max 50)
  Severity: FAIL
  Recommended action: rerun

Row 57247ad9-d691-4c83-944b-5bb2c0a1db32 — What if I become dependent on anxiety medication?
  Field: word_count
  Issue: combined body 816 words (target 350–550)
  Severity: FAIL
  Recommended action: rerun

Row d3ac45d9-7791-43dd-ad33-5c48cdf62021 — What if I can't afford treatment or therapy?
  Field: word_count
  Issue: combined body 625 words (target 350–550)
  Severity: FAIL
  Recommended action: rerun

Row b90965ad-cbda-4862-b656-d0098e5ceb2e — What if I don't believe in God or a higher power for 12-ste…
  Field: word_count
  Issue: combined body 655 words (target 350–550)
  Severity: FAIL
  Recommended action: rerun

Row 78f168aa-6421-4582-8881-66ebc8ef1a6e — What if I don't like my therapist?
  Field: word_count
  Issue: combined body 701 words (target 350–550)
  Severity: FAIL
  Recommended action: rerun

Row 776c6d44-ed41-4f5f-b77c-031a105daa90 — What if I'm afraid of losing my identity without substances?
  Field: word_count
  Issue: combined body 637 words (target 350–550)
  Severity: FAIL
  Recommended action: rerun

Row e5bc002b-47e8-404f-9432-71eb82a7f65a — What if I'm having second thoughts about getting divorced?
  Field: word_count
  Issue: combined body 659 words (target 350–550)
  Severity: FAIL
  Recommended action: rerun

Row 0184ad3c-ce17-4af3-9af7-4fe7ab6082cf — What if I'm struggling with both addiction and mental healt…
  Field: word_count
  Issue: combined body 658 words (target 350–550)
  Severity: FAIL
  Recommended action: rerun

Row af662c2d-dc1a-4958-b6a1-caf551a80dcf — What if I relapsed and I'm too ashamed to go back to meetin…
  Field: word_count
  Issue: combined body 619 words (target 350–550)
  Severity: FAIL
  Recommended action: rerun

Row 26b682ea-6856-4fd6-b42b-7ff26685aa48 — What should I do if I think an AI chatbot is sentient?
  Field: word_count
  Issue: combined body 757 words (target 350–550)
  Severity: FAIL
  Recommended action: rerun

Row a416fb77-f5c3-478c-be1c-995f3e0d93d6 — What if my addiction has damaged my relationship with my ch…
  Field: word_count
  Issue: combined body 626 words (target 350–550)
  Severity: FAIL
  Recommended action: rerun

Row 4dbc3b02-1b8b-45f3-a8ac-37521ec8ee83 — What if my addiction was to prescription drugs that I legit…
  Field: word_count
  Issue: combined body 689 words (target 350–550)
  Severity: FAIL
  Recommended action: rerun

Row 0daf3668-4678-483a-922a-faa3a7d8e9b9 — What should I do if my child does not want to talk about th…
  Field: word_count
  Issue: combined body 647 words (target 350–550)
  Severity: FAIL
  Recommended action: rerun

Row c356d169-2775-439e-9c26-492b58349476 — What should I do if my child says an AI is their best frien…
  Field: word_count
  Issue: combined body 677 words (target 350–550)
  Severity: FAIL
  Recommended action: rerun

Row 048fff98-2f6f-4eba-967c-4166890ef0a9 — What if my family doesn't support my recovery?
  Field: word_count
  Issue: combined body 645 words (target 350–550)
  Severity: FAIL
  Recommended action: rerun

Row 75240bc8-ac37-4a8c-b8e1-2d806cf3d2ca — What if my loved one is using substances while pregnant?
  Field: word_count
  Issue: combined body 616 words (target 350–550)
  Severity: FAIL
  Recommended action: rerun

Row 3581f502-04d1-40ac-aca7-8aae9e052102 — What if my partner and I have different communication style…
  Field: word_count
  Issue: combined body 657 words (target 350–550)
  Severity: FAIL
  Recommended action: rerun

Row 12acb25c-8960-4f5f-b1de-be96837c4523 — What if my partner and I keep having the same fights over a…
  Field: word_count
  Issue: combined body 642 words (target 350–550)
  Severity: FAIL
  Recommended action: rerun

Row 830384fc-6f3d-49a0-b132-e32fe958c7ae — What if my partner's family doesn't accept me?
  Field: word_count
  Issue: combined body 704 words (target 350–550)
  Severity: FAIL
  Recommended action: rerun

Row ba4aeb75-9142-4ade-9216-cff30a61ee4d — What if my partner wants me to drink or use substances with…
  Field: word_count
  Issue: combined body 669 words (target 350–550)
  Severity: FAIL
  Recommended action: rerun

Row e785d3c1-5f4f-4179-a244-299df958f03a — What if psychiatric medication doesn't work for me?
  Field: word_count
  Issue: combined body 611 words (target 350–550)
  Severity: FAIL
  Recommended action: rerun

Row 4939a867-f3de-4bca-bfa3-3363e97c8b9f — What is AI psychosis and is it a real diagnosis?
  Field: word_count
  Issue: combined body 684 words (target 350–550)
  Severity: FAIL
  Recommended action: rerun

Row 09f03ea3-7b70-4f70-ac02-9555bcd33774 — What is anticipatory grief and how do I handle it?
  Field: word_count
  Issue: combined body 675 words (target 350–550)
  Severity: FAIL
  Recommended action: rerun

Row 0d7b8b7c-3037-4d73-b11c-f36f2a8a91d0 — What is a process addiction and can I be addicted to someth…
  Field: word_count
  Issue: combined body 635 words (target 350–550)
  Severity: FAIL
  Recommended action: rerun

Row 76d09780-6201-4bcf-bf2c-57303df17de2 — What is attachment theory and how does it affect my relatio…
  Field: word_count
  Issue: combined body 709 words (target 350–550)
  Severity: FAIL
  Recommended action: rerun

Row e95e87a6-186d-4475-8dff-17ee06ba5f47 — What is codependency and how does it relate to addiction?
  Field: word_count
  Issue: combined body 651 words (target 350–550)
  Severity: FAIL
  Recommended action: rerun

Row c877210e-fc2d-4a04-b17d-ba389f975288 — What is compassion fatigue and how do I prevent it in a hel…
  Field: word_count
  Issue: combined body 703 words (target 350–550)
  Severity: FAIL
  Recommended action: rerun

Row c301980c-d9db-4aef-9f3b-ddb00ab5ed8c — What is complex PTSD and how is it different from regular P…
  Field: word_count
  Issue: combined body 707 words (target 350–550)
  Severity: FAIL
  Recommended action: rerun

Row 4e1b1f9d-5c57-4a97-a497-eb6ee8fafacc — What is dependent personality disorder and how is it differ…
  Field: canonical_answer
  Issue: 52 words (max 50)
  Severity: FAIL
  Recommended action: rerun

Row 4e1b1f9d-5c57-4a97-a497-eb6ee8fafacc — What is dependent personality disorder and how is it differ…
  Field: word_count
  Issue: combined body 675 words (target 350–550)
  Severity: FAIL
  Recommended action: rerun

Row e3d27e7c-b66a-47d8-816c-0ed4b47948d3 — What is disenfranchised grief?
  Field: word_count
  Issue: combined body 699 words (target 350–550)
  Severity: FAIL
  Recommended action: rerun

Row ae6926f8-377d-4d8b-839f-900032e74225 — What is executive dysfunction and how does it affect daily …
  Field: word_count
  Issue: combined body 750 words (target 350–550)
  Severity: FAIL
  Recommended action: rerun

Row 0093a9bc-a50e-4f33-9803-d86377c61721 — What is gaslighting and how do I recognize it?
  Field: word_count
  Issue: combined body 604 words (target 350–550)
  Severity: FAIL
  Recommended action: rerun

Row a52e8913-fbf3-4aa0-ae3e-34ceb5c76dc0 — What is group therapy for depression like?
  Field: word_count
  Issue: combined body 652 words (target 350–550)
  Severity: FAIL
  Recommended action: rerun

Row 85794365-761e-47f6-b6be-af395fddf0be — What is histrionic personality disorder and how is it treat…
  Field: word_count
  Issue: combined body 641 words (target 350–550)
  Severity: FAIL
  Recommended action: rerun

Row 266a1469-8276-4c46-82a8-e33b0b905a56 — What is paranoid personality disorder and how does it affec…
  Field: word_count
  Issue: combined body 720 words (target 350–550)
  Severity: FAIL
  Recommended action: rerun

Row 1ad7e61f-5b7d-4a12-9992-446596f52453 — What is quiet quitting and is it a bad thing?
  Field: word_count
  Issue: combined body 648 words (target 350–550)
  Severity: FAIL
  Recommended action: rerun

Row b1be8274-bc62-4f18-9ffa-bcc52cbc489d — What is schizoid personality disorder and how does it affec…
  Field: word_count
  Issue: combined body 652 words (target 350–550)
  Severity: FAIL
  Recommended action: rerun

Row edb24210-be4b-47ef-a617-1a993ab75926 — What is seasonal depression and how do I treat it?
  Field: word_count
  Issue: combined body 692 words (target 350–550)
  Severity: FAIL
  Recommended action: rerun

Row c40f6f49-f410-4f88-ad1b-e1ebe7f87f83 — What is social anxiety and how do I overcome it?
  Field: word_count
  Issue: combined body 760 words (target 350–550)
  Severity: FAIL
  Recommended action: rerun

Row 350b1a57-5a04-415a-ae18-b1f5ee27ed84 — What is the connection between depression and chronic pain?
  Field: word_count
  Issue: combined body 649 words (target 350–550)
  Severity: FAIL
  Recommended action: rerun

Row 740e7077-0f7c-4a94-a6c2-d2006d2a4fc8 — What is the difference between depression and grief?
  Field: word_count
  Issue: combined body 712 words (target 350–550)
  Severity: FAIL
  Recommended action: rerun

Row dff339f7-efc4-4624-8043-0e8584a7ee29 — What is the difference between mindfulness and meditation?
  Field: word_count
  Issue: combined body 616 words (target 350–550)
  Severity: FAIL
  Recommended action: rerun

Row 88813172-969a-48ec-bd04-243e51722dde — What is the difference between physical and psychological a…
  Field: word_count
  Issue: combined body 680 words (target 350–550)
  Severity: FAIL
  Recommended action: rerun

Row ca37e352-a9bb-44d8-a004-941649e3859a — What is the relationship between depression and substance u…
  Field: word_count
  Issue: combined body 668 words (target 350–550)
  Severity: FAIL
  Recommended action: rerun

Row aed3a076-9424-49f0-aff4-597fd885f13f — What is treatment-resistant depression and what are my opti…
  Field: word_count
  Issue: combined body 604 words (target 350–550)
  Severity: FAIL
  Recommended action: rerun

Row 048a5561-4e45-4628-9f73-d1a7cf9fd9ea — What is workplace anxiety and how do I manage it?
  Field: word_count
  Issue: combined body 769 words (target 350–550)
  Severity: FAIL
  Recommended action: rerun

Row 2ba8d472-f26d-4149-bd82-58ad3ccb637c — What natural remedies help with seasonal depression?
  Field: lede
  Issue: does not open with canonical_answer verbatim
  Severity: FAIL
  Recommended action: rerun

Row 2ba8d472-f26d-4149-bd82-58ad3ccb637c — What natural remedies help with seasonal depression?
  Field: word_count
  Issue: combined body 606 words (target 350–550)
  Severity: FAIL
  Recommended action: rerun

Row 01673722-dfb4-43b1-a346-1370fe0a90f7 — What role does exercise play in treating depression?
  Field: word_count
  Issue: combined body 630 words (target 350–550)
  Severity: FAIL
  Recommended action: rerun

Row 41b759c6-b7c0-4bfd-a3e0-2d4a4e92ad64 — What should I do about my social media addiction?
  Field: word_count
  Issue: combined body 695 words (target 350–550)
  Severity: FAIL
  Recommended action: rerun

Row ed6ed102-f87e-4dc1-bca7-d927a8424ae7 — What should I do after a relapse in recovery?
  Field: word_count
  Issue: combined body 710 words (target 350–550)
  Severity: FAIL
  Recommended action: rerun

Row 368b3987-971c-4e0e-90bf-0918bd433643 — What should I do during a panic attack?
  Field: word_count
  Issue: combined body 654 words (target 350–550)
  Severity: FAIL
  Recommended action: rerun

Row df24fbaf-882f-4152-a2af-450798baf93d — What should I do if I caught my partner cheating?
  Field: word_count
  Issue: combined body 657 words (target 350–550)
  Severity: FAIL
  Recommended action: rerun

Row bceccff2-2a8b-48c6-92e9-57ee5fb9073e — What should I do if I feel like I can't keep up with techno…
  Field: word_count
  Issue: combined body 655 words (target 350–550)
  Severity: FAIL
  Recommended action: rerun

Row 35ce4d44-f382-4b09-9f99-aa50a7cfa667 — What should I do if I feel overwhelmed by information and c…
  Field: word_count
  Issue: combined body 609 words (target 350–550)
  Severity: FAIL
  Recommended action: rerun

Row b9283834-20f3-46d2-9d35-4570f5ac3661 — What should I do if I hate my job but can't quit?
  Field: word_count
  Issue: combined body 607 words (target 350–550)
  Severity: FAIL
  Recommended action: rerun

Row eaa9e398-f6e8-4777-9e4d-6cb56a248f3d — What should I do if I have a slip but don't want to have a …
  Field: word_count
  Issue: combined body 617 words (target 350–550)
  Severity: FAIL
  Recommended action: rerun

Row 4ee4d626-b5a9-4ca9-853f-7ae0adb4f590 — What should I do if I'm afraid of confrontation?
  Field: word_count
  Issue: combined body 659 words (target 350–550)
  Severity: FAIL
  Recommended action: rerun

Row 840eda09-9faa-4e3e-b26e-38538217aed5 — What should I do if I'm around substances unexpectedly?
  Field: lede
  Issue: does not open with canonical_answer verbatim
  Severity: FAIL
  Recommended action: rerun

Row ec6c85b6-2f64-4073-b761-02a0c1cc402e — What should I do if I'm experiencing anticipatory grief?
  Field: word_count
  Issue: combined body 663 words (target 350–550)
  Severity: FAIL
  Recommended action: rerun

Row a642c74b-4e8a-476d-abb4-cd0452077abe — What should I do if I'm having intense cravings that won't …
  Field: word_count
  Issue: combined body 703 words (target 350–550)
  Severity: FAIL
  Recommended action: rerun

Row 29bc882e-efce-4c81-be42-85f359691064 — What should I do if I'm having suicidal thoughts?
  Field: word_count
  Issue: combined body 694 words (target 350–550)
  Severity: FAIL
  Recommended action: rerun

Row eb33c0fd-3ea2-4661-b09e-c4e0ae946126 — What should I do if I'm having thoughts about using again?
  Field: word_count
  Issue: combined body 684 words (target 350–550)
  Severity: FAIL
  Recommended action: rerun

Row 5720586b-4ceb-493b-a702-473938d11213 — What should I do if I'm having thoughts of suicide?
  Field: word_count
  Issue: combined body 721 words (target 350–550)
  Severity: FAIL
  Recommended action: rerun

Row 96cd06e4-fd17-4eba-9d7a-e6d9925e095a — What should I do if I'm having trouble functioning after a …
  Field: word_count
  Issue: combined body 661 words (target 350–550)
  Severity: FAIL
  Recommended action: rerun

Row 59ce0963-4941-4f06-9c90-90982600ff42 — What should I do if I'm having trouble sleeping in recovery?
  Field: word_count
  Issue: combined body 623 words (target 350–550)
  Severity: FAIL
  Recommended action: rerun

Row 49e9f64e-a88f-4b96-a349-ece613604206 — What should I do if I miss doses of my psychiatric medicati…
  Field: word_count
  Issue: combined body 622 words (target 350–550)
  Severity: FAIL
  Recommended action: rerun

Row 49e9f64e-a88f-4b96-a349-ece613604206 — What should I do if I miss doses of my psychiatric medicati…
  Field: when_to_reach_out
  Issue: YMYL topic missing professional evaluation recommendation
  Severity: FAIL
  Recommended action: rerun

Row 5622351a-bc0e-451e-8731-36d72708a6d9 — What should I do if I'm prescribed pain medication after su…
  Field: word_count
  Issue: combined body 607 words (target 350–550)
  Severity: FAIL
  Recommended action: rerun

Row c7a05a48-4ece-455a-b30c-1497810b9590 — What should I do if I'm struggling financially because of m…
  Field: word_count
  Issue: combined body 667 words (target 350–550)
  Severity: FAIL
  Recommended action: rerun

Row 894752ff-df9f-4d85-a45f-f73f1be6ea95 — What should I do if I'm struggling financially due to econo…
  Field: word_count
  Issue: combined body 683 words (target 350–550)
  Severity: FAIL
  Recommended action: rerun

Row b1b3e1b9-59cf-4c81-be55-6f9b9e7bea17 — What should I do if I'm struggling with multiple addictions?
  Field: word_count
  Issue: combined body 638 words (target 350–550)
  Severity: FAIL
  Recommended action: rerun

Row 2cd3b62a-1e38-46d6-be06-e78b629b6146 — What should I do if I'm struggling with my sexual identity …
  Field: word_count
  Issue: combined body 664 words (target 350–550)
  Severity: FAIL
  Recommended action: rerun

Row d9eedcf9-cc48-45b1-a11a-1fd4f1fefe9d — What should I do if I suspect my employee has a substance a…
  Field: word_count
  Issue: combined body 630 words (target 350–550)
  Severity: FAIL
  Recommended action: rerun

Row 4f85d162-a969-490b-8ec0-7e07317f0b6e — What should I do if I think I have depression?
  Field: word_count
  Issue: combined body 641 words (target 350–550)
  Severity: FAIL
  Recommended action: rerun

Row ebcd909a-7df4-49b9-ae47-011ce58c0eb2 — What should I do if I think I'm being bullied?
  Field: word_count
  Issue: combined body 642 words (target 350–550)
  Severity: FAIL
  Recommended action: rerun

Row d9955bb0-60ca-4b1e-8341-512740b4cd44 — What should I do if I think my child has anxiety?
  Field: word_count
  Issue: combined body 608 words (target 350–550)
  Severity: FAIL
  Recommended action: rerun

Row be5c3153-7ab4-47f9-b312-bb191d45f542 — What should I do if I think my friend is in an abusive rela…
  Field: word_count
  Issue: combined body 672 words (target 350–550)
  Severity: FAIL
  Recommended action: rerun

Row 6fb3ddad-5dd4-4088-83e9-00238c59c6ec — What should I do if I think my partner has a personality di…
  Field: word_count
  Issue: combined body 712 words (target 350–550)
  Severity: FAIL
  Recommended action: rerun

Row 1e7fdcba-4c9f-4b55-8e8a-2090ab2fbd8a — What should I do if my adult child is addicted to drugs?
  Field: word_count
  Issue: combined body 670 words (target 350–550)
  Severity: FAIL
  Recommended action: rerun

Row e6473b57-f0c6-459d-8477-9cef154a8c8e — What should I do if my antidepressants aren't working?
  Field: word_count
  Issue: combined body 638 words (target 350–550)
  Severity: FAIL
  Recommended action: rerun

Row e6473b57-f0c6-459d-8477-9cef154a8c8e — What should I do if my antidepressants aren't working?
  Field: when_to_reach_out
  Issue: YMYL topic missing professional evaluation recommendation
  Severity: FAIL
  Recommended action: rerun

Row c7b87d8a-c07f-4ad3-9713-f40427209638 — What should I do if my child doesn't want to visit their ot…
  Field: word_count
  Issue: combined body 777 words (target 350–550)
  Severity: FAIL
  Recommended action: rerun

Row 94da44f5-dd78-46a4-b528-fab135c64410 — What should I do if my child is being bullied?
  Field: word_count
  Issue: combined body 653 words (target 350–550)
  Severity: FAIL
  Recommended action: rerun

Row 66a9add1-393e-4415-a648-0a2e3760071c — What should I do if my doctor prescribed addictive medicati…
  Field: canonical_answer
  Issue: 53 words (max 50)
  Severity: FAIL
  Recommended action: rerun

Row 66a9add1-393e-4415-a648-0a2e3760071c — What should I do if my doctor prescribed addictive medicati…
  Field: word_count
  Issue: combined body 660 words (target 350–550)
  Severity: FAIL
  Recommended action: rerun

Row a698ed17-242b-4f24-a55d-ad9c8f2a98e0 — What should I do if my ex is undermining my parenting?
  Field: word_count
  Issue: combined body 642 words (target 350–550)
  Severity: FAIL
  Recommended action: rerun

Row 7c22eb03-d842-436b-940a-e83e060e9316 — What should I do if my ex-spouse is turning my children aga…
  Field: word_count
  Issue: combined body 686 words (target 350–550)
  Severity: FAIL
  Recommended action: rerun

Row ed667115-dcf5-4240-a8b3-59b1230f67b5 — What should I do if my partner always takes their family's …
  Field: word_count
  Issue: combined body 642 words (target 350–550)
  Severity: FAIL
  Recommended action: rerun

Row b1be2977-63b7-489f-9780-680a503c041d — What should I do if my partner and I have different love la…
  Field: word_count
  Issue: combined body 636 words (target 350–550)
  Severity: FAIL
  Recommended action: rerun

Row e90b8a21-7430-4b85-a249-e8168a3260c5 — What should I do if my partner and I have mismatched libido…
  Field: word_count
  Issue: combined body 650 words (target 350–550)
  Severity: FAIL
  Recommended action: rerun

Row f7dd82bc-8d63-41e8-8984-e7354e2f9fb4 — What should I do if my partner doesn't listen to me?
  Field: word_count
  Issue: combined body 630 words (target 350–550)
  Severity: FAIL
  Recommended action: rerun

Row af256806-a495-4971-9f82-580ac81d4532 — What should I do if my partner has anger issues?
  Field: word_count
  Issue: combined body 618 words (target 350–550)
  Severity: FAIL
  Recommended action: rerun

Row dcfd220c-c887-41ed-b375-d527141371dc — What should I do if my partner is emotionally unavailable?
  Field: word_count
  Issue: combined body 608 words (target 350–550)
  Severity: FAIL
  Recommended action: rerun

Row af160f2b-b556-46ae-b7b9-2238534710b6 — What should I do if my partner shuts down during arguments?
  Field: word_count
  Issue: combined body 676 words (target 350–550)
  Severity: FAIL
  Recommended action: rerun

Row 9b525ebb-44bd-4483-880e-aaa6246b4c09 — What should I do if my teenager is experimenting with drugs…
  Field: word_count
  Issue: combined body 722 words (target 350–550)
  Severity: FAIL
  Recommended action: rerun

Row 2263f362-91b8-4013-be00-25a9296fe13c — What should I do if someone is giving me the silent treatme…
  Field: word_count
  Issue: combined body 724 words (target 350–550)
  Severity: FAIL
  Recommended action: rerun

Row f5843f2e-f654-4731-a2de-4421b037334f — What should I do if talk therapy doesn't seem to be helping…
  Field: word_count
  Issue: combined body 737 words (target 350–550)
  Severity: FAIL
  Recommended action: rerun

Row 264b69b7-6a0b-4f19-bde4-287812796964 — What should I do immediately after experiencing a traumatic…
  Field: word_count
  Issue: combined body 621 words (target 350–550)
  Severity: FAIL
  Recommended action: rerun

Row d0d92fce-629b-450c-a4d8-06c92b3752f4 — What should I do when I feel like I can't handle stress any…
  Field: word_count
  Issue: combined body 613 words (target 350–550)
  Severity: FAIL
  Recommended action: rerun

Row 8b4e1063-b358-4b19-93ff-b8cb8d229e38 — What should I do when I feel like I don't know who I am any…
  Field: word_count
  Issue: combined body 621 words (target 350–550)
  Severity: FAIL
  Recommended action: rerun

Row 3336e6e1-f905-43bc-aca4-cacc4aead584 — What should I do when someone is gaslighting me?
  Field: word_count
  Issue: combined body 654 words (target 350–550)
  Severity: FAIL
  Recommended action: rerun

Row 338e71f3-f4a3-4cd4-aa0a-4242b41a0ce2 — What should I expect during a psychedelic therapy session?
  Field: word_count
  Issue: combined body 712 words (target 350–550)
  Severity: FAIL
  Recommended action: rerun

Row 95771c30-9939-450f-9ae2-c1093949a876 — What should I expect from detox and withdrawal?
  Field: word_count
  Issue: combined body 636 words (target 350–550)
  Severity: FAIL
  Recommended action: rerun

Row 78de166e-36c5-4126-99d5-10b9e6f7c01f — What should I expect from my first AA or NA meeting?
  Field: word_count
  Issue: combined body 654 words (target 350–550)
  Severity: FAIL
  Recommended action: rerun

Row ad8e12bf-b2f9-4094-8b46-0cb7913dc61e — What should I expect from my first therapy session?
  Field: word_count
  Issue: combined body 628 words (target 350–550)
  Severity: FAIL
  Recommended action: rerun

Row 081a7fd9-bb0a-4f75-a55d-963ecf06efa3 — What should I expect if my loved one goes to treatment?
  Field: word_count
  Issue: combined body 721 words (target 350–550)
  Severity: FAIL
  Recommended action: rerun

Row 94703dc5-1181-4aba-b000-ab21175bb1df — What should I expect in addiction treatment?
  Field: word_count
  Issue: combined body 608 words (target 350–550)
  Severity: FAIL
  Recommended action: rerun

Row 80516d6d-46a9-4ad4-8138-a34aab4bd177 — What should I expect in my first 30 days of sobriety?
  Field: word_count
  Issue: combined body 663 words (target 350–550)
  Severity: FAIL
  Recommended action: rerun

Row 87e94dee-8ffa-4613-9186-f1a2a5c2918e — What should I know about depression and menopause?
  Field: word_count
  Issue: combined body 728 words (target 350–550)
  Severity: FAIL
  Recommended action: rerun

Row e66e94f9-b9b1-4e87-9fbd-d1c16918cd1f — What should I know about depression and pregnancy?
  Field: word_count
  Issue: combined body 691 words (target 350–550)
  Severity: FAIL
  Recommended action: rerun

Row 01df0c80-db12-483d-807d-88b73931594f — What should I know about depression and pregnancy planning?
  Field: word_count
  Issue: combined body 669 words (target 350–550)
  Severity: FAIL
  Recommended action: rerun

Row 832f2cbe-b041-4f88-8525-2d13bc294519 — What should I know about depression in men?
  Field: word_count
  Issue: combined body 631 words (target 350–550)
  Severity: FAIL
  Recommended action: rerun

Row 0a49ecfa-bc35-4955-a77c-96bf121e3cbd — What should I know about depression in older adults?
  Field: word_count
  Issue: combined body 694 words (target 350–550)
  Severity: FAIL
  Recommended action: rerun

Row 1228297c-c260-47cd-b9e4-9b993fc8672e — What should I know about introducing my children to a new p…
  Field: word_count
  Issue: combined body 648 words (target 350–550)
  Severity: FAIL
  Recommended action: rerun

Row fdb318ba-5480-481f-a33d-0b6eba858350 — What should parents do when siblings fight constantly?
  Field: word_count
  Issue: combined body 673 words (target 350–550)
  Severity: FAIL
  Recommended action: rerun

Row f27f780a-6244-441b-bd9e-dd12d45d7021 — What's the best way to talk to my child about difficult top…
  Field: word_count
  Issue: combined body 724 words (target 350–550)
  Severity: FAIL
  Recommended action: rerun

Row 03ebd011-4255-4b9c-852b-2cbc6df61053 — What's the connection between depression and physical healt…
  Field: word_count
  Issue: combined body 748 words (target 350–550)
  Severity: FAIL
  Recommended action: rerun

Row a109b726-a170-4462-9436-9ceea7a44ba6 — What's the difference between addiction and dependence?
  Field: word_count
  Issue: combined body 644 words (target 350–550)
  Severity: FAIL
  Recommended action: rerun

Row 681747c2-9fcd-4d4c-b125-44a6752e4dae — What's the difference between a psychologist, psychiatrist,…
  Field: word_count
  Issue: combined body 607 words (target 350–550)
  Severity: FAIL
  Recommended action: rerun

Row e8c3718d-da0d-48c0-bfbd-acef86e10874 — What's the difference between being introverted and having …
  Field: word_count
  Issue: combined body 639 words (target 350–550)
  Severity: FAIL
  Recommended action: rerun

Row e4641b6b-2ed1-4691-b4cf-5c29c45a4f82 — What's the difference between being shy and having avoidant…
  Field: word_count
  Issue: combined body 733 words (target 350–550)
  Severity: FAIL
  Recommended action: rerun

Row 48f727ef-ef94-486a-85d5-dc04ba528fff — What's the difference between being sober and being in reco…
  Field: word_count
  Issue: combined body 655 words (target 350–550)
  Severity: FAIL
  Recommended action: rerun

Row de8dc713-f10b-4212-a8eb-91e617074627 — What's the difference between bipolar disorder and regular …
  Field: word_count
  Issue: combined body 601 words (target 350–550)
  Severity: FAIL
  Recommended action: rerun

Row 2db12b46-cf26-421e-92c7-3fb85ddeba73 — What's the difference between CBT and other types of therap…
  Field: word_count
  Issue: combined body 717 words (target 350–550)
  Severity: FAIL
  Recommended action: rerun

Row a50d9bc9-f71e-450a-961e-cd109480be2c — What's the difference between depression and bipolar disord…
  Field: word_count
  Issue: combined body 686 words (target 350–550)
  Severity: FAIL
  Recommended action: rerun

Row 82cacda1-15ee-4b23-a7e5-5e9b986f5e0b — What's the difference between depression and burnout?
  Field: word_count
  Issue: combined body 695 words (target 350–550)
  Severity: FAIL
  Recommended action: rerun

Row 0a756a7a-378b-466f-a2e6-d377f6681cbe — What's the difference between feeling sad and being clinica…
  Field: word_count
  Issue: combined body 641 words (target 350–550)
  Severity: FAIL
  Recommended action: rerun

Row 3ec18352-06f0-475a-aabe-139223321e72 — What's the difference between grief and depression?
  Field: word_count
  Issue: combined body 703 words (target 350–550)
  Severity: FAIL
  Recommended action: rerun

Row 0f83275d-c95c-47c7-8d8a-98368b705668 — What's the difference between healthy and toxic masculinity?
  Field: word_count
  Issue: combined body 660 words (target 350–550)
  Severity: FAIL
  Recommended action: rerun

Row 686794d6-e23b-471d-ad26-231164dc9f19 — What's the difference between inpatient and outpatient trea…
  Field: word_count
  Issue: combined body 718 words (target 350–550)
  Severity: FAIL
  Recommended action: rerun

Row ba61f02e-dff9-429e-99e6-8f2bb96bf72e — What's the difference between major depression and persiste…
  Field: word_count
  Issue: combined body 690 words (target 350–550)
  Severity: FAIL
  Recommended action: rerun

Row 434a9399-07d5-4415-92f8-1f7a566be552 — What's the difference between narcissistic personality diso…
  Field: word_count
  Issue: combined body 656 words (target 350–550)
  Severity: FAIL
  Recommended action: rerun

Row 491f6681-0d35-4c99-b99c-9be901efd415 — What's the difference between physical and psychological ad…
  Field: word_count
  Issue: combined body 745 words (target 350–550)
  Severity: FAIL
  Recommended action: rerun

Row baf0385d-67d2-4827-81f9-69103e364565 — What's the difference between sadness and depression?
  Field: word_count
  Issue: combined body 692 words (target 350–550)
  Severity: FAIL
  Recommended action: rerun

Row 2ce52ca1-8e57-42b2-b6ce-527cb2baa68b — What's the difference between SSRIs and SNRIs for depressio…
  Field: word_count
  Issue: combined body 681 words (target 350–550)
  Severity: FAIL
  Recommended action: rerun

Row 2ce52ca1-8e57-42b2-b6ce-527cb2baa68b — What's the difference between SSRIs and SNRIs for depressio…
  Field: when_to_reach_out
  Issue: YMYL topic missing professional evaluation recommendation
  Severity: FAIL
  Recommended action: rerun

Row 0df53126-62c8-4e04-8352-298e5c67a370 — What's the difference between stress and anxiety?
  Field: word_count
  Issue: combined body 625 words (target 350–550)
  Severity: FAIL
  Recommended action: rerun

Row 6567e82c-9fcd-4f1e-8001-9008ef273e38 — What's the difference between therapy types like CBT, DBT, …
  Field: word_count
  Issue: combined body 772 words (target 350–550)
  Severity: FAIL
  Recommended action: rerun

Row 5f21556f-bd96-4e8a-9e6b-f56ca2111b17 — What should I do if someone made an AI deepfake of me?
  Field: word_count
  Issue: combined body 684 words (target 350–550)
  Severity: FAIL
  Recommended action: rerun

Row fcff0a85-13f3-465d-8906-18864178de8c — What can I do when I feel anxious for no clear reason?
  Field: word_count
  Issue: combined body 680 words (target 350–550)
  Severity: FAIL
  Recommended action: rerun

Row feb92937-e514-4ad7-8dd2-47d3f206dcd2 — What should I do when someone shuts down during conflict?
  Field: word_count
  Issue: combined body 648 words (target 350–550)
  Severity: FAIL
  Recommended action: rerun

Row 3535038e-d7c2-4650-8fc6-f018cd76c39b — When should AI-related beliefs be treated as a mental healt…
  Field: word_count
  Issue: combined body 737 words (target 350–550)
  Severity: FAIL
  Recommended action: rerun

Row fda736ab-5fb3-422f-8317-b32afef5ba08 — When should I consider switching antidepressants?
  Field: word_count
  Issue: combined body 612 words (target 350–550)
  Severity: FAIL
  Recommended action: rerun

Row fda736ab-5fb3-422f-8317-b32afef5ba08 — When should I consider switching antidepressants?
  Field: when_to_reach_out
  Issue: YMYL topic missing professional evaluation recommendation
  Severity: FAIL
  Recommended action: rerun

Row 6ef9469b-db6f-4c5c-951f-ea886fef5278 — When should I stop using AI and talk to a real person?
  Field: word_count
  Issue: combined body 646 words (target 350–550)
  Severity: FAIL
  Recommended action: rerun

Row 37123b85-0215-4f2f-b16b-92b2152c4553 — When should someone seek professional help for substance us…
  Field: word_count
  Issue: combined body 628 words (target 350–550)
  Severity: FAIL
  Recommended action: rerun

Row e449fadb-dc16-4a10-b676-164a795e1e31 — Why does AI at work make me feel less in control?
  Field: word_count
  Issue: combined body 605 words (target 350–550)
  Severity: FAIL
  Recommended action: rerun

Row 1a23cd6b-4c42-408e-bdd3-2d3ab7b60519 — Why do AI-generated images make me feel insecure about my b…
  Field: word_count
  Issue: combined body 608 words (target 350–550)
  Severity: FAIL
  Recommended action: rerun

Row 928e961e-fe6b-45c1-9420-6e5fe9b60f8b — Why does AI make me question what makes me human?
  Field: word_count
  Issue: combined body 672 words (target 350–550)
  Severity: FAIL
  Recommended action: rerun

Row a815d40a-ce6f-412e-81c7-f97f9b2eef34 — Why am I losing faith in everything I used to believe?
  Field: word_count
  Issue: combined body 743 words (target 350–550)
  Severity: FAIL
  Recommended action: rerun

Row 0ae0b3db-8b3b-4b31-b82a-dabee26b9dae — Why can't I just stop using drugs on my own?
  Field: word_count
  Issue: combined body 677 words (target 350–550)
  Severity: FAIL
  Recommended action: rerun

Row 5c642391-76bc-4e31-ba44-9072fae3a0af — Why do certain places or smells suddenly make me feel panic…
  Field: word_count
  Issue: combined body 686 words (target 350–550)
  Severity: FAIL
  Recommended action: rerun

Row 708d5588-bb92-4bf0-856b-6c7c985b1b38 — Why does everyone else seem to have their career figured ou…
  Field: word_count
  Issue: combined body 798 words (target 350–550)
  Severity: FAIL
  Recommended action: rerun

Row f76272e7-cf31-419f-983a-1c0725d62543 — Why does everyone else seem to move on while I'm still grie…
  Field: word_count
  Issue: combined body 750 words (target 350–550)
  Severity: FAIL
  Recommended action: rerun

Row 8eb72ad5-ca9e-4fc8-be94-173483b1eb60 — Why does everything feel pointless when I'm depressed?
  Field: word_count
  Issue: combined body 625 words (target 350–550)
  Severity: FAIL
  Recommended action: rerun

Row 1f5d013d-afd4-4628-bcf8-69c924c42ec0 — Why does grief feel like it's never going to end?
  Field: word_count
  Issue: combined body 687 words (target 350–550)
  Severity: FAIL
  Recommended action: rerun

Row 528f15e4-bc97-4af6-ad30-e24e8b6d57e3 — Why does my anxiety get worse at night?
  Field: word_count
  Issue: combined body 732 words (target 350–550)
  Severity: FAIL
  Recommended action: rerun

Row f2957bd0-cc9b-45ed-a996-94eca605ae97 — Why does my anxiety get worse when I try to relax?
  Field: word_count
  Issue: combined body 682 words (target 350–550)
  Severity: FAIL
  Recommended action: rerun

Row c8857b5a-4185-47d2-bbca-51b8bbcf51bf — Why does my chest feel tight when I'm anxious?
  Field: word_count
  Issue: combined body 649 words (target 350–550)
  Severity: FAIL
  Recommended action: rerun

Row 4a9a4024-a6fe-41a2-bb49-0f499129ac80 — Why does my face feel hot and flushed when I'm embarrassed?
  Field: word_count
  Issue: combined body 632 words (target 350–550)
  Severity: FAIL
  Recommended action: rerun

Row 54ee114d-1c4f-418e-be7e-4d3143fd98a5 — Why does my heart race even when I'm just sitting still?
  Field: word_count
  Issue: combined body 685 words (target 350–550)
  Severity: FAIL
  Recommended action: rerun

Row 7644ec1a-fc69-4fb2-a1c1-60953096dfc3 — Why does my teenager seem to hate spending time with family?
  Field: word_count
  Issue: combined body 739 words (target 350–550)
  Severity: FAIL
  Recommended action: rerun

Row 953a3316-7290-4a8f-b3fc-f60b8871c37e — Why does my throat feel tight when I'm stressed?
  Field: word_count
  Issue: combined body 662 words (target 350–550)
  Severity: FAIL
  Recommended action: rerun

Row b9f4e3eb-5136-4862-ac0c-1a763e586820 — Why does talking to AI feel easier than talking to my thera…
  Field: word_count
  Issue: combined body 704 words (target 350–550)
  Severity: FAIL
  Recommended action: rerun

Row 5825ba04-5675-4029-93ac-11ee598a5881 — Why do I always end up with partners who are emotionally un…
  Field: word_count
  Issue: combined body 623 words (target 350–550)
  Severity: FAIL
  Recommended action: rerun

Row 3445b383-3195-468c-b45e-d8938d9ed349 — Why do I always spiral at 2am?
  Field: word_count
  Issue: combined body 708 words (target 350–550)
  Severity: FAIL
  Recommended action: rerun

Row b2d01be5-c7f6-44f2-b88b-c9c654036344 — Why do I apologize for everything even when it's not my fau…
  Field: word_count
  Issue: combined body 673 words (target 350–550)
  Severity: FAIL
  Recommended action: rerun

Row ccc6c5f0-647c-4673-8c6b-0140296b43ab — Why do I attract people who want to 'fix' me?
  Field: word_count
  Issue: combined body 702 words (target 350–550)
  Severity: FAIL
  Recommended action: rerun

Row 6f48e451-c32c-4464-ba72-702ba11ba16f — Why do I attract the same type of problematic partners?
  Field: word_count
  Issue: combined body 631 words (target 350–550)
  Severity: FAIL
  Recommended action: rerun

Row b709dca7-c903-4a49-899e-19324747d027 — Why do I attract the same type of toxic people?
  Field: word_count
  Issue: combined body 652 words (target 350–550)
  Severity: FAIL
  Recommended action: rerun

Row 5e4db9a7-353b-4c91-8421-ea0a347476c0 — Why do I constantly compare myself to others?
  Field: word_count
  Issue: combined body 751 words (target 350–550)
  Severity: FAIL
  Recommended action: rerun

Row 010c3808-ea3c-4dfa-89c9-8d7cd35ae95a — Why do I feel addicted to social media validation?
  Field: word_count
  Issue: combined body 622 words (target 350–550)
  Severity: FAIL
  Recommended action: rerun

Row 22d72845-5534-4f53-b78a-1fb54eb32cb4 — Why do I feel angry all the time lately?
  Field: word_count
  Issue: combined body 663 words (target 350–550)
  Severity: FAIL
  Recommended action: rerun

Row da687806-8c71-4421-bb32-171948b44d83 — Why do I feel angry at the person who died?
  Field: word_count
  Issue: combined body 660 words (target 350–550)
  Severity: FAIL
  Recommended action: rerun

Row 0ef9a887-790d-4e28-8210-ad277898db1d — Why do I feel anxious about good things happening?
  Field: word_count
  Issue: combined body 625 words (target 350–550)
  Severity: FAIL
  Recommended action: rerun

Row 69b1bdab-33ad-4839-a9e7-06448efa25a5 — Why do I feel anxious about good things happening to me?
  Field: word_count
  Issue: combined body 685 words (target 350–550)
  Severity: FAIL
  Recommended action: rerun

Row 55fd6f47-af3d-479f-882c-49be638e2531 — Why do I feel anxious about positive life changes like gett…
  Field: word_count
  Issue: combined body 695 words (target 350–550)
  Severity: FAIL
  Recommended action: rerun

Row 5dcd4648-ba1e-4d7b-a326-fc129360c1ae — Why do I feel anxious about relaxing or taking breaks?
  Field: word_count
  Issue: combined body 623 words (target 350–550)
  Severity: FAIL
  Recommended action: rerun

Row 6e7eb622-509e-40a1-b108-9c7a9f2cd455 — Why do I feel anxious about things that haven't happened ye…
  Field: word_count
  Issue: combined body 658 words (target 350–550)
  Severity: FAIL
  Recommended action: rerun

Row 5976af80-445e-4c2e-a81f-704c45fe8bd4 — Why do I feel anxious about unplugging from technology even…
  Field: word_count
  Issue: combined body 622 words (target 350–550)
  Severity: FAIL
  Recommended action: rerun

Row 7b41af38-fdec-4cf3-820c-2db4ec18557a — Why do I feel anxious even when nothing is wrong?
  Field: canonical_answer
  Issue: 52 words (max 50)
  Severity: FAIL
  Recommended action: rerun

Row 7b41af38-fdec-4cf3-820c-2db4ec18557a — Why do I feel anxious even when nothing is wrong?
  Field: word_count
  Issue: combined body 741 words (target 350–550)
  Severity: FAIL
  Recommended action: rerun

Row 800370b4-d584-44f0-bc22-812923d3616a — Why do I feel anxious even when nothing bad is happening?
  Field: word_count
  Issue: combined body 667 words (target 350–550)
  Severity: FAIL
  Recommended action: rerun

Row b22d2a0d-e2ef-4f56-a389-fa8948dff8d8 — Why do I feel anxious for no reason?
  Field: word_count
  Issue: combined body 723 words (target 350–550)
  Severity: FAIL
  Recommended action: rerun

Row 7a3053e8-8055-4f1f-a653-368d78f6d503 — Why do I feel anxious when I check my bank account?
  Field: word_count
  Issue: combined body 696 words (target 350–550)
  Severity: FAIL
  Recommended action: rerun

Row 0fe7f838-30e0-4b2c-a8a2-8dbb8bfff198 — Why do I feel anxious when I have nothing to worry about?
  Field: word_count
  Issue: combined body 717 words (target 350–550)
  Severity: FAIL
  Recommended action: rerun

Row 9770c1a4-a520-497a-84ce-07541fe0a1ec — Why do I feel anxious when nothing is wrong?
  Field: word_count
  Issue: combined body 681 words (target 350–550)
  Severity: FAIL
  Recommended action: rerun

Row f6eab562-511b-406a-85d6-72c436f3f854 — Why do I feel anxious when things are going well in my life?
  Field: word_count
  Issue: combined body 694 words (target 350–550)
  Severity: FAIL
  Recommended action: rerun

Row f2faa128-ad30-42ce-bdd4-8dc904e89a9f — Why do I feel anxious when things are going well?
  Field: word_count
  Issue: combined body 706 words (target 350–550)
  Severity: FAIL
  Recommended action: rerun

Row bc727552-b70c-4037-a6d2-33ec2824dac4 — Why do I feel ashamed about my body during intimate moments?
  Field: word_count
  Issue: combined body 703 words (target 350–550)
  Severity: FAIL
  Recommended action: rerun

Row 4350e01a-84bb-4f23-8393-e9d06f5c409a — Why do I feel ashamed about needing help for my addiction?
  Field: word_count
  Issue: combined body 736 words (target 350–550)
  Severity: FAIL
  Recommended action: rerun

Row af36db8b-4ed3-4b01-be4e-d13b3e7fd13d — Why do I feel ashamed about relying on AI?
  Field: word_count
  Issue: combined body 734 words (target 350–550)
  Severity: FAIL
  Recommended action: rerun

Row b5b14450-554d-4da0-b970-42b3f7ffab48 — Why do I feel ashamed of my cultural accent or way of speak…
  Field: word_count
  Issue: combined body 695 words (target 350–550)
  Severity: FAIL
  Recommended action: rerun

Row a3566a49-36e9-4399-9a29-801201ba59ea — Why do I feel awkward in social situations even when people…
  Field: word_count
  Issue: combined body 675 words (target 350–550)
  Severity: FAIL
  Recommended action: rerun

Row 429f4113-79bc-42d3-951c-898b2aa87c5f — Why do I feel burned out even in a job I used to love?
  Field: word_count
  Issue: combined body 690 words (target 350–550)
  Severity: FAIL
  Recommended action: rerun

Row 3e650143-c578-4753-a748-f8c4345fd42a — Why do I feel cold and shivery when I'm anxious?
  Field: word_count
  Issue: combined body 696 words (target 350–550)
  Severity: FAIL
  Recommended action: rerun

Row a220dc51-5ce7-4ef4-b1bf-db0d6e700dee — Why do I feel depressed even when my life is going well?
  Field: word_count
  Issue: combined body 719 words (target 350–550)
  Severity: FAIL
  Recommended action: rerun

Row 6c5cb285-a8e3-4e62-b03f-5d4e42e06915 — Why do I feel disconnected from my cultural community's pol…
  Field: word_count
  Issue: combined body 641 words (target 350–550)
  Severity: FAIL
  Recommended action: rerun

Row b0a34086-913e-4007-9d22-6406078f923d — Why do I feel disconnected from my cultural identity?
  Field: word_count
  Issue: combined body 643 words (target 350–550)
  Severity: FAIL
  Recommended action: rerun

Row 6f2af34c-432e-4886-b692-f43c371b6796 — Why do I feel disconnected from my emotions?
  Field: canonical_answer
  Issue: 54 words (max 50)
  Severity: FAIL
  Recommended action: rerun

Row 6f2af34c-432e-4886-b692-f43c371b6796 — Why do I feel disconnected from my emotions?
  Field: word_count
  Issue: combined body 623 words (target 350–550)
  Severity: FAIL
  Recommended action: rerun

Row 5ccd0ca8-bb59-48d4-bf34-c211f2a91097 — Why do I feel disconnected from my emotions even in therapy?
  Field: word_count
  Issue: combined body 673 words (target 350–550)
  Severity: FAIL
  Recommended action: rerun

Row 7d03f7e6-1f46-406e-b0c7-6c167b4bb8ea — Why do I feel dizzy when I'm overwhelmed?
  Field: lede
  Issue: does not open with canonical_answer verbatim
  Severity: FAIL
  Recommended action: rerun

Row 7d03f7e6-1f46-406e-b0c7-6c167b4bb8ea — Why do I feel dizzy when I'm overwhelmed?
  Field: word_count
  Issue: combined body 651 words (target 350–550)
  Severity: FAIL
  Recommended action: rerun

Row 736bf9b9-4cd2-4f34-a6b8-67b91401fcef — Why do I feel emotionally exhausted all the time?
  Field: word_count
  Issue: combined body 699 words (target 350–550)
  Severity: FAIL
  Recommended action: rerun

Row f108a5d8-c8be-4b13-9dd9-834176c985e5 — Why do I feel empty even when good things happen?
  Field: canonical_answer
  Issue: 60 words (max 50)
  Severity: FAIL
  Recommended action: rerun

Row f108a5d8-c8be-4b13-9dd9-834176c985e5 — Why do I feel empty even when good things happen?
  Field: word_count
  Issue: combined body 701 words (target 350–550)
  Severity: FAIL
  Recommended action: rerun

Row be09078b-85c5-46ce-90dc-c8edfc0e813f — Why do I feel empty even when my life is going well?
  Field: canonical_answer
  Issue: 55 words (max 50)
  Severity: FAIL
  Recommended action: rerun

Row be09078b-85c5-46ce-90dc-c8edfc0e813f — Why do I feel empty even when my life is going well?
  Field: word_count
  Issue: combined body 855 words (target 350–550)
  Severity: FAIL
  Recommended action: rerun

Row da13180a-219a-4f0e-bf71-c4b6f18b91f8 — Why do I feel empty even when my life looks good?
  Field: word_count
  Issue: combined body 673 words (target 350–550)
  Severity: FAIL
  Recommended action: rerun

Row d8c4ea75-b7f8-4e22-9c1f-fa6cb5ef230e — Why do I feel empty even when my life looks good on paper?
  Field: word_count
  Issue: combined body 653 words (target 350–550)
  Severity: FAIL
  Recommended action: rerun

Row 56695d78-6fa3-4876-a849-f5116f722582 — Why do I feel empty even when my life looks good on paper?
  Field: word_count
  Issue: combined body 624 words (target 350–550)
  Severity: FAIL
  Recommended action: rerun

Row e20a9f6f-eea9-4cd4-9a05-357b3aad3af1 — Why do I feel exhausted all the time even when I sleep enou…
  Field: word_count
  Issue: combined body 654 words (target 350–550)
  Severity: FAIL
  Recommended action: rerun

Row 8b083273-9a9b-4532-b204-8e4f9c7f17bb — Why do I feel guilty about adapting my cultural traditions?
  Field: word_count
  Issue: combined body 703 words (target 350–550)
  Severity: FAIL
  Recommended action: rerun

Row 3eee27ff-adc3-4ef8-b189-ec603998253f — Why do I feel guilty about being depressed when others have…
  Field: lede
  Issue: does not open with canonical_answer verbatim
  Severity: FAIL
  Recommended action: rerun

Row 3eee27ff-adc3-4ef8-b189-ec603998253f — Why do I feel guilty about being depressed when others have…
  Field: word_count
  Issue: combined body 645 words (target 350–550)
  Severity: FAIL
  Recommended action: rerun

Row 4f6c64b3-6119-42a2-8166-f1fc1f01be2c — Why do I feel guilty about being happy when others are suff…
  Field: word_count
  Issue: combined body 704 words (target 350–550)
  Severity: FAIL
  Recommended action: rerun

Row 91cdd05d-c563-417e-92dd-e80682bd766c — Why do I feel guilty about my privilege as a passing member…
  Field: word_count
  Issue: combined body 672 words (target 350–550)
  Severity: FAIL
  Recommended action: rerun

Row 67eade3c-cb01-4c12-bb95-b0b13ad785ce — Why do I feel guilty about my trauma?
  Field: word_count
  Issue: combined body 666 words (target 350–550)
  Severity: FAIL
  Recommended action: rerun

Row 9c0161b7-373d-41de-bbda-7be215fd8abe — Why do I feel guilty about my trauma when it wasn't my faul…
  Field: word_count
  Issue: combined body 646 words (target 350–550)
  Severity: FAIL
  Recommended action: rerun

Row 0851206b-ac4e-455c-bf23-a7ae6581347f — Why do I feel guilty about not speaking my heritage languag…
  Field: canonical_answer
  Issue: 51 words (max 50)
  Severity: FAIL
  Recommended action: rerun

Row 0851206b-ac4e-455c-bf23-a7ae6581347f — Why do I feel guilty about not speaking my heritage languag…
  Field: word_count
  Issue: combined body 672 words (target 350–550)
  Severity: FAIL
  Recommended action: rerun

Row b234aa24-5f9c-4963-8ab2-6495281b80e1 — Why do I feel guilty about setting boundaries at work?
  Field: word_count
  Issue: combined body 631 words (target 350–550)
  Severity: FAIL
  Recommended action: rerun

Row 33f0eb54-465c-49d0-bc96-ebcc4c46e70f — Why do I feel guilty about setting boundaries with family?
  Field: word_count
  Issue: combined body 660 words (target 350–550)
  Severity: FAIL
  Recommended action: rerun

Row 020e8d3f-241a-4979-99cf-af87657359fe — Why do I feel guilty about taking psychiatric medication?
  Field: word_count
  Issue: combined body 676 words (target 350–550)
  Severity: FAIL
  Recommended action: rerun

Row aa8f23dc-c82e-4dfb-90ed-061e8b443fe4 — Why do I feel guilty about taking sick days for mental heal…
  Field: word_count
  Issue: combined body 614 words (target 350–550)
  Severity: FAIL
  Recommended action: rerun

Row 75dc1ae0-db4b-4a5e-9e78-c0dc59a36f06 — Why do I feel guilty every time I get angry?
  Field: word_count
  Issue: combined body 642 words (target 350–550)
  Severity: FAIL
  Recommended action: rerun

Row bf4ed0c5-91bf-4306-bb13-2cf0c3347ede — Why do I feel guilty for being excited about changes that h…
  Field: word_count
  Issue: combined body 677 words (target 350–550)
  Severity: FAIL
  Recommended action: rerun

Row 6f91fca0-6e6e-4161-94b1-b1b557a4142b — Why do I feel guilty for being happy after losing someone I…
  Field: word_count
  Issue: combined body 675 words (target 350–550)
  Severity: FAIL
  Recommended action: rerun

Row e8a6650c-40ec-4386-a399-59376d17a5ed — Why do I feel guilty for being happy after someone died?
  Field: word_count
  Issue: combined body 654 words (target 350–550)
  Severity: FAIL
  Recommended action: rerun

Row 2c5f7df8-1f8d-4a0a-b65b-497406501aa6 — Why do I feel guilty for doubting my faith?
  Field: canonical_answer
  Issue: 52 words (max 50)
  Severity: FAIL
  Recommended action: rerun

Row 2c5f7df8-1f8d-4a0a-b65b-497406501aa6 — Why do I feel guilty for doubting my faith?
  Field: word_count
  Issue: combined body 731 words (target 350–550)
  Severity: FAIL
  Recommended action: rerun

Row 0ef8e222-ea7a-4e8d-8907-b160f3cc6842 — Why do I feel guilty for having anxiety when others have it…
  Field: word_count
  Issue: combined body 717 words (target 350–550)
  Severity: FAIL
  Recommended action: rerun

Row 6256807c-286b-48e8-9389-b426ce915723 — Why do I feel guilty for having moments of happiness after …
  Field: word_count
  Issue: combined body 649 words (target 350–550)
  Severity: FAIL
  Recommended action: rerun

Row 0d471d1f-74fb-4b60-812f-4d1117e01536 — Why do I feel guilty for laughing or having fun after they …
  Field: word_count
  Issue: combined body 619 words (target 350–550)
  Severity: FAIL
  Recommended action: rerun

Row c80827a7-f786-4c02-9a47-7910da1f3386 — Why do I feel guilty for moving on after someone died?
  Field: word_count
  Issue: combined body 683 words (target 350–550)
  Severity: FAIL
  Recommended action: rerun

Row b0b93a22-fe0b-4204-9cbe-6ba72d6462bd — Why do I feel guilty for questioning my religious upbringin…
  Field: word_count
  Issue: combined body 628 words (target 350–550)
  Severity: FAIL
  Recommended action: rerun

Row 06b8f0e7-2f7a-42a5-af90-23215279ea23 — Why do I feel guilty for taking care of myself?
  Field: word_count
  Issue: combined body 623 words (target 350–550)
  Severity: FAIL
  Recommended action: rerun

Row 780e6947-8178-44ae-a428-532403cc31e7 — Why do I feel guilty for taking time off when I'm sick?
  Field: word_count
  Issue: combined body 630 words (target 350–550)
  Severity: FAIL
  Recommended action: rerun

Row f518b6b2-748a-4743-bb64-bf8be299d1dd — Why do I feel guilty when I'm happy?
  Field: word_count
  Issue: combined body 677 words (target 350–550)
  Severity: FAIL
  Recommended action: rerun

Row 9651ee6c-9dd3-4a17-8075-8e6d9f8f2095 — Why do I feel guilty when I'm happy?
  Field: word_count
  Issue: combined body 686 words (target 350–550)
  Severity: FAIL
  Recommended action: rerun

Row 989e712a-ba3c-4ad2-9e8e-be351947c8c6 — Why do I feel guilty when I put myself first?
  Field: word_count
  Issue: combined body 645 words (target 350–550)
  Severity: FAIL
  Recommended action: rerun

Row fe2f8211-9d54-46f3-92a7-1d14b0a4683c — Why do I feel guilty when I say no to people?
  Field: word_count
  Issue: combined body 662 words (target 350–550)
  Severity: FAIL
  Recommended action: rerun

Row d7d3a419-1483-438f-8334-243d6b6a713f — Why do I feel guilty when I set boundaries with family?
  Field: word_count
  Issue: combined body 657 words (target 350–550)
  Severity: FAIL
  Recommended action: rerun

Row ec0022d8-548d-4169-ad74-6cb4d7ee746d — Why do I feel jealous even when I trust my partner complete…
  Field: word_count
  Issue: combined body 658 words (target 350–550)
  Severity: FAIL
  Recommended action: rerun

Row 4e220ead-56c9-4191-bc57-c93744ce2b42 — Why do I feel like a fraud even when I'm successful?
  Field: word_count
  Issue: combined body 729 words (target 350–550)
  Severity: FAIL
  Recommended action: rerun

Row 7464cb4d-3d2a-4cba-aba1-0f7ac207b604 — Why do I feel like everything has to be perfect before I ca…
  Field: word_count
  Issue: combined body 677 words (target 350–550)
  Severity: FAIL
  Recommended action: rerun

Row 70b97b0c-c0db-4f3d-8d3b-94dab5c25d2f — Why do I feel like I'm addicted to my phone?
  Field: word_count
  Issue: combined body 663 words (target 350–550)
  Severity: FAIL
  Recommended action: rerun

Row ac2b925c-7bba-4c4f-af7b-76fb49292741 — Why do I feel like I can't be happy when others are struggl…
  Field: word_count
  Issue: combined body 757 words (target 350–550)
  Severity: FAIL
  Recommended action: rerun

Row 4b760eae-e734-461c-bc7f-a848381cb8ba — Why do I feel like I can't be myself around certain people?
  Field: word_count
  Issue: combined body 649 words (target 350–550)
  Severity: FAIL
  Recommended action: rerun

Row b7d9dd9a-8391-46e6-a5d2-7889c1f37a84 — Why do I feel like I can't handle normal adult responsibili…
  Field: word_count
  Issue: combined body 685 words (target 350–550)
  Severity: FAIL
  Recommended action: rerun

Row 24d498f3-3b14-4a05-a409-e8ca55bedf8f — Why do I feel like I can't make decisions?
  Field: word_count
  Issue: combined body 690 words (target 350–550)
  Severity: FAIL
  Recommended action: rerun

Row 28e25d7e-1872-4b99-a8c2-fc38f54c83d9 — Why do I feel like I can't trust anyone?
  Field: word_count
  Issue: combined body 723 words (target 350–550)
  Severity: FAIL
  Recommended action: rerun

Row 05d5e7be-e56e-4e83-b4da-bba3d56b7104 — Why do I feel like I can't trust anyone completely?
  Field: word_count
  Issue: combined body 629 words (target 350–550)
  Severity: FAIL
  Recommended action: rerun

Row 3bc77f2a-16b7-4105-8162-f1354ad0db41 — Why do I feel like I can't trust my own judgment?
  Field: word_count
  Issue: combined body 690 words (target 350–550)
  Severity: FAIL
  Recommended action: rerun

Row 70d21627-a2db-408a-965b-8798dcca7486 — Why do I feel like I can't trust my own memories?
  Field: word_count
  Issue: combined body 638 words (target 350–550)
  Severity: FAIL
  Recommended action: rerun

Row b6e25775-eb48-4672-b5ee-fa26bbd8441a — Why do I feel like I can't trust my own feelings?
  Field: word_count
  Issue: combined body 673 words (target 350–550)
  Severity: FAIL
  Recommended action: rerun

Row b1f35865-5ca4-4972-a45e-795722cddba8 — Why do I feel like I don't belong in my own cultural commun…
  Field: word_count
  Issue: combined body 787 words (target 350–550)
  Severity: FAIL
  Recommended action: rerun

Row 477ef319-b5c1-4a92-a664-754f5ddd9171 — Why do I feel like I don't deserve financial success?
  Field: word_count
  Issue: combined body 633 words (target 350–550)
  Severity: FAIL
  Recommended action: rerun

Row 961f9d79-71df-4af0-9b2b-d1fdc0359ee9 — Why do I feel like I don't deserve good things happening to…
  Field: word_count
  Issue: combined body 659 words (target 350–550)
  Severity: FAIL
  Recommended action: rerun

Row d46fb0a6-84b9-4abe-9b42-1bb058c3a979 — Why do I feel like I don't deserve love?
  Field: word_count
  Issue: combined body 660 words (target 350–550)
  Severity: FAIL
  Recommended action: rerun

Row 94000a9e-4c08-4fc5-84df-9cfd3bc13c0f — Why do I feel like I don't deserve success in my career?
  Field: word_count
  Issue: combined body 664 words (target 350–550)
  Severity: FAIL
  Recommended action: rerun

Row 14674ade-4e23-46c4-bc1e-ffa99b060730 — Why do I feel like I don't fit in anywhere?
  Field: word_count
  Issue: combined body 721 words (target 350–550)
  Severity: FAIL
  Recommended action: rerun

Row 18d8084f-d00a-4be3-89a2-c5adee65ad6f — Why do I feel like I don't fit in anywhere in the LGBTQ+ co…
  Field: canonical_answer
  Issue: 55 words (max 50)
  Severity: FAIL
  Recommended action: rerun

Row 18d8084f-d00a-4be3-89a2-c5adee65ad6f — Why do I feel like I don't fit in anywhere in the LGBTQ+ co…
  Field: word_count
  Issue: combined body 610 words (target 350–550)
  Severity: FAIL
  Recommended action: rerun

Row 79c07f75-3e41-4d26-8f56-0a2a41ee6ed7 — Why do I feel like I don't fit into any spiritual or religi…
  Field: word_count
  Issue: combined body 708 words (target 350–550)
  Severity: FAIL
  Recommended action: rerun

Row e58ef28d-e344-44a3-bd80-0f92d83667fa — Why do I feel like I don't know how to be a good friend?
  Field: word_count
  Issue: combined body 668 words (target 350–550)
  Severity: FAIL
  Recommended action: rerun

Row a19d2cc7-5bea-45a4-a7a9-83b99d5465af — Why do I feel like I have to be perfect all the time?
  Field: word_count
  Issue: combined body 723 words (target 350–550)
  Severity: FAIL
  Recommended action: rerun

Row 68541ebf-af2c-4f94-a246-024da46577ff — Why do I feel like I have to be the best at everything I do?
  Field: word_count
  Issue: combined body 710 words (target 350–550)
  Severity: FAIL
  Recommended action: rerun

Row dda7b0fd-0948-45a3-90b8-01ea001cc801 — Why do I feel like I have to choose between my cultural val…
  Field: word_count
  Issue: combined body 649 words (target 350–550)
  Severity: FAIL
  Recommended action: rerun

Row 2f9b0a90-2ed3-49af-82ce-159da8d35471 — Why do I feel like I'll never find love again?
  Field: lede
  Issue: does not open with canonical_answer verbatim
  Severity: FAIL
  Recommended action: rerun

Row 2f9b0a90-2ed3-49af-82ce-159da8d35471 — Why do I feel like I'll never find love again?
  Field: word_count
  Issue: combined body 660 words (target 350–550)
  Severity: FAIL
  Recommended action: rerun

Row 93ffe948-43a1-4052-be74-a27ba84e1852 — Why do I feel like I'm always apologizing for everything?
  Field: word_count
  Issue: combined body 680 words (target 350–550)
  Severity: FAIL
  Recommended action: rerun

Row 01fce86a-8951-407a-9de3-fa8a7712d41e — Why do I feel like I'm always apologizing for who I am?
  Field: word_count
  Issue: combined body 720 words (target 350–550)
  Severity: FAIL
  Recommended action: rerun

Row 316951cb-9ae5-4dcf-994b-1392751bc8a0 — Why do I feel like I'm always explaining myself to others?
  Field: word_count
  Issue: combined body 686 words (target 350–550)
  Severity: FAIL
  Recommended action: rerun

Row cb4ff5ea-12ea-469c-89eb-5e72debeffed — Why do I feel like I'm always one step behind everyone else?
  Field: word_count
  Issue: combined body 686 words (target 350–550)
  Severity: FAIL
  Recommended action: rerun

Row f9791f94-f24d-4db0-bd3a-edc7e0697642 — Why do I feel like I'm always performing instead of just be…
  Field: word_count
  Issue: combined body 641 words (target 350–550)
  Severity: FAIL
  Recommended action: rerun

Row 6d02385e-dd6e-410e-9e88-dc8f2dd54993 — Why do I feel like I'm always pretending to be okay?
  Field: canonical_answer
  Issue: 53 words (max 50)
  Severity: FAIL
  Recommended action: rerun

Row 6d02385e-dd6e-410e-9e88-dc8f2dd54993 — Why do I feel like I'm always pretending to be okay?
  Field: word_count
  Issue: combined body 788 words (target 350–550)
  Severity: FAIL
  Recommended action: rerun

Row 8985d25f-a271-4eb6-aa75-2a517af00a99 — Why do I feel like I'm always the one reaching out?
  Field: word_count
  Issue: combined body 673 words (target 350–550)
  Severity: FAIL
  Recommended action: rerun

Row 7ae5de1d-dc5b-40cc-bfa4-bdc179cd925c — Why do I feel like I'm always the one reaching out to frien…
  Field: word_count
  Issue: combined body 604 words (target 350–550)
  Severity: FAIL
  Recommended action: rerun

Row 28268c71-04ae-40fd-8e0a-2d2cdec76c4a — Why do I feel like I'm always the one who cares more in rel…
  Field: word_count
  Issue: combined body 689 words (target 350–550)
  Severity: FAIL
  Recommended action: rerun

Row 953b23ef-c3a9-42d6-808a-3301206dca7f — Why do I feel like I'm always the problem in relationships?
  Field: word_count
  Issue: combined body 664 words (target 350–550)
  Severity: FAIL
  Recommended action: rerun

Row 6ca46fa6-725d-4b18-939b-3465841c9f8d — Why do I feel like I'm always waiting for permission to liv…
  Field: word_count
  Issue: combined body 704 words (target 350–550)
  Severity: FAIL
  Recommended action: rerun

Row 9a4997dd-250a-4969-ba35-eaf28f42610e — Why do I feel like I'm always waiting for my real life to b…
  Field: word_count
  Issue: combined body 645 words (target 350–550)
  Severity: FAIL
  Recommended action: rerun

Row 6e70c5bb-94c7-40d9-ad89-660f327babfc — Why do I feel like I'm always waiting for something bad to …
  Field: word_count
  Issue: combined body 670 words (target 350–550)
  Severity: FAIL
  Recommended action: rerun

Row bfa922c5-c5b1-4f8c-898a-0771e7a04143 — Why do I feel like I'm always waiting for the other shoe to…
  Field: word_count
  Issue: combined body 653 words (target 350–550)
  Severity: FAIL
  Recommended action: rerun

Row 27c3f3e2-65d6-43fd-bf8c-02829b1c1559 — Why do I feel like I'm always walking on eggshells around p…
  Field: word_count
  Issue: combined body 628 words (target 350–550)
  Severity: FAIL
  Recommended action: rerun

Row b0610508-444f-41b3-b20c-ac812ad2e3bd — Why do I feel like I'm behind everyone else financially?
  Field: word_count
  Issue: combined body 611 words (target 350–550)
  Severity: FAIL
  Recommended action: rerun

Row ce80d961-e4ab-469a-aff7-2db76e607709 — Why do I feel like I'm behind everyone else my age?
  Field: word_count
  Issue: combined body 699 words (target 350–550)
  Severity: FAIL
  Recommended action: rerun

Row 8a22e065-26bb-4e1c-83c9-6cfbda52f1de — Why do I feel like I'm constantly disappointing people?
  Field: word_count
  Issue: combined body 755 words (target 350–550)
  Severity: FAIL
  Recommended action: rerun

Row f688be18-0acc-4442-a2a1-faccbf93028a — Why do I feel like I'm failing as a parent?
  Field: word_count
  Issue: combined body 668 words (target 350–550)
  Severity: FAIL
  Recommended action: rerun

Row 93205f1f-5ea1-4183-8cb0-8f8e7e7e9932 — Why do I feel like I'm failing at everything?
  Field: word_count
  Issue: combined body 669 words (target 350–550)
  Severity: FAIL
  Recommended action: rerun

Row f975c1cf-9654-4b2c-8449-7b2f9bde2739 — Why do I feel like I'm failing at everything?
  Field: word_count
  Issue: combined body 681 words (target 350–550)
  Severity: FAIL
  Recommended action: rerun

Row 0b21d842-c733-48d0-8c58-c13128727de1 — Why do I feel like I'm faking my personality around differe…
  Field: word_count
  Issue: combined body 737 words (target 350–550)
  Severity: FAIL
  Recommended action: rerun

Row eb20c817-eea2-4159-912a-0c2cb28a556c — Why do I feel like I'm living in a fog all the time?
  Field: word_count
  Issue: combined body 707 words (target 350–550)
  Severity: FAIL
  Recommended action: rerun

Row 76dd5b08-db42-42ea-8d64-98b828c28f92 — Why do I feel like I'm living someone else's life?
  Field: canonical_answer
  Issue: 52 words (max 50)
  Severity: FAIL
  Recommended action: rerun

Row 76dd5b08-db42-42ea-8d64-98b828c28f92 — Why do I feel like I'm living someone else's life?
  Field: word_count
  Issue: combined body 682 words (target 350–550)
  Severity: FAIL
  Recommended action: rerun

Row cc90f4a4-845d-48c6-a80c-648ff1de8b71 — Why do I feel like I'm losing my cultural identity in thera…
  Field: word_count
  Issue: combined body 656 words (target 350–550)
  Severity: FAIL
  Recommended action: rerun

Row 38562c52-9759-445d-9c73-8c631eacb43a — Why do I feel like I'm losing my native language skills?
  Field: word_count
  Issue: combined body 648 words (target 350–550)
  Severity: FAIL
  Recommended action: rerun

Row bb52a5a4-47f2-4d21-a1b9-0e6727109afe — Why do I feel like I'm losing myself in my relationship?
  Field: canonical_answer
  Issue: 52 words (max 50)
  Severity: FAIL
  Recommended action: rerun

Row bb52a5a4-47f2-4d21-a1b9-0e6727109afe — Why do I feel like I'm losing myself in my relationship?
  Field: word_count
  Issue: combined body 645 words (target 350–550)
  Severity: FAIL
  Recommended action: rerun

Row b29b1a4f-d36a-47f9-83b9-0d43e32b556c — Why do I feel like I'm never enough for anyone?
  Field: word_count
  Issue: combined body 702 words (target 350–550)
  Severity: FAIL
  Recommended action: rerun

Row bb65ff3f-b06a-45c6-b62c-d122a527574a — Why do I feel like I'm never going to have enough money?
  Field: word_count
  Issue: combined body 721 words (target 350–550)
  Severity: FAIL
  Recommended action: rerun

Row 345e4795-bd55-4368-bc34-1e1bb93a3a67 — Why do I feel like I'm not allowed to be angry?
  Field: word_count
  Issue: combined body 677 words (target 350–550)
  Severity: FAIL
  Recommended action: rerun

Row 437cb7fe-778e-41ca-bb9c-9c7476f1b61f — Why do I feel like I'm not allowed to be happy?
  Field: word_count
  Issue: combined body 697 words (target 350–550)
  Severity: FAIL
  Recommended action: rerun

Row ad5c9c10-d2ca-4269-979a-64b92da83a27 — Why do I feel like I'm not allowed to have problems?
  Field: word_count
  Issue: combined body 699 words (target 350–550)
  Severity: FAIL
  Recommended action: rerun

Row 79c0ab08-0922-4907-a70e-0d8043825fa6 — Why do I feel like I'm not good at anything?
  Field: word_count
  Issue: combined body 684 words (target 350–550)
  Severity: FAIL
  Recommended action: rerun

Row 57a4bea1-8f87-43a8-9554-b44f85829d07 — Why do I feel like I'm not good enough no matter what I ach…
  Field: word_count
  Issue: combined body 642 words (target 350–550)
  Severity: FAIL
  Recommended action: rerun

Row 37bf16d1-30cf-485d-9fe3-80ce86a07768 — Why do I feel like I'm not living up to my potential?
  Field: word_count
  Issue: combined body 685 words (target 350–550)
  Severity: FAIL
  Recommended action: rerun

Row fe9ccdb9-17dd-4169-a138-2548f6941e7a — Why do I feel like I'm performing my own life?
  Field: word_count
  Issue: combined body 629 words (target 350–550)
  Severity: FAIL
  Recommended action: rerun

Row 9c652cd9-f40f-4909-983f-2d29ccd8f928 — Why do I feel like I'm pretending to be an adult?
  Field: word_count
  Issue: combined body 655 words (target 350–550)
  Severity: FAIL
  Recommended action: rerun

Row bcbf383b-a50d-4c5c-b337-225945327456 — Why do I feel like I'm pretending to be someone I'm not?
  Field: word_count
  Issue: combined body 650 words (target 350–550)
  Severity: FAIL
  Recommended action: rerun

Row 4572d91a-fe2e-4fe2-90ff-d1bdbb91e67a — Why do I feel like I'm pretending to be someone else at wor…
  Field: canonical_answer
  Issue: 54 words (max 50)
  Severity: FAIL
  Recommended action: rerun

Row 4572d91a-fe2e-4fe2-90ff-d1bdbb91e67a — Why do I feel like I'm pretending to be someone else at wor…
  Field: word_count
  Issue: combined body 767 words (target 350–550)
  Severity: FAIL
  Recommended action: rerun

Row 0fb51651-4bc3-42a1-829d-76f85c10e6e7 — Why do I feel like I'm pretending to be someone I'm not?
  Field: word_count
  Issue: combined body 673 words (target 350–550)
  Severity: FAIL
  Recommended action: rerun

Row e755a445-0016-4702-af6f-9fc1cdd0041d — Why do I feel like I'm too much for people?
  Field: word_count
  Issue: combined body 717 words (target 350–550)
  Severity: FAIL
  Recommended action: rerun

Row 3eb29e6f-410f-424b-a437-1cee503315a9 — Why do I feel like I need constant validation from others?
  Field: word_count
  Issue: combined body 740 words (target 350–550)
  Severity: FAIL
  Recommended action: rerun

Row cb473940-d144-4b3f-acee-df5032d4a776 — Why do I feel like I need everyone to like me?
  Field: word_count
  Issue: combined body 706 words (target 350–550)
  Severity: FAIL
  Recommended action: rerun

Row e5e69e60-6696-448e-8986-b08ff0d573d5 — Why do I feel like I need to earn love and acceptance?
  Field: word_count
  Issue: combined body 687 words (target 350–550)
  Severity: FAIL
  Recommended action: rerun

Row 9c790b5d-1136-4cb6-9bab-e073a24ab3ae — Why do I feel like I need to fix everyone's problems?
  Field: word_count
  Issue: combined body 795 words (target 350–550)
  Severity: FAIL
  Recommended action: rerun

Row e8dcd44e-34f3-4edb-b9db-c7e88f0972f0 — Why do I feel like life has no meaning or purpose?
  Field: word_count
  Issue: combined body 684 words (target 350–550)
  Severity: FAIL
  Recommended action: rerun

Row b43eb5d6-2e22-444e-b886-f1171bdea62a — Why do I feel lonely even when I'm around people?
  Field: word_count
  Issue: combined body 650 words (target 350–550)
  Severity: FAIL
  Recommended action: rerun

Row 1153a9fc-324f-4f51-909a-403a22848a79 — Why do I feel lonely even when I'm in a relationship?
  Field: word_count
  Issue: combined body 748 words (target 350–550)
  Severity: FAIL
  Recommended action: rerun

Row 6a65c8dd-133a-4272-965d-ab116b7a8f50 — Why do I feel lonely in my relationship?
  Field: word_count
  Issue: combined body 715 words (target 350–550)
  Severity: FAIL
  Recommended action: rerun

Row d548a38c-5e54-43fc-806a-3ab9f6268db6 — Why do I feel lost without religious community?
  Field: word_count
  Issue: combined body 603 words (target 350–550)
  Severity: FAIL
  Recommended action: rerun

Row 00efe394-abac-431b-b6ef-e836230becfc — Why do I feel more anxious after using social media?
  Field: word_count
  Issue: combined body 658 words (target 350–550)
  Severity: FAIL
  Recommended action: rerun

Row 4cf2e8c1-8115-4ec0-9d3c-f667dfba3e7b — Why do I feel more anxious when I try to relax?
  Field: word_count
  Issue: combined body 736 words (target 350–550)
  Severity: FAIL
  Recommended action: rerun

Row 558b5859-c1cc-4d72-a47f-2d1580576e39 — Why do I feel more comfortable with online friends than peo…
  Field: word_count
  Issue: combined body 747 words (target 350–550)
  Severity: FAIL
  Recommended action: rerun

Row ab76904d-e95e-4f40-89bc-da1c1e7ac32b — Why do I feel more depressed in the morning?
  Field: word_count
  Issue: combined body 706 words (target 350–550)
  Severity: FAIL
  Recommended action: rerun

Row 2cf2aa9d-d3ae-438e-a93e-79353dc14c94 — Why do I feel more irritable and angry during certain times…
  Field: word_count
  Issue: combined body 638 words (target 350–550)
  Severity: FAIL
  Recommended action: rerun

Row 9952dc2c-b098-4fe4-8076-9cb57226b226 — Why do I feel more like myself when interacting with AI tha…
  Field: word_count
  Issue: combined body 657 words (target 350–550)
  Severity: FAIL
  Recommended action: rerun

Row 1c5a662c-92b8-49ac-94d5-d832f11db6d4 — Why do I feel more lonely after spending time on social med…
  Field: word_count
  Issue: combined body 646 words (target 350–550)
  Severity: FAIL
  Recommended action: rerun

Row 2c9bd6df-44af-4679-afcb-378985808f36 — Why do I feel more seen and understood by AI than by real p…
  Field: word_count
  Issue: combined body 647 words (target 350–550)
  Severity: FAIL
  Recommended action: rerun

Row 27c7afc3-193c-4296-a190-34a913794de5 — Why do I feel numb instead of sad?
  Field: word_count
  Issue: combined body 664 words (target 350–550)
  Severity: FAIL
  Recommended action: rerun

Row 0aef7211-890d-427b-a6f4-2926878d2747 — Why do I feel overwhelmed by simple daily tasks?
  Field: word_count
  Issue: combined body 636 words (target 350–550)
  Severity: FAIL
  Recommended action: rerun

Row 5ef60c9a-18b1-48d0-b881-ec3b889bae5a — Why do I feel overwhelmed by simple tasks?
  Field: word_count
  Issue: combined body 707 words (target 350–550)
  Severity: FAIL
  Recommended action: rerun

Row 0a74a1f4-2f77-49fe-a93b-523554f67bb2 — Why do I feel safer being vulnerable with AI than with my p…
  Field: word_count
  Issue: combined body 713 words (target 350–550)
  Severity: FAIL
  Recommended action: rerun

Row 9d60b488-3389-4fc9-b819-a2f7048fcf10 — Why do I feel so angry all the time?
  Field: word_count
  Issue: combined body 693 words (target 350–550)
  Severity: FAIL
  Recommended action: rerun

Row 04a90d35-637d-4a50-b72a-0016b169551b — Why do I feel so anxious about what my friends think of me?
  Field: word_count
  Issue: combined body 712 words (target 350–550)
  Severity: FAIL
  Recommended action: rerun

Row f4241a47-1cfa-495f-8d2c-2b5075952286 — Why do I feel so different from my parents?
  Field: word_count
  Issue: combined body 619 words (target 350–550)
  Severity: FAIL
  Recommended action: rerun

Row e71edc2a-ddeb-484a-a0a3-8fe8db480a29 — Why do I feel so emotional all the time?
  Field: word_count
  Issue: combined body 675 words (target 350–550)
  Severity: FAIL
  Recommended action: rerun

Row 56060eeb-fb79-40f3-a475-99890a068f4d — Why do I feel so lonely even when I'm surrounded by people?
  Field: word_count
  Issue: combined body 643 words (target 350–550)
  Severity: FAIL
  Recommended action: rerun

Row ea431c76-38ea-4df7-a7fb-ad3cbf115616 — Why do I feel so lonely, even when I'm surrounded by people?
  Field: word_count
  Issue: combined body 719 words (target 350–550)
  Severity: FAIL
  Recommended action: rerun

Row ac3271a1-4f63-4b5f-81bd-1bdfa8179669 — Why do I feel so misunderstood by everyone?
  Field: word_count
  Issue: combined body 638 words (target 350–550)
  Severity: FAIL
  Recommended action: rerun

Row 8d5113b2-5287-4fe6-a353-a8375a1b3088 — Why do I feel spiritually empty despite having everything I…
  Field: word_count
  Issue: combined body 673 words (target 350–550)
  Severity: FAIL
  Recommended action: rerun

Row 4a1faf5b-26b5-4dce-935b-b60ebeda7f7e — Why do I feel stuck in a job that's slowly killing my soul?
  Field: word_count
  Issue: combined body 657 words (target 350–550)
  Severity: FAIL
  Recommended action: rerun

Row 6a2f77a4-0064-4004-9b80-75f5cbb9295c — Why do I feel worse after good days when I have depression?
  Field: word_count
  Issue: combined body 660 words (target 350–550)
  Severity: FAIL
  Recommended action: rerun

Row 69235617-ff7f-4406-aaca-64e7017277ff — Why do I feel worse after talking to my family?
  Field: word_count
  Issue: combined body 660 words (target 350–550)
  Severity: FAIL
  Recommended action: rerun

Row 4e85a3ed-c8fa-46f5-b707-1e54e615c50f — Why do I feel worse after venting to friends about my probl…
  Field: word_count
  Issue: combined body 633 words (target 350–550)
  Severity: FAIL
  Recommended action: rerun

Row 95189976-a308-497f-b459-da82bd6871f8 — Why do I feel worse in the winter months?
  Field: word_count
  Issue: combined body 680 words (target 350–550)
  Severity: FAIL
  Recommended action: rerun

Row 906ac635-22ee-4be2-ad09-7c24f67bbd95 — Why do I get anxious when good things happen?
  Field: word_count
  Issue: combined body 626 words (target 350–550)
  Severity: FAIL
  Recommended action: rerun

Row 9a554bec-b175-4bd3-b3a0-12ac00e9ecdf — Why do I get defensive even when I know the other person ha…
  Field: word_count
  Issue: combined body 660 words (target 350–550)
  Severity: FAIL
  Recommended action: rerun

Row 8a6da00f-4505-49ce-9c94-d966b89bd0ec — Why do I get so emotionally overwhelmed with ADHD?
  Field: word_count
  Issue: combined body 713 words (target 350–550)
  Severity: FAIL
  Recommended action: rerun

Row 2c1e1a1a-89dd-4a02-b730-50657d841272 — Why do I get so upset when things don't go according to my …
  Field: word_count
  Issue: combined body 625 words (target 350–550)
  Severity: FAIL
  Recommended action: rerun

Row 204e4b32-f9f5-4fc4-b8fd-9353541776f2 — Why do I get trembling hands when I'm nervous?
  Field: word_count
  Issue: combined body 606 words (target 350–550)
  Severity: FAIL
  Recommended action: rerun

Row f9b3d91a-a259-480f-a882-6326908e4e8b — Why do I get triggered by things that seem harmless to othe…
  Field: canonical_answer
  Issue: 51 words (max 50)
  Severity: FAIL
  Recommended action: rerun

Row f9b3d91a-a259-480f-a882-6326908e4e8b — Why do I get triggered by things that seem harmless to othe…
  Field: word_count
  Issue: combined body 764 words (target 350–550)
  Severity: FAIL
  Recommended action: rerun

Row 649a4f34-65fb-4f3f-96a8-f009bca2f0ef — Why do I have memory gaps from a traumatic experience?
  Field: word_count
  Issue: combined body 648 words (target 350–550)
  Severity: FAIL
  Recommended action: rerun

Row a5f9fea2-dfd5-485d-8347-4b32d6b35c9b — Why do I have such a hard time trusting that people actuall…
  Field: word_count
  Issue: combined body 644 words (target 350–550)
  Severity: FAIL
  Recommended action: rerun

Row a35deec8-c56d-4015-bd70-8eebe2b15c57 — Why do I have vivid, disturbing dreams when I'm stressed?
  Field: word_count
  Issue: combined body 619 words (target 350–550)
  Severity: FAIL
  Recommended action: rerun

Row 4e265b95-99f7-4bb4-81f7-b1847786cfae — Why do I isolate myself when I'm struggling, even though I …
  Field: word_count
  Issue: combined body 662 words (target 350–550)
  Severity: FAIL
  Recommended action: rerun

Row 948d3afb-2935-4412-af68-fd4a39a6ed20 — Why do I keep having dreams about the person who died?
  Field: word_count
  Issue: combined body 672 words (target 350–550)
  Severity: FAIL
  Recommended action: rerun

Row 98edea60-916d-42cb-ab56-8d3c665aaccf — Why do I keep relapsing even though I want to stay sober?
  Field: canonical_answer
  Issue: 54 words (max 50)
  Severity: FAIL
  Recommended action: rerun

Row 2968bc74-7dc4-443c-95b3-3a8b380d325f — Why do I keep thinking about my ex even though I know they …
  Field: word_count
  Issue: combined body 714 words (target 350–550)
  Severity: FAIL
  Recommended action: rerun

Row e33ea7e3-e543-46b6-bddd-fb00186f5d9e — Why do I lose myself in romantic relationships?
  Field: word_count
  Issue: combined body 707 words (target 350–550)
  Severity: FAIL
  Recommended action: rerun

Row d7349158-c02f-4995-834e-7775e2ede438 — Why do I need everyone's approval to feel good about myself?
  Field: word_count
  Issue: combined body 731 words (target 350–550)
  Severity: FAIL
  Recommended action: rerun

Row dd85515c-4a63-4365-86b9-da213398f071 — Why do I need everyone to like me?
  Field: word_count
  Issue: combined body 678 words (target 350–550)
  Severity: FAIL
  Recommended action: rerun

Row bff2668f-11d9-448a-a229-4ca93508a637 — Why do I overthink every conversation after it happens?
  Field: word_count
  Issue: combined body 624 words (target 350–550)
  Severity: FAIL
  Recommended action: rerun

Row 232093f7-a0ae-4f68-b220-d743c3ce721e — Why do I panic when I think about money?
  Field: word_count
  Issue: combined body 717 words (target 350–550)
  Severity: FAIL
  Recommended action: rerun

Row d8cbc469-69ea-4550-9bf7-8320afb7c69c — Why do I parent the way I was parented even when I swore I …
  Field: word_count
  Issue: combined body 744 words (target 350–550)
  Severity: FAIL
  Recommended action: rerun

Row 22fa4934-92a2-47d3-bc41-94e764e3c1c1 — Why do I push people away when they get too close?
  Field: word_count
  Issue: combined body 671 words (target 350–550)
  Severity: FAIL
  Recommended action: rerun

Row 9234f8f0-484c-4fb9-b267-5f00e982aa2d — Why do I push people away when they get too close to me?
  Field: word_count
  Issue: combined body 677 words (target 350–550)
  Severity: FAIL
  Recommended action: rerun

Row bf777fa1-7e3d-41d2-b207-f8229fd0135b — Why do I shut down during arguments?
  Field: word_count
  Issue: combined body 633 words (target 350–550)
  Severity: FAIL
  Recommended action: rerun

Row d230f7cd-5e7b-4412-ba93-5fa7ab54d402 — Why do I shut down during intimacy even when I want to be c…
  Field: word_count
  Issue: combined body 670 words (target 350–550)
  Severity: FAIL
  Recommended action: rerun

Row a87fb407-8c70-499a-ae29-7db1404f8e6d — Why do I shut down emotionally when conflict starts?
  Field: word_count
  Issue: combined body 680 words (target 350–550)
  Severity: FAIL
  Recommended action: rerun

Row 09d5d4f9-0419-4bca-ae44-3152bb333de5 — Why do I wake up at 3am with anxiety every night?
  Field: word_count
  Issue: combined body 777 words (target 350–550)
  Severity: FAIL
  Recommended action: rerun

Row 6b80e64e-8032-4708-af98-63978f96c318 — Why do I worry about things that haven't happened yet?
  Field: word_count
  Issue: combined body 653 words (target 350–550)
  Severity: FAIL
  Recommended action: rerun

Row c7e683e2-b239-4277-94b5-622280fe2cca — Why do my partner and I have the same fight over and over?
  Field: word_count
  Issue: combined body 713 words (target 350–550)
  Severity: FAIL
  Recommended action: rerun

Row 45d772ee-4713-46f9-b416-3b1b17ccb45a — Why don't I feel anything anymore, even about things I used…
  Field: word_count
  Issue: combined body 646 words (target 350–550)
  Severity: FAIL
  Recommended action: rerun

Row 45d50601-72a6-4d4c-9178-24af508353bd — Why do small problems feel huge at night?
  Field: word_count
  Issue: combined body 666 words (target 350–550)
  Severity: FAIL
  Recommended action: rerun

Row 4c90a855-1740-44b7-8f63-c794c165a258 — Why is it so hard to make friends as an adult?
  Field: word_count
  Issue: combined body 606 words (target 350–550)
  Severity: FAIL
  Recommended action: rerun

Row 207ee5dc-b0e9-4470-a99d-de7c7ee5ef4f — Why is my teenager so angry and hostile toward me all the t…
  Field: word_count
  Issue: combined body 746 words (target 350–550)
  Severity: FAIL
  Recommended action: rerun

Row ae120bcd-ca42-4e8e-b020-5fd3f0f76a75 — Why do I keep going back to AI even when it makes me feel w…
  Field: word_count
  Issue: combined body 750 words (target 350–550)
  Severity: FAIL
  Recommended action: rerun

─── WARNINGS ───
Row 77b03289-45c4-47bc-902a-c3d1fe4067c1 — Am I becoming too dependent on AI to make decisions at work?
  Field: primary_term
  Issue: does not clearly match condition in question
  Severity: WARN

Row 77b03289-45c4-47bc-902a-c3d1fe4067c1 — Am I becoming too dependent on AI to make decisions at work?
  Field: when_to_reach_out
  Issue: opening may rely on prior context (spot-check)
  Severity: WARN

Row 18e51622-7110-418f-b6fe-75e004a8d402 — Am I losing my ability to connect with real people because …
  Field: primary_term
  Issue: does not clearly match condition in question
  Severity: WARN

Row 18e51622-7110-418f-b6fe-75e004a8d402 — Am I losing my ability to connect with real people because …
  Field: what_can_help
  Issue: opening may rely on prior context (spot-check)
  Severity: WARN

Row 18e51622-7110-418f-b6fe-75e004a8d402 — Am I losing my ability to connect with real people because …
  Field: when_to_reach_out
  Issue: opening may rely on prior context (spot-check)
  Severity: WARN

Row a9befd3a-b5cd-4062-ab23-425902c27f2d — Am I weak if I need medication for my mental health?
  Field: what_can_help
  Issue: opening may rely on prior context (spot-check)
  Severity: WARN

Row decbea77-6a45-405b-9e95-60532dd6af2e — How do I bring up a hard topic without starting a fight?
  Field: primary_term
  Issue: does not clearly match condition in question
  Severity: WARN

Row decbea77-6a45-405b-9e95-60532dd6af2e — How do I bring up a hard topic without starting a fight?
  Field: what_can_help
  Issue: opening may rely on prior context (spot-check)
  Severity: WARN

Row decbea77-6a45-405b-9e95-60532dd6af2e — How do I bring up a hard topic without starting a fight?
  Field: word_count
  Issue: combined body 589 words (target 350–550)
  Severity: WARN

Row 9debf278-e4ba-4616-8dbf-988b81f6552c — Can AI chatbots make delusional thoughts worse?
  Field: when_to_reach_out
  Issue: opening may rely on prior context (spot-check)
  Severity: WARN

Row 586965a5-afa8-4f2f-9084-5e1ef40d6cfb — Can AI companions be risky for lonely teens?
  Field: what_can_help
  Issue: opening may rely on prior context (spot-check)
  Severity: WARN

Row 586965a5-afa8-4f2f-9084-5e1ef40d6cfb — Can AI companions be risky for lonely teens?
  Field: when_to_reach_out
  Issue: opening may rely on prior context (spot-check)
  Severity: WARN

Row 8eff8c5f-438a-4be4-a671-6855f1eb6fb0 — Can AI companionship replace human intimacy?
  Field: when_to_reach_out
  Issue: opening may rely on prior context (spot-check)
  Severity: WARN

Row 8eff8c5f-438a-4be4-a671-6855f1eb6fb0 — Can AI companionship replace human intimacy?
  Field: word_count
  Issue: combined body 590 words (target 350–550)
  Severity: WARN

Row d71e60f0-ee8d-4f4c-a9da-d074fdc66430 — Can AI companions reduce loneliness or make it worse?
  Field: what_can_help
  Issue: opening may rely on prior context (spot-check)
  Severity: WARN

Row d71e60f0-ee8d-4f4c-a9da-d074fdc66430 — Can AI companions reduce loneliness or make it worse?
  Field: when_to_reach_out
  Issue: opening may rely on prior context (spot-check)
  Severity: WARN

Row 5b536e8b-8b7d-4125-98e6-cbc35886eba5 — Can AI give bad mental health advice?
  Field: what_can_help
  Issue: opening may rely on prior context (spot-check)
  Severity: WARN

Row 5b536e8b-8b7d-4125-98e6-cbc35886eba5 — Can AI give bad mental health advice?
  Field: when_to_reach_out
  Issue: opening may rely on prior context (spot-check)
  Severity: WARN

Row 33f3f8ee-06d8-4b1e-8646-aeb023173276 — Can AI griefbots make grief harder to process?
  Field: what_can_help
  Issue: opening may rely on prior context (spot-check)
  Severity: WARN

Row 33f3f8ee-06d8-4b1e-8646-aeb023173276 — Can AI griefbots make grief harder to process?
  Field: when_to_reach_out
  Issue: opening may rely on prior context (spot-check)
  Severity: WARN

Row b5b789a2-d94e-4716-96dc-373e0460c0bc — Can AI help me practice social skills before real interacti…
  Field: what_can_help
  Issue: opening may rely on prior context (spot-check)
  Severity: WARN

Row b5b789a2-d94e-4716-96dc-373e0460c0bc — Can AI help me practice social skills before real interacti…
  Field: when_to_reach_out
  Issue: opening may rely on prior context (spot-check)
  Severity: WARN

Row 097008df-6aad-4e4d-86ad-0f728a1de682 — Can AI help me process grief or trauma?
  Field: when_to_reach_out
  Issue: opening may rely on prior context (spot-check)
  Severity: WARN

Row a7393d17-166d-4e0d-932f-fe24bdc8fc9e — Can AI make avoidance easier when I am anxious?
  Field: word_count
  Issue: combined body 559 words (target 350–550)
  Severity: WARN

Row b2c43fd1-c291-4d41-8739-6dce9c3052fa — Can AI make burnout worse?
  Field: what_can_help
  Issue: opening may rely on prior context (spot-check)
  Severity: WARN

Row b2c43fd1-c291-4d41-8739-6dce9c3052fa — Can AI make burnout worse?
  Field: when_to_reach_out
  Issue: opening may rely on prior context (spot-check)
  Severity: WARN

Row 3c079123-82a7-446a-8180-80f01f822411 — Can AI make isolation feel normal?
  Field: what_can_help
  Issue: opening may rely on prior context (spot-check)
  Severity: WARN

Row 3c079123-82a7-446a-8180-80f01f822411 — Can AI make isolation feel normal?
  Field: when_to_reach_out
  Issue: opening may rely on prior context (spot-check)
  Severity: WARN

Row 43bc5a00-f947-4628-8769-61f6de5ce84b — Can AI make it harder to build real intimacy?
  Field: what_can_help
  Issue: opening may rely on prior context (spot-check)
  Severity: WARN

Row 43bc5a00-f947-4628-8769-61f6de5ce84b — Can AI make it harder to build real intimacy?
  Field: when_to_reach_out
  Issue: opening may rely on prior context (spot-check)
  Severity: WARN

Row 6a251591-4c65-4e7c-b142-fcca29d18353 — Can AI make me feel emotionally numb?
  Field: what_can_help
  Issue: opening may rely on prior context (spot-check)
  Severity: WARN

Row 6a251591-4c65-4e7c-b142-fcca29d18353 — Can AI make me feel emotionally numb?
  Field: when_to_reach_out
  Issue: opening may rely on prior context (spot-check)
  Severity: WARN

Row ed688936-062f-4d4c-b76f-8720104fcd48 — Can AI make me feel like my creativity does not matter?
  Field: primary_term
  Issue: does not clearly match condition in question
  Severity: WARN

Row dac9ebf6-9bae-4124-b83c-29468c3314e9 — Can AI make people-pleasing worse?
  Field: word_count
  Issue: combined body 593 words (target 350–550)
  Severity: WARN

Row 5b0d8198-dec6-46e7-9327-ba47bf84f9fc — Can AI make relationship anxiety worse?
  Field: what_can_help
  Issue: opening may rely on prior context (spot-check)
  Severity: WARN

Row 5b0d8198-dec6-46e7-9327-ba47bf84f9fc — Can AI make relationship anxiety worse?
  Field: when_to_reach_out
  Issue: opening may rely on prior context (spot-check)
  Severity: WARN

Row 6134da23-54c3-4cf9-a909-f719581d1e41 — Can AI reinforce mania or grandiose thinking?
  Field: what_can_help
  Issue: opening may rely on prior context (spot-check)
  Severity: WARN

Row 6134da23-54c3-4cf9-a909-f719581d1e41 — Can AI reinforce mania or grandiose thinking?
  Field: when_to_reach_out
  Issue: opening may rely on prior context (spot-check)
  Severity: WARN

Row d7d2cd1f-00d8-4c37-83ea-9673b3d79c82 — Can AI therapy apps replace a licensed therapist?
  Field: when_to_reach_out
  Issue: opening may rely on prior context (spot-check)
  Severity: WARN

Row d7d2cd1f-00d8-4c37-83ea-9673b3d79c82 — Can AI therapy apps replace a licensed therapist?
  Field: word_count
  Issue: combined body 579 words (target 350–550)
  Severity: WARN

Row 4bbe0a53-b2da-40a0-a057-d8c319ab9a65 — Can AI workplace monitoring affect mental health?
  Field: what_can_help
  Issue: opening may rely on prior context (spot-check)
  Severity: WARN

Row 4bbe0a53-b2da-40a0-a057-d8c319ab9a65 — Can AI workplace monitoring affect mental health?
  Field: when_to_reach_out
  Issue: opening may rely on prior context (spot-check)
  Severity: WARN

Row 6b850fb6-f074-4bb1-937a-93ba2be70a0d — Can an AI chatbot make suicidal thoughts worse?
  Field: what_can_help
  Issue: opening may rely on prior context (spot-check)
  Severity: WARN

Row 6b850fb6-f074-4bb1-937a-93ba2be70a0d — Can an AI chatbot make suicidal thoughts worse?
  Field: when_to_reach_out
  Issue: opening may rely on prior context (spot-check)
  Severity: WARN

Row 768cd868-0048-43cf-bf28-c380637276b6 — Can deepfakes cause trauma or anxiety?
  Field: what_can_help
  Issue: opening may rely on prior context (spot-check)
  Severity: WARN

Row 768cd868-0048-43cf-bf28-c380637276b6 — Can deepfakes cause trauma or anxiety?
  Field: when_to_reach_out
  Issue: opening may rely on prior context (spot-check)
  Severity: WARN

Row 95a3b5cd-9f3a-486a-8cba-da79dc0993d2 — Can depression be inherited? I'm worried about my children.
  Field: what_can_help
  Issue: opening may rely on prior context (spot-check)
  Severity: WARN

Row 95a3b5cd-9f3a-486a-8cba-da79dc0993d2 — Can depression be inherited? I'm worried about my children.
  Field: word_count
  Issue: combined body 589 words (target 350–550)
  Severity: WARN

Row 189b965e-1507-46dd-ad18-24bc5d4a37d7 — Can depression make it hard to do basic tasks?
  Field: word_count
  Issue: combined body 561 words (target 350–550)
  Severity: WARN

Row e6f643f8-8160-4425-b8f8-bdfd2616c3c4 — Can emotional stress cause physical fatigue?
  Field: when_to_reach_out
  Issue: opening may rely on prior context (spot-check)
  Severity: WARN

Row 2a4e5d5d-3a21-4529-917a-bb4716cfb944 — Can I drink alcohol while taking psychiatric medication?
  Field: when_to_reach_out
  Issue: opening may rely on prior context (spot-check)
  Severity: WARN

Row 2a4e5d5d-3a21-4529-917a-bb4716cfb944 — Can I drink alcohol while taking psychiatric medication?
  Field: word_count
  Issue: combined body 559 words (target 350–550)
  Severity: WARN

Row c4206d54-affa-4744-9867-470d7dc5b187 — Can I recover without going to meetings?
  Field: what_can_help
  Issue: opening may rely on prior context (spot-check)
  Severity: WARN

Row c4206d54-affa-4744-9867-470d7dc5b187 — Can I recover without going to meetings?
  Field: when_to_reach_out
  Issue: opening may rely on prior context (spot-check)
  Severity: WARN

Row ed088597-01cf-42c1-bbdb-5a73eb09a9c0 — Can I still be spiritual without being religious?
  Field: what_can_help
  Issue: opening may rely on prior context (spot-check)
  Severity: WARN

Row ed088597-01cf-42c1-bbdb-5a73eb09a9c0 — Can I still be spiritual without being religious?
  Field: when_to_reach_out
  Issue: opening may rely on prior context (spot-check)
  Severity: WARN

Row 5beed97f-61a7-410f-9d35-797cb1181e4b — Can I stop taking psychiatric medication if I feel better?
  Field: what_can_help
  Issue: opening may rely on prior context (spot-check)
  Severity: WARN

Row 5beed97f-61a7-410f-9d35-797cb1181e4b — Can I stop taking psychiatric medication if I feel better?
  Field: when_to_reach_out
  Issue: opening may rely on prior context (spot-check)
  Severity: WARN

Row 9e3fe259-035c-4f41-ae80-8bcb85cbf041 — Can lack of sleep make my anxiety worse?
  Field: what_can_help
  Issue: opening may rely on prior context (spot-check)
  Severity: WARN

Row 9e3fe259-035c-4f41-ae80-8bcb85cbf041 — Can lack of sleep make my anxiety worse?
  Field: when_to_reach_out
  Issue: opening may rely on prior context (spot-check)
  Severity: WARN

Row 88542f02-b4b1-4ddb-b4d6-0ee73d09df3a — Can mental health symptoms be physical?
  Field: what_can_help
  Issue: opening may rely on prior context (spot-check)
  Severity: WARN

Row 88542f02-b4b1-4ddb-b4d6-0ee73d09df3a — Can mental health symptoms be physical?
  Field: when_to_reach_out
  Issue: opening may rely on prior context (spot-check)
  Severity: WARN

Row 9edc29f4-b636-4f01-9c4d-8ac696e42560 — Can money problems cause depression?
  Field: when_to_reach_out
  Issue: opening may rely on prior context (spot-check)
  Severity: WARN

Row 9edc29f4-b636-4f01-9c4d-8ac696e42560 — Can money problems cause depression?
  Field: word_count
  Issue: combined body 568 words (target 350–550)
  Severity: WARN

Row f72fd755-8d1b-4d94-a525-0a82545a753c — Can people get addicted to AI chatbots or virtual companion…
  Field: what_can_help
  Issue: opening may rely on prior context (spot-check)
  Severity: WARN

Row e5812f75-b54f-49b3-a7e0-ec505adff47f — Can stress and anxiety really cause stomach problems?
  Field: what_can_help
  Issue: opening may rely on prior context (spot-check)
  Severity: WARN

Row a1d61851-e37e-4cd4-9939-4c70b4eb78f2 — Can stress cause ringing in my ears?
  Field: primary_term
  Issue: does not clearly match condition in question
  Severity: WARN

Row bbee483f-9574-4970-b897-21d2c22f6efd — Can talking to AI all night affect my mental health?
  Field: what_can_help
  Issue: opening may rely on prior context (spot-check)
  Severity: WARN

Row bbee483f-9574-4970-b897-21d2c22f6efd — Can talking to AI all night affect my mental health?
  Field: when_to_reach_out
  Issue: opening may rely on prior context (spot-check)
  Severity: WARN

Row dd0d953b-f0a1-41bd-89be-a059e490d9fa — Can you actually change your attachment style or are you st…
  Field: when_to_reach_out
  Issue: opening may rely on prior context (spot-check)
  Severity: WARN

Row f61e63ea-38da-4151-a1f2-c44ac26e94bb — How can I tell the difference between stress and anxiety?
  Field: when_to_reach_out
  Issue: opening may rely on prior context (spot-check)
  Severity: WARN

Row e3690690-8662-459c-8133-4a3633c73617 — Every small mistake feels like evidence that I am fundament…
  Field: primary_term
  Issue: does not clearly match condition in question
  Severity: WARN

Row e3690690-8662-459c-8133-4a3633c73617 — Every small mistake feels like evidence that I am fundament…
  Field: when_to_reach_out
  Issue: opening may rely on prior context (spot-check)
  Severity: WARN

Row ea6f095f-7a38-41de-b9c3-bc5f9bf3dd9a — How do I help someone who believes an AI chatbot is communi…
  Field: primary_term
  Issue: does not clearly match condition in question
  Severity: WARN

Row ea6f095f-7a38-41de-b9c3-bc5f9bf3dd9a — How do I help someone who believes an AI chatbot is communi…
  Field: when_to_reach_out
  Issue: opening may rely on prior context (spot-check)
  Severity: WARN

Row efa0b397-be72-4a6e-98f1-e2ab47311ec5 — How can I communicate better with someone who has a differe…
  Field: when_to_reach_out
  Issue: opening may rely on prior context (spot-check)
  Severity: WARN

Row efa0b397-be72-4a6e-98f1-e2ab47311ec5 — How can I communicate better with someone who has a differe…
  Field: word_count
  Issue: combined body 580 words (target 350–550)
  Severity: WARN

Row 1a6c77d0-1568-46a6-bbb6-0942dbd5d0b7 — How can I create a calming environment at home?
  Field: when_to_reach_out
  Issue: opening may rely on prior context (spot-check)
  Severity: WARN

Row 1a6c77d0-1568-46a6-bbb6-0942dbd5d0b7 — How can I create a calming environment at home?
  Field: word_count
  Issue: combined body 567 words (target 350–550)
  Severity: WARN

Row c60201a6-38f1-454a-b64a-460d8e7e2c34 — How can I develop a stronger sense of identity?
  Field: what_can_help
  Issue: opening may rely on prior context (spot-check)
  Severity: WARN

Row c60201a6-38f1-454a-b64a-460d8e7e2c34 — How can I develop a stronger sense of identity?
  Field: when_to_reach_out
  Issue: opening may rely on prior context (spot-check)
  Severity: WARN

Row 84beb36e-68c1-4fae-b5ea-b04ebb2d5f47 — How can I help my child adjust to our divorce?
  Field: when_to_reach_out
  Issue: opening may rely on prior context (spot-check)
  Severity: WARN

Row ac17e0fa-a2aa-4a7a-b902-4bccd1e98bd7 — How can I help my partner who is struggling with addiction?
  Field: what_can_help
  Issue: opening may rely on prior context (spot-check)
  Severity: WARN

Row ac17e0fa-a2aa-4a7a-b902-4bccd1e98bd7 — How can I help my partner who is struggling with addiction?
  Field: when_to_reach_out
  Issue: opening may rely on prior context (spot-check)
  Severity: WARN

Row 8dacdab8-37b3-4455-869a-75fe0cdfbaa6 — How can I help my teenager who seems depressed?
  Field: primary_term
  Issue: does not clearly match condition in question
  Severity: WARN

Row 8dacdab8-37b3-4455-869a-75fe0cdfbaa6 — How can I help my teenager who seems depressed?
  Field: when_to_reach_out
  Issue: opening may rely on prior context (spot-check)
  Severity: WARN

Row 2635d864-b7f8-4822-87b9-2359492db6c9 — How can I improve communication about sex with my partner?
  Field: when_to_reach_out
  Issue: opening may rely on prior context (spot-check)
  Severity: WARN

Row 0b1b90da-9b2d-496a-82f4-87522c937ae1 — How can I improve my communication skills in relationships?
  Field: what_can_help
  Issue: opening may rely on prior context (spot-check)
  Severity: WARN

Row 0b1b90da-9b2d-496a-82f4-87522c937ae1 — How can I improve my communication skills in relationships?
  Field: when_to_reach_out
  Issue: opening may rely on prior context (spot-check)
  Severity: WARN

Row fd494471-5272-492e-a7fb-095b94f1d9b8 — How can I learn to love myself?
  Field: primary_term
  Issue: does not clearly match condition in question
  Severity: WARN

Row fd494471-5272-492e-a7fb-095b94f1d9b8 — How can I learn to love myself?
  Field: when_to_reach_out
  Issue: opening may rely on prior context (spot-check)
  Severity: WARN

Row 4d773d16-ba36-4311-acc5-105f66f9b202 — How can I maintain real relationships in an increasingly di…
  Field: what_can_help
  Issue: opening may rely on prior context (spot-check)
  Severity: WARN

Row 4d773d16-ba36-4311-acc5-105f66f9b202 — How can I maintain real relationships in an increasingly di…
  Field: when_to_reach_out
  Issue: opening may rely on prior context (spot-check)
  Severity: WARN

Row 022990eb-5526-4ac2-8183-739bcc74824e — How can I protect my children from conflict between me and …
  Field: what_can_help
  Issue: opening may rely on prior context (spot-check)
  Severity: WARN

Row f17d4640-5b09-4175-bdbd-a8a5d4de0cba — How can I support my partner who has depression?
  Field: when_to_reach_out
  Issue: opening may rely on prior context (spot-check)
  Severity: WARN

Row f17d4640-5b09-4175-bdbd-a8a5d4de0cba — How can I support my partner who has depression?
  Field: word_count
  Issue: combined body 561 words (target 350–550)
  Severity: WARN

Row 206649c0-68ab-42a6-aaf0-b29ab019a0f5 — How can I support someone who has experienced trauma?
  Field: what_can_help
  Issue: opening may rely on prior context (spot-check)
  Severity: WARN

Row 206649c0-68ab-42a6-aaf0-b29ab019a0f5 — How can I support someone who has experienced trauma?
  Field: when_to_reach_out
  Issue: opening may rely on prior context (spot-check)
  Severity: WARN

Row 59a58c2a-2fda-40fc-a326-8909dacbb89c — How can I tell if someone is manipulating me?
  Field: primary_term
  Issue: does not clearly match condition in question
  Severity: WARN

Row 59a58c2a-2fda-40fc-a326-8909dacbb89c — How can I tell if someone is manipulating me?
  Field: what_can_help
  Issue: opening may rely on prior context (spot-check)
  Severity: WARN

Row 59a58c2a-2fda-40fc-a326-8909dacbb89c — How can I tell if someone is manipulating me?
  Field: when_to_reach_out
  Issue: opening may rely on prior context (spot-check)
  Severity: WARN

Row 5039a740-3fe5-4133-bd7d-e7df58a40fc0 — How can I use breathing exercises to calm down?
  Field: what_can_help
  Issue: opening may rely on prior context (spot-check)
  Severity: WARN

Row 5039a740-3fe5-4133-bd7d-e7df58a40fc0 — How can I use breathing exercises to calm down?
  Field: when_to_reach_out
  Issue: opening may rely on prior context (spot-check)
  Severity: WARN

Row 5039a740-3fe5-4133-bd7d-e7df58a40fc0 — How can I use breathing exercises to calm down?
  Field: word_count
  Issue: combined body 593 words (target 350–550)
  Severity: WARN

Row 7b33fbaa-3b6e-4eb7-a2a4-c1aa57749a03 — How can parents support a child who worries a lot?
  Field: primary_term
  Issue: does not clearly match condition in question
  Severity: WARN

Row 7b33fbaa-3b6e-4eb7-a2a4-c1aa57749a03 — How can parents support a child who worries a lot?
  Field: what_can_help
  Issue: opening may rely on prior context (spot-check)
  Severity: WARN

Row 7b33fbaa-3b6e-4eb7-a2a4-c1aa57749a03 — How can parents support a child who worries a lot?
  Field: when_to_reach_out
  Issue: opening may rely on prior context (spot-check)
  Severity: WARN

Row 7b33fbaa-3b6e-4eb7-a2a4-c1aa57749a03 — How can parents support a child who worries a lot?
  Field: word_count
  Issue: combined body 574 words (target 350–550)
  Severity: WARN

Row c87130b8-a968-4a87-9100-6af20b5e90e1 — How do cultural attitudes affect depression treatment?
  Field: what_can_help
  Issue: opening may rely on prior context (spot-check)
  Severity: WARN

Row c87130b8-a968-4a87-9100-6af20b5e90e1 — How do cultural attitudes affect depression treatment?
  Field: when_to_reach_out
  Issue: opening may rely on prior context (spot-check)
  Severity: WARN

Row c8f17807-608e-4830-9a81-4743b4b9a7f5 — How does meditation help with anxiety?
  Field: what_can_help
  Issue: opening may rely on prior context (spot-check)
  Severity: WARN

Row c8f17807-608e-4830-9a81-4743b4b9a7f5 — How does meditation help with anxiety?
  Field: when_to_reach_out
  Issue: opening may rely on prior context (spot-check)
  Severity: WARN

Row c8f17807-608e-4830-9a81-4743b4b9a7f5 — How does meditation help with anxiety?
  Field: word_count
  Issue: combined body 595 words (target 350–550)
  Severity: WARN

Row f06c9dcf-0315-41a6-bd10-80f179e41193 — How do I apologize effectively when I've hurt someone?
  Field: when_to_reach_out
  Issue: opening may rely on prior context (spot-check)
  Severity: WARN

Row f5b31a6a-5760-43a5-843a-736b669a0073 — How do I ask for a mental health day without feeling guilty?
  Field: what_can_help
  Issue: opening may rely on prior context (spot-check)
  Severity: WARN

Row a6702722-5a96-4e78-996d-10903f831306 — How do I break up with someone I still love?
  Field: what_can_help
  Issue: opening may rely on prior context (spot-check)
  Severity: WARN

Row a6702722-5a96-4e78-996d-10903f831306 — How do I break up with someone I still love?
  Field: when_to_reach_out
  Issue: opening may rely on prior context (spot-check)
  Severity: WARN

Row a6702722-5a96-4e78-996d-10903f831306 — How do I break up with someone I still love?
  Field: word_count
  Issue: combined body 595 words (target 350–550)
  Severity: WARN

Row 321c3aa2-97f6-4b7e-9c3a-e245c99687a7 — How do I build confidence when I've been criticized my whol…
  Field: when_to_reach_out
  Issue: opening may rely on prior context (spot-check)
  Severity: WARN

Row 1de1b7a4-fa75-499e-b490-60e912c8595f — How do I come out to my parents?
  Field: what_can_help
  Issue: opening may rely on prior context (spot-check)
  Severity: WARN

Row 1de1b7a4-fa75-499e-b490-60e912c8595f — How do I come out to my parents?
  Field: when_to_reach_out
  Issue: opening may rely on prior context (spot-check)
  Severity: WARN

Row 8fb44658-98d9-4753-8505-7437e466eed0 — How do I come out when I'm not sure how people will react?
  Field: primary_term
  Issue: does not clearly match condition in question
  Severity: WARN

Row f6d7d8b6-ccde-4c2c-bcd2-2b197ce9f673 — How do I communicate better with my partner during argument…
  Field: what_can_help
  Issue: opening may rely on prior context (spot-check)
  Severity: WARN

Row fb610607-24ae-4c09-bc58-2693249de97d — How do I communicate better with my teenager?
  Field: primary_term
  Issue: does not clearly match condition in question
  Severity: WARN

Row fb610607-24ae-4c09-bc58-2693249de97d — How do I communicate better with my teenager?
  Field: when_to_reach_out
  Issue: opening may rely on prior context (spot-check)
  Severity: WARN

Row 28e4db1d-8c57-4085-b930-4a65b1b0e641 — How do I communicate my needs without sounding needy?
  Field: when_to_reach_out
  Issue: opening may rely on prior context (spot-check)
  Severity: WARN

Row 5f0186bf-efc0-4425-bae0-7b4b12666b44 — How do I co-parent effectively with my ex?
  Field: primary_term
  Issue: does not clearly match condition in question
  Severity: WARN

Row ad2260ab-e6c3-4b14-abce-c91407293c0e — How do I cope with being laid off due to AI automation?
  Field: when_to_reach_out
  Issue: opening may rely on prior context (spot-check)
  Severity: WARN

Row 71544c3a-f523-4a0e-9f43-63cfb0869a2e — How do I cope with depression during global crises or traum…
  Field: when_to_reach_out
  Issue: opening may rely on prior context (spot-check)
  Severity: WARN

Row c7c9790d-dc28-4419-8b71-c1d9f592756f — How do I cope with depression when I have a chronic illness?
  Field: when_to_reach_out
  Issue: opening may rely on prior context (spot-check)
  Severity: WARN

Row e7936a8c-e99b-4b68-a8de-e7c853a77801 — How do I cope with feeling like I'm 'too much' for other pe…
  Field: what_can_help
  Issue: opening may rely on prior context (spot-check)
  Severity: WARN

Row e7936a8c-e99b-4b68-a8de-e7c853a77801 — How do I cope with feeling like I'm 'too much' for other pe…
  Field: when_to_reach_out
  Issue: opening may rely on prior context (spot-check)
  Severity: WARN

Row a402ef0e-9611-4c26-ae83-62281a56536f — How do I cope with feeling lost and uncertain during a majo…
  Field: what_can_help
  Issue: opening may rely on prior context (spot-check)
  Severity: WARN

Row a402ef0e-9611-4c26-ae83-62281a56536f — How do I cope with feeling lost and uncertain during a majo…
  Field: when_to_reach_out
  Issue: opening may rely on prior context (spot-check)
  Severity: WARN

Row 73e92f2f-82b2-4fe8-b0df-8edcdbab944e — How do I cope with losing a pet?
  Field: primary_term
  Issue: does not clearly match condition in question
  Severity: WARN

Row 73e92f2f-82b2-4fe8-b0df-8edcdbab944e — How do I cope with losing a pet?
  Field: when_to_reach_out
  Issue: opening may rely on prior context (spot-check)
  Severity: WARN

Row 16c784c2-0c77-4835-979c-872b2372f06b — How do I cope with losing my faith?
  Field: when_to_reach_out
  Issue: opening may rely on prior context (spot-check)
  Severity: WARN

Row bcee6a3e-c5ca-49c6-9075-aa70dbe72ce9 — How do I cope with losing my pet?
  Field: primary_term
  Issue: does not clearly match condition in question
  Severity: WARN

Row bcee6a3e-c5ca-49c6-9075-aa70dbe72ce9 — How do I cope with losing my pet?
  Field: when_to_reach_out
  Issue: opening may rely on prior context (spot-check)
  Severity: WARN

Row 606b63cb-0b78-414e-ab54-e952f4778e8c — How do I cope with losing someone I thought I'd have foreve…
  Field: what_can_help
  Issue: opening may rely on prior context (spot-check)
  Severity: WARN

Row 606b63cb-0b78-414e-ab54-e952f4778e8c — How do I cope with losing someone I thought I'd have foreve…
  Field: what_can_help
  Issue: unresolved hedge: "Some people find it useful to create small rituals for the future they will not have — writing an unsent letter to the p…"
  Severity: WARN

Row 606b63cb-0b78-414e-ab54-e952f4778e8c — How do I cope with losing someone I thought I'd have foreve…
  Field: when_to_reach_out
  Issue: opening may rely on prior context (spot-check)
  Severity: WARN

Row 859f488b-026f-48b8-88f7-3cd2b5fa770d — How do I cope with losing someone to suicide?
  Field: what_can_help
  Issue: opening may rely on prior context (spot-check)
  Severity: WARN

Row 859f488b-026f-48b8-88f7-3cd2b5fa770d — How do I cope with losing someone to suicide?
  Field: when_to_reach_out
  Issue: opening may rely on prior context (spot-check)
  Severity: WARN

Row 42b6a051-e291-4b9b-a351-081fa13329b9 — How do I cope with the death of a parent?
  Field: what_can_help
  Issue: opening may rely on prior context (spot-check)
  Severity: WARN

Row 42b6a051-e291-4b9b-a351-081fa13329b9 — How do I cope with the death of a parent?
  Field: when_to_reach_out
  Issue: opening may rely on prior context (spot-check)
  Severity: WARN

Row d9c9f923-2ee1-4f19-b710-e308cafdc100 — How do I cope with the emotional pain of divorce?
  Field: when_to_reach_out
  Issue: opening may rely on prior context (spot-check)
  Severity: WARN

Row 75e105c8-3440-4fe5-9cc3-d5103cb127ad — How do I cope with the fear that AI will make human connect…
  Field: what_can_help
  Issue: opening may rely on prior context (spot-check)
  Severity: WARN

Row 75e105c8-3440-4fe5-9cc3-d5103cb127ad — How do I cope with the fear that AI will make human connect…
  Field: when_to_reach_out
  Issue: opening may rely on prior context (spot-check)
  Severity: WARN

Row 75e105c8-3440-4fe5-9cc3-d5103cb127ad — How do I cope with the fear that AI will make human connect…
  Field: word_count
  Issue: combined body 558 words (target 350–550)
  Severity: WARN

Row 690d7a47-8af7-49ce-b54d-dcc1f813c3a5 — How do I cope with the grief of losing a pet?
  Field: what_can_help
  Issue: opening may rely on prior context (spot-check)
  Severity: WARN

Row 690d7a47-8af7-49ce-b54d-dcc1f813c3a5 — How do I cope with the grief of losing a pet?
  Field: when_to_reach_out
  Issue: opening may rely on prior context (spot-check)
  Severity: WARN

Row 690d7a47-8af7-49ce-b54d-dcc1f813c3a5 — How do I cope with the grief of losing a pet?
  Field: word_count
  Issue: combined body 574 words (target 350–550)
  Severity: WARN

Row b1d24111-e81e-45c9-bc3f-542e778e415c — How do I cope with the stress of loving someone with addict…
  Field: what_can_help
  Issue: opening may rely on prior context (spot-check)
  Severity: WARN

Row b1d24111-e81e-45c9-bc3f-542e778e415c — How do I cope with the stress of loving someone with addict…
  Field: when_to_reach_out
  Issue: opening may rely on prior context (spot-check)
  Severity: WARN

Row ddb7e9e2-b5d0-47c6-825a-b0af8b7765bd — How do I create a bedtime routine that actually helps with …
  Field: what_can_help
  Issue: opening may rely on prior context (spot-check)
  Severity: WARN

Row ddb7e9e2-b5d0-47c6-825a-b0af8b7765bd — How do I create a bedtime routine that actually helps with …
  Field: when_to_reach_out
  Issue: opening may rely on prior context (spot-check)
  Severity: WARN

Row 2132721a-8435-48cb-8808-fce499fdffa8 — How do I create a safety plan for depression?
  Field: when_to_reach_out
  Issue: opening may rely on prior context (spot-check)
  Severity: WARN

Row 3965a5a8-22cd-4c22-8e5b-53fc22c283bd — How do I deal with academic pressure and fear of failure?
  Field: when_to_reach_out
  Issue: opening may rely on prior context (spot-check)
  Severity: WARN

Row 7539434e-e838-401d-847c-4abc951ad533 — How do I deal with anxiety when I can't identify the cause?
  Field: when_to_reach_out
  Issue: opening may rely on prior context (spot-check)
  Severity: WARN

Row 54bbcb83-4970-47c4-919e-6340e4fe8b6c — How do I deal with a partner who has different love languag…
  Field: what_can_help
  Issue: opening may rely on prior context (spot-check)
  Severity: WARN

Row 54bbcb83-4970-47c4-919e-6340e4fe8b6c — How do I deal with a partner who has different love languag…
  Field: when_to_reach_out
  Issue: opening may rely on prior context (spot-check)
  Severity: WARN

Row 54bbcb83-4970-47c4-919e-6340e4fe8b6c — How do I deal with a partner who has different love languag…
  Field: word_count
  Issue: combined body 562 words (target 350–550)
  Severity: WARN

Row 4019b144-7965-41c4-be99-7894a2d360a3 — How do I deal with a toxic boss?
  Field: when_to_reach_out
  Issue: opening may rely on prior context (spot-check)
  Severity: WARN

Row 622ac7ca-3c88-4cff-ab62-13159eb3a9bc — How do I deal with a toxic boss or coworker?
  Field: when_to_reach_out
  Issue: opening may rely on prior context (spot-check)
  Severity: WARN

Row c2c77849-c27d-453d-bfe0-d04f5ae59fac — How do I deal with a toxic work environment?
  Field: what_can_help
  Issue: opening may rely on prior context (spot-check)
  Severity: WARN

Row c2c77849-c27d-453d-bfe0-d04f5ae59fac — How do I deal with a toxic work environment?
  Field: when_to_reach_out
  Issue: opening may rely on prior context (spot-check)
  Severity: WARN

Row 781c97dd-ebe2-452e-aba9-fec6a2e8377f — How do I deal with body image issues?
  Field: what_can_help
  Issue: opening may rely on prior context (spot-check)
  Severity: WARN

Row 781c97dd-ebe2-452e-aba9-fec6a2e8377f — How do I deal with body image issues?
  Field: key_takeaways[4]
  Issue: 36 words (target 15–35)
  Severity: WARN

Row 6df6b8fd-84b2-49c2-aa5a-7ff2151c515f — How do I deal with boredom in recovery?
  Field: when_to_reach_out
  Issue: opening may rely on prior context (spot-check)
  Severity: WARN

Row f9639ede-bead-4bbf-b0fc-452e0b6ca4fb — How do I deal with cravings in recovery?
  Field: when_to_reach_out
  Issue: opening may rely on prior context (spot-check)
  Severity: WARN

Row 9a656b86-4b73-40f3-817a-3602d4f25039 — How do I deal with cravings when they hit?
  Field: what_can_help
  Issue: opening may rely on prior context (spot-check)
  Severity: WARN

Row 3b715201-2f03-4bba-892f-edd0f3a68571 — How do I deal with depression during major life transitions?
  Field: what_can_help
  Issue: opening may rely on prior context (spot-check)
  Severity: WARN

Row 3b715201-2f03-4bba-892f-edd0f3a68571 — How do I deal with depression during major life transitions?
  Field: when_to_reach_out
  Issue: opening may rely on prior context (spot-check)
  Severity: WARN

Row ab1dd908-6925-4cf2-8fa3-72b7fdad7b7f — How do I deal with depression during pregnancy?
  Field: what_can_help
  Issue: opening may rely on prior context (spot-check)
  Severity: WARN

Row ab1dd908-6925-4cf2-8fa3-72b7fdad7b7f — How do I deal with depression during pregnancy?
  Field: word_count
  Issue: combined body 572 words (target 350–550)
  Severity: WARN

Row 9cdfca18-aa62-4cd4-afce-7f1989899543 — How do I deal with depression in early recovery?
  Field: when_to_reach_out
  Issue: opening may rely on prior context (spot-check)
  Severity: WARN

Row 4d4cfcf5-4522-441c-bea2-1519c901cc1e — How do I deal with depression-related memory and concentrat…
  Field: what_can_help
  Issue: opening may rely on prior context (spot-check)
  Severity: WARN

Row 4d4cfcf5-4522-441c-bea2-1519c901cc1e — How do I deal with depression-related memory and concentrat…
  Field: when_to_reach_out
  Issue: opening may rely on prior context (spot-check)
  Severity: WARN

Row b7572385-a3cc-4d23-b6da-cb54a050b971 — How do I deal with depression when I have young children?
  Field: what_can_help
  Issue: opening may rely on prior context (spot-check)
  Severity: WARN

Row b7572385-a3cc-4d23-b6da-cb54a050b971 — How do I deal with depression when I have young children?
  Field: when_to_reach_out
  Issue: opening may rely on prior context (spot-check)
  Severity: WARN

Row abeaa543-4bbd-426c-bb29-ef9ae763691b — How do I deal with depression when I'm unemployed?
  Field: when_to_reach_out
  Issue: opening may rely on prior context (spot-check)
  Severity: WARN

Row 4fbf102b-ca4d-4449-8e9a-7c08f9da9e76 — How do I deal with depression while caring for aging parent…
  Field: what_can_help
  Issue: opening may rely on prior context (spot-check)
  Severity: WARN

Row 4fbf102b-ca4d-4449-8e9a-7c08f9da9e76 — How do I deal with depression while caring for aging parent…
  Field: when_to_reach_out
  Issue: opening may rely on prior context (spot-check)
  Severity: WARN

Row 708fccdc-4efc-43df-afee-2338bbd322dd — How do I deal with family pressure about my life choices?
  Field: when_to_reach_out
  Issue: opening may rely on prior context (spot-check)
  Severity: WARN

Row 6f9550f3-1eb0-4fe5-9774-f3092a825d94 — How do I deal with fear of hell after leaving religion?
  Field: what_can_help
  Issue: opening may rely on prior context (spot-check)
  Severity: WARN

Row 6f9550f3-1eb0-4fe5-9774-f3092a825d94 — How do I deal with fear of hell after leaving religion?
  Field: when_to_reach_out
  Issue: opening may rely on prior context (spot-check)
  Severity: WARN

Row fbb0850c-5927-4cfe-86a7-757ba0445fd6 — How do I deal with feeling behind in life compared to my pe…
  Field: what_can_help
  Issue: opening may rely on prior context (spot-check)
  Severity: WARN

Row fbb0850c-5927-4cfe-86a7-757ba0445fd6 — How do I deal with feeling behind in life compared to my pe…
  Field: when_to_reach_out
  Issue: opening may rely on prior context (spot-check)
  Severity: WARN

Row 2abdcdc9-5442-406c-b52f-76d049d6b9f7 — How do I deal with feeling disconnected from my body?
  Field: what_can_help
  Issue: opening may rely on prior context (spot-check)
  Severity: WARN

Row 2abdcdc9-5442-406c-b52f-76d049d6b9f7 — How do I deal with feeling disconnected from my body?
  Field: when_to_reach_out
  Issue: opening may rely on prior context (spot-check)
  Severity: WARN

Row ad8c5db5-a537-41f1-9b82-426ccd3e4f84 — How do I deal with feeling invisible in my family?
  Field: what_can_help
  Issue: opening may rely on prior context (spot-check)
  Severity: WARN

Row ad8c5db5-a537-41f1-9b82-426ccd3e4f84 — How do I deal with feeling invisible in my family?
  Field: when_to_reach_out
  Issue: opening may rely on prior context (spot-check)
  Severity: WARN

Row 5ba5fce8-c107-4802-8ebe-c369fa7a6a97 — How do I deal with feeling invisible in social situations?
  Field: what_can_help
  Issue: opening may rely on prior context (spot-check)
  Severity: WARN

Row ea210e5f-d780-42cc-b676-4859d470d6dd — How do I deal with feeling jealous in my relationship?
  Field: primary_term
  Issue: does not clearly match condition in question
  Severity: WARN

Row ea210e5f-d780-42cc-b676-4859d470d6dd — How do I deal with feeling jealous in my relationship?
  Field: when_to_reach_out
  Issue: opening may rely on prior context (spot-check)
  Severity: WARN

Row 9c875642-5cd6-4201-8f22-d61e575fdada — How do I deal with feeling like everyone else has it figure…
  Field: when_to_reach_out
  Issue: opening may rely on prior context (spot-check)
  Severity: WARN

Row b7822e70-4935-4d02-bc1e-165c28f68c4b — How do I deal with feeling like everyone else is more confi…
  Field: primary_term
  Issue: does not clearly match condition in question
  Severity: WARN

Row b7822e70-4935-4d02-bc1e-165c28f68c4b — How do I deal with feeling like everyone else is more confi…
  Field: what_can_help
  Issue: opening may rely on prior context (spot-check)
  Severity: WARN

Row b7822e70-4935-4d02-bc1e-165c28f68c4b — How do I deal with feeling like everyone else is more confi…
  Field: when_to_reach_out
  Issue: opening may rely on prior context (spot-check)
  Severity: WARN

Row b7822e70-4935-4d02-bc1e-165c28f68c4b — How do I deal with feeling like everyone else is more confi…
  Field: word_count
  Issue: combined body 569 words (target 350–550)
  Severity: WARN

Row 2e486776-16aa-4e38-ae7e-b927dc0b99f9 — How do I deal with feeling like everyone else knows somethi…
  Field: primary_term
  Issue: does not clearly match condition in question
  Severity: WARN

Row 4f8b6a23-9aae-46a7-b0fa-e9fda6148ee2 — How do I deal with feeling like I don't belong anywhere?
  Field: what_can_help
  Issue: opening may rely on prior context (spot-check)
  Severity: WARN

Row 5ab1e2e1-9f7b-404e-a122-5c27ce349bdc — How do I deal with feeling like I don't belong in therapy?
  Field: what_can_help
  Issue: opening may rely on prior context (spot-check)
  Severity: WARN

Row 5ab1e2e1-9f7b-404e-a122-5c27ce349bdc — How do I deal with feeling like I don't belong in therapy?
  Field: when_to_reach_out
  Issue: opening may rely on prior context (spot-check)
  Severity: WARN

Row e94e6911-894a-4a00-af77-65f0d1f01bc7 — How do I deal with feeling like I don't deserve good things?
  Field: what_can_help
  Issue: opening may rely on prior context (spot-check)
  Severity: WARN

Row e94e6911-894a-4a00-af77-65f0d1f01bc7 — How do I deal with feeling like I don't deserve good things?
  Field: when_to_reach_out
  Issue: opening may rely on prior context (spot-check)
  Severity: WARN

Row 00509ab5-e831-43b6-8893-7f5baa8396f5 — How do I deal with feeling like I don't have anyone who rea…
  Field: what_can_help
  Issue: opening may rely on prior context (spot-check)
  Severity: WARN

Row 00509ab5-e831-43b6-8893-7f5baa8396f5 — How do I deal with feeling like I don't have anyone who rea…
  Field: when_to_reach_out
  Issue: opening may rely on prior context (spot-check)
  Severity: WARN

Row 78731d62-d086-4b5d-9765-b8d308a044d0 — How do I deal with feeling like I'm always on the outside l…
  Field: primary_term
  Issue: does not clearly match condition in question
  Severity: WARN

Row 78731d62-d086-4b5d-9765-b8d308a044d0 — How do I deal with feeling like I'm always on the outside l…
  Field: when_to_reach_out
  Issue: opening may rely on prior context (spot-check)
  Severity: WARN

Row 852fed24-91c1-4971-ae0d-d079f2d95f38 — How do I deal with feeling like I'm behind in life?
  Field: what_can_help
  Issue: opening may rely on prior context (spot-check)
  Severity: WARN

Row 852fed24-91c1-4971-ae0d-d079f2d95f38 — How do I deal with feeling like I'm behind in life?
  Field: when_to_reach_out
  Issue: opening may rely on prior context (spot-check)
  Severity: WARN

Row ece32b7e-758f-4f8d-be44-3c34e05c3e20 — How do I deal with feeling like I'm betraying my ancestors …
  Field: what_can_help
  Issue: opening may rely on prior context (spot-check)
  Severity: WARN

Row ece32b7e-758f-4f8d-be44-3c34e05c3e20 — How do I deal with feeling like I'm betraying my ancestors …
  Field: word_count
  Issue: combined body 595 words (target 350–550)
  Severity: WARN

Row ccdac678-7d36-42cf-bc7a-5974bd3eb04f — How do I deal with feeling like I'm failing as a parent?
  Field: primary_term
  Issue: does not clearly match condition in question
  Severity: WARN

Row ccdac678-7d36-42cf-bc7a-5974bd3eb04f — How do I deal with feeling like I'm failing as a parent?
  Field: when_to_reach_out
  Issue: opening may rely on prior context (spot-check)
  Severity: WARN

Row c48200a3-c52d-4d88-b97a-fd7cb5d246ef — How do I deal with feeling like I'm not contributing anythi…
  Field: what_can_help
  Issue: opening may rely on prior context (spot-check)
  Severity: WARN

Row c48200a3-c52d-4d88-b97a-fd7cb5d246ef — How do I deal with feeling like I'm not contributing anythi…
  Field: when_to_reach_out
  Issue: opening may rely on prior context (spot-check)
  Severity: WARN

Row 1aff5be7-6dc5-427f-bb1b-b5b08e7411b8 — How do I deal with feeling like I'm not creative enough?
  Field: what_can_help
  Issue: opening may rely on prior context (spot-check)
  Severity: WARN

Row df6b8352-e0ed-4a20-bc0c-402899b50233 — How do I deal with feeling like I'm not good enough?
  Field: primary_term
  Issue: does not clearly match condition in question
  Severity: WARN

Row 364cfde0-e467-43cc-9757-f12e57b4ba77 — How do I deal with feeling like I'm not good enough for my …
  Field: primary_term
  Issue: does not clearly match condition in question
  Severity: WARN

Row 364cfde0-e467-43cc-9757-f12e57b4ba77 — How do I deal with feeling like I'm not good enough for my …
  Field: what_can_help
  Issue: opening may rely on prior context (spot-check)
  Severity: WARN

Row 364cfde0-e467-43cc-9757-f12e57b4ba77 — How do I deal with feeling like I'm not good enough for my …
  Field: when_to_reach_out
  Issue: opening may rely on prior context (spot-check)
  Severity: WARN

Row f70050ec-6713-462e-82f8-c7694a2ebec1 — How do I deal with feeling like I'm not interesting enough?
  Field: what_can_help
  Issue: opening may rely on prior context (spot-check)
  Severity: WARN

Row e618aa0d-0fa6-47f5-b9eb-7f386060dfac — How do I deal with feeling like I'm not living authenticall…
  Field: what_can_help
  Issue: opening may rely on prior context (spot-check)
  Severity: WARN

Row 89760157-908d-42c1-acdd-9ad374ab691f — How do I deal with feeling like I'm not living up to my par…
  Field: what_can_help
  Issue: opening may rely on prior context (spot-check)
  Severity: WARN

Row 89760157-908d-42c1-acdd-9ad374ab691f — How do I deal with feeling like I'm not living up to my par…
  Field: when_to_reach_out
  Issue: opening may rely on prior context (spot-check)
  Severity: WARN

Row 31e37e7b-d538-4994-aa60-c3042ccbab5c — How do I deal with feeling like I'm not making progress in …
  Field: what_can_help
  Issue: opening may rely on prior context (spot-check)
  Severity: WARN

Row 31e37e7b-d538-4994-aa60-c3042ccbab5c — How do I deal with feeling like I'm not making progress in …
  Field: when_to_reach_out
  Issue: opening may rely on prior context (spot-check)
  Severity: WARN

Row 81da7e41-476c-4995-9b72-9e071bafe655 — How do I deal with feeling like I'm not smart enough?
  Field: what_can_help
  Issue: opening may rely on prior context (spot-check)
  Severity: WARN

Row 24504fc2-1626-4b58-9881-3c35afd3e2ae — How do I deal with feeling like I'm not smart enough for my…
  Field: primary_term
  Issue: does not clearly match condition in question
  Severity: WARN

Row 24504fc2-1626-4b58-9881-3c35afd3e2ae — How do I deal with feeling like I'm not smart enough for my…
  Field: when_to_reach_out
  Issue: opening may rely on prior context (spot-check)
  Severity: WARN

Row c43f4493-2b95-4d60-8a89-7e3b84aa9baf — How do I deal with feeling like I'm too much for people?
  Field: what_can_help
  Issue: opening may rely on prior context (spot-check)
  Severity: WARN

Row c43f4493-2b95-4d60-8a89-7e3b84aa9baf — How do I deal with feeling like I'm too much for people?
  Field: when_to_reach_out
  Issue: opening may rely on prior context (spot-check)
  Severity: WARN

Row d8962b9f-4d19-4209-bc3e-29325d716fb4 — How do I deal with feeling like I'm too sensitive?
  Field: primary_term
  Issue: does not clearly match condition in question
  Severity: WARN

Row d8962b9f-4d19-4209-bc3e-29325d716fb4 — How do I deal with feeling like I'm too sensitive?
  Field: what_can_help
  Issue: opening may rely on prior context (spot-check)
  Severity: WARN

Row d8962b9f-4d19-4209-bc3e-29325d716fb4 — How do I deal with feeling like I'm too sensitive?
  Field: when_to_reach_out
  Issue: opening may rely on prior context (spot-check)
  Severity: WARN

Row d8962b9f-4d19-4209-bc3e-29325d716fb4 — How do I deal with feeling like I'm too sensitive?
  Field: word_count
  Issue: combined body 581 words (target 350–550)
  Severity: WARN

Row 66b6eff0-6bd8-409a-aaa8-34b5898f472a — How do I deal with feeling like I'm wasting my potential?
  Field: what_can_help
  Issue: opening may rely on prior context (spot-check)
  Severity: WARN

Row 66b6eff0-6bd8-409a-aaa8-34b5898f472a — How do I deal with feeling like I'm wasting my potential?
  Field: when_to_reach_out
  Issue: opening may rely on prior context (spot-check)
  Severity: WARN

Row 6c7cf9f1-d7cb-4339-8ba9-d34c53a79f4f — How do I deal with feeling like I peaked in high school or …
  Field: primary_term
  Issue: does not clearly match condition in question
  Severity: WARN

Row 6c7cf9f1-d7cb-4339-8ba9-d34c53a79f4f — How do I deal with feeling like I peaked in high school or …
  Field: what_can_help
  Issue: opening may rely on prior context (spot-check)
  Severity: WARN

Row 6c7cf9f1-d7cb-4339-8ba9-d34c53a79f4f — How do I deal with feeling like I peaked in high school or …
  Field: when_to_reach_out
  Issue: opening may rely on prior context (spot-check)
  Severity: WARN

Row 8ff82afa-c351-4486-b0fa-bf2ec6700872 — How do I deal with feeling like my emotions are too much?
  Field: primary_term
  Issue: does not clearly match condition in question
  Severity: WARN

Row 98ce410e-da4d-40ee-8bf7-fa65ba303ff4 — How do I deal with feeling like my emotions are too intense?
  Field: primary_term
  Issue: does not clearly match condition in question
  Severity: WARN

Row d500c52c-2757-4656-bf67-321de790b930 — How do I deal with feeling like my life has no purpose?
  Field: when_to_reach_out
  Issue: opening may rely on prior context (spot-check)
  Severity: WARN

Row 4f8178ac-5cee-424d-a605-10ffc07175bf — How do I deal with feeling like my mental health struggles …
  Field: when_to_reach_out
  Issue: opening may rely on prior context (spot-check)
  Severity: WARN

Row 757c9a0e-c73f-40e1-b62e-6e205b8ab695 — How do I deal with feeling like my problems aren't serious …
  Field: what_can_help
  Issue: opening may rely on prior context (spot-check)
  Severity: WARN

Row 757c9a0e-c73f-40e1-b62e-6e205b8ab695 — How do I deal with feeling like my problems aren't serious …
  Field: when_to_reach_out
  Issue: opening may rely on prior context (spot-check)
  Severity: WARN

Row dd569f91-71f8-4f2d-a76b-46b1b6f47df6 — How do I deal with feeling like technology is controlling m…
  Field: what_can_help
  Issue: opening may rely on prior context (spot-check)
  Severity: WARN

Row c9f9a331-242e-4eb1-8e49-cb1fa437a963 — How do I deal with feeling misunderstood by everyone?
  Field: what_can_help
  Issue: opening may rely on prior context (spot-check)
  Severity: WARN

Row 8725af20-f33c-4e2e-8ee2-b8cc79d09b11 — How do I deal with feeling overwhelmed as a new parent?
  Field: when_to_reach_out
  Issue: opening may rely on prior context (spot-check)
  Severity: WARN

Row bc80b4a7-709f-422b-8d66-f4c2086f53c8 — How do I deal with feeling overwhelmed by world events and …
  Field: word_count
  Issue: combined body 589 words (target 350–550)
  Severity: WARN

Row 77c684b9-5e36-4c9e-bbb6-fffc14913caa — How do I deal with feeling overwhelmed by constant notifica…
  Field: when_to_reach_out
  Issue: opening may rely on prior context (spot-check)
  Severity: WARN

Row da4a4aeb-5ae7-4985-8b77-e5c3020cf923 — How do I deal with feeling overwhelmed by my family's immig…
  Field: when_to_reach_out
  Issue: opening may rely on prior context (spot-check)
  Severity: WARN

Row a03be7fe-a8f1-483a-8ff3-7f7e433b22fc — How do I deal with feeling overwhelmed by world events?
  Field: when_to_reach_out
  Issue: opening may rely on prior context (spot-check)
  Severity: WARN

Row 124b3c70-716a-455d-8ddf-95b937715c2c — How do I deal with feeling overwhelmed by world problems?
  Field: when_to_reach_out
  Issue: opening may rely on prior context (spot-check)
  Severity: WARN

Row aa8d51d6-f47f-41ab-8eb2-31649c32bf58 — How do I deal with feeling spiritually lost after a major l…
  Field: what_can_help
  Issue: opening may rely on prior context (spot-check)
  Severity: WARN

Row aa8d51d6-f47f-41ab-8eb2-31649c32bf58 — How do I deal with feeling spiritually lost after a major l…
  Field: when_to_reach_out
  Issue: opening may rely on prior context (spot-check)
  Severity: WARN

Row 75bcda85-96b8-4511-9b35-b04ee87dc591 — How do I deal with feeling stuck in life?
  Field: when_to_reach_out
  Issue: opening may rely on prior context (spot-check)
  Severity: WARN

Row c0ec99ec-84c6-41d0-b225-0921a3526d14 — How do I deal with financial stress affecting my relationsh…
  Field: what_can_help
  Issue: opening may rely on prior context (spot-check)
  Severity: WARN

Row c0ec99ec-84c6-41d0-b225-0921a3526d14 — How do I deal with financial stress affecting my relationsh…
  Field: when_to_reach_out
  Issue: opening may rely on prior context (spot-check)
  Severity: WARN

Row e7b9524c-d7cc-4ecf-b489-64dfd34e34a4 — How do I deal with flashbacks?
  Field: what_can_help
  Issue: opening may rely on prior context (spot-check)
  Severity: WARN

Row e7b9524c-d7cc-4ecf-b489-64dfd34e34a4 — How do I deal with flashbacks?
  Field: when_to_reach_out
  Issue: opening may rely on prior context (spot-check)
  Severity: WARN

Row 3b94fa9e-32f8-4232-b217-2cc985baf259 — How do I deal with friends who don't support my recovery?
  Field: when_to_reach_out
  Issue: opening may rely on prior context (spot-check)
  Severity: WARN

Row 3b94fa9e-32f8-4232-b217-2cc985baf259 — How do I deal with friends who don't support my recovery?
  Field: word_count
  Issue: combined body 584 words (target 350–550)
  Severity: WARN

Row 39d916a7-e3a5-465a-80fd-b29527215acf — How do I deal with having no one to share good news with?
  Field: primary_term
  Issue: does not clearly match condition in question
  Severity: WARN

Row 39d916a7-e3a5-465a-80fd-b29527215acf — How do I deal with having no one to share good news with?
  Field: what_can_help
  Issue: opening may rely on prior context (spot-check)
  Severity: WARN

Row 39d916a7-e3a5-465a-80fd-b29527215acf — How do I deal with having no one to share good news with?
  Field: when_to_reach_out
  Issue: opening may rely on prior context (spot-check)
  Severity: WARN

Row 39d916a7-e3a5-465a-80fd-b29527215acf — How do I deal with having no one to share good news with?
  Field: word_count
  Issue: combined body 591 words (target 350–550)
  Severity: WARN

Row 1e993a61-25a3-4c31-bca5-4286576554e2 — How do I deal with imposter syndrome at work?
  Field: what_can_help
  Issue: opening may rely on prior context (spot-check)
  Severity: WARN

Row a76e4638-6eef-466b-899a-ceced1c52586 — How do I deal with imposter syndrome in my career?
  Field: what_can_help
  Issue: opening may rely on prior context (spot-check)
  Severity: WARN

Row a76e4638-6eef-466b-899a-ceced1c52586 — How do I deal with imposter syndrome in my career?
  Field: when_to_reach_out
  Issue: opening may rely on prior context (spot-check)
  Severity: WARN

Row 774db48c-d30f-414f-a2c4-edafc24d898e — How do I deal with intrusive sexual thoughts?
  Field: what_can_help
  Issue: opening may rely on prior context (spot-check)
  Severity: WARN

Row 774db48c-d30f-414f-a2c4-edafc24d898e — How do I deal with intrusive sexual thoughts?
  Field: when_to_reach_out
  Issue: opening may rely on prior context (spot-check)
  Severity: WARN

Row 774db48c-d30f-414f-a2c4-edafc24d898e — How do I deal with intrusive sexual thoughts?
  Field: word_count
  Issue: combined body 591 words (target 350–550)
  Severity: WARN

Row 20a8ee4c-f03f-4190-8a40-b43e05efae56 — How do I deal with jealousy in my relationship?
  Field: when_to_reach_out
  Issue: opening may rely on prior context (spot-check)
  Severity: WARN

Row 23e0e04b-f725-4ac1-9a4d-8f3c27359c84 — How do I deal with my parents' divorce?
  Field: what_can_help
  Issue: opening may rely on prior context (spot-check)
  Severity: WARN

Row 23e0e04b-f725-4ac1-9a4d-8f3c27359c84 — How do I deal with my parents' divorce?
  Field: when_to_reach_out
  Issue: opening may rely on prior context (spot-check)
  Severity: WARN

Row 3b2171f4-68ff-4b82-a373-78cf49dfa173 — How do I deal with not having anyone to call in an emergenc…
  Field: primary_term
  Issue: does not clearly match condition in question
  Severity: WARN

Row 3b2171f4-68ff-4b82-a373-78cf49dfa173 — How do I deal with not having anyone to call in an emergenc…
  Field: what_can_help
  Issue: opening may rely on prior context (spot-check)
  Severity: WARN

Row 3b2171f4-68ff-4b82-a373-78cf49dfa173 — How do I deal with not having anyone to call in an emergenc…
  Field: when_to_reach_out
  Issue: opening may rely on prior context (spot-check)
  Severity: WARN

Row 4c8a77c8-5870-45d2-ab29-a594b9950e9e — How do I deal with panic attacks at work?
  Field: what_can_help
  Issue: opening may rely on prior context (spot-check)
  Severity: WARN

Row 86a571b5-7e23-456f-8eaa-9f057563c63b — How do I deal with peer pressure?
  Field: what_can_help
  Issue: opening may rely on prior context (spot-check)
  Severity: WARN

Row 86a571b5-7e23-456f-8eaa-9f057563c63b — How do I deal with peer pressure?
  Field: when_to_reach_out
  Issue: opening may rely on prior context (spot-check)
  Severity: WARN

Row 5460eb5a-4831-4375-b243-92699e643a1d — How do I deal with people who don't support my recovery?
  Field: what_can_help
  Issue: opening may rely on prior context (spot-check)
  Severity: WARN

Row 5460eb5a-4831-4375-b243-92699e643a1d — How do I deal with people who don't support my recovery?
  Field: when_to_reach_out
  Issue: opening may rely on prior context (spot-check)
  Severity: WARN

Row 81ab930d-7eb2-4a7b-927d-d756314861b9 — How do I deal with people who don't understand addiction?
  Field: what_can_help
  Issue: opening may rely on prior context (spot-check)
  Severity: WARN

Row 81ab930d-7eb2-4a7b-927d-d756314861b9 — How do I deal with people who don't understand addiction?
  Field: when_to_reach_out
  Issue: opening may rely on prior context (spot-check)
  Severity: WARN

Row c1bb8f62-42a1-449b-bfc5-18fbc9099858 — How do I deal with people who don't understand or support m…
  Field: what_can_help
  Issue: opening may rely on prior context (spot-check)
  Severity: WARN

Row c1bb8f62-42a1-449b-bfc5-18fbc9099858 — How do I deal with people who don't understand or support m…
  Field: when_to_reach_out
  Issue: opening may rely on prior context (spot-check)
  Severity: WARN

Row dc79d2be-d582-498e-b99a-f273020c9ac7 — How do I deal with people who drain my energy?
  Field: when_to_reach_out
  Issue: opening may rely on prior context (spot-check)
  Severity: WARN

Row 192f38c4-e687-443d-beef-30e8c7fcc576 — How do I deal with people who trigger my urge to use substa…
  Field: when_to_reach_out
  Issue: opening may rely on prior context (spot-check)
  Severity: WARN

Row 3d543d91-e6e9-4567-85f2-438a767b4888 — How do I deal with regret about things I didn't say or do?
  Field: when_to_reach_out
  Issue: opening may rely on prior context (spot-check)
  Severity: WARN

Row 439bd09c-6528-4527-bccd-71929eb39bed — How do I deal with seasonal depression?
  Field: what_can_help
  Issue: opening may rely on prior context (spot-check)
  Severity: WARN

Row 439bd09c-6528-4527-bccd-71929eb39bed — How do I deal with seasonal depression?
  Field: when_to_reach_out
  Issue: opening may rely on prior context (spot-check)
  Severity: WARN

Row a72437b8-16c2-4326-9729-d8c0c08594df — How do I deal with seeing my ex with someone new?
  Field: what_can_help
  Issue: opening may rely on prior context (spot-check)
  Severity: WARN

Row a72437b8-16c2-4326-9729-d8c0c08594df — How do I deal with seeing my ex with someone new?
  Field: when_to_reach_out
  Issue: opening may rely on prior context (spot-check)
  Severity: WARN

Row 98645912-8be7-436b-8d8b-f3410e11c116 — How do I deal with side effects from psychiatric medication?
  Field: when_to_reach_out
  Issue: opening may rely on prior context (spot-check)
  Severity: WARN

Row f93e5cd1-7f3e-48bc-8289-22f70fbdab2d — How do I deal with social media affecting my mental health?
  Field: what_can_help
  Issue: opening may rely on prior context (spot-check)
  Severity: WARN

Row f93e5cd1-7f3e-48bc-8289-22f70fbdab2d — How do I deal with social media affecting my mental health?
  Field: when_to_reach_out
  Issue: opening may rely on prior context (spot-check)
  Severity: WARN

Row 222b5e8a-a00d-42c0-8fcc-59d84dc3490d — How do I deal with someone who has narcissistic traits?
  Field: when_to_reach_out
  Issue: opening may rely on prior context (spot-check)
  Severity: WARN

Row 9633b132-b90e-4de9-a1a1-1feda0949b90 — How do I deal with someone who uses anger to control me?
  Field: what_can_help
  Issue: opening may rely on prior context (spot-check)
  Severity: WARN

Row 9633b132-b90e-4de9-a1a1-1feda0949b90 — How do I deal with someone who uses anger to control me?
  Field: when_to_reach_out
  Issue: opening may rely on prior context (spot-check)
  Severity: WARN

Row 9633b132-b90e-4de9-a1a1-1feda0949b90 — How do I deal with someone who uses anger to control me?
  Field: word_count
  Issue: combined body 598 words (target 350–550)
  Severity: WARN

Row 318a038c-d981-40fe-9847-d0dfef19d292 — How do I deal with someone who won't stop interrupting me?
  Field: what_can_help
  Issue: opening may rely on prior context (spot-check)
  Severity: WARN

Row 318a038c-d981-40fe-9847-d0dfef19d292 — How do I deal with someone who won't stop interrupting me?
  Field: when_to_reach_out
  Issue: opening may rely on prior context (spot-check)
  Severity: WARN

Row 1348177b-adee-4a64-bb49-da919a49972d — How do I deal with spiritual bypassing in my healing journe…
  Field: when_to_reach_out
  Issue: opening may rely on prior context (spot-check)
  Severity: WARN

Row 4d3113ff-8d29-46d2-8d34-881bec7751de — How do I deal with the anxiety of making the 'wrong' decisi…
  Field: word_count
  Issue: combined body 553 words (target 350–550)
  Severity: WARN

Row 06e782ea-c47e-47f8-bf53-ceaaa9858bd5 — How do I deal with the physical effects of long-term substa…
  Field: word_count
  Issue: combined body 576 words (target 350–550)
  Severity: WARN

Row f398ed7c-b15a-4dc5-b5f3-56319c9e89d9 — How do I deal with the pressure to be constantly productive…
  Field: when_to_reach_out
  Issue: opening may rely on prior context (spot-check)
  Severity: WARN

Row f398ed7c-b15a-4dc5-b5f3-56319c9e89d9 — How do I deal with the pressure to be constantly productive…
  Field: word_count
  Issue: combined body 590 words (target 350–550)
  Severity: WARN

Row 0c09862f-d896-4af9-987f-f83682149089 — How do I deal with the pressure to document everything onli…
  Field: when_to_reach_out
  Issue: opening may rely on prior context (spot-check)
  Severity: WARN

Row 0c09862f-d896-4af9-987f-f83682149089 — How do I deal with the pressure to document everything onli…
  Field: word_count
  Issue: combined body 591 words (target 350–550)
  Severity: WARN

Row 0ece6d07-f015-432b-81e6-fb0a5337a3aa — How do I deal with the stigma of being in recovery?
  Field: when_to_reach_out
  Issue: opening may rely on prior context (spot-check)
  Severity: WARN

Row 7cd58ae6-5965-460b-9d6f-777dffeedb0b — How do I deal with toxic family members?
  Field: when_to_reach_out
  Issue: opening may rely on prior context (spot-check)
  Severity: WARN

Row bcf69729-4165-40c5-8588-96fbfcd8f256 — How do I decide what to do with their belongings?
  Field: primary_term
  Issue: does not clearly match condition in question
  Severity: WARN

Row f73546bd-6214-4308-b103-614c9c19d09c — How do I discipline my child without damaging our relations…
  Field: what_can_help
  Issue: opening may rely on prior context (spot-check)
  Severity: WARN

Row f73546bd-6214-4308-b103-614c9c19d09c — How do I discipline my child without damaging our relations…
  Field: when_to_reach_out
  Issue: opening may rely on prior context (spot-check)
  Severity: WARN

Row f73546bd-6214-4308-b103-614c9c19d09c — How do I discipline my child without damaging our relations…
  Field: word_count
  Issue: combined body 596 words (target 350–550)
  Severity: WARN

Row 314715df-1b92-46f3-ba9f-ccc8ceeae295 — How do I explain gaps in my employment history due to addic…
  Field: when_to_reach_out
  Issue: opening may rely on prior context (spot-check)
  Severity: WARN

Row 03a23fc1-8748-45bd-b72c-eae881d6569c — How do I explain my spiritual journey to others?
  Field: what_can_help
  Issue: opening may rely on prior context (spot-check)
  Severity: WARN

Row 03a23fc1-8748-45bd-b72c-eae881d6569c — How do I explain my spiritual journey to others?
  Field: when_to_reach_out
  Issue: opening may rely on prior context (spot-check)
  Severity: WARN

Row 457e7fee-f258-474e-af21-ee4b1fa42476 — How do I express my needs without sounding demanding?
  Field: word_count
  Issue: combined body 560 words (target 350–550)
  Severity: WARN

Row 8612dadc-77ad-4057-9fda-ae81631bd2e0 — How do I find a good therapist for addiction recovery?
  Field: what_can_help
  Issue: opening may rely on prior context (spot-check)
  Severity: WARN

Row 8612dadc-77ad-4057-9fda-ae81631bd2e0 — How do I find a good therapist for addiction recovery?
  Field: when_to_reach_out
  Issue: opening may rely on prior context (spot-check)
  Severity: WARN

Row 4c923dae-ebbe-4ede-85e0-e0bdb136cc9d — How do I find a therapist that's right for me?
  Field: when_to_reach_out
  Issue: opening may rely on prior context (spot-check)
  Severity: WARN

Row 18219d42-d155-4449-bc17-957fee6bd20a — How do I find a therapist who understands my cultural backg…
  Field: primary_term
  Issue: does not clearly match condition in question
  Severity: WARN

Row 18219d42-d155-4449-bc17-957fee6bd20a — How do I find a therapist who understands my cultural backg…
  Field: when_to_reach_out
  Issue: opening may rely on prior context (spot-check)
  Severity: WARN

Row 18219d42-d155-4449-bc17-957fee6bd20a — How do I find a therapist who understands my cultural backg…
  Field: word_count
  Issue: combined body 571 words (target 350–550)
  Severity: WARN

Row 05180c4d-e5d2-444d-ad7e-bd70d683d89e — How do I find a therapist who understands psychedelic exper…
  Field: when_to_reach_out
  Issue: opening may rely on prior context (spot-check)
  Severity: WARN

Row 59e17e0b-6450-4e0d-91fe-551b9885d696 — How do I find balance between online activism and mental he…
  Field: primary_term
  Issue: does not clearly match condition in question
  Severity: WARN

Row 59e17e0b-6450-4e0d-91fe-551b9885d696 — How do I find balance between online activism and mental he…
  Field: when_to_reach_out
  Issue: opening may rely on prior context (spot-check)
  Severity: WARN

Row c42669d0-8cdf-485f-ae1f-c082d8fb4092 — How do I find meaning after leaving organized religion?
  Field: what_can_help
  Issue: opening may rely on prior context (spot-check)
  Severity: WARN

Row c42669d0-8cdf-485f-ae1f-c082d8fb4092 — How do I find meaning after leaving organized religion?
  Field: when_to_reach_out
  Issue: opening may rely on prior context (spot-check)
  Severity: WARN

Row 852d1d45-da98-43ba-af11-6c1d9726cb02 — How do I find meaning after losing my religious beliefs?
  Field: when_to_reach_out
  Issue: opening may rely on prior context (spot-check)
  Severity: WARN

Row 8a5ab9f8-1ece-4d05-920a-9770676a3d14 — How do I find meaning in life when everything feels pointle…
  Field: what_can_help
  Issue: opening may rely on prior context (spot-check)
  Severity: WARN

Row 8a5ab9f8-1ece-4d05-920a-9770676a3d14 — How do I find meaning in life when everything feels pointle…
  Field: when_to_reach_out
  Issue: opening may rely on prior context (spot-check)
  Severity: WARN

Row ecb5d407-82a4-4886-bef1-a1430a963043 — How do I find meaning in life when traditional religion doe…
  Field: primary_term
  Issue: does not clearly match condition in question
  Severity: WARN

Row ecb5d407-82a4-4886-bef1-a1430a963043 — How do I find meaning in life when traditional religion doe…
  Field: what_can_help
  Issue: opening may rely on prior context (spot-check)
  Severity: WARN

Row 74b2052d-eb9b-4ba6-abc2-de3f56f1bc89 — How do I find meaning in work when it feels disconnected fr…
  Field: primary_term
  Issue: does not clearly match condition in question
  Severity: WARN

Row 74b2052d-eb9b-4ba6-abc2-de3f56f1bc89 — How do I find meaning in work when it feels disconnected fr…
  Field: what_can_help
  Issue: opening may rely on prior context (spot-check)
  Severity: WARN

Row 74b2052d-eb9b-4ba6-abc2-de3f56f1bc89 — How do I find meaning in work when it feels disconnected fr…
  Field: when_to_reach_out
  Issue: opening may rely on prior context (spot-check)
  Severity: WARN

Row bec01dea-06e3-4d6d-9cc3-e43366d1c9a0 — How do I find meaning when I no longer believe what I was t…
  Field: what_can_help
  Issue: opening may rely on prior context (spot-check)
  Severity: WARN

Row bec01dea-06e3-4d6d-9cc3-e43366d1c9a0 — How do I find meaning when I no longer believe what I was t…
  Field: when_to_reach_out
  Issue: opening may rely on prior context (spot-check)
  Severity: WARN

Row c60a8c48-4bcf-46c0-be54-f494788351cd — How do I find motivation when I'm depressed?
  Field: primary_term
  Issue: does not clearly match condition in question
  Severity: WARN

Row 513c7c36-36e8-4d05-812c-0c6bba7812c3 — How do I find motivation when I'm depressed?
  Field: primary_term
  Issue: does not clearly match condition in question
  Severity: WARN

Row 513c7c36-36e8-4d05-812c-0c6bba7812c3 — How do I find motivation when I'm depressed?
  Field: when_to_reach_out
  Issue: opening may rely on prior context (spot-check)
  Severity: WARN

Row 513c7c36-36e8-4d05-812c-0c6bba7812c3 — How do I find motivation when I'm depressed?
  Field: word_count
  Issue: combined body 578 words (target 350–550)
  Severity: WARN

Row 1990247f-0ef6-4770-be40-4a811bf6f0f8 — How do I find motivation when recovery feels impossible?
  Field: what_can_help
  Issue: opening may rely on prior context (spot-check)
  Severity: WARN

Row 1990247f-0ef6-4770-be40-4a811bf6f0f8 — How do I find motivation when recovery feels impossible?
  Field: when_to_reach_out
  Issue: opening may rely on prior context (spot-check)
  Severity: WARN

Row 607b7357-54df-4623-afc6-736059e981e8 — How do I find my purpose when nothing feels meaningful?
  Field: what_can_help
  Issue: opening may rely on prior context (spot-check)
  Severity: WARN

Row 607b7357-54df-4623-afc6-736059e981e8 — How do I find my purpose when nothing feels meaningful?
  Field: when_to_reach_out
  Issue: opening may rely on prior context (spot-check)
  Severity: WARN

Row 08fa9984-cc42-443e-ac40-5a8b3d4edf75 — How do I find peace with uncertainty in my life?
  Field: when_to_reach_out
  Issue: opening may rely on prior context (spot-check)
  Severity: WARN

Row 08fa9984-cc42-443e-ac40-5a8b3d4edf75 — How do I find peace with uncertainty in my life?
  Field: word_count
  Issue: combined body 599 words (target 350–550)
  Severity: WARN

Row 74d90aca-d2ae-444f-9ea7-fa330bb4e329 — How do I find purpose in my career?
  Field: what_can_help
  Issue: opening may rely on prior context (spot-check)
  Severity: WARN

Row 74d90aca-d2ae-444f-9ea7-fa330bb4e329 — How do I find purpose in my career?
  Field: when_to_reach_out
  Issue: opening may rely on prior context (spot-check)
  Severity: WARN

Row 74d90aca-d2ae-444f-9ea7-fa330bb4e329 — How do I find purpose in my career?
  Field: word_count
  Issue: combined body 588 words (target 350–550)
  Severity: WARN

Row 5483b5ce-a8f4-4de6-9d74-73aeaf13b034 — How do I forgive someone who isn't sorry?
  Field: primary_term
  Issue: does not clearly match condition in question
  Severity: WARN

Row 5483b5ce-a8f4-4de6-9d74-73aeaf13b034 — How do I forgive someone who isn't sorry?
  Field: what_can_help
  Issue: opening may rely on prior context (spot-check)
  Severity: WARN

Row 5483b5ce-a8f4-4de6-9d74-73aeaf13b034 — How do I forgive someone who isn't sorry?
  Field: when_to_reach_out
  Issue: opening may rely on prior context (spot-check)
  Severity: WARN

Row fd7a9aa7-2053-4f68-bcb1-74f9d862cf89 — How do I get out of bed when depression makes everything fe…
  Field: what_can_help
  Issue: opening may rely on prior context (spot-check)
  Severity: WARN

Row fd7a9aa7-2053-4f68-bcb1-74f9d862cf89 — How do I get out of bed when depression makes everything fe…
  Field: word_count
  Issue: combined body 576 words (target 350–550)
  Severity: WARN

Row dcfe7266-672d-4dbb-be54-2d2a6abd58dc — How do I get over a breakup when I still love them?
  Field: when_to_reach_out
  Issue: opening may rely on prior context (spot-check)
  Severity: WARN

Row dcfe7266-672d-4dbb-be54-2d2a6abd58dc — How do I get over a breakup when I still love them?
  Field: word_count
  Issue: combined body 586 words (target 350–550)
  Severity: WARN

Row 61b0504a-5e85-4157-807a-9db12cdff9f9 — How do I get over someone who doesn't want me back?
  Field: primary_term
  Issue: does not clearly match condition in question
  Severity: WARN

Row 61b0504a-5e85-4157-807a-9db12cdff9f9 — How do I get over someone who doesn't want me back?
  Field: what_can_help
  Issue: opening may rely on prior context (spot-check)
  Severity: WARN

Row 61b0504a-5e85-4157-807a-9db12cdff9f9 — How do I get over someone who doesn't want me back?
  Field: when_to_reach_out
  Issue: opening may rely on prior context (spot-check)
  Severity: WARN

Row 8151853b-1157-4ae8-be58-f32f80923437 — How do I grieve someone I had a complicated relationship wi…
  Field: what_can_help
  Issue: opening may rely on prior context (spot-check)
  Severity: WARN

Row 8151853b-1157-4ae8-be58-f32f80923437 — How do I grieve someone I had a complicated relationship wi…
  Field: when_to_reach_out
  Issue: opening may rely on prior context (spot-check)
  Severity: WARN

Row 1d41e189-07b8-4cb7-ba52-23ebaacbe923 — How do I handle anniversaries and holidays after losing som…
  Field: when_to_reach_out
  Issue: opening may rely on prior context (spot-check)
  Severity: WARN

Row a5fbeef3-40fc-4adc-acf6-ac9787bffe5d — How do I handle anniversary dates or other emotionally diff…
  Field: word_count
  Issue: combined body 579 words (target 350–550)
  Severity: WARN

Row 052bc6ae-7355-46bc-9fbe-bfa257904509 — How do I handle anxiety without using substances?
  Field: when_to_reach_out
  Issue: opening may rely on prior context (spot-check)
  Severity: WARN

Row 052bc6ae-7355-46bc-9fbe-bfa257904509 — How do I handle anxiety without using substances?
  Field: word_count
  Issue: combined body 573 words (target 350–550)
  Severity: WARN

Row c09bd0f9-9a0a-4a07-a025-a6b4f5cd4e6b — How do I handle being around my old using friends?
  Field: primary_term
  Issue: does not clearly match condition in question
  Severity: WARN

Row c09bd0f9-9a0a-4a07-a025-a6b4f5cd4e6b — How do I handle being around my old using friends?
  Field: when_to_reach_out
  Issue: opening may rely on prior context (spot-check)
  Severity: WARN

Row c09bd0f9-9a0a-4a07-a025-a6b4f5cd4e6b — How do I handle being around my old using friends?
  Field: word_count
  Issue: combined body 569 words (target 350–550)
  Severity: WARN

Row 962355cc-7f8e-4ef2-ab93-55d104466ad5 — How do I handle burnout when I'm constantly worried about j…
  Field: when_to_reach_out
  Issue: opening may rely on prior context (spot-check)
  Severity: WARN

Row 084f6675-7e12-473c-bd46-9ddb9419cca1 — How do I handle child support and custody disagreements?
  Field: when_to_reach_out
  Issue: opening may rely on prior context (spot-check)
  Severity: WARN

Row 084f6675-7e12-473c-bd46-9ddb9419cca1 — How do I handle child support and custody disagreements?
  Field: word_count
  Issue: combined body 599 words (target 350–550)
  Severity: WARN

Row 60963aae-219b-4727-bf22-bb8a91dff1b0 — How do I handle co-parenting with a difficult ex-spouse?
  Field: when_to_reach_out
  Issue: opening may rely on prior context (spot-check)
  Severity: WARN

Row e54d7af4-6774-49b1-a677-a9a9b95fbada — How do I handle cravings that seem to come out of nowhere?
  Field: what_can_help
  Issue: opening may rely on prior context (spot-check)
  Severity: WARN

Row e54d7af4-6774-49b1-a677-a9a9b95fbada — How do I handle cravings that seem to come out of nowhere?
  Field: when_to_reach_out
  Issue: opening may rely on prior context (spot-check)
  Severity: WARN

Row 33ae1ba4-c6bd-466d-805a-9ffed6b7b225 — How do I handle criticism without taking it personally?
  Field: what_can_help
  Issue: opening may rely on prior context (spot-check)
  Severity: WARN

Row 5d306030-c92f-42c1-91b8-639aef2aa3e0 — How do I handle dating and relationships in recovery?
  Field: what_can_help
  Issue: opening may rely on prior context (spot-check)
  Severity: WARN

Row 5d306030-c92f-42c1-91b8-639aef2aa3e0 — How do I handle dating and relationships in recovery?
  Field: when_to_reach_out
  Issue: opening may rely on prior context (spot-check)
  Severity: WARN

Row 30e73d20-aec9-4ebf-aa91-00772eab9614 — How do I handle depression in college or graduate school?
  Field: when_to_reach_out
  Issue: opening may rely on prior context (spot-check)
  Severity: WARN

Row 4ddc257e-3351-4988-8907-bd024eece32b — How do I handle depression-related guilt and shame?
  Field: what_can_help
  Issue: opening may rely on prior context (spot-check)
  Severity: WARN

Row 4ddc257e-3351-4988-8907-bd024eece32b — How do I handle depression-related guilt and shame?
  Field: when_to_reach_out
  Issue: opening may rely on prior context (spot-check)
  Severity: WARN

Row 3e88b83c-b6f4-4781-aa96-d4eb02c599e9 — How do I handle drug testing at work while in recovery?
  Field: what_can_help
  Issue: opening may rely on prior context (spot-check)
  Severity: WARN

Row 3e88b83c-b6f4-4781-aa96-d4eb02c599e9 — How do I handle drug testing at work while in recovery?
  Field: when_to_reach_out
  Issue: opening may rely on prior context (spot-check)
  Severity: WARN

Row e6d65a50-6c34-4022-b37f-7fead19b45cc — How do I handle family pressure about my relationship choic…
  Field: when_to_reach_out
  Issue: opening may rely on prior context (spot-check)
  Severity: WARN

Row 0ce9cb9f-970c-4da7-8f58-822cc06f00d3 — How do I handle family rejection after changing my beliefs?
  Field: what_can_help
  Issue: opening may rely on prior context (spot-check)
  Severity: WARN

Row 0ce9cb9f-970c-4da7-8f58-822cc06f00d3 — How do I handle family rejection after changing my beliefs?
  Field: when_to_reach_out
  Issue: opening may rely on prior context (spot-check)
  Severity: WARN

Row f7c3dda2-837c-450f-849d-e1a0e539cfdc — How do I handle grief during holidays and special occasions?
  Field: when_to_reach_out
  Issue: opening may rely on prior context (spot-check)
  Severity: WARN

Row 7a7d5858-77db-4ed0-ba23-778ceee58f9f — How do I handle guilt and shame about my past actions?
  Field: when_to_reach_out
  Issue: opening may rely on prior context (spot-check)
  Severity: WARN

Row 14e3d823-596b-4593-9123-993e4ba905e0 — How do I handle having a crush on someone who doesn't like …
  Field: what_can_help
  Issue: opening may rely on prior context (spot-check)
  Severity: WARN

Row 14e3d823-596b-4593-9123-993e4ba905e0 — How do I handle having a crush on someone who doesn't like …
  Field: when_to_reach_out
  Issue: opening may rely on prior context (spot-check)
  Severity: WARN

Row d1b69990-8ff2-4de7-8e09-7ef1e1591377 — How do I handle holidays and family gatherings with an addi…
  Field: what_can_help
  Issue: opening may rely on prior context (spot-check)
  Severity: WARN

Row d1b69990-8ff2-4de7-8e09-7ef1e1591377 — How do I handle holidays and family gatherings with an addi…
  Field: when_to_reach_out
  Issue: opening may rely on prior context (spot-check)
  Severity: WARN

Row 51054ce4-2e6e-42aa-b6d7-db720380e816 — How do I handle holidays and special events after divorce?
  Field: when_to_reach_out
  Issue: opening may rely on prior context (spot-check)
  Severity: WARN

Row 0bf42f26-6cd8-4bac-aea8-6ddb8a86d7ce — How do I handle holidays and special occasions in recovery?
  Field: when_to_reach_out
  Issue: opening may rely on prior context (spot-check)
  Severity: WARN

Row 6e94e97f-494a-44ed-8e98-e08605aa2a4a — How do I handle my child's tantrums without losing my tempe…
  Field: what_can_help
  Issue: opening may rely on prior context (spot-check)
  Severity: WARN

Row 6e94e97f-494a-44ed-8e98-e08605aa2a4a — How do I handle my child's tantrums without losing my tempe…
  Field: word_count
  Issue: combined body 587 words (target 350–550)
  Severity: WARN

Row 9d6785d6-4be4-40a4-88ba-75f48838fca3 — How do I handle peer pressure to drink or use drugs?
  Field: word_count
  Issue: combined body 593 words (target 350–550)
  Severity: WARN

Row 518fd0a3-8162-4ed0-98e8-19be6eb28255 — How do I handle people who say insensitive things about my …
  Field: what_can_help
  Issue: opening may rely on prior context (spot-check)
  Severity: WARN

Row 518fd0a3-8162-4ed0-98e8-19be6eb28255 — How do I handle people who say insensitive things about my …
  Field: when_to_reach_out
  Issue: opening may rely on prior context (spot-check)
  Severity: WARN

Row 518fd0a3-8162-4ed0-98e8-19be6eb28255 — How do I handle people who say insensitive things about my …
  Field: word_count
  Issue: combined body 581 words (target 350–550)
  Severity: WARN

Row 2b13fdd5-5866-4d20-8652-531196f560c4 — How do I handle religious holidays after losing my faith?
  Field: when_to_reach_out
  Issue: opening may rely on prior context (spot-check)
  Severity: WARN

Row baf4ef3f-a088-4dbc-95c0-18a25968885c — How do I handle sibling rivalry and fighting?
  Field: when_to_reach_out
  Issue: opening may rely on prior context (spot-check)
  Severity: WARN

Row 07db9977-19ac-4f2b-adb1-d0840e7aed9d — How do I handle social events and gatherings in recovery?
  Field: when_to_reach_out
  Issue: opening may rely on prior context (spot-check)
  Severity: WARN

Row 07db9977-19ac-4f2b-adb1-d0840e7aed9d — How do I handle social events and gatherings in recovery?
  Field: word_count
  Issue: combined body 582 words (target 350–550)
  Severity: WARN

Row 8d8623ea-ab03-4485-852d-c9465b58c32c — How do I handle social situations where everyone is drinkin…
  Field: what_can_help
  Issue: opening may rely on prior context (spot-check)
  Severity: WARN

Row 8d8623ea-ab03-4485-852d-c9465b58c32c — How do I handle social situations where everyone is drinkin…
  Field: when_to_reach_out
  Issue: opening may rely on prior context (spot-check)
  Severity: WARN

Row 8d8623ea-ab03-4485-852d-c9465b58c32c — How do I handle social situations where everyone is drinkin…
  Field: word_count
  Issue: combined body 577 words (target 350–550)
  Severity: WARN

Row 717c1e6b-7530-4018-b4e3-0c77c7fe0061 — How do I handle stress without turning to substances?
  Field: what_can_help
  Issue: opening may rely on prior context (spot-check)
  Severity: WARN

Row 717c1e6b-7530-4018-b4e3-0c77c7fe0061 — How do I handle stress without turning to substances?
  Field: when_to_reach_out
  Issue: opening may rely on prior context (spot-check)
  Severity: WARN

Row fbdeb2d2-a224-43a1-9d96-f6fde8c8477c — How do I handle the stress of retraining for a new career a…
  Field: when_to_reach_out
  Issue: opening may rely on prior context (spot-check)
  Severity: WARN

Row b43aceaa-f85a-4336-9f7f-892b9a8df48f — How do I handle work or school while in treatment?
  Field: when_to_reach_out
  Issue: opening may rely on prior context (spot-check)
  Severity: WARN

Row a94fbd2f-ce8b-40a1-a90f-ae90e50d1822 — How do I handle work stress without using substances?
  Field: what_can_help
  Issue: opening may rely on prior context (spot-check)
  Severity: WARN

Row a94fbd2f-ce8b-40a1-a90f-ae90e50d1822 — How do I handle work stress without using substances?
  Field: when_to_reach_out
  Issue: opening may rely on prior context (spot-check)
  Severity: WARN

Row 350ecc6c-b219-4030-b78c-d9c5284c64ce — How do I handle work while in addiction treatment?
  Field: when_to_reach_out
  Issue: opening may rely on prior context (spot-check)
  Severity: WARN

Row 21bb7c44-db8a-4430-981e-8f6cc3b3d494 — How do I have difficult conversations without making things…
  Field: what_can_help
  Issue: opening may rely on prior context (spot-check)
  Severity: WARN

Row 21bb7c44-db8a-4430-981e-8f6cc3b3d494 — How do I have difficult conversations without making things…
  Field: when_to_reach_out
  Issue: opening may rely on prior context (spot-check)
  Severity: WARN

Row 3c9cf4c8-c253-4038-8095-2b9244522f1d — How do I heal my relationship with my inner child?
  Field: what_can_help
  Issue: opening may rely on prior context (spot-check)
  Severity: WARN

Row ec3a16dc-8d1c-4d17-a1b6-a4b59247a88b — How do I help a family member who has a personality disorde…
  Field: when_to_reach_out
  Issue: opening may rely on prior context (spot-check)
  Severity: WARN

Row f71ccd07-d326-48c9-b5a2-4ebefec54d1a — How do I help a family member who has severe depression but…
  Field: when_to_reach_out
  Issue: opening may rely on prior context (spot-check)
  Severity: WARN

Row 960b48c3-e74b-4ca3-97cb-4b484d203e8d — How do I help my anxious child without making it worse?
  Field: primary_term
  Issue: does not clearly match condition in question
  Severity: WARN

Row 960b48c3-e74b-4ca3-97cb-4b484d203e8d — How do I help my anxious child without making it worse?
  Field: what_can_help
  Issue: opening may rely on prior context (spot-check)
  Severity: WARN

Row 19388f43-cc1b-4fb9-9980-52b962e01e6c — How do I help my child build self-confidence?
  Field: when_to_reach_out
  Issue: opening may rely on prior context (spot-check)
  Severity: WARN

Row 19388f43-cc1b-4fb9-9980-52b962e01e6c — How do I help my child build self-confidence?
  Field: key_takeaways[1]
  Issue: 14 words (target 15–35)
  Severity: WARN

Row 2eca3c5b-70c8-46a1-ad20-615cf2f99d63 — How do I help my children adjust to divorce?
  Field: when_to_reach_out
  Issue: opening may rely on prior context (spot-check)
  Severity: WARN

Row 9dc51947-37e4-4fa2-891d-de01b5281b0b — How do I help my children understand death and grief?
  Field: what_can_help
  Issue: opening may rely on prior context (spot-check)
  Severity: WARN

Row 9dc51947-37e4-4fa2-891d-de01b5281b0b — How do I help my children understand death and grief?
  Field: when_to_reach_out
  Issue: opening may rely on prior context (spot-check)
  Severity: WARN

Row ce52dfa3-9838-4bc0-899e-3c20f46b80d0 — How do I help my child who seems depressed?
  Field: primary_term
  Issue: does not clearly match condition in question
  Severity: WARN

Row ce52dfa3-9838-4bc0-899e-3c20f46b80d0 — How do I help my child who seems depressed?
  Field: when_to_reach_out
  Issue: opening may rely on prior context (spot-check)
  Severity: WARN

Row e8f7592b-8782-4521-ae4d-0aa370de898f — How do I help my teenager who seems angry all the time?
  Field: primary_term
  Issue: does not clearly match condition in question
  Severity: WARN

Row e8f7592b-8782-4521-ae4d-0aa370de898f — How do I help my teenager who seems angry all the time?
  Field: what_can_help
  Issue: opening may rely on prior context (spot-check)
  Severity: WARN

Row e8f7592b-8782-4521-ae4d-0aa370de898f — How do I help my teenager who seems angry all the time?
  Field: when_to_reach_out
  Issue: opening may rely on prior context (spot-check)
  Severity: WARN

Row 0fb2d2b9-a9b5-4bb3-8428-9b67937105f3 — How do I help my teenager who seems depressed?
  Field: primary_term
  Issue: does not clearly match condition in question
  Severity: WARN

Row 0fb2d2b9-a9b5-4bb3-8428-9b67937105f3 — How do I help my teenager who seems depressed?
  Field: when_to_reach_out
  Issue: opening may rely on prior context (spot-check)
  Severity: WARN

Row aeb017a4-59d8-48bb-ad5f-717330d7fdd8 — How do I help my teenager with anxiety without making it wo…
  Field: what_can_help
  Issue: opening may rely on prior context (spot-check)
  Severity: WARN

Row aeb017a4-59d8-48bb-ad5f-717330d7fdd8 — How do I help my teenager with anxiety without making it wo…
  Field: when_to_reach_out
  Issue: opening may rely on prior context (spot-check)
  Severity: WARN

Row d955eaa0-906a-4e04-aa20-aad1e344ee98 — How do I help my teen build healthy relationships and recog…
  Field: word_count
  Issue: combined body 585 words (target 350–550)
  Severity: WARN

Row 6ece683e-0844-4755-b5ae-6761f355564c — How do I honor my ancestors while living my own authentic l…
  Field: what_can_help
  Issue: opening may rely on prior context (spot-check)
  Severity: WARN

Row 6ece683e-0844-4755-b5ae-6761f355564c — How do I honor my ancestors while living my own authentic l…
  Field: when_to_reach_out
  Issue: opening may rely on prior context (spot-check)
  Severity: WARN

Row 23eabfde-30bf-4187-b908-221617e0736b — How do I improve communication with my partner?
  Field: when_to_reach_out
  Issue: opening may rely on prior context (spot-check)
  Severity: WARN

Row bf5d7849-923e-47aa-a25b-4256a4805011 — How do I integrate plant medicine experiences with traditio…
  Field: what_can_help
  Issue: opening may rely on prior context (spot-check)
  Severity: WARN

Row bf5d7849-923e-47aa-a25b-4256a4805011 — How do I integrate plant medicine experiences with traditio…
  Field: when_to_reach_out
  Issue: opening may rely on prior context (spot-check)
  Severity: WARN

Row 3d76832d-cd51-4185-853e-760ef3263718 — How do I integrate psychedelic experiences into my daily li…
  Field: when_to_reach_out
  Issue: opening may rely on prior context (spot-check)
  Severity: WARN

Row a535bb73-1b37-4e58-ae19-e8d31d4a26d4 — How do I know if a treatment program is right for me?
  Field: what_can_help
  Issue: opening may rely on prior context (spot-check)
  Severity: WARN

Row a535bb73-1b37-4e58-ae19-e8d31d4a26d4 — How do I know if a treatment program is right for me?
  Field: word_count
  Issue: combined body 598 words (target 350–550)
  Severity: WARN

Row 231c788c-8e19-4920-99aa-5b91d337fff6 — How do I know if I have ADHD as an adult?
  Field: what_can_help
  Issue: opening may rely on prior context (spot-check)
  Severity: WARN

Row 231c788c-8e19-4920-99aa-5b91d337fff6 — How do I know if I have ADHD as an adult?
  Field: when_to_reach_out
  Issue: opening may rely on prior context (spot-check)
  Severity: WARN

Row 248a005f-0204-4ca0-9fc3-c401794e9406 — How do I know if I have a gambling problem?
  Field: what_can_help
  Issue: opening may rely on prior context (spot-check)
  Severity: WARN

Row 2f1911d5-7a71-436a-94ee-935108ecefe7 — How do I know if I have antisocial personality disorder?
  Field: when_to_reach_out
  Issue: opening may rely on prior context (spot-check)
  Severity: WARN

Row 5e53d642-25ac-486e-8430-abc1aff04700 — How do I know if I have anxiety or if I'm just stressed?
  Field: when_to_reach_out
  Issue: opening may rely on prior context (spot-check)
  Severity: WARN

Row 07fd8f5e-0a24-45b1-b775-ad75a5cb4ae9 — How do I know if I have clinical depression versus just fee…
  Field: what_can_help
  Issue: opening may rely on prior context (spot-check)
  Severity: WARN

Row 07fd8f5e-0a24-45b1-b775-ad75a5cb4ae9 — How do I know if I have clinical depression versus just fee…
  Field: when_to_reach_out
  Issue: opening may rely on prior context (spot-check)
  Severity: WARN

Row f2449ae9-2637-4f89-81cd-432a15596208 — How do I know if I have postpartum depression versus baby b…
  Field: when_to_reach_out
  Issue: opening may rely on prior context (spot-check)
  Severity: WARN

Row 4c047672-19f8-48d2-9570-5a6cb88457cb — How do I know if I have PTSD or just normal stress?
  Field: what_can_help
  Issue: opening may rely on prior context (spot-check)
  Severity: WARN

Row 4c047672-19f8-48d2-9570-5a6cb88457cb — How do I know if I have PTSD or just normal stress?
  Field: when_to_reach_out
  Issue: opening may rely on prior context (spot-check)
  Severity: WARN

Row 86e17a76-c3a5-4c1c-9599-9d8b1748d2b2 — How do I know if I'm being too demanding in my relationship?
  Field: what_can_help
  Issue: opening may rely on prior context (spot-check)
  Severity: WARN

Row 86e17a76-c3a5-4c1c-9599-9d8b1748d2b2 — How do I know if I'm being too demanding in my relationship?
  Field: when_to_reach_out
  Issue: opening may rely on prior context (spot-check)
  Severity: WARN

Row 535b1b66-1ce8-4441-ab90-442fbd66eca0 — How do I know if I'm burned out or just stressed?
  Field: primary_term
  Issue: does not clearly match condition in question
  Severity: WARN

Row b63dc938-eab0-40b5-8333-90de12eb0c90 — How do I know if I'm depressed or just going through a roug…
  Field: primary_term
  Issue: does not clearly match condition in question
  Severity: WARN

Row b63dc938-eab0-40b5-8333-90de12eb0c90 — How do I know if I'm depressed or just going through a roug…
  Field: what_can_help
  Issue: opening may rely on prior context (spot-check)
  Severity: WARN

Row b63dc938-eab0-40b5-8333-90de12eb0c90 — How do I know if I'm depressed or just going through a roug…
  Field: when_to_reach_out
  Issue: opening may rely on prior context (spot-check)
  Severity: WARN

Row b9b67fd1-4509-4e48-a720-350a05b2a329 — How do I know if I'm developing a parasocial relationship w…
  Field: what_can_help
  Issue: opening may rely on prior context (spot-check)
  Severity: WARN

Row b9b67fd1-4509-4e48-a720-350a05b2a329 — How do I know if I'm developing a parasocial relationship w…
  Field: when_to_reach_out
  Issue: opening may rely on prior context (spot-check)
  Severity: WARN

Row b9b67fd1-4509-4e48-a720-350a05b2a329 — How do I know if I'm developing a parasocial relationship w…
  Field: word_count
  Issue: combined body 560 words (target 350–550)
  Severity: WARN

Row bc66af5b-504b-4add-bbf4-57e3a073793b — How do I know if I'm drinking too much?
  Field: primary_term
  Issue: does not clearly match condition in question
  Severity: WARN

Row bc66af5b-504b-4add-bbf4-57e3a073793b — How do I know if I'm drinking too much?
  Field: what_can_help
  Issue: opening may rely on prior context (spot-check)
  Severity: WARN

Row bc66af5b-504b-4add-bbf4-57e3a073793b — How do I know if I'm drinking too much?
  Field: when_to_reach_out
  Issue: opening may rely on prior context (spot-check)
  Severity: WARN

Row cf652264-4c0a-4c93-b184-8619ab112077 — How do I know if I'm experiencing spiritual bypassing?
  Field: when_to_reach_out
  Issue: opening may rely on prior context (spot-check)
  Severity: WARN

Row b61be7c2-a15e-4a17-baf8-d02182fe9eb4 — How do I know if I'm gay, straight, or something else?
  Field: primary_term
  Issue: does not clearly match condition in question
  Severity: WARN

Row b61be7c2-a15e-4a17-baf8-d02182fe9eb4 — How do I know if I'm gay, straight, or something else?
  Field: what_can_help
  Issue: opening may rely on prior context (spot-check)
  Severity: WARN

Row 3e63f5c1-2dec-4f72-800a-a2c56abd7275 — How do I know if I might be depressed?
  Field: primary_term
  Issue: does not clearly match condition in question
  Severity: WARN

Row 3e63f5c1-2dec-4f72-800a-a2c56abd7275 — How do I know if I might be depressed?
  Field: what_can_help
  Issue: opening may rely on prior context (spot-check)
  Severity: WARN

Row 3e63f5c1-2dec-4f72-800a-a2c56abd7275 — How do I know if I might be depressed?
  Field: when_to_reach_out
  Issue: opening may rely on prior context (spot-check)
  Severity: WARN

Row b06b3339-9980-4676-aef3-bc922bb4fb4a — How do I know if I'm in a codependent relationship?
  Field: what_can_help
  Issue: opening may rely on prior context (spot-check)
  Severity: WARN

Row 0bb1d30d-32d9-4cde-99a8-b34e8bbc9d2c — How do I know if I'm in an emotionally abusive relationship?
  Field: what_can_help
  Issue: opening may rely on prior context (spot-check)
  Severity: WARN

Row 0bb1d30d-32d9-4cde-99a8-b34e8bbc9d2c — How do I know if I'm in an emotionally abusive relationship?
  Field: when_to_reach_out
  Issue: opening may rely on prior context (spot-check)
  Severity: WARN

Row 61a4502c-f3e7-461a-afb6-d935e5c6f19e — How do I know if I'm in a toxic relationship or just going …
  Field: what_can_help
  Issue: opening may rely on prior context (spot-check)
  Severity: WARN

Row 61a4502c-f3e7-461a-afb6-d935e5c6f19e — How do I know if I'm in a toxic relationship or just going …
  Field: when_to_reach_out
  Issue: opening may rely on prior context (spot-check)
  Severity: WARN

Row 0a6d7f13-461b-4a0c-a3ee-bfd7dc9e1f02 — How do I know if I'm in a toxic relationship?
  Field: what_can_help
  Issue: opening may rely on prior context (spot-check)
  Severity: WARN

Row 0a6d7f13-461b-4a0c-a3ee-bfd7dc9e1f02 — How do I know if I'm in a toxic relationship?
  Field: when_to_reach_out
  Issue: opening may rely on prior context (spot-check)
  Severity: WARN

Row 19710edc-2c1f-47fd-bed9-2522ebc8ccf6 — How do I know if I'm ready for addiction recovery?
  Field: word_count
  Issue: combined body 578 words (target 350–550)
  Severity: WARN

Row 52aecb1c-61c4-425c-9f00-2b16b035103f — How do I know if I'm ready to date again?
  Field: what_can_help
  Issue: opening may rely on prior context (spot-check)
  Severity: WARN

Row 52aecb1c-61c4-425c-9f00-2b16b035103f — How do I know if I'm ready to date again?
  Field: when_to_reach_out
  Issue: opening may rely on prior context (spot-check)
  Severity: WARN

Row cc9c7b10-1d2c-4844-84b2-38b78637a90c — How do I know if I'm ready to reduce my social media use?
  Field: when_to_reach_out
  Issue: opening may rely on prior context (spot-check)
  Severity: WARN

Row cc9c7b10-1d2c-4844-84b2-38b78637a90c — How do I know if I'm ready to reduce my social media use?
  Field: word_count
  Issue: combined body 551 words (target 350–550)
  Severity: WARN

Row a5835bd3-2699-4587-93b3-8348cf22242b — How do I know if I'm transgender or just going through a ph…
  Field: when_to_reach_out
  Issue: opening may rely on prior context (spot-check)
  Severity: WARN

Row 6ba541f5-3176-4a83-a412-3f36bec5241d — How do I know if I'm truly healing or just getting better a…
  Field: what_can_help
  Issue: opening may rely on prior context (spot-check)
  Severity: WARN

Row 6ba541f5-3176-4a83-a412-3f36bec5241d — How do I know if I'm truly healing or just getting better a…
  Field: when_to_reach_out
  Issue: opening may rely on prior context (spot-check)
  Severity: WARN

Row eb0788e0-e232-4573-8474-c50438e6fe9a — How do I know if I need a break from social media?
  Field: when_to_reach_out
  Issue: opening may rely on prior context (spot-check)
  Severity: WARN

Row eb0788e0-e232-4573-8474-c50438e6fe9a — How do I know if I need a break from social media?
  Field: word_count
  Issue: combined body 553 words (target 350–550)
  Severity: WARN

Row d1ceae6a-0507-4ad3-a6bd-3441b0669745 — How do I know if I need inpatient treatment for depression?
  Field: what_can_help
  Issue: opening may rely on prior context (spot-check)
  Severity: WARN

Row d1ceae6a-0507-4ad3-a6bd-3441b0669745 — How do I know if I need inpatient treatment for depression?
  Field: when_to_reach_out
  Issue: opening may rely on prior context (spot-check)
  Severity: WARN

Row 71e29f1c-b0bb-420d-90d6-5b174733a6ce — How do I know if I need medication for my mental health?
  Field: what_can_help
  Issue: opening may rely on prior context (spot-check)
  Severity: WARN

Row 71e29f1c-b0bb-420d-90d6-5b174733a6ce — How do I know if I need medication for my mental health?
  Field: when_to_reach_out
  Issue: opening may rely on prior context (spot-check)
  Severity: WARN

Row ed41139f-4670-478d-88ad-cbfa451104e3 — How do I know if I need professional help for my anxiety?
  Field: word_count
  Issue: combined body 593 words (target 350–550)
  Severity: WARN

Row 443274c7-9fca-4b22-9b19-f632bef5ac7d — How do I know if I need professional help for my drinking?
  Field: primary_term
  Issue: does not clearly match condition in question
  Severity: WARN

Row 443274c7-9fca-4b22-9b19-f632bef5ac7d — How do I know if I need professional help for my drinking?
  Field: when_to_reach_out
  Issue: opening may rely on prior context (spot-check)
  Severity: WARN

Row 39d5c801-bbca-4088-88aa-3106ae613b52 — How do I know if I need therapy?
  Field: what_can_help
  Issue: opening may rely on prior context (spot-check)
  Severity: WARN

Row 85d0f89c-dee9-4b1f-b0d5-04299b349ca6 — How do I know if I need therapy for depression?
  Field: word_count
  Issue: combined body 586 words (target 350–550)
  Severity: WARN

Row f9ba5325-7508-484b-9fc0-7f58b3671a8d — How do I know if I need to be hospitalized for depression?
  Field: what_can_help
  Issue: opening may rely on prior context (spot-check)
  Severity: WARN

Row f9ba5325-7508-484b-9fc0-7f58b3671a8d — How do I know if I need to be hospitalized for depression?
  Field: when_to_reach_out
  Issue: opening may rely on prior context (spot-check)
  Severity: WARN

Row 2db8c303-c81f-423c-a5b0-e7ae6e95fd69 — How do I know if my childhood was actually traumatic or if …
  Field: what_can_help
  Issue: opening may rely on prior context (spot-check)
  Severity: WARN

Row 2db8c303-c81f-423c-a5b0-e7ae6e95fd69 — How do I know if my childhood was actually traumatic or if …
  Field: when_to_reach_out
  Issue: opening may rely on prior context (spot-check)
  Severity: WARN

Row 32ba7579-d7a8-49de-8581-b06556dad22c — How do I know if my child is depressed or just going throug…
  Field: primary_term
  Issue: does not clearly match condition in question
  Severity: WARN

Row 32ba7579-d7a8-49de-8581-b06556dad22c — How do I know if my child is depressed or just going throug…
  Field: when_to_reach_out
  Issue: opening may rely on prior context (spot-check)
  Severity: WARN

Row ab37c9ce-2104-440d-b6cc-ea4988bc60bc — How do I know if my drinking has become a problem?
  Field: what_can_help
  Issue: opening may rely on prior context (spot-check)
  Severity: WARN

Row ab37c9ce-2104-440d-b6cc-ea4988bc60bc — How do I know if my drinking has become a problem?
  Field: when_to_reach_out
  Issue: opening may rely on prior context (spot-check)
  Severity: WARN

Row b01ab11e-3705-4ed5-9a80-a7f2e4e07c75 — How do I know if my drinking is a problem?
  Field: what_can_help
  Issue: opening may rely on prior context (spot-check)
  Severity: WARN

Row b01ab11e-3705-4ed5-9a80-a7f2e4e07c75 — How do I know if my drinking is a problem?
  Field: when_to_reach_out
  Issue: opening may rely on prior context (spot-check)
  Severity: WARN

Row 8fe5f5e9-bacc-4fb4-949a-2ba348ba0b49 — How do I know if my drinking is becoming a problem?
  Field: what_can_help
  Issue: opening may rely on prior context (spot-check)
  Severity: WARN

Row 8fe5f5e9-bacc-4fb4-949a-2ba348ba0b49 — How do I know if my drinking is becoming a problem?
  Field: when_to_reach_out
  Issue: opening may rely on prior context (spot-check)
  Severity: WARN

Row 47b48356-d814-46a0-ba31-08e585864cf7 — How do I know if my marriage is worth saving?
  Field: what_can_help
  Issue: opening may rely on prior context (spot-check)
  Severity: WARN

Row 47b48356-d814-46a0-ba31-08e585864cf7 — How do I know if my marriage is worth saving?
  Field: when_to_reach_out
  Issue: opening may rely on prior context (spot-check)
  Severity: WARN

Row 55f58640-3d95-4578-99a0-8d6770185573 — How do I know if my psychiatric medication is working?
  Field: when_to_reach_out
  Issue: opening may rely on prior context (spot-check)
  Severity: WARN

Row bb759689-de97-44b0-a649-e9dd8b83d41e — How do I know if my recovery program is working?
  Field: when_to_reach_out
  Issue: opening may rely on prior context (spot-check)
  Severity: WARN

Row c71ad11e-a1d0-458d-9733-94d6acc1a38f — How do I know if my relationship is emotionally healthy?
  Field: what_can_help
  Issue: opening may rely on prior context (spot-check)
  Severity: WARN

Row c71ad11e-a1d0-458d-9733-94d6acc1a38f — How do I know if my relationship is emotionally healthy?
  Field: when_to_reach_out
  Issue: opening may rely on prior context (spot-check)
  Severity: WARN

Row b139bc36-35fb-4840-a28c-060479e03792 — How do I know if my relationship is healthy?
  Field: what_can_help
  Issue: opening may rely on prior context (spot-check)
  Severity: WARN

Row b139bc36-35fb-4840-a28c-060479e03792 — How do I know if my relationship is healthy?
  Field: when_to_reach_out
  Issue: opening may rely on prior context (spot-check)
  Severity: WARN

Row 3d1bae01-8070-46e1-9ab7-40810e24622b — How do I know if my relationship is toxic?
  Field: what_can_help
  Issue: opening may rely on prior context (spot-check)
  Severity: WARN

Row 3d1bae01-8070-46e1-9ab7-40810e24622b — How do I know if my relationship is toxic?
  Field: when_to_reach_out
  Issue: opening may rely on prior context (spot-check)
  Severity: WARN

Row 8cce97ff-9c05-4bd7-8c7f-cd3e9980553f — How do I know if my sadness is normal grief or clinical dep…
  Field: what_can_help
  Issue: opening may rely on prior context (spot-check)
  Severity: WARN

Row 8cce97ff-9c05-4bd7-8c7f-cd3e9980553f — How do I know if my sadness is normal grief or clinical dep…
  Field: when_to_reach_out
  Issue: opening may rely on prior context (spot-check)
  Severity: WARN

Row fec108b9-dcff-488a-bd1e-606b6e0a6017 — How do I know if my spiritual experiences are genuine or ju…
  Field: when_to_reach_out
  Issue: opening may rely on prior context (spot-check)
  Severity: WARN

Row 46e687b0-6e4d-47ea-84a5-0ea02d0c5bbd — How do I know if my stress levels are unhealthy?
  Field: what_can_help
  Issue: opening may rely on prior context (spot-check)
  Severity: WARN

Row 46e687b0-6e4d-47ea-84a5-0ea02d0c5bbd — How do I know if my stress levels are unhealthy?
  Field: when_to_reach_out
  Issue: opening may rely on prior context (spot-check)
  Severity: WARN

Row 103ddcfe-6cef-4ae0-bf4b-62d4a9f2f6d0 — How do I know if my teenager has depression?
  Field: what_can_help
  Issue: opening may rely on prior context (spot-check)
  Severity: WARN

Row 103ddcfe-6cef-4ae0-bf4b-62d4a9f2f6d0 — How do I know if my teenager has depression?
  Field: when_to_reach_out
  Issue: opening may rely on prior context (spot-check)
  Severity: WARN

Row 6c419751-373d-4bdc-bb2f-32052bf4d44b — How do I know if my therapist is right for me?
  Field: primary_term
  Issue: does not clearly match condition in question
  Severity: WARN

Row 6c419751-373d-4bdc-bb2f-32052bf4d44b — How do I know if my therapist is right for me?
  Field: when_to_reach_out
  Issue: opening may rely on prior context (spot-check)
  Severity: WARN

Row 609a9568-ad42-4fae-97ea-0d15764f0df6 — How do I know if psychedelics could help with my depression?
  Field: when_to_reach_out
  Issue: opening may rely on prior context (spot-check)
  Severity: WARN

Row e4bfcd15-f369-46f0-ae48-e27ae05ae6a6 — How do I know if someone I love is using drugs?
  Field: what_can_help
  Issue: opening may rely on prior context (spot-check)
  Severity: WARN

Row e4bfcd15-f369-46f0-ae48-e27ae05ae6a6 — How do I know if someone I love is using drugs?
  Field: when_to_reach_out
  Issue: opening may rely on prior context (spot-check)
  Severity: WARN

Row 03c852cc-7b70-4fd2-8bb9-df740820a4fa — How do I know if therapy is working?
  Field: what_can_help
  Issue: opening may rely on prior context (spot-check)
  Severity: WARN

Row 03c852cc-7b70-4fd2-8bb9-df740820a4fa — How do I know if therapy is working?
  Field: when_to_reach_out
  Issue: opening may rely on prior context (spot-check)
  Severity: WARN

Row 03c852cc-7b70-4fd2-8bb9-df740820a4fa — How do I know if therapy is working?
  Field: word_count
  Issue: combined body 589 words (target 350–550)
  Severity: WARN

Row b6208e5f-91a6-4986-bc9a-e13c4d38b3c8 — How do I know if what I'm experiencing is depression or jus…
  Field: what_can_help
  Issue: opening may rely on prior context (spot-check)
  Severity: WARN

Row b6208e5f-91a6-4986-bc9a-e13c4d38b3c8 — How do I know if what I'm experiencing is depression or jus…
  Field: when_to_reach_out
  Issue: opening may rely on prior context (spot-check)
  Severity: WARN

Row 2bcd15c6-cae9-4c98-bcd3-50fee95c78f3 — How do I know when it's time to end a friendship?
  Field: what_can_help
  Issue: opening may rely on prior context (spot-check)
  Severity: WARN

Row 2bcd15c6-cae9-4c98-bcd3-50fee95c78f3 — How do I know when it's time to end a friendship?
  Field: when_to_reach_out
  Issue: opening may rely on prior context (spot-check)
  Severity: WARN

Row c7f2fbc8-c97f-40c1-99e3-174f071660e3 — How do I know when it's time to end a relationship?
  Field: what_can_help
  Issue: opening may rely on prior context (spot-check)
  Severity: WARN

Row c7f2fbc8-c97f-40c1-99e3-174f071660e3 — How do I know when it's time to end a relationship?
  Field: when_to_reach_out
  Issue: opening may rely on prior context (spot-check)
  Severity: WARN

Row 2e0e6cd2-fa3c-4c30-83b2-fa2b6f328589 — How do I know when it's time to make a major life change?
  Field: what_can_help
  Issue: opening may rely on prior context (spot-check)
  Severity: WARN

Row 2e0e6cd2-fa3c-4c30-83b2-fa2b6f328589 — How do I know when it's time to make a major life change?
  Field: when_to_reach_out
  Issue: opening may rely on prior context (spot-check)
  Severity: WARN

Row baeade2f-29da-455e-89fa-7b25e0a80338 — How do I know when to cut off contact with my addicted fami…
  Field: what_can_help
  Issue: opening may rely on prior context (spot-check)
  Severity: WARN

Row baeade2f-29da-455e-89fa-7b25e0a80338 — How do I know when to cut off contact with my addicted fami…
  Field: when_to_reach_out
  Issue: opening may rely on prior context (spot-check)
  Severity: WARN

Row 5cd305bd-78f0-440f-b90f-a6f25405c216 — How do I maintain cultural identity while adapting to a new…
  Field: when_to_reach_out
  Issue: opening may rely on prior context (spot-check)
  Severity: WARN

Row ff13c859-fa00-45a6-81d5-41677fa204cb — How do I maintain friendships when I'm depressed?
  Field: primary_term
  Issue: does not clearly match condition in question
  Severity: WARN

Row ff13c859-fa00-45a6-81d5-41677fa204cb — How do I maintain friendships when I'm depressed?
  Field: word_count
  Issue: combined body 572 words (target 350–550)
  Severity: WARN

Row 2567f59c-767d-47b4-85f2-fc4272568a2a — How do I maintain my recovery during major life changes?
  Field: what_can_help
  Issue: opening may rely on prior context (spot-check)
  Severity: WARN

Row 2567f59c-767d-47b4-85f2-fc4272568a2a — How do I maintain my recovery during major life changes?
  Field: when_to_reach_out
  Issue: opening may rely on prior context (spot-check)
  Severity: WARN

Row affb82cd-e3a5-4e24-83a9-a4b815df2f48 — How do I maintain my sense of identity during retirement or…
  Field: when_to_reach_out
  Issue: opening may rely on prior context (spot-check)
  Severity: WARN

Row d234fdc7-17c0-4051-8e49-e732473a62c6 — How do I make amends to people I hurt during my addiction?
  Field: when_to_reach_out
  Issue: opening may rely on prior context (spot-check)
  Severity: WARN

Row 10da97d4-5d19-416f-8f07-76200c59e951 — How do I make friends as an adult when it feels impossible?
  Field: when_to_reach_out
  Issue: opening may rely on prior context (spot-check)
  Severity: WARN

Row 10da97d4-5d19-416f-8f07-76200c59e951 — How do I make friends as an adult when it feels impossible?
  Field: word_count
  Issue: combined body 597 words (target 350–550)
  Severity: WARN

Row ae0ec078-bf9d-498f-958c-ff97a60e2189 — How do I manage ADHD without medication?
  Field: word_count
  Issue: combined body 558 words (target 350–550)
  Severity: WARN

Row 59c410ad-9163-44b2-ae07-7eea5928b158 — How do I manage anxiety about AI taking over my job?
  Field: when_to_reach_out
  Issue: opening may rely on prior context (spot-check)
  Severity: WARN

Row 7d9e1022-d7f5-47de-94a5-bd2c3191eb94 — How do I manage financial stress when my industry is being …
  Field: when_to_reach_out
  Issue: opening may rely on prior context (spot-check)
  Severity: WARN

Row 57ced82b-f858-4354-9cc2-a9bb73586eb4 — How do I manage screen time when my job requires constant c…
  Field: what_can_help
  Issue: opening may rely on prior context (spot-check)
  Severity: WARN

Row 57ced82b-f858-4354-9cc2-a9bb73586eb4 — How do I manage screen time when my job requires constant c…
  Field: when_to_reach_out
  Issue: opening may rely on prior context (spot-check)
  Severity: WARN

Row a3f92e92-cc4e-4bc9-b81a-d249572277ca — How do I manage screen time without feeling like I'm missin…
  Field: when_to_reach_out
  Issue: opening may rely on prior context (spot-check)
  Severity: WARN

Row 71de95b5-0238-4a2c-a1bc-b8728c22f31c — How do I manage stress when I can't change my situation?
  Field: what_can_help
  Issue: opening may rely on prior context (spot-check)
  Severity: WARN

Row 71de95b5-0238-4a2c-a1bc-b8728c22f31c — How do I manage stress when I can't change my situation?
  Field: when_to_reach_out
  Issue: opening may rely on prior context (spot-check)
  Severity: WARN

Row 897615e0-de13-4890-9d87-4020c55bca31 — How do I manage the anxiety of being constantly reachable?
  Field: word_count
  Issue: combined body 585 words (target 350–550)
  Severity: WARN

Row 4f84ca3e-3f9b-4b1d-ac0d-4ea416e4ae3d — How do I manage the fear of missing out on digital trends a…
  Field: when_to_reach_out
  Issue: opening may rely on prior context (spot-check)
  Severity: WARN

Row 4f84ca3e-3f9b-4b1d-ac0d-4ea416e4ae3d — How do I manage the fear of missing out on digital trends a…
  Field: word_count
  Issue: combined body 572 words (target 350–550)
  Severity: WARN

Row ccd79c2b-82b0-4015-aa49-4c13ea20c5fa — How do I motivate myself when everything feels pointless?
  Field: primary_term
  Issue: does not clearly match condition in question
  Severity: WARN

Row 01153ef1-afa5-49e7-81b8-c4627d831195 — How do I overcome perfectionism at work?
  Field: what_can_help
  Issue: opening may rely on prior context (spot-check)
  Severity: WARN

Row 77b3704a-5b58-4392-8799-d97001fb34f1 — How do I overcome sexual anxiety and performance pressure?
  Field: when_to_reach_out
  Issue: opening may rely on prior context (spot-check)
  Severity: WARN

Row 788c2788-3741-43ef-8391-c0239e91368f — How do I parent effectively when I'm struggling with depres…
  Field: when_to_reach_out
  Issue: opening may rely on prior context (spot-check)
  Severity: WARN

Row 42b8cdd1-7af6-474f-a46d-df66149baaf8 — How do I practice mindful eating?
  Field: when_to_reach_out
  Issue: opening may rely on prior context (spot-check)
  Severity: WARN

Row 42b8cdd1-7af6-474f-a46d-df66149baaf8 — How do I practice mindful eating?
  Field: word_count
  Issue: combined body 567 words (target 350–550)
  Severity: WARN

Row ca2519e1-3add-42b3-9292-0fd9d148088b — How do I prepare for my first psychedelic therapy session?
  Field: what_can_help
  Issue: opening may rely on prior context (spot-check)
  Severity: WARN

Row ce46404f-e3af-4949-8960-d39275488e95 — How do I prepare for my first therapy session?
  Field: when_to_reach_out
  Issue: opening may rely on prior context (spot-check)
  Severity: WARN

Row ce46404f-e3af-4949-8960-d39275488e95 — How do I prepare for my first therapy session?
  Field: word_count
  Issue: combined body 577 words (target 350–550)
  Severity: WARN

Row 8a896375-c44e-4c0a-a768-563580b4ec95 — How do I protect my children from my own mental health stru…
  Field: what_can_help
  Issue: opening may rely on prior context (spot-check)
  Severity: WARN

Row 8a896375-c44e-4c0a-a768-563580b4ec95 — How do I protect my children from my own mental health stru…
  Field: when_to_reach_out
  Issue: opening may rely on prior context (spot-check)
  Severity: WARN

Row 2b02b005-691b-4ded-8ded-554e9a4485fe — How do I protect my children from their parent's addiction?
  Field: what_can_help
  Issue: opening may rely on prior context (spot-check)
  Severity: WARN

Row 2b02b005-691b-4ded-8ded-554e9a4485fe — How do I protect my children from their parent's addiction?
  Field: when_to_reach_out
  Issue: opening may rely on prior context (spot-check)
  Severity: WARN

Row 5a20c1f9-c907-451b-be4b-2fb9ccf4a252 — How do I rebuild emotional intimacy after a betrayal?
  Field: what_can_help
  Issue: opening may rely on prior context (spot-check)
  Severity: WARN

Row 5a20c1f9-c907-451b-be4b-2fb9ccf4a252 — How do I rebuild emotional intimacy after a betrayal?
  Field: when_to_reach_out
  Issue: opening may rely on prior context (spot-check)
  Severity: WARN

Row 02e25548-610a-4402-96e8-70797fb2fdf6 — How do I rebuild intimacy after infidelity or betrayal?
  Field: what_can_help
  Issue: opening may rely on prior context (spot-check)
  Severity: WARN

Row 02e25548-610a-4402-96e8-70797fb2fdf6 — How do I rebuild intimacy after infidelity or betrayal?
  Field: when_to_reach_out
  Issue: opening may rely on prior context (spot-check)
  Severity: WARN

Row 58f6fb3e-aca2-484f-9f9e-6761e63cfadd — How do I rebuild intimacy in my relationship?
  Field: what_can_help
  Issue: opening may rely on prior context (spot-check)
  Severity: WARN

Row 58f6fb3e-aca2-484f-9f9e-6761e63cfadd — How do I rebuild intimacy in my relationship?
  Field: when_to_reach_out
  Issue: opening may rely on prior context (spot-check)
  Severity: WARN

Row 6d1effd8-d512-4a06-b0af-fbf351f9a7c4 — How do I rebuild my career after addiction?
  Field: what_can_help
  Issue: opening may rely on prior context (spot-check)
  Severity: WARN

Row 6d1effd8-d512-4a06-b0af-fbf351f9a7c4 — How do I rebuild my career after addiction?
  Field: when_to_reach_out
  Issue: opening may rely on prior context (spot-check)
  Severity: WARN

Row 610cfb3b-bc9a-403f-90c8-277f2d8d2242 — How do I rebuild my confidence after a major failure?
  Field: what_can_help
  Issue: opening may rely on prior context (spot-check)
  Severity: WARN

Row 610cfb3b-bc9a-403f-90c8-277f2d8d2242 — How do I rebuild my confidence after a major failure?
  Field: when_to_reach_out
  Issue: opening may rely on prior context (spot-check)
  Severity: WARN

Row 4a402f4f-48df-4a11-aee4-4c513beee03a — How do I rebuild my confidence after a relationship that ma…
  Field: what_can_help
  Issue: opening may rely on prior context (spot-check)
  Severity: WARN

Row 4a402f4f-48df-4a11-aee4-4c513beee03a — How do I rebuild my confidence after a relationship that ma…
  Field: when_to_reach_out
  Issue: opening may rely on prior context (spot-check)
  Severity: WARN

Row 4a402f4f-48df-4a11-aee4-4c513beee03a — How do I rebuild my confidence after a relationship that ma…
  Field: word_count
  Issue: combined body 584 words (target 350–550)
  Severity: WARN

Row d35ae8ec-972f-4626-a712-e98a29add495 — How do I rebuild my life after a major loss or trauma?
  Field: what_can_help
  Issue: opening may rely on prior context (spot-check)
  Severity: WARN

Row d35ae8ec-972f-4626-a712-e98a29add495 — How do I rebuild my life after a major loss or trauma?
  Field: when_to_reach_out
  Issue: opening may rely on prior context (spot-check)
  Severity: WARN

Row bf66a1b5-b363-412c-9470-d0c677cb57f0 — How do I rebuild my relationship with my children after add…
  Field: when_to_reach_out
  Issue: opening may rely on prior context (spot-check)
  Severity: WARN

Row 8c62684e-3dc3-4663-ae38-b350a942ce52 — How do I rebuild my self-esteem after addiction?
  Field: what_can_help
  Issue: opening may rely on prior context (spot-check)
  Severity: WARN

Row 8c62684e-3dc3-4663-ae38-b350a942ce52 — How do I rebuild my self-esteem after addiction?
  Field: when_to_reach_out
  Issue: opening may rely on prior context (spot-check)
  Severity: WARN

Row 2187a172-32fb-4027-8dbd-a0a2347f33ea — How do I rebuild trust after being cheated on?
  Field: when_to_reach_out
  Issue: opening may rely on prior context (spot-check)
  Severity: WARN

Row 0f724dee-d99b-4b2b-9d57-b7e88f5a4713 — How do I rebuild trust after my partner cheated?
  Field: when_to_reach_out
  Issue: opening may rely on prior context (spot-check)
  Severity: WARN

Row 6ff60e11-fcf4-4925-b1b6-641be6d296af — How do I rebuild trust after someone betrayed me?
  Field: primary_term
  Issue: does not clearly match condition in question
  Severity: WARN

Row 986978c6-f831-4cfa-abef-b8e46d83e1df — How do I rebuild trust with my family after my loved one's …
  Field: when_to_reach_out
  Issue: opening may rely on prior context (spot-check)
  Severity: WARN

Row 9b8bacbd-9b71-4e7a-babd-464e1beadfbe — How do I rebuild trust with my partner after addiction?
  Field: when_to_reach_out
  Issue: opening may rely on prior context (spot-check)
  Severity: WARN

Row 7b5291a2-1c0e-4dba-a0d9-10cf5e171d93 — How do I rebuild trust with people I hurt during my addicti…
  Field: what_can_help
  Issue: opening may rely on prior context (spot-check)
  Severity: WARN

Row 7b5291a2-1c0e-4dba-a0d9-10cf5e171d93 — How do I rebuild trust with people I hurt during my addicti…
  Field: when_to_reach_out
  Issue: opening may rely on prior context (spot-check)
  Severity: WARN

Row d06be9aa-cd61-4295-9120-55adb4514f99 — How do I recognize depression in elderly parents?
  Field: what_can_help
  Issue: opening may rely on prior context (spot-check)
  Severity: WARN

Row d06be9aa-cd61-4295-9120-55adb4514f99 — How do I recognize depression in elderly parents?
  Field: when_to_reach_out
  Issue: opening may rely on prior context (spot-check)
  Severity: WARN

Row abaa84de-3089-4169-a7df-9f6dab4d6c24 — How do I reconnect with my cultural heritage after years of…
  Field: what_can_help
  Issue: opening may rely on prior context (spot-check)
  Severity: WARN

Row abaa84de-3089-4169-a7df-9f6dab4d6c24 — How do I reconnect with my cultural heritage after years of…
  Field: when_to_reach_out
  Issue: opening may rely on prior context (spot-check)
  Severity: WARN

Row 4b65a9d6-391a-4495-8c0e-b14003aa1094 — How do I reconnect with my spiritual beliefs after trauma?
  Field: what_can_help
  Issue: opening may rely on prior context (spot-check)
  Severity: WARN

Row 4b65a9d6-391a-4495-8c0e-b14003aa1094 — How do I reconnect with my spiritual beliefs after trauma?
  Field: when_to_reach_out
  Issue: opening may rely on prior context (spot-check)
  Severity: WARN

Row fe1a90bb-bd85-4cc5-b5b4-e3455567cffd — How do I recover from a relationship with someone who had a…
  Field: what_can_help
  Issue: opening may rely on prior context (spot-check)
  Severity: WARN

Row fe1a90bb-bd85-4cc5-b5b4-e3455567cffd — How do I recover from a relationship with someone who had a…
  Field: when_to_reach_out
  Issue: opening may rely on prior context (spot-check)
  Severity: WARN

Row ddc6b611-8cc2-4d81-a9ad-3e3566d2f4a8 — How do I reinvent myself after a major life change like div…
  Field: what_can_help
  Issue: opening may rely on prior context (spot-check)
  Severity: WARN

Row ddc6b611-8cc2-4d81-a9ad-3e3566d2f4a8 — How do I reinvent myself after a major life change like div…
  Field: when_to_reach_out
  Issue: opening may rely on prior context (spot-check)
  Severity: WARN

Row 6c4eafe5-c105-47fc-b174-32d230ca7732 — How do I separate my self-worth from my job title or career…
  Field: what_can_help
  Issue: opening may rely on prior context (spot-check)
  Severity: WARN

Row 6c4eafe5-c105-47fc-b174-32d230ca7732 — How do I separate my self-worth from my job title or career…
  Field: when_to_reach_out
  Issue: opening may rely on prior context (spot-check)
  Severity: WARN

Row b9f3b0be-4f7a-4294-af29-be6ad7f4a1d7 — How do I set boundaries to reduce stress?
  Field: when_to_reach_out
  Issue: opening may rely on prior context (spot-check)
  Severity: WARN

Row c361736d-bcd3-43a9-a54e-5158ae1a99af — How do I set boundaries with family members?
  Field: when_to_reach_out
  Issue: opening may rely on prior context (spot-check)
  Severity: WARN

Row e6a12a4f-6a4e-4ddf-9276-adf49887e81e — How do I set boundaries with family members who don't respe…
  Field: what_can_help
  Issue: opening may rely on prior context (spot-check)
  Severity: WARN

Row e6a12a4f-6a4e-4ddf-9276-adf49887e81e — How do I set boundaries with family members who don't respe…
  Field: when_to_reach_out
  Issue: opening may rely on prior context (spot-check)
  Severity: WARN

Row e6a12a4f-6a4e-4ddf-9276-adf49887e81e — How do I set boundaries with family members who don't respe…
  Field: word_count
  Issue: combined body 578 words (target 350–550)
  Severity: WARN

Row 3b10dfa7-5c7b-4565-b70a-93a38a3d570a — How do I set boundaries without feeling guilty?
  Field: when_to_reach_out
  Issue: opening may rely on prior context (spot-check)
  Severity: WARN

Row 45df558b-917f-471b-9528-f21dd08fb53a — How do I set boundaries with someone who has borderline per…
  Field: when_to_reach_out
  Issue: opening may rely on prior context (spot-check)
  Severity: WARN

Row 5c86927e-c7f8-4161-aaca-0dada913666d — How do I set boundaries with technology without feeling lik…
  Field: when_to_reach_out
  Issue: opening may rely on prior context (spot-check)
  Severity: WARN

Row 65b1fab2-8512-4c6d-85a6-191b41cc0760 — How do I set healthy boundaries with family members?
  Field: when_to_reach_out
  Issue: opening may rely on prior context (spot-check)
  Severity: WARN

Row 7768fd77-56c2-4ab3-a17b-72cc00094ca1 — How do I set healthy boundaries with my children?
  Field: what_can_help
  Issue: opening may rely on prior context (spot-check)
  Severity: WARN

Row 7768fd77-56c2-4ab3-a17b-72cc00094ca1 — How do I set healthy boundaries with my children?
  Field: when_to_reach_out
  Issue: opening may rely on prior context (spot-check)
  Severity: WARN

Row 517d7692-15b3-4a95-b204-a875e981c7c9 — How do I socialize without drinking?
  Field: what_can_help
  Issue: opening may rely on prior context (spot-check)
  Severity: WARN

Row 517d7692-15b3-4a95-b204-a875e981c7c9 — How do I socialize without drinking?
  Field: when_to_reach_out
  Issue: opening may rely on prior context (spot-check)
  Severity: WARN

Row 53192926-3802-4c2c-99d1-8219ea03cecf — How do I start dating again after divorce?
  Field: what_can_help
  Issue: opening may rely on prior context (spot-check)
  Severity: WARN

Row a1ebaad0-988e-41e3-9c02-6207ac29c24d — How do I start practicing mindfulness?
  Field: when_to_reach_out
  Issue: opening may rely on prior context (spot-check)
  Severity: WARN

Row a1ebaad0-988e-41e3-9c02-6207ac29c24d — How do I start practicing mindfulness?
  Field: word_count
  Issue: combined body 569 words (target 350–550)
  Severity: WARN

Row d657b4bb-bd7e-41d2-8b1f-efffd46f2ce7 — How do I stay motivated when recovery feels like a daily st…
  Field: what_can_help
  Issue: opening may rely on prior context (spot-check)
  Severity: WARN

Row d657b4bb-bd7e-41d2-8b1f-efffd46f2ce7 — How do I stay motivated when recovery feels like a daily st…
  Field: when_to_reach_out
  Issue: opening may rely on prior context (spot-check)
  Severity: WARN

Row d657b4bb-bd7e-41d2-8b1f-efffd46f2ce7 — How do I stay motivated when recovery feels like a daily st…
  Field: word_count
  Issue: combined body 569 words (target 350–550)
  Severity: WARN

Row f6e6ad70-80a5-492b-af8b-76eb5727509e — How do I stay sober when all my friends drink?
  Field: primary_term
  Issue: does not clearly match condition in question
  Severity: WARN

Row f6e6ad70-80a5-492b-af8b-76eb5727509e — How do I stay sober when all my friends drink?
  Field: what_can_help
  Issue: opening may rely on prior context (spot-check)
  Severity: WARN

Row f6e6ad70-80a5-492b-af8b-76eb5727509e — How do I stay sober when all my friends drink?
  Field: when_to_reach_out
  Issue: opening may rely on prior context (spot-check)
  Severity: WARN

Row 8aea9eb9-7dde-422b-b459-e6b57604d832 — How do I stop being afraid of conflict in relationships?
  Field: what_can_help
  Issue: opening may rely on prior context (spot-check)
  Severity: WARN

Row 8aea9eb9-7dde-422b-b459-e6b57604d832 — How do I stop being afraid of conflict in relationships?
  Field: when_to_reach_out
  Issue: opening may rely on prior context (spot-check)
  Severity: WARN

Row 762476ae-ab91-4adb-85ea-1878c8485a5c — How do I stop being a people pleaser?
  Field: what_can_help
  Issue: opening may rely on prior context (spot-check)
  Severity: WARN

Row f96744e2-f476-4423-b9aa-b585bb0e87a1 — How do I stop being a people-pleaser and start putting my o…
  Field: primary_term
  Issue: does not clearly match condition in question
  Severity: WARN

Row 7e67cfdc-396a-40de-8faa-765d7fa4f0b3 — How do I stop being so clingy and needy in relationships?
  Field: primary_term
  Issue: does not clearly match condition in question
  Severity: WARN

Row 7e67cfdc-396a-40de-8faa-765d7fa4f0b3 — How do I stop being so clingy and needy in relationships?
  Field: when_to_reach_out
  Issue: opening may rely on prior context (spot-check)
  Severity: WARN

Row ba6736ac-5b1f-4e31-95bb-424c3788ce5c — How do I stop being so critical of myself and others?
  Field: primary_term
  Issue: does not clearly match condition in question
  Severity: WARN

Row 1d566679-9140-4660-a7f0-a504f2397058 — How do I stop being so hard on myself?
  Field: primary_term
  Issue: does not clearly match condition in question
  Severity: WARN

Row 447d9f37-da02-481b-a418-a7c7714a9ad3 — How do I stop being so jealous in my relationship?
  Field: primary_term
  Issue: does not clearly match condition in question
  Severity: WARN

Row 447d9f37-da02-481b-a418-a7c7714a9ad3 — How do I stop being so jealous in my relationship?
  Field: when_to_reach_out
  Issue: opening may rely on prior context (spot-check)
  Severity: WARN

Row 15fc1473-5bd3-4e7c-bd36-11377eaadf25 — How do I stop being so sensitive to criticism?
  Field: what_can_help
  Issue: opening may rely on prior context (spot-check)
  Severity: WARN

Row cdac1b65-24d2-498d-89d9-775b8b0ed710 — How do I stop bringing work stress home?
  Field: what_can_help
  Issue: opening may rely on prior context (spot-check)
  Severity: WARN

Row cdac1b65-24d2-498d-89d9-775b8b0ed710 — How do I stop bringing work stress home?
  Field: word_count
  Issue: combined body 592 words (target 350–550)
  Severity: WARN

Row a7546567-5c1e-47da-9dd9-c111227766ef — How do I stop caring so much about what others think of me?
  Field: primary_term
  Issue: does not clearly match condition in question
  Severity: WARN

Row 43fea8d5-470d-4c5c-8808-d53403ef74be — How do I stop checking my phone when I can't sleep?
  Field: what_can_help
  Issue: opening may rely on prior context (spot-check)
  Severity: WARN

Row 43fea8d5-470d-4c5c-8808-d53403ef74be — How do I stop checking my phone when I can't sleep?
  Field: when_to_reach_out
  Issue: opening may rely on prior context (spot-check)
  Severity: WARN

Row 331486b9-ec35-43c0-afea-3d162d05fd50 — How do I stop comparing everyone I meet to my ex?
  Field: primary_term
  Issue: does not clearly match condition in question
  Severity: WARN

Row 331486b9-ec35-43c0-afea-3d162d05fd50 — How do I stop comparing everyone I meet to my ex?
  Field: what_can_help
  Issue: opening may rely on prior context (spot-check)
  Severity: WARN

Row a55294a7-f011-41dc-8b20-b47088c0e9c0 — How do I stop comparing my financial situation to others?
  Field: what_can_help
  Issue: opening may rely on prior context (spot-check)
  Severity: WARN

Row a55294a7-f011-41dc-8b20-b47088c0e9c0 — How do I stop comparing my financial situation to others?
  Field: what_can_help
  Issue: unresolved hedge: "If the anxiety is persistent, a therapist who works with money-related shame or a financial counselor familiar with the …"
  Severity: WARN

Row 779e180a-ec85-4d6b-bcb8-8fd6b88afb13 — How do I stop comparing my relationship to others on social…
  Field: what_can_help
  Issue: opening may rely on prior context (spot-check)
  Severity: WARN

Row 779e180a-ec85-4d6b-bcb8-8fd6b88afb13 — How do I stop comparing my relationship to others on social…
  Field: when_to_reach_out
  Issue: opening may rely on prior context (spot-check)
  Severity: WARN

Row 779e180a-ec85-4d6b-bcb8-8fd6b88afb13 — How do I stop comparing my relationship to others on social…
  Field: word_count
  Issue: combined body 558 words (target 350–550)
  Severity: WARN

Row 7494aa17-37cd-4ad1-9ead-3e6bb1744e2d — How do I stop comparing myself to others on social media?
  Field: when_to_reach_out
  Issue: opening may rely on prior context (spot-check)
  Severity: WARN

Row 90548629-5f1d-430f-be9e-d2d115907b3f — How do I stop enabling my loved one's addiction?
  Field: what_can_help
  Issue: opening may rely on prior context (spot-check)
  Severity: WARN

Row 90548629-5f1d-430f-be9e-d2d115907b3f — How do I stop enabling my loved one's addiction?
  Field: when_to_reach_out
  Issue: opening may rely on prior context (spot-check)
  Severity: WARN

Row 91f1bc39-c99e-4e47-9974-73b984c6ec10 — How do I stop feeling guilty about outgrowing old friendshi…
  Field: when_to_reach_out
  Issue: opening may rely on prior context (spot-check)
  Severity: WARN

Row 91f1bc39-c99e-4e47-9974-73b984c6ec10 — How do I stop feeling guilty about outgrowing old friendshi…
  Field: word_count
  Issue: combined body 587 words (target 350–550)
  Severity: WARN

Row 7a92528a-d067-4206-8f7f-3dab088c9b9d — How do I stop feeling guilty about setting boundaries?
  Field: word_count
  Issue: combined body 597 words (target 350–550)
  Severity: WARN

Row 6716e76a-0882-443b-af0e-f87c9cad4f0a — How do I stop feeling guilty about setting boundaries?
  Field: what_can_help
  Issue: unresolved hedge: "If boundary-setting guilt is significantly affecting your relationships, your sense of self, or your daily decisions, wo…"
  Severity: WARN

Row feecef14-df70-4a5c-8bdb-b95869f8bd4b — How do I stop feeling jealous of people who seem to have lo…
  Field: primary_term
  Issue: does not clearly match condition in question
  Severity: WARN

Row feecef14-df70-4a5c-8bdb-b95869f8bd4b — How do I stop feeling jealous of people who seem to have lo…
  Field: when_to_reach_out
  Issue: opening may rely on prior context (spot-check)
  Severity: WARN

Row feecef14-df70-4a5c-8bdb-b95869f8bd4b — How do I stop feeling jealous of people who seem to have lo…
  Field: key_takeaways[0]
  Issue: 36 words (target 15–35)
  Severity: WARN

Row 8cfd3ad2-a4c5-4285-a115-96acfca9421d — How do I stop feeling jumpy and on edge all the time?
  Field: primary_term
  Issue: does not clearly match condition in question
  Severity: WARN

Row 13024627-7be0-419b-839d-3907c2538c68 — How do I stop feeling like everyone else has it figured out?
  Field: primary_term
  Issue: does not clearly match condition in question
  Severity: WARN

Row 13024627-7be0-419b-839d-3907c2538c68 — How do I stop feeling like everyone else has it figured out?
  Field: what_can_help
  Issue: opening may rely on prior context (spot-check)
  Severity: WARN

Row 13024627-7be0-419b-839d-3907c2538c68 — How do I stop feeling like everyone else has it figured out?
  Field: when_to_reach_out
  Issue: opening may rely on prior context (spot-check)
  Severity: WARN

Row 2b1e5627-ab7a-49c6-bbf8-061177e0f5f4 — How do I stop feeling like everyone is judging me?
  Field: primary_term
  Issue: does not clearly match condition in question
  Severity: WARN

Row 2b1e5627-ab7a-49c6-bbf8-061177e0f5f4 — How do I stop feeling like everyone is judging me?
  Field: what_can_help
  Issue: opening may rely on prior context (spot-check)
  Severity: WARN

Row 1f5e0e33-f726-49da-a462-76b92eaa2577 — How do I stop feeling like everyone will eventually leave m…
  Field: primary_term
  Issue: does not clearly match condition in question
  Severity: WARN

Row 1f5e0e33-f726-49da-a462-76b92eaa2577 — How do I stop feeling like everyone will eventually leave m…
  Field: when_to_reach_out
  Issue: opening may rely on prior context (spot-check)
  Severity: WARN

Row c32884a5-009f-4fb0-9a8e-4e7daf234901 — How do I stop feeling like I'm a disappointment to myself?
  Field: primary_term
  Issue: does not clearly match condition in question
  Severity: WARN

Row 7fa10ad5-e2b0-49f2-a091-8cf8bacbdf4e — How do I stop feeling like I'm always in survival mode?
  Field: what_can_help
  Issue: opening may rely on prior context (spot-check)
  Severity: WARN

Row 7fa10ad5-e2b0-49f2-a091-8cf8bacbdf4e — How do I stop feeling like I'm always in survival mode?
  Field: when_to_reach_out
  Issue: opening may rely on prior context (spot-check)
  Severity: WARN

Row bd7047a5-26d7-45cf-9563-9af2da7412fc — How do I stop feeling like I'm always walking on eggshells?
  Field: what_can_help
  Issue: opening may rely on prior context (spot-check)
  Severity: WARN

Row bd7047a5-26d7-45cf-9563-9af2da7412fc — How do I stop feeling like I'm always walking on eggshells?
  Field: when_to_reach_out
  Issue: opening may rely on prior context (spot-check)
  Severity: WARN

Row fd0fcf37-3e80-4af5-b350-488f8b27d30d — How do I stop feeling like I'm bothering people when I reac…
  Field: primary_term
  Issue: does not clearly match condition in question
  Severity: WARN

Row fd0fcf37-3e80-4af5-b350-488f8b27d30d — How do I stop feeling like I'm bothering people when I reac…
  Field: when_to_reach_out
  Issue: opening may rely on prior context (spot-check)
  Severity: WARN

Row be5c168b-f420-47fc-89ed-b7e503300f87 — How do I stop feeling like I'm broken and need to be fixed?
  Field: primary_term
  Issue: does not clearly match condition in question
  Severity: WARN

Row be5c168b-f420-47fc-89ed-b7e503300f87 — How do I stop feeling like I'm broken and need to be fixed?
  Field: when_to_reach_out
  Issue: opening may rely on prior context (spot-check)
  Severity: WARN

Row 0a23465b-7daf-4571-9452-ff4fc341d987 — How do I stop feeling like I'm in danger when I'm actually …
  Field: primary_term
  Issue: does not clearly match condition in question
  Severity: WARN

Row 80cfc9ec-51ce-422e-b5a8-515322f52816 — How do I stop feeling like I'm not allowed to take up space?
  Field: what_can_help
  Issue: opening may rely on prior context (spot-check)
  Severity: WARN

Row 80cfc9ec-51ce-422e-b5a8-515322f52816 — How do I stop feeling like I'm not allowed to take up space?
  Field: when_to_reach_out
  Issue: opening may rely on prior context (spot-check)
  Severity: WARN

Row 5bb095cc-622c-445e-b435-97219b346c15 — How do I stop feeling like I'm not enough?
  Field: what_can_help
  Issue: opening may rely on prior context (spot-check)
  Severity: WARN

Row 774438d3-653e-47af-bf21-ee915ea6666f — How do I stop feeling like I'm not living up to my potentia…
  Field: when_to_reach_out
  Issue: opening may rely on prior context (spot-check)
  Severity: WARN

Row c3ec6df3-274b-4521-b071-49e38a86f603 — How do I stop feeling like I'm not living up to my own expe…
  Field: primary_term
  Issue: does not clearly match condition in question
  Severity: WARN

Row c3ec6df3-274b-4521-b071-49e38a86f603 — How do I stop feeling like I'm not living up to my own expe…
  Field: what_can_help
  Issue: opening may rely on prior context (spot-check)
  Severity: WARN

Row c3ec6df3-274b-4521-b071-49e38a86f603 — How do I stop feeling like I'm not living up to my own expe…
  Field: when_to_reach_out
  Issue: opening may rely on prior context (spot-check)
  Severity: WARN

Row cace00d0-f592-4f5c-bda8-51de7baf3daf — How do I stop feeling like I'm not worthy of good things?
  Field: primary_term
  Issue: does not clearly match condition in question
  Severity: WARN

Row cace00d0-f592-4f5c-bda8-51de7baf3daf — How do I stop feeling like I'm not worthy of good things?
  Field: what_can_help
  Issue: opening may rely on prior context (spot-check)
  Severity: WARN

Row a89bfd29-9aec-4f2e-989e-0db1dd9568c4 — How do I stop feeling like I'm wasting my life?
  Field: what_can_help
  Issue: opening may rely on prior context (spot-check)
  Severity: WARN

Row a89bfd29-9aec-4f2e-989e-0db1dd9568c4 — How do I stop feeling like I'm wasting my life?
  Field: when_to_reach_out
  Issue: opening may rely on prior context (spot-check)
  Severity: WARN

Row 1ce1b3e6-ad1f-412e-8d81-872a26a754b1 — How do I stop feeling like I'm wasting my potential?
  Field: primary_term
  Issue: does not clearly match condition in question
  Severity: WARN

Row 1ce1b3e6-ad1f-412e-8d81-872a26a754b1 — How do I stop feeling like I'm wasting my potential?
  Field: when_to_reach_out
  Issue: opening may rely on prior context (spot-check)
  Severity: WARN

Row bd49cb87-22e1-4bc8-b826-39954973f786 — How do I stop feeling like I'm wasting time when I'm not be…
  Field: primary_term
  Issue: does not clearly match condition in question
  Severity: WARN

Row 04c071df-30ea-4dd7-981f-195373aff87f — How do I stop feeling like I need everyone to like me?
  Field: primary_term
  Issue: does not clearly match condition in question
  Severity: WARN

Row 04c071df-30ea-4dd7-981f-195373aff87f — How do I stop feeling like I need everyone to like me?
  Field: when_to_reach_out
  Issue: opening may rely on prior context (spot-check)
  Severity: WARN

Row 5d96f463-9a88-4860-b612-a58268fd29b3 — How do I stop feeling like I need to earn love through achi…
  Field: when_to_reach_out
  Issue: opening may rely on prior context (spot-check)
  Severity: WARN

Row 002f7b2a-ca39-4afe-98e2-d0a480103ea6 — How do I stop feeling like I need to earn my place everywhe…
  Field: primary_term
  Issue: does not clearly match condition in question
  Severity: WARN

Row 002f7b2a-ca39-4afe-98e2-d0a480103ea6 — How do I stop feeling like I need to earn my place everywhe…
  Field: when_to_reach_out
  Issue: opening may rely on prior context (spot-check)
  Severity: WARN

Row 002f7b2a-ca39-4afe-98e2-d0a480103ea6 — How do I stop feeling like I need to earn my place everywhe…
  Field: word_count
  Issue: combined body 562 words (target 350–550)
  Severity: WARN

Row c3813252-974b-4337-8843-c9dba7688030 — How do I stop feeling like I need to fix everyone's problem…
  Field: what_can_help
  Issue: opening may rely on prior context (spot-check)
  Severity: WARN

Row 8234edce-a36b-47c3-83a9-eb33e5c57f26 — How do I stop feeling like I need to fix everyone around me?
  Field: what_can_help
  Issue: opening may rely on prior context (spot-check)
  Severity: WARN

Row 8234edce-a36b-47c3-83a9-eb33e5c57f26 — How do I stop feeling like I need to fix everyone around me?
  Field: when_to_reach_out
  Issue: opening may rely on prior context (spot-check)
  Severity: WARN

Row d02edc23-3e7f-4c85-9fa8-33c215c42c0f — How do I stop feeling like I need to prove myself constantl…
  Field: what_can_help
  Issue: opening may rely on prior context (spot-check)
  Severity: WARN

Row 66514680-6230-4b30-b89a-e3a2dbd1101e — How do I stop feeling overwhelmed by everything?
  Field: word_count
  Issue: combined body 589 words (target 350–550)
  Severity: WARN

Row 39dc378c-b41f-41e7-9139-06f5791f1255 — How do I stop feeling overwhelmed by financial decisions?
  Field: what_can_help
  Issue: opening may rely on prior context (spot-check)
  Severity: WARN

Row c83d519f-f9f6-4b03-99b1-7cdbab79797c — How do I stop feeling responsible for everyone else's emoti…
  Field: primary_term
  Issue: does not clearly match condition in question
  Severity: WARN

Row c83d519f-f9f6-4b03-99b1-7cdbab79797c — How do I stop feeling responsible for everyone else's emoti…
  Field: what_can_help
  Issue: opening may rely on prior context (spot-check)
  Severity: WARN

Row c83d519f-f9f6-4b03-99b1-7cdbab79797c — How do I stop feeling responsible for everyone else's emoti…
  Field: when_to_reach_out
  Issue: opening may rely on prior context (spot-check)
  Severity: WARN

Row b86c07cf-ff53-430d-b4bb-5dfb50af0507 — How do I stop having nightmares about traumatic events?
  Field: what_can_help
  Issue: opening may rely on prior context (spot-check)
  Severity: WARN

Row 1322b4a3-6593-42fb-9058-49c3fd88916c — How do I stop losing myself in romantic relationships?
  Field: what_can_help
  Issue: opening may rely on prior context (spot-check)
  Severity: WARN

Row 1322b4a3-6593-42fb-9058-49c3fd88916c — How do I stop losing myself in romantic relationships?
  Field: when_to_reach_out
  Issue: opening may rely on prior context (spot-check)
  Severity: WARN

Row cc57e7e9-5d4d-41c0-a8f8-7b24768b0db0 — How do I stop my mind from racing when I try to sleep?
  Field: what_can_help
  Issue: opening may rely on prior context (spot-check)
  Severity: WARN

Row cc57e7e9-5d4d-41c0-a8f8-7b24768b0db0 — How do I stop my mind from racing when I try to sleep?
  Field: when_to_reach_out
  Issue: opening may rely on prior context (spot-check)
  Severity: WARN

Row f4c9f6a1-5955-4a7b-aa0a-7390912366aa — How do I stop myself from saying hurtful things when I'm an…
  Field: when_to_reach_out
  Issue: opening may rely on prior context (spot-check)
  Severity: WARN

Row 68e3508a-400d-450b-aed9-9f0b6e75ab3b — How do I stop obsessing over health symptoms?
  Field: when_to_reach_out
  Issue: opening may rely on prior context (spot-check)
  Severity: WARN

Row 8fac9054-a620-4046-ad91-f957f4b1303d — How do I stop overthinking everything?
  Field: what_can_help
  Issue: opening may rely on prior context (spot-check)
  Severity: WARN

Row 65023e58-ce36-4004-a6d8-4ad92885b26b — How do I stop people-pleasing?
  Field: word_count
  Issue: combined body 569 words (target 350–550)
  Severity: WARN

Row 94f631d0-c9f4-467b-9fd0-4363513d77ce — How do I stop procrastinating when I'm afraid of not doing …
  Field: primary_term
  Issue: does not clearly match condition in question
  Severity: WARN

Row 94f631d0-c9f4-467b-9fd0-4363513d77ce — How do I stop procrastinating when I'm afraid of not doing …
  Field: when_to_reach_out
  Issue: opening may rely on prior context (spot-check)
  Severity: WARN

Row 62ee69b3-f28d-4f2b-bd0d-843216b1532f — How do I stop replaying arguments and angry moments in my h…
  Field: when_to_reach_out
  Issue: opening may rely on prior context (spot-check)
  Severity: WARN

Row 7bb1627b-769b-4e45-9cc7-e2f91f023774 — How do I stop ruminating about past mistakes?
  Field: primary_term
  Issue: does not clearly match condition in question
  Severity: WARN

Row 7bb1627b-769b-4e45-9cc7-e2f91f023774 — How do I stop ruminating about past mistakes?
  Field: what_can_help
  Issue: opening may rely on prior context (spot-check)
  Severity: WARN

Row b49779d2-9c0e-4cc8-ba01-61a58cacd035 — How do I stop stalking my ex on social media?
  Field: what_can_help
  Issue: opening may rely on prior context (spot-check)
  Severity: WARN

Row b49779d2-9c0e-4cc8-ba01-61a58cacd035 — How do I stop stalking my ex on social media?
  Field: when_to_reach_out
  Issue: opening may rely on prior context (spot-check)
  Severity: WARN

Row e61d07e8-db48-4883-8414-1460db8128a5 — How do I stop worrying about things I can't control?
  Field: what_can_help
  Issue: opening may rely on prior context (spot-check)
  Severity: WARN

Row e61d07e8-db48-4883-8414-1460db8128a5 — How do I stop worrying about things I can't control?
  Field: when_to_reach_out
  Issue: opening may rely on prior context (spot-check)
  Severity: WARN

Row 7a11ba99-ecc0-4688-a252-a2eec4337e50 — How do I support a family member who is struggling with add…
  Field: what_can_help
  Issue: opening may rely on prior context (spot-check)
  Severity: WARN

Row 7a11ba99-ecc0-4688-a252-a2eec4337e50 — How do I support a family member who is struggling with add…
  Field: when_to_reach_out
  Issue: opening may rely on prior context (spot-check)
  Severity: WARN

Row 7437dd73-3378-4489-93f4-3c64f1d15f3f — How do I support a friend who is depressed but won't seek h…
  Field: what_can_help
  Issue: opening may rely on prior context (spot-check)
  Severity: WARN

Row 7437dd73-3378-4489-93f4-3c64f1d15f3f — How do I support a friend who is depressed but won't seek h…
  Field: when_to_reach_out
  Issue: opening may rely on prior context (spot-check)
  Severity: WARN

Row 79efb90c-ff4c-4347-9fab-a541a4e50eee — How do I support a friend who is grieving?
  Field: when_to_reach_out
  Issue: opening may rely on prior context (spot-check)
  Severity: WARN

Row 7f4bb06a-21d2-44de-b1ee-d4c5cf0ffcb3 — How do I support a friend who is struggling with mental hea…
  Field: what_can_help
  Issue: opening may rely on prior context (spot-check)
  Severity: WARN

Row 7f4bb06a-21d2-44de-b1ee-d4c5cf0ffcb3 — How do I support a friend who is struggling with mental hea…
  Field: when_to_reach_out
  Issue: opening may rely on prior context (spot-check)
  Severity: WARN

Row 185c1730-182c-404e-ae5c-05b528f8e7b9 — How do I support a friend with depression without burning o…
  Field: what_can_help
  Issue: opening may rely on prior context (spot-check)
  Severity: WARN

Row 185c1730-182c-404e-ae5c-05b528f8e7b9 — How do I support a friend with depression without burning o…
  Field: when_to_reach_out
  Issue: opening may rely on prior context (spot-check)
  Severity: WARN

Row df8a0b37-bef1-472f-a97a-f592b18bf56a — How do I support a partner with depression without burning …
  Field: when_to_reach_out
  Issue: opening may rely on prior context (spot-check)
  Severity: WARN

Row df8a0b37-bef1-472f-a97a-f592b18bf56a — How do I support a partner with depression without burning …
  Field: word_count
  Issue: combined body 573 words (target 350–550)
  Severity: WARN

Row 29787d45-c576-4303-9b3f-5809b5db8c3e — How do I support my partner who is questioning their gender…
  Field: what_can_help
  Issue: opening may rely on prior context (spot-check)
  Severity: WARN

Row 29787d45-c576-4303-9b3f-5809b5db8c3e — How do I support my partner who is questioning their gender…
  Field: when_to_reach_out
  Issue: opening may rely on prior context (spot-check)
  Severity: WARN

Row 84a3bb12-4e79-4702-afeb-e3ac5debea48 — How do I support my teen through social media drama and cyb…
  Field: when_to_reach_out
  Issue: opening may rely on prior context (spot-check)
  Severity: WARN

Row 3f7a9a61-ba36-45b5-ab9a-2be727033c13 — How do I support someone in recovery without enabling them?
  Field: what_can_help
  Issue: opening may rely on prior context (spot-check)
  Severity: WARN

Row 3f7a9a61-ba36-45b5-ab9a-2be727033c13 — How do I support someone in recovery without enabling them?
  Field: when_to_reach_out
  Issue: opening may rely on prior context (spot-check)
  Severity: WARN

Row 6c1698e9-ff28-461d-a1ec-6f7d7545a41b — How do I survive a toxic work environment?
  Field: when_to_reach_out
  Issue: opening may rely on prior context (spot-check)
  Severity: WARN

Row 3f486c8e-a0a4-41e1-bbbc-5ef1e5149989 — How do I talk to my partner about difficult topics?
  Field: what_can_help
  Issue: opening may rely on prior context (spot-check)
  Severity: WARN

Row 3f486c8e-a0a4-41e1-bbbc-5ef1e5149989 — How do I talk to my partner about difficult topics?
  Field: when_to_reach_out
  Issue: opening may rely on prior context (spot-check)
  Severity: WARN

Row 3f486c8e-a0a4-41e1-bbbc-5ef1e5149989 — How do I talk to my partner about difficult topics?
  Field: word_count
  Issue: combined body 579 words (target 350–550)
  Severity: WARN

Row 080e0b49-b933-45c0-8187-a749632ef101 — How do I talk to my partner about sexual needs without feel…
  Field: what_can_help
  Issue: opening may rely on prior context (spot-check)
  Severity: WARN

Row 12af1636-4b2f-4160-987d-4d2f28ee5ad7 — How do I talk to my teen about academic pressure and perfec…
  Field: what_can_help
  Issue: opening may rely on prior context (spot-check)
  Severity: WARN

Row 12af1636-4b2f-4160-987d-4d2f28ee5ad7 — How do I talk to my teen about academic pressure and perfec…
  Field: when_to_reach_out
  Issue: opening may rely on prior context (spot-check)
  Severity: WARN

Row b2586818-c80c-422a-b945-5446a5fc9553 — How do I talk to my teen about depression without them shut…
  Field: what_can_help
  Issue: opening may rely on prior context (spot-check)
  Severity: WARN

Row b2586818-c80c-422a-b945-5446a5fc9553 — How do I talk to my teen about depression without them shut…
  Field: when_to_reach_out
  Issue: opening may rely on prior context (spot-check)
  Severity: WARN

Row 272854c3-261e-4bf1-9b44-d1c66de103c0 — How do I talk to my teenager about depression?
  Field: when_to_reach_out
  Issue: opening may rely on prior context (spot-check)
  Severity: WARN

Row 42a8ba99-428d-4eab-bb83-c5f29d4163c5 — How do I talk to my teenager about substance use?
  Field: what_can_help
  Issue: opening may rely on prior context (spot-check)
  Severity: WARN

Row 42a8ba99-428d-4eab-bb83-c5f29d4163c5 — How do I talk to my teenager about substance use?
  Field: when_to_reach_out
  Issue: opening may rely on prior context (spot-check)
  Severity: WARN

Row 55e50b76-7803-466d-8d7c-98677861d0fc — How do I talk to my therapist about my relationship with AI?
  Field: what_can_help
  Issue: opening may rely on prior context (spot-check)
  Severity: WARN

Row 55e50b76-7803-466d-8d7c-98677861d0fc — How do I talk to my therapist about my relationship with AI?
  Field: when_to_reach_out
  Issue: opening may rely on prior context (spot-check)
  Severity: WARN

Row f26e753d-ace2-493f-97c8-393e596b3583 — How do I tell if I'm depressed or just going through a roug…
  Field: primary_term
  Issue: does not clearly match condition in question
  Severity: WARN

Row f26e753d-ace2-493f-97c8-393e596b3583 — How do I tell if I'm depressed or just going through a roug…
  Field: what_can_help
  Issue: opening may rely on prior context (spot-check)
  Severity: WARN

Row a60be08f-c0c7-4298-b5ab-0c9ce42acaac — How do I tell if my social media use is unhealthy?
  Field: what_can_help
  Issue: opening may rely on prior context (spot-check)
  Severity: WARN

Row ac53192e-e018-4018-9175-4e343851a905 — How do I tell my children about our divorce?
  Field: when_to_reach_out
  Issue: opening may rely on prior context (spot-check)
  Severity: WARN

Row ac53192e-e018-4018-9175-4e343851a905 — How do I tell my children about our divorce?
  Field: word_count
  Issue: combined body 567 words (target 350–550)
  Severity: WARN

Row ca3333c7-13ed-495f-8aaf-bb0571649e09 — How do I tell my family I'm going to treatment?
  Field: what_can_help
  Issue: opening may rely on prior context (spot-check)
  Severity: WARN

Row ca3333c7-13ed-495f-8aaf-bb0571649e09 — How do I tell my family I'm going to treatment?
  Field: when_to_reach_out
  Issue: opening may rely on prior context (spot-check)
  Severity: WARN

Row e85098b5-45c6-49b1-905c-55fd635c6a97 — How do I tell my family I think I'm autistic?
  Field: primary_term
  Issue: does not clearly match condition in question
  Severity: WARN

Row e85098b5-45c6-49b1-905c-55fd635c6a97 — How do I tell my family I think I'm autistic?
  Field: what_can_help
  Issue: opening may rely on prior context (spot-check)
  Severity: WARN

Row f94fdc4b-177e-4d14-86e5-5edf645eb504 — How do I tell my friends I'm sober without making it weird?
  Field: when_to_reach_out
  Issue: opening may rely on prior context (spot-check)
  Severity: WARN

Row 8d7f8813-f801-4999-be9c-46b951787f1a — How do I tell my partner about my depression?
  Field: what_can_help
  Issue: opening may rely on prior context (spot-check)
  Severity: WARN

Row 6d8974ff-1fc4-4095-ba3b-aafc73d95887 — How has my addiction affected my relationships?
  Field: when_to_reach_out
  Issue: opening may rely on prior context (spot-check)
  Severity: WARN

Row 6d8974ff-1fc4-4095-ba3b-aafc73d95887 — How has my addiction affected my relationships?
  Field: word_count
  Issue: combined body 583 words (target 350–550)
  Severity: WARN

Row adefe2a3-475d-49ad-b350-dcd8ba824449 — How is depression different in elderly people?
  Field: what_can_help
  Issue: opening may rely on prior context (spot-check)
  Severity: WARN

Row adefe2a3-475d-49ad-b350-dcd8ba824449 — How is depression different in elderly people?
  Field: when_to_reach_out
  Issue: opening may rely on prior context (spot-check)
  Severity: WARN

Row 4eb9ccd2-d05e-4177-9bf7-7c43ef80ad34 — How long does therapy typically take?
  Field: what_can_help
  Issue: opening may rely on prior context (spot-check)
  Severity: WARN

Row 4eb9ccd2-d05e-4177-9bf7-7c43ef80ad34 — How long does therapy typically take?
  Field: when_to_reach_out
  Issue: opening may rely on prior context (spot-check)
  Severity: WARN

Row 6088fe2a-0f14-4943-9d1f-3695a8411df3 — How long do I have to take psychiatric medication?
  Field: what_can_help
  Issue: opening may rely on prior context (spot-check)
  Severity: WARN

Row 6088fe2a-0f14-4943-9d1f-3695a8411df3 — How long do I have to take psychiatric medication?
  Field: when_to_reach_out
  Issue: opening may rely on prior context (spot-check)
  Severity: WARN

Row 58093f94-bd31-4313-bc94-a6cdc2e162bb — How long is it normal to grieve after losing someone?
  Field: when_to_reach_out
  Issue: opening may rely on prior context (spot-check)
  Severity: WARN

Row cdab3232-53a3-4469-90fc-3fef546b5966 — How long should it take me to get over a breakup?
  Field: what_can_help
  Issue: opening may rely on prior context (spot-check)
  Severity: WARN

Row cdab3232-53a3-4469-90fc-3fef546b5966 — How long should it take me to get over a breakup?
  Field: when_to_reach_out
  Issue: opening may rely on prior context (spot-check)
  Severity: WARN

Row 14da4654-31c2-481e-8c7e-78b311ef6db6 — How long should I wait before making major life decisions i…
  Field: what_can_help
  Issue: opening may rely on prior context (spot-check)
  Severity: WARN

Row 14da4654-31c2-481e-8c7e-78b311ef6db6 — How long should I wait before making major life decisions i…
  Field: when_to_reach_out
  Issue: opening may rely on prior context (spot-check)
  Severity: WARN

Row 2dbac3c4-c752-440f-8a13-ce571c428d6d — How can managers talk about AI without increasing employee …
  Field: what_can_help
  Issue: opening may rely on prior context (spot-check)
  Severity: WARN

Row 2dbac3c4-c752-440f-8a13-ce571c428d6d — How can managers talk about AI without increasing employee …
  Field: when_to_reach_out
  Issue: opening may rely on prior context (spot-check)
  Severity: WARN

Row bf99327a-654a-4bd2-a503-a594a2b5fbce — How can I apologize in a way that actually repairs trust?
  Field: when_to_reach_out
  Issue: opening may rely on prior context (spot-check)
  Severity: WARN

Row 1df5d067-a0bc-4167-ad09-fd45a78c2fc5 — How do I co-parent with someone I do not trust?
  Field: what_can_help
  Issue: opening may rely on prior context (spot-check)
  Severity: WARN

Row 1df5d067-a0bc-4167-ad09-fd45a78c2fc5 — How do I co-parent with someone I do not trust?
  Field: when_to_reach_out
  Issue: opening may rely on prior context (spot-check)
  Severity: WARN

Row 426a67cd-df90-4dd0-b153-6ceb0020d16b — How do I know if AI is helping my therapy or replacing it?
  Field: what_can_help
  Issue: opening may rely on prior context (spot-check)
  Severity: WARN

Row 426a67cd-df90-4dd0-b153-6ceb0020d16b — How do I know if AI is helping my therapy or replacing it?
  Field: when_to_reach_out
  Issue: opening may rely on prior context (spot-check)
  Severity: WARN

Row 510dce1e-0e0d-4d13-8c31-862273e821aa — How do I know if my teenager is too attached to AI?
  Field: primary_term
  Issue: does not clearly match condition in question
  Severity: WARN

Row 510dce1e-0e0d-4d13-8c31-862273e821aa — How do I know if my teenager is too attached to AI?
  Field: what_can_help
  Issue: opening may rely on prior context (spot-check)
  Severity: WARN

Row 510dce1e-0e0d-4d13-8c31-862273e821aa — How do I know if my teenager is too attached to AI?
  Field: when_to_reach_out
  Issue: opening may rely on prior context (spot-check)
  Severity: WARN

Row 6ddee526-19c3-41d3-bd25-d26949b680b0 — How do I set boundaries with AI tools?
  Field: when_to_reach_out
  Issue: opening may rely on prior context (spot-check)
  Severity: WARN

Row 35432505-7046-4a35-b179-6d5abad92882 — How do I stop checking AI for every decision?
  Field: when_to_reach_out
  Issue: opening may rely on prior context (spot-check)
  Severity: WARN

Row 31c3f339-73cc-4704-bb99-1ca3955bc2f8 — How do I talk to my teenager about AI relationships?
  Field: what_can_help
  Issue: opening may rely on prior context (spot-check)
  Severity: WARN

Row 31c3f339-73cc-4704-bb99-1ca3955bc2f8 — How do I talk to my teenager about AI relationships?
  Field: when_to_reach_out
  Issue: opening may rely on prior context (spot-check)
  Severity: WARN

Row 31c3f339-73cc-4704-bb99-1ca3955bc2f8 — How do I talk to my teenager about AI relationships?
  Field: word_count
  Issue: combined body 594 words (target 350–550)
  Severity: WARN

Row f0ee5173-e394-473e-b8c0-5d9d099d51d0 — How can I tell if an AI conversation is making me paranoid?
  Field: primary_term
  Issue: does not clearly match condition in question
  Severity: WARN

Row f0ee5173-e394-473e-b8c0-5d9d099d51d0 — How can I tell if an AI conversation is making me paranoid?
  Field: when_to_reach_out
  Issue: opening may rely on prior context (spot-check)
  Severity: WARN

Row a3d9d305-c01e-4946-9e01-1653ae5f82af — How do I use AI without losing my own voice?
  Field: what_can_help
  Issue: opening may rely on prior context (spot-check)
  Severity: WARN

Row a3d9d305-c01e-4946-9e01-1653ae5f82af — How do I use AI without losing my own voice?
  Field: when_to_reach_out
  Issue: opening may rely on prior context (spot-check)
  Severity: WARN

Row 33597c8d-19f3-4be5-a844-f207a649f7fb — I cannot stop checking if I locked the door before leaving
  Field: primary_term
  Issue: does not clearly match condition in question
  Severity: WARN

Row dad32643-cbe5-4630-b606-6ec5d88d4ef7 — I feel guilty for resting and doing nothing. How do I overc…
  Field: what_can_help
  Issue: opening may rely on prior context (spot-check)
  Severity: WARN

Row bdb666a7-5455-44e3-92cf-d190885e68ec — I'm afraid of becoming dependent on antidepressants. Is thi…
  Field: what_can_help
  Issue: opening may rely on prior context (spot-check)
  Severity: WARN

Row bdb666a7-5455-44e3-92cf-d190885e68ec — I'm afraid of becoming dependent on antidepressants. Is thi…
  Field: when_to_reach_out
  Issue: opening may rely on prior context (spot-check)
  Severity: WARN

Row 72a0b719-6e5d-4e96-b579-51dd3c4b68a2 — I'm having thoughts of suicide - what should I do right now?
  Field: what_can_help
  Issue: opening may rely on prior context (spot-check)
  Severity: WARN

Row 72a0b719-6e5d-4e96-b579-51dd3c4b68a2 — I'm having thoughts of suicide - what should I do right now?
  Field: when_to_reach_out
  Issue: opening may rely on prior context (spot-check)
  Severity: WARN

Row 54cec8a0-bc09-4ec4-a252-37a3a8c7fdad — Is AI making it harder for me to tolerate emotional discomf…
  Field: what_can_help
  Issue: opening may rely on prior context (spot-check)
  Severity: WARN

Row 54cec8a0-bc09-4ec4-a252-37a3a8c7fdad — Is AI making it harder for me to tolerate emotional discomf…
  Field: when_to_reach_out
  Issue: opening may rely on prior context (spot-check)
  Severity: WARN

Row 0befbe52-ae75-43fa-9080-39ddc52d4143 — Is it bad to take naps when I'm depressed?
  Field: primary_term
  Issue: does not clearly match condition in question
  Severity: WARN

Row 0befbe52-ae75-43fa-9080-39ddc52d4143 — Is it bad to take naps when I'm depressed?
  Field: what_can_help
  Issue: opening may rely on prior context (spot-check)
  Severity: WARN

Row 0befbe52-ae75-43fa-9080-39ddc52d4143 — Is it bad to take naps when I'm depressed?
  Field: when_to_reach_out
  Issue: opening may rely on prior context (spot-check)
  Severity: WARN

Row 33ae833a-0f8d-41f0-a2e2-0fd8b47d2c5a — Is it my responsibility to make my partner happy?
  Field: when_to_reach_out
  Issue: opening may rely on prior context (spot-check)
  Severity: WARN

Row 33ae833a-0f8d-41f0-a2e2-0fd8b47d2c5a — Is it my responsibility to make my partner happy?
  Field: word_count
  Issue: combined body 575 words (target 350–550)
  Severity: WARN

Row 7f7bd4ee-eb43-4598-91b0-61766e0918ba — Is it normal to be scared of starting psychiatric medicatio…
  Field: what_can_help
  Issue: opening may rely on prior context (spot-check)
  Severity: WARN

Row 7f7bd4ee-eb43-4598-91b0-61766e0918ba — Is it normal to be scared of starting psychiatric medicatio…
  Field: when_to_reach_out
  Issue: opening may rely on prior context (spot-check)
  Severity: WARN

Row 8f7b0a2c-c107-4a04-bb8b-fc848bdf6edb — Is it normal to cry for no apparent reason?
  Field: what_can_help
  Issue: opening may rely on prior context (spot-check)
  Severity: WARN

Row 8f7b0a2c-c107-4a04-bb8b-fc848bdf6edb — Is it normal to cry for no apparent reason?
  Field: when_to_reach_out
  Issue: opening may rely on prior context (spot-check)
  Severity: WARN

Row 8ce63a78-69cb-4b52-b2a1-396b73cb3bae — Is it normal to dread going to work every day?
  Field: what_can_help
  Issue: opening may rely on prior context (spot-check)
  Severity: WARN

Row 9015689e-41c5-47f9-9e49-ab21e8fffdfa — Is it normal to feel angry after someone dies?
  Field: primary_term
  Issue: does not clearly match condition in question
  Severity: WARN

Row 9015689e-41c5-47f9-9e49-ab21e8fffdfa — Is it normal to feel angry after someone dies?
  Field: when_to_reach_out
  Issue: opening may rely on prior context (spot-check)
  Severity: WARN

Row 9015689e-41c5-47f9-9e49-ab21e8fffdfa — Is it normal to feel angry after someone dies?
  Field: word_count
  Issue: combined body 562 words (target 350–550)
  Severity: WARN

Row b6a8042a-7658-4a8a-8cb2-4b245bfac742 — Is it normal to feel angry at God or religion?
  Field: when_to_reach_out
  Issue: opening may rely on prior context (spot-check)
  Severity: WARN

Row 19d37961-9646-45de-81d0-54fb4fcb2f0e — Is it normal to feel anxious about being happy?
  Field: primary_term
  Issue: does not clearly match condition in question
  Severity: WARN

Row a0591b87-562a-4ff6-acde-2bb25edd0c70 — Is it normal to feel bored in early recovery?
  Field: when_to_reach_out
  Issue: opening may rely on prior context (spot-check)
  Severity: WARN

Row 06c9b672-6364-4b1f-8b43-9b2f7900d575 — Is it normal to feel bored or empty after getting sober?
  Field: primary_term
  Issue: does not clearly match condition in question
  Severity: WARN

Row 06c9b672-6364-4b1f-8b43-9b2f7900d575 — Is it normal to feel bored or empty after getting sober?
  Field: when_to_reach_out
  Issue: opening may rely on prior context (spot-check)
  Severity: WARN

Row 621b0ee7-c2a4-466d-be36-144b0ecb376d — Is it normal to feel guilty about spending money on myself?
  Field: what_can_help
  Issue: opening may rely on prior context (spot-check)
  Severity: WARN

Row ccd0a267-9892-4fa6-b4df-1bbaa4f30ad0 — Is it normal to feel jealous of people who seem financially…
  Field: when_to_reach_out
  Issue: opening may rely on prior context (spot-check)
  Severity: WARN

Row 637ebed6-d1c4-4d52-8f76-7f1bae3a19ff — Is it normal to feel lonely even when I'm around people?
  Field: what_can_help
  Issue: opening may rely on prior context (spot-check)
  Severity: WARN

Row 637ebed6-d1c4-4d52-8f76-7f1bae3a19ff — Is it normal to feel lonely even when I'm around people?
  Field: when_to_reach_out
  Issue: opening may rely on prior context (spot-check)
  Severity: WARN

Row fd992a6a-f71c-4641-8fe0-a164c632b803 — Is it normal to feel nauseous when I'm really anxious?
  Field: primary_term
  Issue: does not clearly match condition in question
  Severity: WARN

Row 0b4555ce-ace3-410b-85aa-3cb6cb8e712c — Is it normal to feel nothing after someone dies?
  Field: what_can_help
  Issue: opening may rely on prior context (spot-check)
  Severity: WARN

Row 0b4555ce-ace3-410b-85aa-3cb6cb8e712c — Is it normal to feel nothing after someone dies?
  Field: when_to_reach_out
  Issue: opening may rely on prior context (spot-check)
  Severity: WARN

Row 36e622b1-4d72-4d76-9095-f2efb397e419 — Is it normal to feel relief when someone dies after a long …
  Field: what_can_help
  Issue: opening may rely on prior context (spot-check)
  Severity: WARN

Row 36e622b1-4d72-4d76-9095-f2efb397e419 — Is it normal to feel relief when someone dies after a long …
  Field: when_to_reach_out
  Issue: opening may rely on prior context (spot-check)
  Severity: WARN

Row 145f90c0-b571-4e84-b9cb-f0c46a80bed0 — Is it normal to feel scared of dating again after a bad bre…
  Field: what_can_help
  Issue: opening may rely on prior context (spot-check)
  Severity: WARN

Row 145f90c0-b571-4e84-b9cb-f0c46a80bed0 — Is it normal to feel scared of dating again after a bad bre…
  Field: when_to_reach_out
  Issue: opening may rely on prior context (spot-check)
  Severity: WARN

Row ffda7cfd-3b00-4a72-9dad-2b6e98a25bc2 — Is it normal to have existential thoughts when I can't slee…
  Field: when_to_reach_out
  Issue: opening may rely on prior context (spot-check)
  Severity: WARN

Row a8e7dac4-292c-4cab-b405-8fa6233f85f1 — Is it normal to have trust issues after being cheated on?
  Field: when_to_reach_out
  Issue: opening may rely on prior context (spot-check)
  Severity: WARN

Row a8e7dac4-292c-4cab-b405-8fa6233f85f1 — Is it normal to have trust issues after being cheated on?
  Field: word_count
  Issue: combined body 551 words (target 350–550)
  Severity: WARN

Row f0967d8a-8a50-48fb-9976-60dcd5ed5c57 — Is it normal to lose sleep over money worries?
  Field: primary_term
  Issue: does not clearly match condition in question
  Severity: WARN

Row f0967d8a-8a50-48fb-9976-60dcd5ed5c57 — Is it normal to lose sleep over money worries?
  Field: what_can_help
  Issue: opening may rely on prior context (spot-check)
  Severity: WARN

Row bc4b3722-2b1a-4f6b-b5a5-45c1cb0f8684 — Is it normal to miss aspects of my old faith?
  Field: when_to_reach_out
  Issue: opening may rely on prior context (spot-check)
  Severity: WARN

Row 488cbec5-7be5-4726-b6ba-60b17439bc79 — Is it normal to not remember parts of my childhood?
  Field: when_to_reach_out
  Issue: opening may rely on prior context (spot-check)
  Severity: WARN

Row b74b065f-8dbd-472b-b7ce-82d3dcac6c8c — Is it normal to prefer being alone most of the time?
  Field: primary_term
  Issue: does not clearly match condition in question
  Severity: WARN

Row b74b065f-8dbd-472b-b7ce-82d3dcac6c8c — Is it normal to prefer being alone most of the time?
  Field: what_can_help
  Issue: opening may rely on prior context (spot-check)
  Severity: WARN

Row b74b065f-8dbd-472b-b7ce-82d3dcac6c8c — Is it normal to prefer being alone most of the time?
  Field: when_to_reach_out
  Issue: opening may rely on prior context (spot-check)
  Severity: WARN

Row 95cf5394-0ac4-48b7-bb14-a43083fdcc63 — Is it normal to question your sexual orientation later in l…
  Field: when_to_reach_out
  Issue: opening may rely on prior context (spot-check)
  Severity: WARN

Row 95cf5394-0ac4-48b7-bb14-a43083fdcc63 — Is it normal to question your sexual orientation later in l…
  Field: word_count
  Issue: combined body 573 words (target 350–550)
  Severity: WARN

Row 0e3de0c2-7639-4c1f-931a-b230fbc3c973 — Is it okay to date someone in early recovery?
  Field: when_to_reach_out
  Issue: opening may rely on prior context (spot-check)
  Severity: WARN

Row 0e3de0c2-7639-4c1f-931a-b230fbc3c973 — Is it okay to date someone in early recovery?
  Field: word_count
  Issue: combined body 591 words (target 350–550)
  Severity: WARN

Row 69a55c7a-b40a-4b6e-815f-25e60081252b — Is it okay to self-diagnose with information from the inter…
  Field: primary_term
  Issue: does not clearly match condition in question
  Severity: WARN

Row dde08134-d890-487a-b8dd-c141ecec6442 — Is it okay to still miss my ex even though the relationship…
  Field: what_can_help
  Issue: opening may rely on prior context (spot-check)
  Severity: WARN

Row dde08134-d890-487a-b8dd-c141ecec6442 — Is it okay to still miss my ex even though the relationship…
  Field: when_to_reach_out
  Issue: opening may rely on prior context (spot-check)
  Severity: WARN

Row c2c0ee45-43de-4cfa-b997-e4b976ef90da — Is it okay to use AI to talk to someone who died?
  Field: primary_term
  Issue: does not clearly match condition in question
  Severity: WARN

Row c2c0ee45-43de-4cfa-b997-e4b976ef90da — Is it okay to use AI to talk to someone who died?
  Field: when_to_reach_out
  Issue: opening may rely on prior context (spot-check)
  Severity: WARN

Row 4aaaa7ef-81ac-47b5-9ce5-b435da019ce6 — Is it pathetic to eat dinner alone every night?
  Field: primary_term
  Issue: does not clearly match condition in question
  Severity: WARN

Row 4aaaa7ef-81ac-47b5-9ce5-b435da019ce6 — Is it pathetic to eat dinner alone every night?
  Field: what_can_help
  Issue: opening may rely on prior context (spot-check)
  Severity: WARN

Row a980fdfe-e9d7-471d-95dd-03f8dc7a0e25 — Is it possible to be addicted to social media?
  Field: what_can_help
  Issue: opening may rely on prior context (spot-check)
  Severity: WARN

Row a980fdfe-e9d7-471d-95dd-03f8dc7a0e25 — Is it possible to be addicted to social media?
  Field: when_to_reach_out
  Issue: opening may rely on prior context (spot-check)
  Severity: WARN

Row 61cc947b-4993-4d63-b2e2-33fea903ed37 — Is it possible to fall in love with an AI?
  Field: primary_term
  Issue: does not clearly match condition in question
  Severity: WARN

Row b1b2114a-20dc-4dd5-9006-7cdc0bb0ad1d — Is it possible to use substances occasionally after addicti…
  Field: when_to_reach_out
  Issue: opening may rely on prior context (spot-check)
  Severity: WARN

Row d39b0457-e383-4e09-a05f-df997d14d518 — Is it unhealthy to prefer talking to AI over friends?
  Field: what_can_help
  Issue: opening may rely on prior context (spot-check)
  Severity: WARN

Row d39b0457-e383-4e09-a05f-df997d14d518 — Is it unhealthy to prefer talking to AI over friends?
  Field: when_to_reach_out
  Issue: opening may rely on prior context (spot-check)
  Severity: WARN

Row f4e9c072-b715-4eef-97b3-cf8d7d20db9b — Is my constant need to talk to an AI a form of emotional av…
  Field: what_can_help
  Issue: opening may rely on prior context (spot-check)
  Severity: WARN

Row f4e9c072-b715-4eef-97b3-cf8d7d20db9b — Is my constant need to talk to an AI a form of emotional av…
  Field: when_to_reach_out
  Issue: opening may rely on prior context (spot-check)
  Severity: WARN

Row f4e9c072-b715-4eef-97b3-cf8d7d20db9b — Is my constant need to talk to an AI a form of emotional av…
  Field: word_count
  Issue: combined body 583 words (target 350–550)
  Severity: WARN

Row a7849da4-c401-49ca-9214-b44535b69a84 — Is using AI at work making me feel more isolated from my co…
  Field: primary_term
  Issue: does not clearly match condition in question
  Severity: WARN

Row a7849da4-c401-49ca-9214-b44535b69a84 — Is using AI at work making me feel more isolated from my co…
  Field: when_to_reach_out
  Issue: opening may rely on prior context (spot-check)
  Severity: WARN

Row 93bd5ee8-2bf3-4234-babb-df40195b8140 — Is using AI to check if I'm a bad person making things wors…
  Field: primary_term
  Issue: does not clearly match condition in question
  Severity: WARN

Row 93bd5ee8-2bf3-4234-babb-df40195b8140 — Is using AI to check if I'm a bad person making things wors…
  Field: what_can_help
  Issue: opening may rely on prior context (spot-check)
  Severity: WARN

Row 93bd5ee8-2bf3-4234-babb-df40195b8140 — Is using AI to check if I'm a bad person making things wors…
  Field: when_to_reach_out
  Issue: opening may rely on prior context (spot-check)
  Severity: WARN

Row eb18ded4-c8a6-4947-8583-712b27623e3b — My mind races with worst-case scenarios whenever plans chan…
  Field: primary_term
  Issue: does not clearly match condition in question
  Severity: WARN

Row ddfb8676-7c1f-4694-bd0f-b648ec55ee9f — How do I know if I need therapy or just more support from f…
  Field: when_to_reach_out
  Issue: opening may rely on prior context (spot-check)
  Severity: WARN

Row 0f22d2f7-c6bc-4948-83d2-e602c80294d3 — How can I rebuild real-world connection after relying on AI?
  Field: what_can_help
  Issue: opening may rely on prior context (spot-check)
  Severity: WARN

Row 0f22d2f7-c6bc-4948-83d2-e602c80294d3 — How can I rebuild real-world connection after relying on AI?
  Field: when_to_reach_out
  Issue: opening may rely on prior context (spot-check)
  Severity: WARN

Row 0f22d2f7-c6bc-4948-83d2-e602c80294d3 — How can I rebuild real-world connection after relying on AI?
  Field: word_count
  Issue: combined body 587 words (target 350–550)
  Severity: WARN

Row 5c77dde7-ae2d-4169-b8b8-e9f2a1592a71 — How can I repair my relationship with my adult child?
  Field: what_can_help
  Issue: opening may rely on prior context (spot-check)
  Severity: WARN

Row 5c77dde7-ae2d-4169-b8b8-e9f2a1592a71 — How can I repair my relationship with my adult child?
  Field: when_to_reach_out
  Issue: opening may rely on prior context (spot-check)
  Severity: WARN

Row dddb528a-d0f0-4979-9915-18f60f06c31b — How do I set a boundary without sounding harsh?
  Field: primary_term
  Issue: does not clearly match condition in question
  Severity: WARN

Row dddb528a-d0f0-4979-9915-18f60f06c31b — How do I set a boundary without sounding harsh?
  Field: what_can_help
  Issue: opening may rely on prior context (spot-check)
  Severity: WARN

Row dddb528a-d0f0-4979-9915-18f60f06c31b — How do I set a boundary without sounding harsh?
  Field: when_to_reach_out
  Issue: opening may rely on prior context (spot-check)
  Severity: WARN

Row df107d59-7239-4b8f-83cf-081b25545e4e — Should I avoid all mood-altering substances in recovery?
  Field: when_to_reach_out
  Issue: opening may rely on prior context (spot-check)
  Severity: WARN

Row 02cf3411-f1d7-425d-9d33-5a50faa8ed31 — Should I be concerned about my teenager's relationship with…
  Field: primary_term
  Issue: does not clearly match condition in question
  Severity: WARN

Row 02cf3411-f1d7-425d-9d33-5a50faa8ed31 — Should I be concerned about my teenager's relationship with…
  Field: what_can_help
  Issue: opening may rely on prior context (spot-check)
  Severity: WARN

Row 02cf3411-f1d7-425d-9d33-5a50faa8ed31 — Should I be concerned about my teenager's relationship with…
  Field: when_to_reach_out
  Issue: opening may rely on prior context (spot-check)
  Severity: WARN

Row 7d8bc4cc-c8a5-4e88-8ee0-929f5fa493c6 — Should I give my addicted family member money for basic nee…
  Field: what_can_help
  Issue: opening may rely on prior context (spot-check)
  Severity: WARN

Row 7d8bc4cc-c8a5-4e88-8ee0-929f5fa493c6 — Should I give my addicted family member money for basic nee…
  Field: when_to_reach_out
  Issue: opening may rely on prior context (spot-check)
  Severity: WARN

Row 8eb1d4f2-a815-497e-a206-523c3f467eeb — Should I stay in a relationship where my partner is still u…
  Field: what_can_help
  Issue: opening may rely on prior context (spot-check)
  Severity: WARN

Row 8eb1d4f2-a815-497e-a206-523c3f467eeb — Should I stay in a relationship where my partner is still u…
  Field: when_to_reach_out
  Issue: opening may rely on prior context (spot-check)
  Severity: WARN

Row b0ec04a2-1f07-438b-9694-dd37e901b7cf — Should I tell my employer about going to treatment?
  Field: what_can_help
  Issue: opening may rely on prior context (spot-check)
  Severity: WARN

Row b0ec04a2-1f07-438b-9694-dd37e901b7cf — Should I tell my employer about going to treatment?
  Field: when_to_reach_out
  Issue: opening may rely on prior context (spot-check)
  Severity: WARN

Row b0ec04a2-1f07-438b-9694-dd37e901b7cf — Should I tell my employer about going to treatment?
  Field: word_count
  Issue: combined body 579 words (target 350–550)
  Severity: WARN

Row 8ff7ccc9-183a-443a-8ebf-c326d7403b9d — Should I tell my employer about my depression?
  Field: what_can_help
  Issue: opening may rely on prior context (spot-check)
  Severity: WARN

Row 8ff7ccc9-183a-443a-8ebf-c326d7403b9d — Should I tell my employer about my depression?
  Field: word_count
  Issue: combined body 600 words (target 350–550)
  Severity: WARN

Row 2c9ae41d-48f9-43f1-8af0-a401c1eb830f — Should I tell my therapist everything?
  Field: primary_term
  Issue: does not clearly match condition in question
  Severity: WARN

Row 2c9ae41d-48f9-43f1-8af0-a401c1eb830f — Should I tell my therapist everything?
  Field: what_can_help
  Issue: unresolved hedge: "Progress in therapy rarely depends on saying everything at once. It depends on saying the right things at the right time…"
  Severity: WARN

Row 2c9ae41d-48f9-43f1-8af0-a401c1eb830f — Should I tell my therapist everything?
  Field: when_to_reach_out
  Issue: opening may rely on prior context (spot-check)
  Severity: WARN

Row 4933c4cb-3dab-4fe1-bb5c-e6d1dd086c41 — Should I tell my therapist how much I use AI for emotional …
  Field: what_can_help
  Issue: opening may rely on prior context (spot-check)
  Severity: WARN

Row 4933c4cb-3dab-4fe1-bb5c-e6d1dd086c41 — Should I tell my therapist how much I use AI for emotional …
  Field: when_to_reach_out
  Issue: opening may rely on prior context (spot-check)
  Severity: WARN

Row 51c66bd3-0c81-4a47-b340-1c454ca88bb8 — Should I use AI to analyze my partner's texts?
  Field: primary_term
  Issue: does not clearly match condition in question
  Severity: WARN

Row 51c66bd3-0c81-4a47-b340-1c454ca88bb8 — Should I use AI to analyze my partner's texts?
  Field: what_can_help
  Issue: opening may rely on prior context (spot-check)
  Severity: WARN

Row 51c66bd3-0c81-4a47-b340-1c454ca88bb8 — Should I use AI to analyze my partner's texts?
  Field: when_to_reach_out
  Issue: opening may rely on prior context (spot-check)
  Severity: WARN

Row 34a9b274-f36d-4674-88a9-a39e94378ba0 — Should parents limit AI companion use for teens?
  Field: what_can_help
  Issue: opening may rely on prior context (spot-check)
  Severity: WARN

Row 34a9b274-f36d-4674-88a9-a39e94378ba0 — Should parents limit AI companion use for teens?
  Field: when_to_reach_out
  Issue: opening may rely on prior context (spot-check)
  Severity: WARN

Row f278337a-b677-4289-9ebe-e97ef38b3f0a — How do I stay mentally healthy while learning AI tools for …
  Field: when_to_reach_out
  Issue: opening may rely on prior context (spot-check)
  Severity: WARN

Row 71c72887-f87d-40c4-b005-c550b1caaee7 — How can I support someone who is struggling with addiction …
  Field: what_can_help
  Issue: opening may rely on prior context (spot-check)
  Severity: WARN

Row 71c72887-f87d-40c4-b005-c550b1caaee7 — How can I support someone who is struggling with addiction …
  Field: when_to_reach_out
  Issue: opening may rely on prior context (spot-check)
  Severity: WARN

Row 86143b60-7204-4dae-9389-1cc055129eb9 — How can I take a break from AI without feeling abandoned?
  Field: primary_term
  Issue: does not clearly match condition in question
  Severity: WARN

Row 86143b60-7204-4dae-9389-1cc055129eb9 — How can I take a break from AI without feeling abandoned?
  Field: when_to_reach_out
  Issue: opening may rely on prior context (spot-check)
  Severity: WARN

Row 0abb94ef-b473-48c1-af40-68d4632138c8 — What are warning signs that AI use is hurting my mental hea…
  Field: what_can_help
  Issue: opening may rely on prior context (spot-check)
  Severity: WARN

Row 0abb94ef-b473-48c1-af40-68d4632138c8 — What are warning signs that AI use is hurting my mental hea…
  Field: when_to_reach_out
  Issue: opening may rely on prior context (spot-check)
  Severity: WARN

Row 86f3fde7-5b9e-4e91-994c-88edc63bb3e0 — What are body scan meditations and how do they help?
  Field: what_can_help
  Issue: opening may rely on prior context (spot-check)
  Severity: WARN

Row 53d475f5-9ee0-4eca-a7ba-74a261eca590 — What are healthy ways to cope with flashbacks?
  Field: what_can_help
  Issue: opening may rely on prior context (spot-check)
  Severity: WARN

Row 2e19eb8a-1b5c-419a-944d-dc7c3265ea89 — What are signs that my parenting style might be too strict …
  Field: when_to_reach_out
  Issue: opening may rely on prior context (spot-check)
  Severity: WARN

Row f0aba38f-2a6c-4721-a536-e3d661f53433 — What are some healthy ways to celebrate milestones in recov…
  Field: what_can_help
  Issue: opening may rely on prior context (spot-check)
  Severity: WARN

Row f0aba38f-2a6c-4721-a536-e3d661f53433 — What are some healthy ways to celebrate milestones in recov…
  Field: when_to_reach_out
  Issue: opening may rely on prior context (spot-check)
  Severity: WARN

Row f0aba38f-2a6c-4721-a536-e3d661f53433 — What are some healthy ways to celebrate milestones in recov…
  Field: word_count
  Issue: combined body 589 words (target 350–550)
  Severity: WARN

Row a5635b24-7170-4b81-921f-2b19df5af3ff — What are some quick techniques to calm anxiety in the momen…
  Field: when_to_reach_out
  Issue: opening may rely on prior context (spot-check)
  Severity: WARN

Row e2062f48-19b0-41b3-a5e5-6b0efdc799f1 — What are some simple relaxation techniques I can do anywher…
  Field: word_count
  Issue: combined body 556 words (target 350–550)
  Severity: WARN

Row 8a4d00eb-a3df-4b13-ad4d-0579bff2e895 — What are the sexual side effects of antidepressants and wha…
  Field: when_to_reach_out
  Issue: opening may rely on prior context (spot-check)
  Severity: WARN

Row a170a20e-cc84-4392-a6ff-7c4ab288af6b — What are the signs of burnout and how do I recover?
  Field: when_to_reach_out
  Issue: opening may rely on prior context (spot-check)
  Severity: WARN

Row fc441d9a-c0d5-4af2-b0be-e268e4731483 — What are the signs of emotional abuse in a relationship?
  Field: what_can_help
  Issue: opening may rely on prior context (spot-check)
  Severity: WARN

Row fc441d9a-c0d5-4af2-b0be-e268e4731483 — What are the signs of emotional abuse in a relationship?
  Field: when_to_reach_out
  Issue: opening may rely on prior context (spot-check)
  Severity: WARN

Row 8254311a-a711-4a7c-989a-c9d54b3056ec — What are the signs that my child needs counseling after div…
  Field: what_can_help
  Issue: opening may rely on prior context (spot-check)
  Severity: WARN

Row 8254311a-a711-4a7c-989a-c9d54b3056ec — What are the signs that my child needs counseling after div…
  Field: when_to_reach_out
  Issue: opening may rely on prior context (spot-check)
  Severity: WARN

Row 38655aae-423f-4483-94b3-e0ad941d9c9b — What are the signs that someone I love has an addiction?
  Field: when_to_reach_out
  Issue: opening may rely on prior context (spot-check)
  Severity: WARN

Row dce255af-e801-48c8-b15e-337211cba1d8 — What are the warning signs that I might be heading toward r…
  Field: what_can_help
  Issue: opening may rely on prior context (spot-check)
  Severity: WARN

Row dce255af-e801-48c8-b15e-337211cba1d8 — What are the warning signs that I might be heading toward r…
  Field: when_to_reach_out
  Issue: opening may rely on prior context (spot-check)
  Severity: WARN

Row 7ed5cfc1-aa89-49c0-99fd-6e7a369beabf — What does it mean if I feel more at peace in solitude than …
  Field: when_to_reach_out
  Issue: opening may rely on prior context (spot-check)
  Severity: WARN

Row 18742ac5-1f9a-4fad-b447-5cc2c968f5bf — What does it mean if I feel more connected to nature than t…
  Field: what_can_help
  Issue: opening may rely on prior context (spot-check)
  Severity: WARN

Row 18742ac5-1f9a-4fad-b447-5cc2c968f5bf — What does it mean if I feel more connected to nature than t…
  Field: when_to_reach_out
  Issue: opening may rely on prior context (spot-check)
  Severity: WARN

Row 0f3eeced-fa24-41a9-892e-1b5c0e20f23e — What does it mean if I feel more connected to my ancestors …
  Field: what_can_help
  Issue: opening may rely on prior context (spot-check)
  Severity: WARN

Row 0f3eeced-fa24-41a9-892e-1b5c0e20f23e — What does it mean if I feel more connected to my ancestors …
  Field: when_to_reach_out
  Issue: opening may rely on prior context (spot-check)
  Severity: WARN

Row 0f3eeced-fa24-41a9-892e-1b5c0e20f23e — What does it mean if I feel more connected to my ancestors …
  Field: word_count
  Issue: combined body 587 words (target 350–550)
  Severity: WARN

Row a7411ed6-6b50-450a-8742-8e8b3f8c01a3 — What does it mean if I feel more spiritual in nature than i…
  Field: primary_term
  Issue: does not clearly match condition in question
  Severity: WARN

Row a7411ed6-6b50-450a-8742-8e8b3f8c01a3 — What does it mean if I feel more spiritual in nature than i…
  Field: what_can_help
  Issue: opening may rely on prior context (spot-check)
  Severity: WARN

Row a7411ed6-6b50-450a-8742-8e8b3f8c01a3 — What does it mean if I feel more spiritual in nature than i…
  Field: when_to_reach_out
  Issue: opening may rely on prior context (spot-check)
  Severity: WARN

Row 8550a90c-f7b8-403c-9bc4-6e189a88e0cd — What does it mean to be a 'dry drunk'?
  Field: when_to_reach_out
  Issue: opening may rely on prior context (spot-check)
  Severity: WARN

Row ef8af811-289c-46fa-8478-69aaec88176a — What does it mean to be autistic as an adult?
  Field: primary_term
  Issue: does not clearly match condition in question
  Severity: WARN

Row ef8af811-289c-46fa-8478-69aaec88176a — What does it mean to be autistic as an adult?
  Field: what_can_help
  Issue: opening may rely on prior context (spot-check)
  Severity: WARN

Row ef8af811-289c-46fa-8478-69aaec88176a — What does it mean to be autistic as an adult?
  Field: when_to_reach_out
  Issue: opening may rely on prior context (spot-check)
  Severity: WARN

Row ef8af811-289c-46fa-8478-69aaec88176a — What does it mean to be autistic as an adult?
  Field: word_count
  Issue: combined body 567 words (target 350–550)
  Severity: WARN

Row c66be1dd-7903-4260-b29f-bc63ee0f206c — What does it mean to grieve a relationship that never happe…
  Field: primary_term
  Issue: does not clearly match condition in question
  Severity: WARN

Row c66be1dd-7903-4260-b29f-bc63ee0f206c — What does it mean to grieve a relationship that never happe…
  Field: what_can_help
  Issue: opening may rely on prior context (spot-check)
  Severity: WARN

Row c66be1dd-7903-4260-b29f-bc63ee0f206c — What does it mean to grieve a relationship that never happe…
  Field: when_to_reach_out
  Issue: opening may rely on prior context (spot-check)
  Severity: WARN

Row cf9ad1bf-2729-4f94-8380-a66606c60e1a — What does it mean to have a spiritual awakening?
  Field: word_count
  Issue: combined body 585 words (target 350–550)
  Severity: WARN

Row 042d9590-19d9-4fa8-a58a-9a85cba40ea2 — What does it mean to take care of your mental health?
  Field: what_can_help
  Issue: opening may rely on prior context (spot-check)
  Severity: WARN

Row 042d9590-19d9-4fa8-a58a-9a85cba40ea2 — What does it mean to take care of your mental health?
  Field: when_to_reach_out
  Issue: opening may rely on prior context (spot-check)
  Severity: WARN

Row e15b21ca-b590-4f5b-a453-78e912274e20 — What do I do if I can't afford therapy?
  Field: what_can_help
  Issue: opening may rely on prior context (spot-check)
  Severity: WARN

Row be0e0311-efe4-4a74-b4b4-137027462670 — What do I do if I think I have depression?
  Field: when_to_reach_out
  Issue: opening may rely on prior context (spot-check)
  Severity: WARN

Row b5acbdcc-5c64-415d-9942-6e7db5fb4a56 — What do I do if I think my child is questioning their gende…
  Field: what_can_help
  Issue: opening may rely on prior context (spot-check)
  Severity: WARN

Row b5acbdcc-5c64-415d-9942-6e7db5fb4a56 — What do I do if I think my child is questioning their gende…
  Field: when_to_reach_out
  Issue: opening may rely on prior context (spot-check)
  Severity: WARN

Row 7c476ccf-cadc-47dc-81bd-8d9508e59979 — What do I do if my teenager is self-harming?
  Field: what_can_help
  Issue: opening may rely on prior context (spot-check)
  Severity: WARN

Row 7c476ccf-cadc-47dc-81bd-8d9508e59979 — What do I do if my teenager is self-harming?
  Field: when_to_reach_out
  Issue: opening may rely on prior context (spot-check)
  Severity: WARN

Row 702fddc2-fa33-4f11-848f-692d726987ec — What do I do when I can't afford therapy?
  Field: when_to_reach_out
  Issue: opening may rely on prior context (spot-check)
  Severity: WARN

Row 702fddc2-fa33-4f11-848f-692d726987ec — What do I do when I can't afford therapy?
  Field: word_count
  Issue: combined body 570 words (target 350–550)
  Severity: WARN

Row 25ca7e2a-3ca1-4981-b996-f2daa7711a42 — What do I do when I can't stop crying?
  Field: when_to_reach_out
  Issue: opening may rely on prior context (spot-check)
  Severity: WARN

Row 13664d06-13ca-4b3b-883d-8f710d5ed606 — What do I do when I feel disconnected from my partner?
  Field: primary_term
  Issue: does not clearly match condition in question
  Severity: WARN

Row 13664d06-13ca-4b3b-883d-8f710d5ed606 — What do I do when I feel disconnected from my partner?
  Field: what_can_help
  Issue: opening may rely on prior context (spot-check)
  Severity: WARN

Row 13664d06-13ca-4b3b-883d-8f710d5ed606 — What do I do when I feel disconnected from my partner?
  Field: when_to_reach_out
  Issue: opening may rely on prior context (spot-check)
  Severity: WARN

Row 7234e644-46d1-49ed-9d41-dbc4d8b7ebc2 — What do I do when I feel like everyone hates me?
  Field: what_can_help
  Issue: opening may rely on prior context (spot-check)
  Severity: WARN

Row 7234e644-46d1-49ed-9d41-dbc4d8b7ebc2 — What do I do when I feel like everyone hates me?
  Field: when_to_reach_out
  Issue: opening may rely on prior context (spot-check)
  Severity: WARN

Row 72aceb59-e179-4fca-81a5-efed01a66554 — What do I do when I feel like giving up on everything?
  Field: what_can_help
  Issue: opening may rely on prior context (spot-check)
  Severity: WARN

Row 72aceb59-e179-4fca-81a5-efed01a66554 — What do I do when I feel like giving up on everything?
  Field: when_to_reach_out
  Issue: opening may rely on prior context (spot-check)
  Severity: WARN

Row 14c1ff56-bfbc-4f20-9ac5-6aab1adf534d — What do I do when I feel like giving up on my dreams?
  Field: what_can_help
  Issue: opening may rely on prior context (spot-check)
  Severity: WARN

Row 14c1ff56-bfbc-4f20-9ac5-6aab1adf534d — What do I do when I feel like giving up on my dreams?
  Field: when_to_reach_out
  Issue: opening may rely on prior context (spot-check)
  Severity: WARN

Row fd1f9f6d-bd16-4bab-b56b-8f3931be6822 — What do I do when I feel like I don't fit in anywhere?
  Field: what_can_help
  Issue: opening may rely on prior context (spot-check)
  Severity: WARN

Row fd1f9f6d-bd16-4bab-b56b-8f3931be6822 — What do I do when I feel like I don't fit in anywhere?
  Field: when_to_reach_out
  Issue: opening may rely on prior context (spot-check)
  Severity: WARN

Row 8e170f51-d4c1-4da0-98e9-c4d995c05c66 — What do I do when I feel like I have no real identity of my…
  Field: what_can_help
  Issue: opening may rely on prior context (spot-check)
  Severity: WARN

Row 15bed19c-e563-4c46-91bf-404fa83408e3 — What do I do when I feel like I'm losing myself in my relat…
  Field: what_can_help
  Issue: opening may rely on prior context (spot-check)
  Severity: WARN

Row 15bed19c-e563-4c46-91bf-404fa83408e3 — What do I do when I feel like I'm losing myself in my relat…
  Field: when_to_reach_out
  Issue: opening may rely on prior context (spot-check)
  Severity: WARN

Row 5909ec3f-6c5a-4426-9f23-84edcf1a7e8f — What do I do when I feel like I'm not living up to my poten…
  Field: when_to_reach_out
  Issue: opening may rely on prior context (spot-check)
  Severity: WARN

Row 07a7cb65-cb71-4481-a169-ebb3779eefe6 — What do I do when I'm losing faith in everything I used to …
  Field: when_to_reach_out
  Issue: opening may rely on prior context (spot-check)
  Severity: WARN

Row 582734f6-2045-46f9-a273-a72d6c954134 — What do I do when my anxiety is so bad I can't leave the ho…
  Field: what_can_help
  Issue: opening may rely on prior context (spot-check)
  Severity: WARN

Row 582734f6-2045-46f9-a273-a72d6c954134 — What do I do when my anxiety is so bad I can't leave the ho…
  Field: when_to_reach_out
  Issue: opening may rely on prior context (spot-check)
  Severity: WARN

Row fa23a887-2d93-451c-9743-9b80b0374672 — What do I do when my family rejects me for questioning reli…
  Field: what_can_help
  Issue: opening may rely on prior context (spot-check)
  Severity: WARN

Row fa23a887-2d93-451c-9743-9b80b0374672 — What do I do when my family rejects me for questioning reli…
  Field: word_count
  Issue: combined body 590 words (target 350–550)
  Severity: WARN

Row 2b5cad95-f934-439b-953b-2493b7479c95 — What do I do when prayer or meditation no longer brings me …
  Field: what_can_help
  Issue: opening may rely on prior context (spot-check)
  Severity: WARN

Row 2b5cad95-f934-439b-953b-2493b7479c95 — What do I do when prayer or meditation no longer brings me …
  Field: when_to_reach_out
  Issue: opening may rely on prior context (spot-check)
  Severity: WARN

Row 1634696c-9082-41a7-b190-c9dfbf5e899d — What should I do if an AI chatbot is telling me I have a sp…
  Field: primary_term
  Issue: does not clearly match condition in question
  Severity: WARN

Row 1634696c-9082-41a7-b190-c9dfbf5e899d — What should I do if an AI chatbot is telling me I have a sp…
  Field: what_can_help
  Issue: opening may rely on prior context (spot-check)
  Severity: WARN

Row 1634696c-9082-41a7-b190-c9dfbf5e899d — What should I do if an AI chatbot is telling me I have a sp…
  Field: when_to_reach_out
  Issue: opening may rely on prior context (spot-check)
  Severity: WARN

Row 2965e169-63ec-46ab-9612-9d6fc4efedb4 — What if antidepressants change who I am?
  Field: what_can_help
  Issue: opening may rely on prior context (spot-check)
  Severity: WARN

Row 2965e169-63ec-46ab-9612-9d6fc4efedb4 — What if antidepressants change who I am?
  Field: when_to_reach_out
  Issue: opening may rely on prior context (spot-check)
  Severity: WARN

Row 57247ad9-d691-4c83-944b-5bb2c0a1db32 — What if I become dependent on anxiety medication?
  Field: what_can_help
  Issue: opening may rely on prior context (spot-check)
  Severity: WARN

Row 57247ad9-d691-4c83-944b-5bb2c0a1db32 — What if I become dependent on anxiety medication?
  Field: when_to_reach_out
  Issue: opening may rely on prior context (spot-check)
  Severity: WARN

Row d3ac45d9-7791-43dd-ad33-5c48cdf62021 — What if I can't afford treatment or therapy?
  Field: what_can_help
  Issue: opening may rely on prior context (spot-check)
  Severity: WARN

Row d3ac45d9-7791-43dd-ad33-5c48cdf62021 — What if I can't afford treatment or therapy?
  Field: when_to_reach_out
  Issue: opening may rely on prior context (spot-check)
  Severity: WARN

Row b90965ad-cbda-4862-b656-d0098e5ceb2e — What if I don't believe in God or a higher power for 12-ste…
  Field: when_to_reach_out
  Issue: opening may rely on prior context (spot-check)
  Severity: WARN

Row 2d4c71eb-70c6-4932-805b-a01402a047a0 — What if I don't feel like I fit in at support group meeting…
  Field: when_to_reach_out
  Issue: opening may rely on prior context (spot-check)
  Severity: WARN

Row 2d4c71eb-70c6-4932-805b-a01402a047a0 — What if I don't feel like I fit in at support group meeting…
  Field: word_count
  Issue: combined body 566 words (target 350–550)
  Severity: WARN

Row 78f168aa-6421-4582-8881-66ebc8ef1a6e — What if I don't like my therapist?
  Field: what_can_help
  Issue: opening may rely on prior context (spot-check)
  Severity: WARN

Row 78f168aa-6421-4582-8881-66ebc8ef1a6e — What if I don't like my therapist?
  Field: when_to_reach_out
  Issue: opening may rely on prior context (spot-check)
  Severity: WARN

Row d5ec1afc-5a53-4167-bdfc-c1aa99e61e3e — What if I lose my job because of my addiction?
  Field: primary_term
  Issue: does not clearly match condition in question
  Severity: WARN

Row d5ec1afc-5a53-4167-bdfc-c1aa99e61e3e — What if I lose my job because of my addiction?
  Field: what_can_help
  Issue: opening may rely on prior context (spot-check)
  Severity: WARN

Row d5ec1afc-5a53-4167-bdfc-c1aa99e61e3e — What if I lose my job because of my addiction?
  Field: when_to_reach_out
  Issue: opening may rely on prior context (spot-check)
  Severity: WARN

Row d5ec1afc-5a53-4167-bdfc-c1aa99e61e3e — What if I lose my job because of my addiction?
  Field: word_count
  Issue: combined body 599 words (target 350–550)
  Severity: WARN

Row 776c6d44-ed41-4f5f-b77c-031a105daa90 — What if I'm afraid of losing my identity without substances?
  Field: when_to_reach_out
  Issue: opening may rely on prior context (spot-check)
  Severity: WARN

Row b0c62d27-167b-40e6-8a4f-1dd3ff9eede5 — What if I'm bored and that makes me want to use?
  Field: primary_term
  Issue: does not clearly match condition in question
  Severity: WARN

Row b0c62d27-167b-40e6-8a4f-1dd3ff9eede5 — What if I'm bored and that makes me want to use?
  Field: when_to_reach_out
  Issue: opening may rely on prior context (spot-check)
  Severity: WARN

Row b0c62d27-167b-40e6-8a4f-1dd3ff9eede5 — What if I'm bored and that makes me want to use?
  Field: word_count
  Issue: combined body 576 words (target 350–550)
  Severity: WARN

Row e5bc002b-47e8-404f-9432-71eb82a7f65a — What if I'm having second thoughts about getting divorced?
  Field: when_to_reach_out
  Issue: opening may rely on prior context (spot-check)
  Severity: WARN

Row 0184ad3c-ce17-4af3-9af7-4fe7ab6082cf — What if I'm struggling with both addiction and mental healt…
  Field: primary_term
  Issue: does not clearly match condition in question
  Severity: WARN

Row af662c2d-dc1a-4958-b6a1-caf551a80dcf — What if I relapsed and I'm too ashamed to go back to meetin…
  Field: what_can_help
  Issue: opening may rely on prior context (spot-check)
  Severity: WARN

Row af662c2d-dc1a-4958-b6a1-caf551a80dcf — What if I relapsed and I'm too ashamed to go back to meetin…
  Field: when_to_reach_out
  Issue: opening may rely on prior context (spot-check)
  Severity: WARN

Row c7263b4f-98af-412d-9d7b-253f29096e5b — What if I relapse during recovery?
  Field: when_to_reach_out
  Issue: opening may rely on prior context (spot-check)
  Severity: WARN

Row c7263b4f-98af-412d-9d7b-253f29096e5b — What if I relapse during recovery?
  Field: word_count
  Issue: combined body 597 words (target 350–550)
  Severity: WARN

Row c7263b4f-98af-412d-9d7b-253f29096e5b — What if I relapse during recovery?
  Field: key_takeaways[4]
  Issue: 36 words (target 15–35)
  Severity: WARN

Row 26b682ea-6856-4fd6-b42b-7ff26685aa48 — What should I do if I think an AI chatbot is sentient?
  Field: what_can_help
  Issue: opening may rely on prior context (spot-check)
  Severity: WARN

Row 26b682ea-6856-4fd6-b42b-7ff26685aa48 — What should I do if I think an AI chatbot is sentient?
  Field: when_to_reach_out
  Issue: opening may rely on prior context (spot-check)
  Severity: WARN

Row a416fb77-f5c3-478c-be1c-995f3e0d93d6 — What if my addiction has damaged my relationship with my ch…
  Field: what_can_help
  Issue: opening may rely on prior context (spot-check)
  Severity: WARN

Row a416fb77-f5c3-478c-be1c-995f3e0d93d6 — What if my addiction has damaged my relationship with my ch…
  Field: when_to_reach_out
  Issue: opening may rely on prior context (spot-check)
  Severity: WARN

Row 0daf3668-4678-483a-922a-faa3a7d8e9b9 — What should I do if my child does not want to talk about th…
  Field: primary_term
  Issue: does not clearly match condition in question
  Severity: WARN

Row 0daf3668-4678-483a-922a-faa3a7d8e9b9 — What should I do if my child does not want to talk about th…
  Field: what_can_help
  Issue: opening may rely on prior context (spot-check)
  Severity: WARN

Row 0daf3668-4678-483a-922a-faa3a7d8e9b9 — What should I do if my child does not want to talk about th…
  Field: when_to_reach_out
  Issue: opening may rely on prior context (spot-check)
  Severity: WARN

Row c356d169-2775-439e-9c26-492b58349476 — What should I do if my child says an AI is their best frien…
  Field: what_can_help
  Issue: opening may rely on prior context (spot-check)
  Severity: WARN

Row c356d169-2775-439e-9c26-492b58349476 — What should I do if my child says an AI is their best frien…
  Field: when_to_reach_out
  Issue: opening may rely on prior context (spot-check)
  Severity: WARN

Row 7f66645d-c612-4ecb-8844-0d78ef1fe85b — What if my family doesn't believe I'm really in recovery?
  Field: what_can_help
  Issue: opening may rely on prior context (spot-check)
  Severity: WARN

Row 7f66645d-c612-4ecb-8844-0d78ef1fe85b — What if my family doesn't believe I'm really in recovery?
  Field: when_to_reach_out
  Issue: opening may rely on prior context (spot-check)
  Severity: WARN

Row 7f66645d-c612-4ecb-8844-0d78ef1fe85b — What if my family doesn't believe I'm really in recovery?
  Field: word_count
  Issue: combined body 556 words (target 350–550)
  Severity: WARN

Row 048fff98-2f6f-4eba-967c-4166890ef0a9 — What if my family doesn't support my recovery?
  Field: when_to_reach_out
  Issue: opening may rely on prior context (spot-check)
  Severity: WARN

Row 75240bc8-ac37-4a8c-b8e1-2d806cf3d2ca — What if my loved one is using substances while pregnant?
  Field: what_can_help
  Issue: opening may rely on prior context (spot-check)
  Severity: WARN

Row 75240bc8-ac37-4a8c-b8e1-2d806cf3d2ca — What if my loved one is using substances while pregnant?
  Field: when_to_reach_out
  Issue: opening may rely on prior context (spot-check)
  Severity: WARN

Row 3581f502-04d1-40ac-aca7-8aae9e052102 — What if my partner and I have different communication style…
  Field: what_can_help
  Issue: opening may rely on prior context (spot-check)
  Severity: WARN

Row 3581f502-04d1-40ac-aca7-8aae9e052102 — What if my partner and I have different communication style…
  Field: when_to_reach_out
  Issue: opening may rely on prior context (spot-check)
  Severity: WARN

Row 12acb25c-8960-4f5f-b1de-be96837c4523 — What if my partner and I keep having the same fights over a…
  Field: primary_term
  Issue: does not clearly match condition in question
  Severity: WARN

Row 12acb25c-8960-4f5f-b1de-be96837c4523 — What if my partner and I keep having the same fights over a…
  Field: when_to_reach_out
  Issue: opening may rely on prior context (spot-check)
  Severity: WARN

Row ccb7cc94-ceee-4e34-a4c0-6065b9e96c18 — What if my partner doesn't want to have sex as much as I do?
  Field: primary_term
  Issue: does not clearly match condition in question
  Severity: WARN

Row ccb7cc94-ceee-4e34-a4c0-6065b9e96c18 — What if my partner doesn't want to have sex as much as I do?
  Field: word_count
  Issue: combined body 561 words (target 350–550)
  Severity: WARN

Row 5eb5897a-9644-40bc-aa0d-9fed2713a25a — What if my partner is emotionally attached to an AI compani…
  Field: what_can_help
  Issue: opening may rely on prior context (spot-check)
  Severity: WARN

Row 5eb5897a-9644-40bc-aa0d-9fed2713a25a — What if my partner is emotionally attached to an AI compani…
  Field: when_to_reach_out
  Issue: opening may rely on prior context (spot-check)
  Severity: WARN

Row 5eb5897a-9644-40bc-aa0d-9fed2713a25a — What if my partner is emotionally attached to an AI compani…
  Field: word_count
  Issue: combined body 594 words (target 350–550)
  Severity: WARN

Row ba4aeb75-9142-4ade-9216-cff30a61ee4d — What if my partner wants me to drink or use substances with…
  Field: when_to_reach_out
  Issue: opening may rely on prior context (spot-check)
  Severity: WARN

Row e785d3c1-5f4f-4179-a244-299df958f03a — What if psychiatric medication doesn't work for me?
  Field: what_can_help
  Issue: opening may rely on prior context (spot-check)
  Severity: WARN

Row e785d3c1-5f4f-4179-a244-299df958f03a — What if psychiatric medication doesn't work for me?
  Field: when_to_reach_out
  Issue: opening may rely on prior context (spot-check)
  Severity: WARN

Row 4939a867-f3de-4bca-bfa3-3363e97c8b9f — What is AI psychosis and is it a real diagnosis?
  Field: what_can_help
  Issue: opening may rely on prior context (spot-check)
  Severity: WARN

Row 4939a867-f3de-4bca-bfa3-3363e97c8b9f — What is AI psychosis and is it a real diagnosis?
  Field: when_to_reach_out
  Issue: opening may rely on prior context (spot-check)
  Severity: WARN

Row 09f03ea3-7b70-4f70-ac02-9555bcd33774 — What is anticipatory grief and how do I handle it?
  Field: what_can_help
  Issue: opening may rely on prior context (spot-check)
  Severity: WARN

Row 76d09780-6201-4bcf-bf2c-57303df17de2 — What is attachment theory and how does it affect my relatio…
  Field: what_can_help
  Issue: opening may rely on prior context (spot-check)
  Severity: WARN

Row 76d09780-6201-4bcf-bf2c-57303df17de2 — What is attachment theory and how does it affect my relatio…
  Field: when_to_reach_out
  Issue: opening may rely on prior context (spot-check)
  Severity: WARN

Row e95e87a6-186d-4475-8dff-17ee06ba5f47 — What is codependency and how does it relate to addiction?
  Field: what_can_help
  Issue: opening may rely on prior context (spot-check)
  Severity: WARN

Row c877210e-fc2d-4a04-b17d-ba389f975288 — What is compassion fatigue and how do I prevent it in a hel…
  Field: when_to_reach_out
  Issue: opening may rely on prior context (spot-check)
  Severity: WARN

Row 0093a9bc-a50e-4f33-9803-d86377c61721 — What is gaslighting and how do I recognize it?
  Field: what_can_help
  Issue: opening may rely on prior context (spot-check)
  Severity: WARN

Row 0093a9bc-a50e-4f33-9803-d86377c61721 — What is gaslighting and how do I recognize it?
  Field: when_to_reach_out
  Issue: opening may rely on prior context (spot-check)
  Severity: WARN

Row 6df4e3ad-29d9-4cca-bb61-5e065675f1f0 — What is grounding and how can it help with anxiety?
  Field: what_can_help
  Issue: opening may rely on prior context (spot-check)
  Severity: WARN

Row 6df4e3ad-29d9-4cca-bb61-5e065675f1f0 — What is grounding and how can it help with anxiety?
  Field: when_to_reach_out
  Issue: opening may rely on prior context (spot-check)
  Severity: WARN

Row 6df4e3ad-29d9-4cca-bb61-5e065675f1f0 — What is grounding and how can it help with anxiety?
  Field: word_count
  Issue: combined body 595 words (target 350–550)
  Severity: WARN

Row a52e8913-fbf3-4aa0-ae3e-34ceb5c76dc0 — What is group therapy for depression like?
  Field: when_to_reach_out
  Issue: opening may rely on prior context (spot-check)
  Severity: WARN

Row 85794365-761e-47f6-b6be-af395fddf0be — What is histrionic personality disorder and how is it treat…
  Field: what_can_help
  Issue: opening may rely on prior context (spot-check)
  Severity: WARN

Row 85794365-761e-47f6-b6be-af395fddf0be — What is histrionic personality disorder and how is it treat…
  Field: when_to_reach_out
  Issue: opening may rely on prior context (spot-check)
  Severity: WARN

Row 266a1469-8276-4c46-82a8-e33b0b905a56 — What is paranoid personality disorder and how does it affec…
  Field: when_to_reach_out
  Issue: opening may rely on prior context (spot-check)
  Severity: WARN

Row 6d62d965-b609-4440-a6a5-f220cb81a18d — What is progressive muscle relaxation and how do I do it?
  Field: when_to_reach_out
  Issue: opening may rely on prior context (spot-check)
  Severity: WARN

Row 6d62d965-b609-4440-a6a5-f220cb81a18d — What is progressive muscle relaxation and how do I do it?
  Field: word_count
  Issue: combined body 563 words (target 350–550)
  Severity: WARN

Row 1ad7e61f-5b7d-4a12-9992-446596f52453 — What is quiet quitting and is it a bad thing?
  Field: when_to_reach_out
  Issue: opening may rely on prior context (spot-check)
  Severity: WARN

Row b1be8274-bc62-4f18-9ffa-bcc52cbc489d — What is schizoid personality disorder and how does it affec…
  Field: what_can_help
  Issue: opening may rely on prior context (spot-check)
  Severity: WARN

Row b1be8274-bc62-4f18-9ffa-bcc52cbc489d — What is schizoid personality disorder and how does it affec…
  Field: when_to_reach_out
  Issue: opening may rely on prior context (spot-check)
  Severity: WARN

Row edb24210-be4b-47ef-a617-1a993ab75926 — What is seasonal depression and how do I treat it?
  Field: when_to_reach_out
  Issue: opening may rely on prior context (spot-check)
  Severity: WARN

Row bfe2299f-e6a8-4e99-9ae0-2782c7130cb7 — What is seasonal depression and how is it treated?
  Field: when_to_reach_out
  Issue: opening may rely on prior context (spot-check)
  Severity: WARN

Row bfe2299f-e6a8-4e99-9ae0-2782c7130cb7 — What is seasonal depression and how is it treated?
  Field: word_count
  Issue: combined body 564 words (target 350–550)
  Severity: WARN

Row 350b1a57-5a04-415a-ae18-b1f5ee27ed84 — What is the connection between depression and chronic pain?
  Field: when_to_reach_out
  Issue: opening may rely on prior context (spot-check)
  Severity: WARN

Row 740e7077-0f7c-4a94-a6c2-d2006d2a4fc8 — What is the difference between depression and grief?
  Field: what_can_help
  Issue: opening may rely on prior context (spot-check)
  Severity: WARN

Row 740e7077-0f7c-4a94-a6c2-d2006d2a4fc8 — What is the difference between depression and grief?
  Field: when_to_reach_out
  Issue: opening may rely on prior context (spot-check)
  Severity: WARN

Row 88813172-969a-48ec-bd04-243e51722dde — What is the difference between physical and psychological a…
  Field: when_to_reach_out
  Issue: opening may rely on prior context (spot-check)
  Severity: WARN

Row aed3a076-9424-49f0-aff4-597fd885f13f — What is treatment-resistant depression and what are my opti…
  Field: when_to_reach_out
  Issue: opening may rely on prior context (spot-check)
  Severity: WARN

Row ed6ed102-f87e-4dc1-bca7-d927a8424ae7 — What should I do after a relapse in recovery?
  Field: when_to_reach_out
  Issue: opening may rely on prior context (spot-check)
  Severity: WARN

Row 9f185c7e-adfa-4cd8-87b7-6101fbf9d0b7 — What should I do if antidepressants aren't working for me?
  Field: what_can_help
  Issue: opening may rely on prior context (spot-check)
  Severity: WARN

Row 9f185c7e-adfa-4cd8-87b7-6101fbf9d0b7 — What should I do if antidepressants aren't working for me?
  Field: when_to_reach_out
  Issue: opening may rely on prior context (spot-check)
  Severity: WARN

Row 9f185c7e-adfa-4cd8-87b7-6101fbf9d0b7 — What should I do if antidepressants aren't working for me?
  Field: word_count
  Issue: combined body 561 words (target 350–550)
  Severity: WARN

Row 407ebbdc-fe58-4143-9245-6da554a4039a — What should I do if I can't afford depression treatment?
  Field: when_to_reach_out
  Issue: opening may rely on prior context (spot-check)
  Severity: WARN

Row 407ebbdc-fe58-4143-9245-6da554a4039a — What should I do if I can't afford depression treatment?
  Field: word_count
  Issue: combined body 584 words (target 350–550)
  Severity: WARN

Row e2bfc03d-d87c-4a3a-8868-09bad97316da — What should I do if I can't afford regular therapy sessions?
  Field: when_to_reach_out
  Issue: opening may rely on prior context (spot-check)
  Severity: WARN

Row e2bfc03d-d87c-4a3a-8868-09bad97316da — What should I do if I can't afford regular therapy sessions?
  Field: word_count
  Issue: combined body 567 words (target 350–550)
  Severity: WARN

Row df24fbaf-882f-4152-a2af-450798baf93d — What should I do if I caught my partner cheating?
  Field: primary_term
  Issue: does not clearly match condition in question
  Severity: WARN

Row df24fbaf-882f-4152-a2af-450798baf93d — What should I do if I caught my partner cheating?
  Field: what_can_help
  Issue: opening may rely on prior context (spot-check)
  Severity: WARN

Row df24fbaf-882f-4152-a2af-450798baf93d — What should I do if I caught my partner cheating?
  Field: when_to_reach_out
  Issue: opening may rely on prior context (spot-check)
  Severity: WARN

Row bceccff2-2a8b-48c6-92e9-57ee5fb9073e — What should I do if I feel like I can't keep up with techno…
  Field: when_to_reach_out
  Issue: opening may rely on prior context (spot-check)
  Severity: WARN

Row b967c16c-3117-4343-9a59-93fafde76ad0 — What should I do if I feel like my skills are becoming obso…
  Field: word_count
  Issue: combined body 565 words (target 350–550)
  Severity: WARN

Row b9283834-20f3-46d2-9d35-4570f5ac3661 — What should I do if I hate my job but can't quit?
  Field: primary_term
  Issue: does not clearly match condition in question
  Severity: WARN

Row 0babfbe2-9c3b-4f84-a6cb-44c93903290d — What should I do if I have legal problems related to my add…
  Field: word_count
  Issue: combined body 592 words (target 350–550)
  Severity: WARN

Row 4bd18487-5ef8-4847-bc85-fe4294db56ac — What should I do if I'm afraid my job will be automated soo…
  Field: primary_term
  Issue: does not clearly match condition in question
  Severity: WARN

Row 4bd18487-5ef8-4847-bc85-fe4294db56ac — What should I do if I'm afraid my job will be automated soo…
  Field: what_can_help
  Issue: opening may rely on prior context (spot-check)
  Severity: WARN

Row 4bd18487-5ef8-4847-bc85-fe4294db56ac — What should I do if I'm afraid my job will be automated soo…
  Field: word_count
  Issue: combined body 586 words (target 350–550)
  Severity: WARN

Row 840eda09-9faa-4e3e-b26e-38538217aed5 — What should I do if I'm around substances unexpectedly?
  Field: what_can_help
  Issue: opening may rely on prior context (spot-check)
  Severity: WARN

Row 840eda09-9faa-4e3e-b26e-38538217aed5 — What should I do if I'm around substances unexpectedly?
  Field: when_to_reach_out
  Issue: opening may rely on prior context (spot-check)
  Severity: WARN

Row 840eda09-9faa-4e3e-b26e-38538217aed5 — What should I do if I'm around substances unexpectedly?
  Field: word_count
  Issue: combined body 596 words (target 350–550)
  Severity: WARN

Row 4dba34a6-69e1-4845-b963-906edfd8ac65 — What should I do if I'm being pressured to have sex?
  Field: what_can_help
  Issue: opening may rely on prior context (spot-check)
  Severity: WARN

Row 312c3ec8-2acc-46b9-905d-1448f6a337e6 — What should I do if I'm experiencing an identity crisis bec…
  Field: word_count
  Issue: combined body 573 words (target 350–550)
  Severity: WARN

Row a642c74b-4e8a-476d-abb4-cd0452077abe — What should I do if I'm having intense cravings that won't …
  Field: what_can_help
  Issue: opening may rely on prior context (spot-check)
  Severity: WARN

Row a642c74b-4e8a-476d-abb4-cd0452077abe — What should I do if I'm having intense cravings that won't …
  Field: when_to_reach_out
  Issue: opening may rely on prior context (spot-check)
  Severity: WARN

Row eb33c0fd-3ea2-4661-b09e-c4e0ae946126 — What should I do if I'm having thoughts about using again?
  Field: what_can_help
  Issue: opening may rely on prior context (spot-check)
  Severity: WARN

Row eb33c0fd-3ea2-4661-b09e-c4e0ae946126 — What should I do if I'm having thoughts about using again?
  Field: when_to_reach_out
  Issue: opening may rely on prior context (spot-check)
  Severity: WARN

Row 5720586b-4ceb-493b-a702-473938d11213 — What should I do if I'm having thoughts of suicide?
  Field: what_can_help
  Issue: opening may rely on prior context (spot-check)
  Severity: WARN

Row 5720586b-4ceb-493b-a702-473938d11213 — What should I do if I'm having thoughts of suicide?
  Field: key_takeaways[0]
  Issue: 36 words (target 15–35)
  Severity: WARN

Row 96cd06e4-fd17-4eba-9d7a-e6d9925e095a — What should I do if I'm having trouble functioning after a …
  Field: primary_term
  Issue: does not clearly match condition in question
  Severity: WARN

Row 96cd06e4-fd17-4eba-9d7a-e6d9925e095a — What should I do if I'm having trouble functioning after a …
  Field: when_to_reach_out
  Issue: opening may rely on prior context (spot-check)
  Severity: WARN

Row 59ce0963-4941-4f06-9c90-90982600ff42 — What should I do if I'm having trouble sleeping in recovery?
  Field: when_to_reach_out
  Issue: opening may rely on prior context (spot-check)
  Severity: WARN

Row 5933b9cc-74a5-4d7c-80a9-14fa79889e8a — What should I do if I'm in a toxic relationship?
  Field: when_to_reach_out
  Issue: opening may rely on prior context (spot-check)
  Severity: WARN

Row 5933b9cc-74a5-4d7c-80a9-14fa79889e8a — What should I do if I'm in a toxic relationship?
  Field: word_count
  Issue: combined body 573 words (target 350–550)
  Severity: WARN

Row 49e9f64e-a88f-4b96-a349-ece613604206 — What should I do if I miss doses of my psychiatric medicati…
  Field: when_to_reach_out
  Issue: opening may rely on prior context (spot-check)
  Severity: WARN

Row 5622351a-bc0e-451e-8731-36d72708a6d9 — What should I do if I'm prescribed pain medication after su…
  Field: what_can_help
  Issue: opening may rely on prior context (spot-check)
  Severity: WARN

Row 5622351a-bc0e-451e-8731-36d72708a6d9 — What should I do if I'm prescribed pain medication after su…
  Field: when_to_reach_out
  Issue: opening may rely on prior context (spot-check)
  Severity: WARN

Row c7a05a48-4ece-455a-b30c-1497810b9590 — What should I do if I'm struggling financially because of m…
  Field: when_to_reach_out
  Issue: opening may rely on prior context (spot-check)
  Severity: WARN

Row 894752ff-df9f-4d85-a45f-f73f1be6ea95 — What should I do if I'm struggling financially due to econo…
  Field: when_to_reach_out
  Issue: opening may rely on prior context (spot-check)
  Severity: WARN

Row 2cd3b62a-1e38-46d6-be06-e78b629b6146 — What should I do if I'm struggling with my sexual identity …
  Field: when_to_reach_out
  Issue: opening may rely on prior context (spot-check)
  Severity: WARN

Row d9eedcf9-cc48-45b1-a11a-1fd4f1fefe9d — What should I do if I suspect my employee has a substance a…
  Field: what_can_help
  Issue: opening may rely on prior context (spot-check)
  Severity: WARN

Row d9eedcf9-cc48-45b1-a11a-1fd4f1fefe9d — What should I do if I suspect my employee has a substance a…
  Field: when_to_reach_out
  Issue: opening may rely on prior context (spot-check)
  Severity: WARN

Row 4f85d162-a969-490b-8ec0-7e07317f0b6e — What should I do if I think I have depression?
  Field: what_can_help
  Issue: opening may rely on prior context (spot-check)
  Severity: WARN

Row ebcd909a-7df4-49b9-ae47-011ce58c0eb2 — What should I do if I think I'm being bullied?
  Field: primary_term
  Issue: does not clearly match condition in question
  Severity: WARN

Row ebcd909a-7df4-49b9-ae47-011ce58c0eb2 — What should I do if I think I'm being bullied?
  Field: what_can_help
  Issue: opening may rely on prior context (spot-check)
  Severity: WARN

Row d9955bb0-60ca-4b1e-8341-512740b4cd44 — What should I do if I think my child has anxiety?
  Field: what_can_help
  Issue: opening may rely on prior context (spot-check)
  Severity: WARN

Row d9955bb0-60ca-4b1e-8341-512740b4cd44 — What should I do if I think my child has anxiety?
  Field: when_to_reach_out
  Issue: opening may rely on prior context (spot-check)
  Severity: WARN

Row be5c3153-7ab4-47f9-b312-bb191d45f542 — What should I do if I think my friend is in an abusive rela…
  Field: when_to_reach_out
  Issue: opening may rely on prior context (spot-check)
  Severity: WARN

Row 6fb3ddad-5dd4-4088-83e9-00238c59c6ec — What should I do if I think my partner has a personality di…
  Field: what_can_help
  Issue: opening may rely on prior context (spot-check)
  Severity: WARN

Row 6fb3ddad-5dd4-4088-83e9-00238c59c6ec — What should I do if I think my partner has a personality di…
  Field: when_to_reach_out
  Issue: opening may rely on prior context (spot-check)
  Severity: WARN

Row 1e7fdcba-4c9f-4b55-8e8a-2090ab2fbd8a — What should I do if my adult child is addicted to drugs?
  Field: what_can_help
  Issue: opening may rely on prior context (spot-check)
  Severity: WARN

Row 1e7fdcba-4c9f-4b55-8e8a-2090ab2fbd8a — What should I do if my adult child is addicted to drugs?
  Field: when_to_reach_out
  Issue: opening may rely on prior context (spot-check)
  Severity: WARN

Row e6473b57-f0c6-459d-8477-9cef154a8c8e — What should I do if my antidepressants aren't working?
  Field: what_can_help
  Issue: opening may rely on prior context (spot-check)
  Severity: WARN

Row e6473b57-f0c6-459d-8477-9cef154a8c8e — What should I do if my antidepressants aren't working?
  Field: when_to_reach_out
  Issue: opening may rely on prior context (spot-check)
  Severity: WARN

Row c7b87d8a-c07f-4ad3-9713-f40427209638 — What should I do if my child doesn't want to visit their ot…
  Field: what_can_help
  Issue: opening may rely on prior context (spot-check)
  Severity: WARN

Row c7b87d8a-c07f-4ad3-9713-f40427209638 — What should I do if my child doesn't want to visit their ot…
  Field: when_to_reach_out
  Issue: opening may rely on prior context (spot-check)
  Severity: WARN

Row 94da44f5-dd78-46a4-b528-fab135c64410 — What should I do if my child is being bullied?
  Field: primary_term
  Issue: does not clearly match condition in question
  Severity: WARN

Row 94da44f5-dd78-46a4-b528-fab135c64410 — What should I do if my child is being bullied?
  Field: what_can_help
  Issue: opening may rely on prior context (spot-check)
  Severity: WARN

Row 94da44f5-dd78-46a4-b528-fab135c64410 — What should I do if my child is being bullied?
  Field: when_to_reach_out
  Issue: opening may rely on prior context (spot-check)
  Severity: WARN

Row 2a1cc68e-3e34-4a4a-adc4-b36ed9b5405c — What should I do if my depression medication has sexual sid…
  Field: when_to_reach_out
  Issue: opening may rely on prior context (spot-check)
  Severity: WARN

Row d02373de-47a5-40b2-999b-3a9da9a01da7 — What should I do if my depression medication isn't working …
  Field: what_can_help
  Issue: opening may rely on prior context (spot-check)
  Severity: WARN

Row d02373de-47a5-40b2-999b-3a9da9a01da7 — What should I do if my depression medication isn't working …
  Field: when_to_reach_out
  Issue: opening may rely on prior context (spot-check)
  Severity: WARN

Row d02373de-47a5-40b2-999b-3a9da9a01da7 — What should I do if my depression medication isn't working …
  Field: word_count
  Issue: combined body 592 words (target 350–550)
  Severity: WARN

Row 66a9add1-393e-4415-a648-0a2e3760071c — What should I do if my doctor prescribed addictive medicati…
  Field: what_can_help
  Issue: opening may rely on prior context (spot-check)
  Severity: WARN

Row 66a9add1-393e-4415-a648-0a2e3760071c — What should I do if my doctor prescribed addictive medicati…
  Field: when_to_reach_out
  Issue: opening may rely on prior context (spot-check)
  Severity: WARN

Row a698ed17-242b-4f24-a55d-ad9c8f2a98e0 — What should I do if my ex is undermining my parenting?
  Field: primary_term
  Issue: does not clearly match condition in question
  Severity: WARN

Row a698ed17-242b-4f24-a55d-ad9c8f2a98e0 — What should I do if my ex is undermining my parenting?
  Field: what_can_help
  Issue: opening may rely on prior context (spot-check)
  Severity: WARN

Row 2b624c4a-de17-4e92-b433-c44fa0668371 — What should I do if my ex-spouse isn't paying child support?
  Field: word_count
  Issue: combined body 584 words (target 350–550)
  Severity: WARN

Row 7c22eb03-d842-436b-940a-e83e060e9316 — What should I do if my ex-spouse is turning my children aga…
  Field: primary_term
  Issue: does not clearly match condition in question
  Severity: WARN

Row 7c22eb03-d842-436b-940a-e83e060e9316 — What should I do if my ex-spouse is turning my children aga…
  Field: what_can_help
  Issue: opening may rely on prior context (spot-check)
  Severity: WARN

Row 7c22eb03-d842-436b-940a-e83e060e9316 — What should I do if my ex-spouse is turning my children aga…
  Field: when_to_reach_out
  Issue: opening may rely on prior context (spot-check)
  Severity: WARN

Row 53e97672-edeb-4af7-a4f5-759f5d8f2506 — What should I do if my loved one refuses treatment?
  Field: what_can_help
  Issue: opening may rely on prior context (spot-check)
  Severity: WARN

Row 53e97672-edeb-4af7-a4f5-759f5d8f2506 — What should I do if my loved one refuses treatment?
  Field: when_to_reach_out
  Issue: opening may rely on prior context (spot-check)
  Severity: WARN

Row 53e97672-edeb-4af7-a4f5-759f5d8f2506 — What should I do if my loved one refuses treatment?
  Field: word_count
  Issue: combined body 595 words (target 350–550)
  Severity: WARN

Row ed667115-dcf5-4240-a8b3-59b1230f67b5 — What should I do if my partner always takes their family's …
  Field: when_to_reach_out
  Issue: opening may rely on prior context (spot-check)
  Severity: WARN

Row b1be2977-63b7-489f-9780-680a503c041d — What should I do if my partner and I have different love la…
  Field: when_to_reach_out
  Issue: opening may rely on prior context (spot-check)
  Severity: WARN

Row e90b8a21-7430-4b85-a249-e8168a3260c5 — What should I do if my partner and I have mismatched libido…
  Field: what_can_help
  Issue: opening may rely on prior context (spot-check)
  Severity: WARN

Row e90b8a21-7430-4b85-a249-e8168a3260c5 — What should I do if my partner and I have mismatched libido…
  Field: when_to_reach_out
  Issue: opening may rely on prior context (spot-check)
  Severity: WARN

Row f7dd82bc-8d63-41e8-8984-e7354e2f9fb4 — What should I do if my partner doesn't listen to me?
  Field: primary_term
  Issue: does not clearly match condition in question
  Severity: WARN

Row f7dd82bc-8d63-41e8-8984-e7354e2f9fb4 — What should I do if my partner doesn't listen to me?
  Field: when_to_reach_out
  Issue: opening may rely on prior context (spot-check)
  Severity: WARN

Row af256806-a495-4971-9f82-580ac81d4532 — What should I do if my partner has anger issues?
  Field: what_can_help
  Issue: opening may rely on prior context (spot-check)
  Severity: WARN

Row af256806-a495-4971-9f82-580ac81d4532 — What should I do if my partner has anger issues?
  Field: when_to_reach_out
  Issue: opening may rely on prior context (spot-check)
  Severity: WARN

Row dcfd220c-c887-41ed-b375-d527141371dc — What should I do if my partner is emotionally unavailable?
  Field: when_to_reach_out
  Issue: opening may rely on prior context (spot-check)
  Severity: WARN

Row af160f2b-b556-46ae-b7b9-2238534710b6 — What should I do if my partner shuts down during arguments?
  Field: primary_term
  Issue: does not clearly match condition in question
  Severity: WARN

Row af160f2b-b556-46ae-b7b9-2238534710b6 — What should I do if my partner shuts down during arguments?
  Field: when_to_reach_out
  Issue: opening may rely on prior context (spot-check)
  Severity: WARN

Row 32be05b4-d8f3-4e37-8b36-596b8312a037 — What should I do if my sponsor relapses?
  Field: what_can_help
  Issue: opening may rely on prior context (spot-check)
  Severity: WARN

Row 32be05b4-d8f3-4e37-8b36-596b8312a037 — What should I do if my sponsor relapses?
  Field: when_to_reach_out
  Issue: opening may rely on prior context (spot-check)
  Severity: WARN

Row 32be05b4-d8f3-4e37-8b36-596b8312a037 — What should I do if my sponsor relapses?
  Field: word_count
  Issue: combined body 578 words (target 350–550)
  Severity: WARN

Row 9b525ebb-44bd-4483-880e-aaa6246b4c09 — What should I do if my teenager is experimenting with drugs…
  Field: what_can_help
  Issue: opening may rely on prior context (spot-check)
  Severity: WARN

Row 9b525ebb-44bd-4483-880e-aaa6246b4c09 — What should I do if my teenager is experimenting with drugs…
  Field: when_to_reach_out
  Issue: opening may rely on prior context (spot-check)
  Severity: WARN

Row 2263f362-91b8-4013-be00-25a9296fe13c — What should I do if someone is giving me the silent treatme…
  Field: what_can_help
  Issue: opening may rely on prior context (spot-check)
  Severity: WARN

Row 2263f362-91b8-4013-be00-25a9296fe13c — What should I do if someone is giving me the silent treatme…
  Field: when_to_reach_out
  Issue: opening may rely on prior context (spot-check)
  Severity: WARN

Row f5843f2e-f654-4731-a2de-4421b037334f — What should I do if talk therapy doesn't seem to be helping…
  Field: when_to_reach_out
  Issue: opening may rely on prior context (spot-check)
  Severity: WARN

Row 96072828-7f1b-401b-968d-39da154c770f — What should I do if therapy isn't helping?
  Field: what_can_help
  Issue: opening may rely on prior context (spot-check)
  Severity: WARN

Row 96072828-7f1b-401b-968d-39da154c770f — What should I do if therapy isn't helping?
  Field: when_to_reach_out
  Issue: opening may rely on prior context (spot-check)
  Severity: WARN

Row 96072828-7f1b-401b-968d-39da154c770f — What should I do if therapy isn't helping?
  Field: word_count
  Issue: combined body 569 words (target 350–550)
  Severity: WARN

Row 264b69b7-6a0b-4f19-bde4-287812796964 — What should I do immediately after experiencing a traumatic…
  Field: what_can_help
  Issue: opening may rely on prior context (spot-check)
  Severity: WARN

Row 264b69b7-6a0b-4f19-bde4-287812796964 — What should I do immediately after experiencing a traumatic…
  Field: when_to_reach_out
  Issue: opening may rely on prior context (spot-check)
  Severity: WARN

Row d0d92fce-629b-450c-a4d8-06c92b3752f4 — What should I do when I feel like I can't handle stress any…
  Field: when_to_reach_out
  Issue: opening may rely on prior context (spot-check)
  Severity: WARN

Row 8b4e1063-b358-4b19-93ff-b8cb8d229e38 — What should I do when I feel like I don't know who I am any…
  Field: primary_term
  Issue: does not clearly match condition in question
  Severity: WARN

Row 8b4e1063-b358-4b19-93ff-b8cb8d229e38 — What should I do when I feel like I don't know who I am any…
  Field: when_to_reach_out
  Issue: opening may rely on prior context (spot-check)
  Severity: WARN

Row 09bcc008-1495-4794-b40b-545b1da890d8 — What should I do when I feel like I'm not good enough?
  Field: what_can_help
  Issue: opening may rely on prior context (spot-check)
  Severity: WARN

Row 09bcc008-1495-4794-b40b-545b1da890d8 — What should I do when I feel like I'm not good enough?
  Field: word_count
  Issue: combined body 596 words (target 350–550)
  Severity: WARN

Row 3336e6e1-f905-43bc-aca4-cacc4aead584 — What should I do when someone is gaslighting me?
  Field: when_to_reach_out
  Issue: opening may rely on prior context (spot-check)
  Severity: WARN

Row 338e71f3-f4a3-4cd4-aa0a-4242b41a0ce2 — What should I expect during a psychedelic therapy session?
  Field: what_can_help
  Issue: opening may rely on prior context (spot-check)
  Severity: WARN

Row 5c7bd733-cc1c-480d-8fb9-6d68dd837775 — What should I expect during the divorce process?
  Field: what_can_help
  Issue: opening may rely on prior context (spot-check)
  Severity: WARN

Row 5c7bd733-cc1c-480d-8fb9-6d68dd837775 — What should I expect during the divorce process?
  Field: word_count
  Issue: combined body 567 words (target 350–550)
  Severity: WARN

Row 95771c30-9939-450f-9ae2-c1093949a876 — What should I expect from detox and withdrawal?
  Field: what_can_help
  Issue: opening may rely on prior context (spot-check)
  Severity: WARN

Row 78de166e-36c5-4126-99d5-10b9e6f7c01f — What should I expect from my first AA or NA meeting?
  Field: primary_term
  Issue: does not clearly match condition in question
  Severity: WARN

Row 78de166e-36c5-4126-99d5-10b9e6f7c01f — What should I expect from my first AA or NA meeting?
  Field: what_can_help
  Issue: opening may rely on prior context (spot-check)
  Severity: WARN

Row 78de166e-36c5-4126-99d5-10b9e6f7c01f — What should I expect from my first AA or NA meeting?
  Field: when_to_reach_out
  Issue: opening may rely on prior context (spot-check)
  Severity: WARN

Row ad8e12bf-b2f9-4094-8b46-0cb7913dc61e — What should I expect from my first therapy session?
  Field: when_to_reach_out
  Issue: opening may rely on prior context (spot-check)
  Severity: WARN

Row 081a7fd9-bb0a-4f75-a55d-963ecf06efa3 — What should I expect if my loved one goes to treatment?
  Field: what_can_help
  Issue: opening may rely on prior context (spot-check)
  Severity: WARN

Row 081a7fd9-bb0a-4f75-a55d-963ecf06efa3 — What should I expect if my loved one goes to treatment?
  Field: when_to_reach_out
  Issue: opening may rely on prior context (spot-check)
  Severity: WARN

Row 94703dc5-1181-4aba-b000-ab21175bb1df — What should I expect in addiction treatment?
  Field: what_can_help
  Issue: opening may rely on prior context (spot-check)
  Severity: WARN

Row 87e94dee-8ffa-4613-9186-f1a2a5c2918e — What should I know about depression and menopause?
  Field: what_can_help
  Issue: opening may rely on prior context (spot-check)
  Severity: WARN

Row 87e94dee-8ffa-4613-9186-f1a2a5c2918e — What should I know about depression and menopause?
  Field: when_to_reach_out
  Issue: opening may rely on prior context (spot-check)
  Severity: WARN

Row 01df0c80-db12-483d-807d-88b73931594f — What should I know about depression and pregnancy planning?
  Field: what_can_help
  Issue: opening may rely on prior context (spot-check)
  Severity: WARN

Row 01df0c80-db12-483d-807d-88b73931594f — What should I know about depression and pregnancy planning?
  Field: when_to_reach_out
  Issue: opening may rely on prior context (spot-check)
  Severity: WARN

Row 0a49ecfa-bc35-4955-a77c-96bf121e3cbd — What should I know about depression in older adults?
  Field: what_can_help
  Issue: opening may rely on prior context (spot-check)
  Severity: WARN

Row 0a49ecfa-bc35-4955-a77c-96bf121e3cbd — What should I know about depression in older adults?
  Field: when_to_reach_out
  Issue: opening may rely on prior context (spot-check)
  Severity: WARN

Row fdb318ba-5480-481f-a33d-0b6eba858350 — What should parents do when siblings fight constantly?
  Field: when_to_reach_out
  Issue: opening may rely on prior context (spot-check)
  Severity: WARN

Row f27f780a-6244-441b-bd9e-dd12d45d7021 — What's the best way to talk to my child about difficult top…
  Field: what_can_help
  Issue: opening may rely on prior context (spot-check)
  Severity: WARN

Row f27f780a-6244-441b-bd9e-dd12d45d7021 — What's the best way to talk to my child about difficult top…
  Field: when_to_reach_out
  Issue: opening may rely on prior context (spot-check)
  Severity: WARN

Row 03ebd011-4255-4b9c-852b-2cbc6df61053 — What's the connection between depression and physical healt…
  Field: when_to_reach_out
  Issue: opening may rely on prior context (spot-check)
  Severity: WARN

Row a109b726-a170-4462-9436-9ceea7a44ba6 — What's the difference between addiction and dependence?
  Field: what_can_help
  Issue: opening may rely on prior context (spot-check)
  Severity: WARN

Row a109b726-a170-4462-9436-9ceea7a44ba6 — What's the difference between addiction and dependence?
  Field: when_to_reach_out
  Issue: opening may rely on prior context (spot-check)
  Severity: WARN

Row 681747c2-9fcd-4d4c-b125-44a6752e4dae — What's the difference between a psychologist, psychiatrist,…
  Field: what_can_help
  Issue: opening may rely on prior context (spot-check)
  Severity: WARN

Row 681747c2-9fcd-4d4c-b125-44a6752e4dae — What's the difference between a psychologist, psychiatrist,…
  Field: when_to_reach_out
  Issue: opening may rely on prior context (spot-check)
  Severity: WARN

Row 076b4b79-7750-4f55-be64-2202513acc6c — What's the difference between a sponsor and a therapist?
  Field: when_to_reach_out
  Issue: opening may rely on prior context (spot-check)
  Severity: WARN

Row 076b4b79-7750-4f55-be64-2202513acc6c — What's the difference between a sponsor and a therapist?
  Field: word_count
  Issue: combined body 580 words (target 350–550)
  Severity: WARN

Row e8c3718d-da0d-48c0-bfbd-acef86e10874 — What's the difference between being introverted and having …
  Field: what_can_help
  Issue: opening may rely on prior context (spot-check)
  Severity: WARN

Row e4641b6b-2ed1-4691-b4cf-5c29c45a4f82 — What's the difference between being shy and having avoidant…
  Field: what_can_help
  Issue: opening may rely on prior context (spot-check)
  Severity: WARN

Row e4641b6b-2ed1-4691-b4cf-5c29c45a4f82 — What's the difference between being shy and having avoidant…
  Field: when_to_reach_out
  Issue: opening may rely on prior context (spot-check)
  Severity: WARN

Row 48f727ef-ef94-486a-85d5-dc04ba528fff — What's the difference between being sober and being in reco…
  Field: what_can_help
  Issue: opening may rely on prior context (spot-check)
  Severity: WARN

Row 48f727ef-ef94-486a-85d5-dc04ba528fff — What's the difference between being sober and being in reco…
  Field: when_to_reach_out
  Issue: opening may rely on prior context (spot-check)
  Severity: WARN

Row 2db12b46-cf26-421e-92c7-3fb85ddeba73 — What's the difference between CBT and other types of therap…
  Field: what_can_help
  Issue: opening may rely on prior context (spot-check)
  Severity: WARN

Row 2db12b46-cf26-421e-92c7-3fb85ddeba73 — What's the difference between CBT and other types of therap…
  Field: when_to_reach_out
  Issue: opening may rely on prior context (spot-check)
  Severity: WARN

Row a50d9bc9-f71e-450a-961e-cd109480be2c — What's the difference between depression and bipolar disord…
  Field: when_to_reach_out
  Issue: opening may rely on prior context (spot-check)
  Severity: WARN

Row 82cacda1-15ee-4b23-a7e5-5e9b986f5e0b — What's the difference between depression and burnout?
  Field: what_can_help
  Issue: opening may rely on prior context (spot-check)
  Severity: WARN

Row 0a756a7a-378b-466f-a2e6-d377f6681cbe — What's the difference between feeling sad and being clinica…
  Field: when_to_reach_out
  Issue: opening may rely on prior context (spot-check)
  Severity: WARN

Row 3ec18352-06f0-475a-aabe-139223321e72 — What's the difference between grief and depression?
  Field: what_can_help
  Issue: opening may rely on prior context (spot-check)
  Severity: WARN

Row 3ec18352-06f0-475a-aabe-139223321e72 — What's the difference between grief and depression?
  Field: when_to_reach_out
  Issue: opening may rely on prior context (spot-check)
  Severity: WARN

Row 0f83275d-c95c-47c7-8d8a-98368b705668 — What's the difference between healthy and toxic masculinity?
  Field: what_can_help
  Issue: unresolved hedge: "Building or deepening friendships with men who model honesty and accountability matters more than most people expect. Is…"
  Severity: WARN

Row 0f83275d-c95c-47c7-8d8a-98368b705668 — What's the difference between healthy and toxic masculinity?
  Field: when_to_reach_out
  Issue: opening may rely on prior context (spot-check)
  Severity: WARN

Row 686794d6-e23b-471d-ad26-231164dc9f19 — What's the difference between inpatient and outpatient trea…
  Field: what_can_help
  Issue: opening may rely on prior context (spot-check)
  Severity: WARN

Row 686794d6-e23b-471d-ad26-231164dc9f19 — What's the difference between inpatient and outpatient trea…
  Field: when_to_reach_out
  Issue: opening may rely on prior context (spot-check)
  Severity: WARN

Row ba61f02e-dff9-429e-99e6-8f2bb96bf72e — What's the difference between major depression and persiste…
  Field: what_can_help
  Issue: opening may rely on prior context (spot-check)
  Severity: WARN

Row ba61f02e-dff9-429e-99e6-8f2bb96bf72e — What's the difference between major depression and persiste…
  Field: when_to_reach_out
  Issue: opening may rely on prior context (spot-check)
  Severity: WARN

Row 434a9399-07d5-4415-92f8-1f7a566be552 — What's the difference between narcissistic personality diso…
  Field: what_can_help
  Issue: opening may rely on prior context (spot-check)
  Severity: WARN

Row 434a9399-07d5-4415-92f8-1f7a566be552 — What's the difference between narcissistic personality diso…
  Field: when_to_reach_out
  Issue: opening may rely on prior context (spot-check)
  Severity: WARN

Row 491f6681-0d35-4c99-b99c-9be901efd415 — What's the difference between physical and psychological ad…
  Field: when_to_reach_out
  Issue: opening may rely on prior context (spot-check)
  Severity: WARN

Row c5fbb039-ab90-4e00-98d4-04c3369964a3 — What's the difference between sadness and grief?
  Field: word_count
  Issue: combined body 596 words (target 350–550)
  Severity: WARN

Row baf0385d-67d2-4827-81f9-69103e364565 — What's the difference between sadness and depression?
  Field: when_to_reach_out
  Issue: opening may rely on prior context (spot-check)
  Severity: WARN

Row 2ce52ca1-8e57-42b2-b6ce-527cb2baa68b — What's the difference between SSRIs and SNRIs for depressio…
  Field: what_can_help
  Issue: opening may rely on prior context (spot-check)
  Severity: WARN

Row 2ce52ca1-8e57-42b2-b6ce-527cb2baa68b — What's the difference between SSRIs and SNRIs for depressio…
  Field: when_to_reach_out
  Issue: opening may rely on prior context (spot-check)
  Severity: WARN

Row 0df53126-62c8-4e04-8352-298e5c67a370 — What's the difference between stress and anxiety?
  Field: what_can_help
  Issue: opening may rely on prior context (spot-check)
  Severity: WARN

Row 0df53126-62c8-4e04-8352-298e5c67a370 — What's the difference between stress and anxiety?
  Field: when_to_reach_out
  Issue: opening may rely on prior context (spot-check)
  Severity: WARN

Row 6567e82c-9fcd-4f1e-8001-9008ef273e38 — What's the difference between therapy types like CBT, DBT, …
  Field: when_to_reach_out
  Issue: opening may rely on prior context (spot-check)
  Severity: WARN

Row 69e6f974-c39e-4e62-aaa5-09c212adf495 — What should I do if I think my friend is depressed?
  Field: primary_term
  Issue: does not clearly match condition in question
  Severity: WARN

Row 69e6f974-c39e-4e62-aaa5-09c212adf495 — What should I do if I think my friend is depressed?
  Field: when_to_reach_out
  Issue: opening may rely on prior context (spot-check)
  Severity: WARN

Row 69e6f974-c39e-4e62-aaa5-09c212adf495 — What should I do if I think my friend is depressed?
  Field: word_count
  Issue: combined body 584 words (target 350–550)
  Severity: WARN

Row 5f21556f-bd96-4e8a-9e6b-f56ca2111b17 — What should I do if someone made an AI deepfake of me?
  Field: what_can_help
  Issue: opening may rely on prior context (spot-check)
  Severity: WARN

Row feb92937-e514-4ad7-8dd2-47d3f206dcd2 — What should I do when someone shuts down during conflict?
  Field: what_can_help
  Issue: opening may rely on prior context (spot-check)
  Severity: WARN

Row 3535038e-d7c2-4650-8fc6-f018cd76c39b — When should AI-related beliefs be treated as a mental healt…
  Field: what_can_help
  Issue: opening may rely on prior context (spot-check)
  Severity: WARN

Row 3535038e-d7c2-4650-8fc6-f018cd76c39b — When should AI-related beliefs be treated as a mental healt…
  Field: when_to_reach_out
  Issue: opening may rely on prior context (spot-check)
  Severity: WARN

Row fda736ab-5fb3-422f-8317-b32afef5ba08 — When should I consider switching antidepressants?
  Field: when_to_reach_out
  Issue: opening may rely on prior context (spot-check)
  Severity: WARN

Row 6ef9469b-db6f-4c5c-951f-ea886fef5278 — When should I stop using AI and talk to a real person?
  Field: primary_term
  Issue: does not clearly match condition in question
  Severity: WARN

Row 6ef9469b-db6f-4c5c-951f-ea886fef5278 — When should I stop using AI and talk to a real person?
  Field: what_can_help
  Issue: opening may rely on prior context (spot-check)
  Severity: WARN

Row 6ef9469b-db6f-4c5c-951f-ea886fef5278 — When should I stop using AI and talk to a real person?
  Field: when_to_reach_out
  Issue: opening may rely on prior context (spot-check)
  Severity: WARN

Row 17b0e8de-eeaa-4d69-9bac-0a42dc98e2d4 — When should I talk to someone about my mental health?
  Field: what_can_help
  Issue: opening may rely on prior context (spot-check)
  Severity: WARN

Row 17b0e8de-eeaa-4d69-9bac-0a42dc98e2d4 — When should I talk to someone about my mental health?
  Field: when_to_reach_out
  Issue: opening may rely on prior context (spot-check)
  Severity: WARN

Row 37123b85-0215-4f2f-b16b-92b2152c4553 — When should someone seek professional help for substance us…
  Field: what_can_help
  Issue: opening may rely on prior context (spot-check)
  Severity: WARN

Row 37123b85-0215-4f2f-b16b-92b2152c4553 — When should someone seek professional help for substance us…
  Field: when_to_reach_out
  Issue: opening may rely on prior context (spot-check)
  Severity: WARN

Row e449fadb-dc16-4a10-b676-164a795e1e31 — Why does AI at work make me feel less in control?
  Field: what_can_help
  Issue: opening may rely on prior context (spot-check)
  Severity: WARN

Row e449fadb-dc16-4a10-b676-164a795e1e31 — Why does AI at work make me feel less in control?
  Field: when_to_reach_out
  Issue: opening may rely on prior context (spot-check)
  Severity: WARN

Row b88a3917-dce4-4820-a740-707a7835144b — Why does my AI companion feel more comforting than real peo…
  Field: when_to_reach_out
  Issue: opening may rely on prior context (spot-check)
  Severity: WARN

Row b88a3917-dce4-4820-a740-707a7835144b — Why does my AI companion feel more comforting than real peo…
  Field: word_count
  Issue: combined body 553 words (target 350–550)
  Severity: WARN

Row 1a23cd6b-4c42-408e-bdd3-2d3ab7b60519 — Why do AI-generated images make me feel insecure about my b…
  Field: when_to_reach_out
  Issue: opening may rely on prior context (spot-check)
  Severity: WARN

Row 928e961e-fe6b-45c1-9420-6e5fe9b60f8b — Why does AI make me question what makes me human?
  Field: primary_term
  Issue: does not clearly match condition in question
  Severity: WARN

Row 928e961e-fe6b-45c1-9420-6e5fe9b60f8b — Why does AI make me question what makes me human?
  Field: what_can_help
  Issue: opening may rely on prior context (spot-check)
  Severity: WARN

Row ad5ca418-e45d-48e6-a5da-675a747a6a0e — Why does AI make the future feel scary?
  Field: primary_term
  Issue: does not clearly match condition in question
  Severity: WARN

Row ad5ca418-e45d-48e6-a5da-675a747a6a0e — Why does AI make the future feel scary?
  Field: when_to_reach_out
  Issue: opening may rely on prior context (spot-check)
  Severity: WARN

Row ad5ca418-e45d-48e6-a5da-675a747a6a0e — Why does AI make the future feel scary?
  Field: word_count
  Issue: combined body 589 words (target 350–550)
  Severity: WARN

Row eeb6ec3f-c62d-4a1e-91c0-a2fec9f6ddd8 — Why am I so anxious about AI replacing my job?
  Field: primary_term
  Issue: does not clearly match condition in question
  Severity: WARN

Row eeb6ec3f-c62d-4a1e-91c0-a2fec9f6ddd8 — Why am I so anxious about AI replacing my job?
  Field: word_count
  Issue: combined body 589 words (target 350–550)
  Severity: WARN

Row 0ae0b3db-8b3b-4b31-b82a-dabee26b9dae — Why can't I just stop using drugs on my own?
  Field: primary_term
  Issue: does not clearly match condition in question
  Severity: WARN

Row 5c642391-76bc-4e31-ba44-9072fae3a0af — Why do certain places or smells suddenly make me feel panic…
  Field: when_to_reach_out
  Issue: opening may rely on prior context (spot-check)
  Severity: WARN

Row cdfc1817-7c3f-41fa-a742-8ea171c5c131 — Why does depression come back after I start feeling better?
  Field: when_to_reach_out
  Issue: opening may rely on prior context (spot-check)
  Severity: WARN

Row cdfc1817-7c3f-41fa-a742-8ea171c5c131 — Why does depression come back after I start feeling better?
  Field: word_count
  Issue: combined body 584 words (target 350–550)
  Severity: WARN

Row 708d5588-bb92-4bf0-856b-6c7c985b1b38 — Why does everyone else seem to have their career figured ou…
  Field: when_to_reach_out
  Issue: opening may rely on prior context (spot-check)
  Severity: WARN

Row f76272e7-cf31-419f-983a-1c0725d62543 — Why does everyone else seem to move on while I'm still grie…
  Field: primary_term
  Issue: does not clearly match condition in question
  Severity: WARN

Row f76272e7-cf31-419f-983a-1c0725d62543 — Why does everyone else seem to move on while I'm still grie…
  Field: what_can_help
  Issue: opening may rely on prior context (spot-check)
  Severity: WARN

Row 8eb72ad5-ca9e-4fc8-be94-173483b1eb60 — Why does everything feel pointless when I'm depressed?
  Field: primary_term
  Issue: does not clearly match condition in question
  Severity: WARN

Row 8eb72ad5-ca9e-4fc8-be94-173483b1eb60 — Why does everything feel pointless when I'm depressed?
  Field: when_to_reach_out
  Issue: opening may rely on prior context (spot-check)
  Severity: WARN

Row f5bf947e-36e7-4b69-b11e-e65c5c0f1b2f — Why does grief come in waves?
  Field: word_count
  Issue: combined body 577 words (target 350–550)
  Severity: WARN

Row 4e116e1e-634c-4be5-a583-0aea25ecbf3e — Why does grief feel physical?
  Field: word_count
  Issue: combined body 586 words (target 350–550)
  Severity: WARN

Row f2957bd0-cc9b-45ed-a996-94eca605ae97 — Why does my anxiety get worse when I try to relax?
  Field: when_to_reach_out
  Issue: opening may rely on prior context (spot-check)
  Severity: WARN

Row c8857b5a-4185-47d2-bbca-51b8bbcf51bf — Why does my chest feel tight when I'm anxious?
  Field: when_to_reach_out
  Issue: opening may rely on prior context (spot-check)
  Severity: WARN

Row 4a9a4024-a6fe-41a2-bb49-0f499129ac80 — Why does my face feel hot and flushed when I'm embarrassed?
  Field: primary_term
  Issue: does not clearly match condition in question
  Severity: WARN

Row 54ee114d-1c4f-418e-be7e-4d3143fd98a5 — Why does my heart race even when I'm just sitting still?
  Field: what_can_help
  Issue: opening may rely on prior context (spot-check)
  Severity: WARN

Row 54ee114d-1c4f-418e-be7e-4d3143fd98a5 — Why does my heart race even when I'm just sitting still?
  Field: when_to_reach_out
  Issue: opening may rely on prior context (spot-check)
  Severity: WARN

Row 7644ec1a-fc69-4fb2-a1c1-60953096dfc3 — Why does my teenager seem to hate spending time with family?
  Field: what_can_help
  Issue: opening may rely on prior context (spot-check)
  Severity: WARN

Row 7644ec1a-fc69-4fb2-a1c1-60953096dfc3 — Why does my teenager seem to hate spending time with family?
  Field: when_to_reach_out
  Issue: opening may rely on prior context (spot-check)
  Severity: WARN

Row b9f4e3eb-5136-4862-ac0c-1a763e586820 — Why does talking to AI feel easier than talking to my thera…
  Field: primary_term
  Issue: does not clearly match condition in question
  Severity: WARN

Row b9f4e3eb-5136-4862-ac0c-1a763e586820 — Why does talking to AI feel easier than talking to my thera…
  Field: what_can_help
  Issue: opening may rely on prior context (spot-check)
  Severity: WARN

Row b9f4e3eb-5136-4862-ac0c-1a763e586820 — Why does talking to AI feel easier than talking to my thera…
  Field: when_to_reach_out
  Issue: opening may rely on prior context (spot-check)
  Severity: WARN

Row 5825ba04-5675-4029-93ac-11ee598a5881 — Why do I always end up with partners who are emotionally un…
  Field: what_can_help
  Issue: opening may rely on prior context (spot-check)
  Severity: WARN

Row 5825ba04-5675-4029-93ac-11ee598a5881 — Why do I always end up with partners who are emotionally un…
  Field: when_to_reach_out
  Issue: opening may rely on prior context (spot-check)
  Severity: WARN

Row 3445b383-3195-468c-b45e-d8938d9ed349 — Why do I always spiral at 2am?
  Field: primary_term
  Issue: does not clearly match condition in question
  Severity: WARN

Row b2d01be5-c7f6-44f2-b88b-c9c654036344 — Why do I apologize for everything even when it's not my fau…
  Field: primary_term
  Issue: does not clearly match condition in question
  Severity: WARN

Row b2d01be5-c7f6-44f2-b88b-c9c654036344 — Why do I apologize for everything even when it's not my fau…
  Field: when_to_reach_out
  Issue: opening may rely on prior context (spot-check)
  Severity: WARN

Row ccc6c5f0-647c-4673-8c6b-0140296b43ab — Why do I attract people who want to 'fix' me?
  Field: primary_term
  Issue: does not clearly match condition in question
  Severity: WARN

Row ccc6c5f0-647c-4673-8c6b-0140296b43ab — Why do I attract people who want to 'fix' me?
  Field: when_to_reach_out
  Issue: opening may rely on prior context (spot-check)
  Severity: WARN

Row 6f48e451-c32c-4464-ba72-702ba11ba16f — Why do I attract the same type of problematic partners?
  Field: primary_term
  Issue: does not clearly match condition in question
  Severity: WARN

Row b709dca7-c903-4a49-899e-19324747d027 — Why do I attract the same type of toxic people?
  Field: what_can_help
  Issue: opening may rely on prior context (spot-check)
  Severity: WARN

Row b709dca7-c903-4a49-899e-19324747d027 — Why do I attract the same type of toxic people?
  Field: when_to_reach_out
  Issue: opening may rely on prior context (spot-check)
  Severity: WARN

Row 5e4db9a7-353b-4c91-8421-ea0a347476c0 — Why do I constantly compare myself to others?
  Field: primary_term
  Issue: does not clearly match condition in question
  Severity: WARN

Row 22d72845-5534-4f53-b78a-1fb54eb32cb4 — Why do I feel angry all the time lately?
  Field: primary_term
  Issue: does not clearly match condition in question
  Severity: WARN

Row da687806-8c71-4421-bb32-171948b44d83 — Why do I feel angry at the person who died?
  Field: primary_term
  Issue: does not clearly match condition in question
  Severity: WARN

Row da687806-8c71-4421-bb32-171948b44d83 — Why do I feel angry at the person who died?
  Field: when_to_reach_out
  Issue: opening may rely on prior context (spot-check)
  Severity: WARN

Row 0ef9a887-790d-4e28-8210-ad277898db1d — Why do I feel anxious about good things happening?
  Field: when_to_reach_out
  Issue: opening may rely on prior context (spot-check)
  Severity: WARN

Row 69b1bdab-33ad-4839-a9e7-06448efa25a5 — Why do I feel anxious about good things happening to me?
  Field: when_to_reach_out
  Issue: opening may rely on prior context (spot-check)
  Severity: WARN

Row 55fd6f47-af3d-479f-882c-49be638e2531 — Why do I feel anxious about positive life changes like gett…
  Field: when_to_reach_out
  Issue: opening may rely on prior context (spot-check)
  Severity: WARN

Row 5dcd4648-ba1e-4d7b-a326-fc129360c1ae — Why do I feel anxious about relaxing or taking breaks?
  Field: primary_term
  Issue: does not clearly match condition in question
  Severity: WARN

Row 6e7eb622-509e-40a1-b108-9c7a9f2cd455 — Why do I feel anxious about things that haven't happened ye…
  Field: primary_term
  Issue: does not clearly match condition in question
  Severity: WARN

Row 5976af80-445e-4c2e-a81f-704c45fe8bd4 — Why do I feel anxious about unplugging from technology even…
  Field: when_to_reach_out
  Issue: opening may rely on prior context (spot-check)
  Severity: WARN

Row 7b41af38-fdec-4cf3-820c-2db4ec18557a — Why do I feel anxious even when nothing is wrong?
  Field: primary_term
  Issue: does not clearly match condition in question
  Severity: WARN

Row 800370b4-d584-44f0-bc22-812923d3616a — Why do I feel anxious even when nothing bad is happening?
  Field: primary_term
  Issue: does not clearly match condition in question
  Severity: WARN

Row 800370b4-d584-44f0-bc22-812923d3616a — Why do I feel anxious even when nothing bad is happening?
  Field: what_can_help
  Issue: opening may rely on prior context (spot-check)
  Severity: WARN

Row 800370b4-d584-44f0-bc22-812923d3616a — Why do I feel anxious even when nothing bad is happening?
  Field: when_to_reach_out
  Issue: opening may rely on prior context (spot-check)
  Severity: WARN

Row b22d2a0d-e2ef-4f56-a389-fa8948dff8d8 — Why do I feel anxious for no reason?
  Field: primary_term
  Issue: does not clearly match condition in question
  Severity: WARN

Row b22d2a0d-e2ef-4f56-a389-fa8948dff8d8 — Why do I feel anxious for no reason?
  Field: what_can_help
  Issue: opening may rely on prior context (spot-check)
  Severity: WARN

Row b22d2a0d-e2ef-4f56-a389-fa8948dff8d8 — Why do I feel anxious for no reason?
  Field: when_to_reach_out
  Issue: opening may rely on prior context (spot-check)
  Severity: WARN

Row 7a3053e8-8055-4f1f-a653-368d78f6d503 — Why do I feel anxious when I check my bank account?
  Field: primary_term
  Issue: does not clearly match condition in question
  Severity: WARN

Row 0fe7f838-30e0-4b2c-a8a2-8dbb8bfff198 — Why do I feel anxious when I have nothing to worry about?
  Field: primary_term
  Issue: does not clearly match condition in question
  Severity: WARN

Row 0fe7f838-30e0-4b2c-a8a2-8dbb8bfff198 — Why do I feel anxious when I have nothing to worry about?
  Field: what_can_help
  Issue: opening may rely on prior context (spot-check)
  Severity: WARN

Row 0fe7f838-30e0-4b2c-a8a2-8dbb8bfff198 — Why do I feel anxious when I have nothing to worry about?
  Field: when_to_reach_out
  Issue: opening may rely on prior context (spot-check)
  Severity: WARN

Row 9770c1a4-a520-497a-84ce-07541fe0a1ec — Why do I feel anxious when nothing is wrong?
  Field: primary_term
  Issue: does not clearly match condition in question
  Severity: WARN

Row 9770c1a4-a520-497a-84ce-07541fe0a1ec — Why do I feel anxious when nothing is wrong?
  Field: when_to_reach_out
  Issue: opening may rely on prior context (spot-check)
  Severity: WARN

Row f6eab562-511b-406a-85d6-72c436f3f854 — Why do I feel anxious when things are going well in my life?
  Field: when_to_reach_out
  Issue: opening may rely on prior context (spot-check)
  Severity: WARN

Row bc727552-b70c-4037-a6d2-33ec2824dac4 — Why do I feel ashamed about my body during intimate moments?
  Field: when_to_reach_out
  Issue: opening may rely on prior context (spot-check)
  Severity: WARN

Row 4350e01a-84bb-4f23-8393-e9d06f5c409a — Why do I feel ashamed about needing help for my addiction?
  Field: when_to_reach_out
  Issue: opening may rely on prior context (spot-check)
  Severity: WARN

Row af36db8b-4ed3-4b01-be4e-d13b3e7fd13d — Why do I feel ashamed about relying on AI?
  Field: what_can_help
  Issue: opening may rely on prior context (spot-check)
  Severity: WARN

Row af36db8b-4ed3-4b01-be4e-d13b3e7fd13d — Why do I feel ashamed about relying on AI?
  Field: when_to_reach_out
  Issue: opening may rely on prior context (spot-check)
  Severity: WARN

Row 429f4113-79bc-42d3-951c-898b2aa87c5f — Why do I feel burned out even in a job I used to love?
  Field: primary_term
  Issue: does not clearly match condition in question
  Severity: WARN

Row 3e650143-c578-4753-a748-f8c4345fd42a — Why do I feel cold and shivery when I'm anxious?
  Field: primary_term
  Issue: does not clearly match condition in question
  Severity: WARN

Row a220dc51-5ce7-4ef4-b1bf-db0d6e700dee — Why do I feel depressed even when my life is going well?
  Field: primary_term
  Issue: does not clearly match condition in question
  Severity: WARN

Row a220dc51-5ce7-4ef4-b1bf-db0d6e700dee — Why do I feel depressed even when my life is going well?
  Field: when_to_reach_out
  Issue: opening may rely on prior context (spot-check)
  Severity: WARN

Row 5e18f52c-945f-4d93-b731-4950a1b9521c — Why do I feel disconnected from my cultural food traditions?
  Field: what_can_help
  Issue: opening may rely on prior context (spot-check)
  Severity: WARN

Row 5e18f52c-945f-4d93-b731-4950a1b9521c — Why do I feel disconnected from my cultural food traditions?
  Field: word_count
  Issue: combined body 584 words (target 350–550)
  Severity: WARN

Row 6c5cb285-a8e3-4e62-b03f-5d4e42e06915 — Why do I feel disconnected from my cultural community's pol…
  Field: what_can_help
  Issue: opening may rely on prior context (spot-check)
  Severity: WARN

Row 6c5cb285-a8e3-4e62-b03f-5d4e42e06915 — Why do I feel disconnected from my cultural community's pol…
  Field: when_to_reach_out
  Issue: opening may rely on prior context (spot-check)
  Severity: WARN

Row b0a34086-913e-4007-9d22-6406078f923d — Why do I feel disconnected from my cultural identity?
  Field: what_can_help
  Issue: opening may rely on prior context (spot-check)
  Severity: WARN

Row b0a34086-913e-4007-9d22-6406078f923d — Why do I feel disconnected from my cultural identity?
  Field: when_to_reach_out
  Issue: opening may rely on prior context (spot-check)
  Severity: WARN

Row 6f2af34c-432e-4886-b692-f43c371b6796 — Why do I feel disconnected from my emotions?
  Field: primary_term
  Issue: does not clearly match condition in question
  Severity: WARN

Row 6f2af34c-432e-4886-b692-f43c371b6796 — Why do I feel disconnected from my emotions?
  Field: what_can_help
  Issue: opening may rely on prior context (spot-check)
  Severity: WARN

Row 6f2af34c-432e-4886-b692-f43c371b6796 — Why do I feel disconnected from my emotions?
  Field: key_takeaways[3]
  Issue: 14 words (target 15–35)
  Severity: WARN

Row 5ccd0ca8-bb59-48d4-bf34-c211f2a91097 — Why do I feel disconnected from my emotions even in therapy?
  Field: what_can_help
  Issue: opening may rely on prior context (spot-check)
  Severity: WARN

Row 5ccd0ca8-bb59-48d4-bf34-c211f2a91097 — Why do I feel disconnected from my emotions even in therapy?
  Field: when_to_reach_out
  Issue: opening may rely on prior context (spot-check)
  Severity: WARN

Row 7d03f7e6-1f46-406e-b0c7-6c167b4bb8ea — Why do I feel dizzy when I'm overwhelmed?
  Field: when_to_reach_out
  Issue: opening may rely on prior context (spot-check)
  Severity: WARN

Row f108a5d8-c8be-4b13-9dd9-834176c985e5 — Why do I feel empty even when good things happen?
  Field: primary_term
  Issue: does not clearly match condition in question
  Severity: WARN

Row be09078b-85c5-46ce-90dc-c8edfc0e813f — Why do I feel empty even when my life is going well?
  Field: primary_term
  Issue: does not clearly match condition in question
  Severity: WARN

Row be09078b-85c5-46ce-90dc-c8edfc0e813f — Why do I feel empty even when my life is going well?
  Field: when_to_reach_out
  Issue: opening may rely on prior context (spot-check)
  Severity: WARN

Row da13180a-219a-4f0e-bf71-c4b6f18b91f8 — Why do I feel empty even when my life looks good?
  Field: primary_term
  Issue: does not clearly match condition in question
  Severity: WARN

Row da13180a-219a-4f0e-bf71-c4b6f18b91f8 — Why do I feel empty even when my life looks good?
  Field: when_to_reach_out
  Issue: opening may rely on prior context (spot-check)
  Severity: WARN

Row d8c4ea75-b7f8-4e22-9c1f-fa6cb5ef230e — Why do I feel empty even when my life looks good on paper?
  Field: primary_term
  Issue: does not clearly match condition in question
  Severity: WARN

Row 56695d78-6fa3-4876-a849-f5116f722582 — Why do I feel empty even when my life looks good on paper?
  Field: primary_term
  Issue: does not clearly match condition in question
  Severity: WARN

Row e20a9f6f-eea9-4cd4-9a05-357b3aad3af1 — Why do I feel exhausted all the time even when I sleep enou…
  Field: what_can_help
  Issue: opening may rely on prior context (spot-check)
  Severity: WARN

Row e20a9f6f-eea9-4cd4-9a05-357b3aad3af1 — Why do I feel exhausted all the time even when I sleep enou…
  Field: when_to_reach_out
  Issue: opening may rely on prior context (spot-check)
  Severity: WARN

Row f6c563e7-d3ce-48c8-aee4-76cb9b572de9 — Why do I feel furious over small things that shouldn't matt…
  Field: primary_term
  Issue: does not clearly match condition in question
  Severity: WARN

Row f6c563e7-d3ce-48c8-aee4-76cb9b572de9 — Why do I feel furious over small things that shouldn't matt…
  Field: what_can_help
  Issue: opening may rely on prior context (spot-check)
  Severity: WARN

Row f6c563e7-d3ce-48c8-aee4-76cb9b572de9 — Why do I feel furious over small things that shouldn't matt…
  Field: when_to_reach_out
  Issue: opening may rely on prior context (spot-check)
  Severity: WARN

Row f6c563e7-d3ce-48c8-aee4-76cb9b572de9 — Why do I feel furious over small things that shouldn't matt…
  Field: word_count
  Issue: combined body 572 words (target 350–550)
  Severity: WARN

Row 8b083273-9a9b-4532-b204-8e4f9c7f17bb — Why do I feel guilty about adapting my cultural traditions?
  Field: what_can_help
  Issue: opening may rely on prior context (spot-check)
  Severity: WARN

Row 3eee27ff-adc3-4ef8-b189-ec603998253f — Why do I feel guilty about being depressed when others have…
  Field: when_to_reach_out
  Issue: opening may rely on prior context (spot-check)
  Severity: WARN

Row 4f6c64b3-6119-42a2-8166-f1fc1f01be2c — Why do I feel guilty about being happy when others are suff…
  Field: what_can_help
  Issue: opening may rely on prior context (spot-check)
  Severity: WARN

Row f3875840-d72f-4c5f-bcaa-ab305829c900 — Why do I feel guilty about losing my native language?
  Field: what_can_help
  Issue: opening may rely on prior context (spot-check)
  Severity: WARN

Row f3875840-d72f-4c5f-bcaa-ab305829c900 — Why do I feel guilty about losing my native language?
  Field: word_count
  Issue: combined body 583 words (target 350–550)
  Severity: WARN

Row 91cdd05d-c563-417e-92dd-e80682bd766c — Why do I feel guilty about my privilege as a passing member…
  Field: what_can_help
  Issue: opening may rely on prior context (spot-check)
  Severity: WARN

Row 91cdd05d-c563-417e-92dd-e80682bd766c — Why do I feel guilty about my privilege as a passing member…
  Field: when_to_reach_out
  Issue: opening may rely on prior context (spot-check)
  Severity: WARN

Row 67eade3c-cb01-4c12-bb95-b0b13ad785ce — Why do I feel guilty about my trauma?
  Field: when_to_reach_out
  Issue: opening may rely on prior context (spot-check)
  Severity: WARN

Row 0851206b-ac4e-455c-bf23-a7ae6581347f — Why do I feel guilty about not speaking my heritage languag…
  Field: when_to_reach_out
  Issue: opening may rely on prior context (spot-check)
  Severity: WARN

Row b234aa24-5f9c-4963-8ab2-6495281b80e1 — Why do I feel guilty about setting boundaries at work?
  Field: when_to_reach_out
  Issue: opening may rely on prior context (spot-check)
  Severity: WARN

Row 9a125876-9e40-41b1-8eab-329d5850471a — Why do I feel guilty about spending money on myself?
  Field: what_can_help
  Issue: opening may rely on prior context (spot-check)
  Severity: WARN

Row 9a125876-9e40-41b1-8eab-329d5850471a — Why do I feel guilty about spending money on myself?
  Field: word_count
  Issue: combined body 570 words (target 350–550)
  Severity: WARN

Row 020e8d3f-241a-4979-99cf-af87657359fe — Why do I feel guilty about taking psychiatric medication?
  Field: what_can_help
  Issue: opening may rely on prior context (spot-check)
  Severity: WARN

Row 020e8d3f-241a-4979-99cf-af87657359fe — Why do I feel guilty about taking psychiatric medication?
  Field: when_to_reach_out
  Issue: opening may rely on prior context (spot-check)
  Severity: WARN

Row aa8f23dc-c82e-4dfb-90ed-061e8b443fe4 — Why do I feel guilty about taking sick days for mental heal…
  Field: what_can_help
  Issue: opening may rely on prior context (spot-check)
  Severity: WARN

Row aa8f23dc-c82e-4dfb-90ed-061e8b443fe4 — Why do I feel guilty about taking sick days for mental heal…
  Field: when_to_reach_out
  Issue: opening may rely on prior context (spot-check)
  Severity: WARN

Row 75dc1ae0-db4b-4a5e-9e78-c0dc59a36f06 — Why do I feel guilty every time I get angry?
  Field: what_can_help
  Issue: opening may rely on prior context (spot-check)
  Severity: WARN

Row bf4ed0c5-91bf-4306-bb13-2cf0c3347ede — Why do I feel guilty for being excited about changes that h…
  Field: what_can_help
  Issue: opening may rely on prior context (spot-check)
  Severity: WARN

Row 7a4913e1-ff6a-4ac0-aa7d-b5cbc327cdea — Why do I feel guilty for being happy after my breakup?
  Field: when_to_reach_out
  Issue: opening may rely on prior context (spot-check)
  Severity: WARN

Row 7a4913e1-ff6a-4ac0-aa7d-b5cbc327cdea — Why do I feel guilty for being happy after my breakup?
  Field: word_count
  Issue: combined body 591 words (target 350–550)
  Severity: WARN

Row 6f91fca0-6e6e-4161-94b1-b1b557a4142b — Why do I feel guilty for being happy after losing someone I…
  Field: when_to_reach_out
  Issue: opening may rely on prior context (spot-check)
  Severity: WARN

Row 0ef8e222-ea7a-4e8d-8907-b160f3cc6842 — Why do I feel guilty for having anxiety when others have it…
  Field: when_to_reach_out
  Issue: opening may rely on prior context (spot-check)
  Severity: WARN

Row 6256807c-286b-48e8-9389-b426ce915723 — Why do I feel guilty for having moments of happiness after …
  Field: what_can_help
  Issue: opening may rely on prior context (spot-check)
  Severity: WARN

Row c80827a7-f786-4c02-9a47-7910da1f3386 — Why do I feel guilty for moving on after someone died?
  Field: what_can_help
  Issue: opening may rely on prior context (spot-check)
  Severity: WARN

Row b0b93a22-fe0b-4204-9cbe-6ba72d6462bd — Why do I feel guilty for questioning my religious upbringin…
  Field: when_to_reach_out
  Issue: opening may rely on prior context (spot-check)
  Severity: WARN

Row fe2f8211-9d54-46f3-92a7-1d14b0a4683c — Why do I feel guilty when I say no to people?
  Field: when_to_reach_out
  Issue: opening may rely on prior context (spot-check)
  Severity: WARN

Row d7d3a419-1483-438f-8334-243d6b6a713f — Why do I feel guilty when I set boundaries with family?
  Field: when_to_reach_out
  Issue: opening may rely on prior context (spot-check)
  Severity: WARN

Row ec0022d8-548d-4169-ad74-6cb4d7ee746d — Why do I feel jealous even when I trust my partner complete…
  Field: primary_term
  Issue: does not clearly match condition in question
  Severity: WARN

Row 4e220ead-56c9-4191-bc57-c93744ce2b42 — Why do I feel like a fraud even when I'm successful?
  Field: primary_term
  Issue: does not clearly match condition in question
  Severity: WARN

Row 4e220ead-56c9-4191-bc57-c93744ce2b42 — Why do I feel like a fraud even when I'm successful?
  Field: what_can_help
  Issue: opening may rely on prior context (spot-check)
  Severity: WARN

Row 4e220ead-56c9-4191-bc57-c93744ce2b42 — Why do I feel like a fraud even when I'm successful?
  Field: when_to_reach_out
  Issue: opening may rely on prior context (spot-check)
  Severity: WARN

Row 7464cb4d-3d2a-4cba-aba1-0f7ac207b604 — Why do I feel like everything has to be perfect before I ca…
  Field: primary_term
  Issue: does not clearly match condition in question
  Severity: WARN

Row 70b97b0c-c0db-4f3d-8d3b-94dab5c25d2f — Why do I feel like I'm addicted to my phone?
  Field: when_to_reach_out
  Issue: opening may rely on prior context (spot-check)
  Severity: WARN

Row ac2b925c-7bba-4c4f-af7b-76fb49292741 — Why do I feel like I can't be happy when others are struggl…
  Field: primary_term
  Issue: does not clearly match condition in question
  Severity: WARN

Row ac2b925c-7bba-4c4f-af7b-76fb49292741 — Why do I feel like I can't be happy when others are struggl…
  Field: what_can_help
  Issue: opening may rely on prior context (spot-check)
  Severity: WARN

Row 4b760eae-e734-461c-bc7f-a848381cb8ba — Why do I feel like I can't be myself around certain people?
  Field: primary_term
  Issue: does not clearly match condition in question
  Severity: WARN

Row 4b760eae-e734-461c-bc7f-a848381cb8ba — Why do I feel like I can't be myself around certain people?
  Field: what_can_help
  Issue: opening may rely on prior context (spot-check)
  Severity: WARN

Row 4b760eae-e734-461c-bc7f-a848381cb8ba — Why do I feel like I can't be myself around certain people?
  Field: when_to_reach_out
  Issue: opening may rely on prior context (spot-check)
  Severity: WARN

Row b7d9dd9a-8391-46e6-a5d2-7889c1f37a84 — Why do I feel like I can't handle normal adult responsibili…
  Field: when_to_reach_out
  Issue: opening may rely on prior context (spot-check)
  Severity: WARN

Row 1dc840d3-c570-46cf-a698-dc8b5a91cfa9 — Why do I feel like I can't handle stress like other people?
  Field: when_to_reach_out
  Issue: opening may rely on prior context (spot-check)
  Severity: WARN

Row 1dc840d3-c570-46cf-a698-dc8b5a91cfa9 — Why do I feel like I can't handle stress like other people?
  Field: word_count
  Issue: combined body 598 words (target 350–550)
  Severity: WARN

Row 28e25d7e-1872-4b99-a8c2-fc38f54c83d9 — Why do I feel like I can't trust anyone?
  Field: primary_term
  Issue: does not clearly match condition in question
  Severity: WARN

Row 28e25d7e-1872-4b99-a8c2-fc38f54c83d9 — Why do I feel like I can't trust anyone?
  Field: what_can_help
  Issue: opening may rely on prior context (spot-check)
  Severity: WARN

Row 05d5e7be-e56e-4e83-b4da-bba3d56b7104 — Why do I feel like I can't trust anyone completely?
  Field: primary_term
  Issue: does not clearly match condition in question
  Severity: WARN

Row 05d5e7be-e56e-4e83-b4da-bba3d56b7104 — Why do I feel like I can't trust anyone completely?
  Field: what_can_help
  Issue: opening may rely on prior context (spot-check)
  Severity: WARN

Row 3bc77f2a-16b7-4105-8162-f1354ad0db41 — Why do I feel like I can't trust my own judgment?
  Field: primary_term
  Issue: does not clearly match condition in question
  Severity: WARN

Row 3bc77f2a-16b7-4105-8162-f1354ad0db41 — Why do I feel like I can't trust my own judgment?
  Field: what_can_help
  Issue: opening may rely on prior context (spot-check)
  Severity: WARN

Row 3bc77f2a-16b7-4105-8162-f1354ad0db41 — Why do I feel like I can't trust my own judgment?
  Field: when_to_reach_out
  Issue: opening may rely on prior context (spot-check)
  Severity: WARN

Row 70d21627-a2db-408a-965b-8798dcca7486 — Why do I feel like I can't trust my own memories?
  Field: primary_term
  Issue: does not clearly match condition in question
  Severity: WARN

Row b6e25775-eb48-4672-b5ee-fa26bbd8441a — Why do I feel like I can't trust my own feelings?
  Field: primary_term
  Issue: does not clearly match condition in question
  Severity: WARN

Row b6e25775-eb48-4672-b5ee-fa26bbd8441a — Why do I feel like I can't trust my own feelings?
  Field: when_to_reach_out
  Issue: opening may rely on prior context (spot-check)
  Severity: WARN

Row 7860e9c6-12ca-4cb5-a28c-fd21e6c5daf0 — Why do I feel like I don't deserve good things?
  Field: primary_term
  Issue: does not clearly match condition in question
  Severity: WARN

Row 7860e9c6-12ca-4cb5-a28c-fd21e6c5daf0 — Why do I feel like I don't deserve good things?
  Field: when_to_reach_out
  Issue: opening may rely on prior context (spot-check)
  Severity: WARN

Row 7860e9c6-12ca-4cb5-a28c-fd21e6c5daf0 — Why do I feel like I don't deserve good things?
  Field: word_count
  Issue: combined body 561 words (target 350–550)
  Severity: WARN

Row 961f9d79-71df-4af0-9b2b-d1fdc0359ee9 — Why do I feel like I don't deserve good things happening to…
  Field: primary_term
  Issue: does not clearly match condition in question
  Severity: WARN

Row 961f9d79-71df-4af0-9b2b-d1fdc0359ee9 — Why do I feel like I don't deserve good things happening to…
  Field: what_can_help
  Issue: opening may rely on prior context (spot-check)
  Severity: WARN

Row d46fb0a6-84b9-4abe-9b42-1bb058c3a979 — Why do I feel like I don't deserve love?
  Field: what_can_help
  Issue: opening may rely on prior context (spot-check)
  Severity: WARN

Row d46fb0a6-84b9-4abe-9b42-1bb058c3a979 — Why do I feel like I don't deserve love?
  Field: when_to_reach_out
  Issue: opening may rely on prior context (spot-check)
  Severity: WARN

Row 94000a9e-4c08-4fc5-84df-9cfd3bc13c0f — Why do I feel like I don't deserve success in my career?
  Field: primary_term
  Issue: does not clearly match condition in question
  Severity: WARN

Row 94000a9e-4c08-4fc5-84df-9cfd3bc13c0f — Why do I feel like I don't deserve success in my career?
  Field: when_to_reach_out
  Issue: opening may rely on prior context (spot-check)
  Severity: WARN

Row 14674ade-4e23-46c4-bc1e-ffa99b060730 — Why do I feel like I don't fit in anywhere?
  Field: when_to_reach_out
  Issue: opening may rely on prior context (spot-check)
  Severity: WARN

Row 18d8084f-d00a-4be3-89a2-c5adee65ad6f — Why do I feel like I don't fit in anywhere in the LGBTQ+ co…
  Field: what_can_help
  Issue: opening may rely on prior context (spot-check)
  Severity: WARN

Row 18d8084f-d00a-4be3-89a2-c5adee65ad6f — Why do I feel like I don't fit in anywhere in the LGBTQ+ co…
  Field: when_to_reach_out
  Issue: opening may rely on prior context (spot-check)
  Severity: WARN

Row 79c07f75-3e41-4d26-8f56-0a2a41ee6ed7 — Why do I feel like I don't fit into any spiritual or religi…
  Field: when_to_reach_out
  Issue: opening may rely on prior context (spot-check)
  Severity: WARN

Row e58ef28d-e344-44a3-bd80-0f92d83667fa — Why do I feel like I don't know how to be a good friend?
  Field: primary_term
  Issue: does not clearly match condition in question
  Severity: WARN

Row e58ef28d-e344-44a3-bd80-0f92d83667fa — Why do I feel like I don't know how to be a good friend?
  Field: what_can_help
  Issue: opening may rely on prior context (spot-check)
  Severity: WARN

Row c503e667-aae4-415d-b1a5-ae55dfa2959b — Why do I feel like I don't know who I am anymore?
  Field: primary_term
  Issue: does not clearly match condition in question
  Severity: WARN

Row c503e667-aae4-415d-b1a5-ae55dfa2959b — Why do I feel like I don't know who I am anymore?
  Field: when_to_reach_out
  Issue: opening may rely on prior context (spot-check)
  Severity: WARN

Row c503e667-aae4-415d-b1a5-ae55dfa2959b — Why do I feel like I don't know who I am anymore?
  Field: word_count
  Issue: combined body 590 words (target 350–550)
  Severity: WARN

Row a19d2cc7-5bea-45a4-a7a9-83b99d5465af — Why do I feel like I have to be perfect all the time?
  Field: primary_term
  Issue: does not clearly match condition in question
  Severity: WARN

Row 68541ebf-af2c-4f94-a246-024da46577ff — Why do I feel like I have to be the best at everything I do?
  Field: primary_term
  Issue: does not clearly match condition in question
  Severity: WARN

Row 68541ebf-af2c-4f94-a246-024da46577ff — Why do I feel like I have to be the best at everything I do?
  Field: what_can_help
  Issue: unresolved hedge: "For perfectionism that is driving chronic stress, burnout, or strain in your relationships, self-reflection alone often …"
  Severity: WARN

Row 68541ebf-af2c-4f94-a246-024da46577ff — Why do I feel like I have to be the best at everything I do?
  Field: when_to_reach_out
  Issue: opening may rely on prior context (spot-check)
  Severity: WARN

Row dda7b0fd-0948-45a3-90b8-01ea001cc801 — Why do I feel like I have to choose between my cultural val…
  Field: what_can_help
  Issue: opening may rely on prior context (spot-check)
  Severity: WARN

Row 2c6ce87c-f52c-4e68-bce0-bad29c627903 — Why do I feel like I have to earn love and affection?
  Field: when_to_reach_out
  Issue: opening may rely on prior context (spot-check)
  Severity: WARN

Row 2c6ce87c-f52c-4e68-bce0-bad29c627903 — Why do I feel like I have to earn love and affection?
  Field: word_count
  Issue: combined body 582 words (target 350–550)
  Severity: WARN

Row 2f9b0a90-2ed3-49af-82ce-159da8d35471 — Why do I feel like I'll never find love again?
  Field: primary_term
  Issue: does not clearly match condition in question
  Severity: WARN

Row 2f9b0a90-2ed3-49af-82ce-159da8d35471 — Why do I feel like I'll never find love again?
  Field: when_to_reach_out
  Issue: opening may rely on prior context (spot-check)
  Severity: WARN

Row 01fce86a-8951-407a-9de3-fa8a7712d41e — Why do I feel like I'm always apologizing for who I am?
  Field: primary_term
  Issue: does not clearly match condition in question
  Severity: WARN

Row 316951cb-9ae5-4dcf-994b-1392751bc8a0 — Why do I feel like I'm always explaining myself to others?
  Field: primary_term
  Issue: does not clearly match condition in question
  Severity: WARN

Row 316951cb-9ae5-4dcf-994b-1392751bc8a0 — Why do I feel like I'm always explaining myself to others?
  Field: what_can_help
  Issue: opening may rely on prior context (spot-check)
  Severity: WARN

Row 316951cb-9ae5-4dcf-994b-1392751bc8a0 — Why do I feel like I'm always explaining myself to others?
  Field: when_to_reach_out
  Issue: opening may rely on prior context (spot-check)
  Severity: WARN

Row cb4ff5ea-12ea-469c-89eb-5e72debeffed — Why do I feel like I'm always one step behind everyone else?
  Field: what_can_help
  Issue: opening may rely on prior context (spot-check)
  Severity: WARN

Row cb4ff5ea-12ea-469c-89eb-5e72debeffed — Why do I feel like I'm always one step behind everyone else?
  Field: when_to_reach_out
  Issue: opening may rely on prior context (spot-check)
  Severity: WARN

Row f9791f94-f24d-4db0-bd3a-edc7e0697642 — Why do I feel like I'm always performing instead of just be…
  Field: primary_term
  Issue: does not clearly match condition in question
  Severity: WARN

Row 6d02385e-dd6e-410e-9e88-dc8f2dd54993 — Why do I feel like I'm always pretending to be okay?
  Field: primary_term
  Issue: does not clearly match condition in question
  Severity: WARN

Row 6d02385e-dd6e-410e-9e88-dc8f2dd54993 — Why do I feel like I'm always pretending to be okay?
  Field: when_to_reach_out
  Issue: opening may rely on prior context (spot-check)
  Severity: WARN

Row 8985d25f-a271-4eb6-aa75-2a517af00a99 — Why do I feel like I'm always the one reaching out?
  Field: primary_term
  Issue: does not clearly match condition in question
  Severity: WARN

Row 7ae5de1d-dc5b-40cc-bfa4-bdc179cd925c — Why do I feel like I'm always the one reaching out to frien…
  Field: primary_term
  Issue: does not clearly match condition in question
  Severity: WARN

Row 7ae5de1d-dc5b-40cc-bfa4-bdc179cd925c — Why do I feel like I'm always the one reaching out to frien…
  Field: when_to_reach_out
  Issue: opening may rely on prior context (spot-check)
  Severity: WARN

Row 28268c71-04ae-40fd-8e0a-2d2cdec76c4a — Why do I feel like I'm always the one who cares more in rel…
  Field: when_to_reach_out
  Issue: opening may rely on prior context (spot-check)
  Severity: WARN

Row fc41c121-7ac8-45cc-b5e8-d73db9c4c341 — Why do I feel like I'm always the one who has to initiate p…
  Field: primary_term
  Issue: does not clearly match condition in question
  Severity: WARN

Row fc41c121-7ac8-45cc-b5e8-d73db9c4c341 — Why do I feel like I'm always the one who has to initiate p…
  Field: what_can_help
  Issue: opening may rely on prior context (spot-check)
  Severity: WARN

Row fc41c121-7ac8-45cc-b5e8-d73db9c4c341 — Why do I feel like I'm always the one who has to initiate p…
  Field: word_count
  Issue: combined body 577 words (target 350–550)
  Severity: WARN

Row 953b23ef-c3a9-42d6-808a-3301206dca7f — Why do I feel like I'm always the problem in relationships?
  Field: what_can_help
  Issue: opening may rely on prior context (spot-check)
  Severity: WARN

Row 953b23ef-c3a9-42d6-808a-3301206dca7f — Why do I feel like I'm always the problem in relationships?
  Field: when_to_reach_out
  Issue: opening may rely on prior context (spot-check)
  Severity: WARN

Row 6ca46fa6-725d-4b18-939b-3465841c9f8d — Why do I feel like I'm always waiting for permission to liv…
  Field: primary_term
  Issue: does not clearly match condition in question
  Severity: WARN

Row 9a4997dd-250a-4969-ba35-eaf28f42610e — Why do I feel like I'm always waiting for my real life to b…
  Field: primary_term
  Issue: does not clearly match condition in question
  Severity: WARN

Row 9a4997dd-250a-4969-ba35-eaf28f42610e — Why do I feel like I'm always waiting for my real life to b…
  Field: when_to_reach_out
  Issue: opening may rely on prior context (spot-check)
  Severity: WARN

Row 6e70c5bb-94c7-40d9-ad89-660f327babfc — Why do I feel like I'm always waiting for something bad to …
  Field: primary_term
  Issue: does not clearly match condition in question
  Severity: WARN

Row bfa922c5-c5b1-4f8c-898a-0771e7a04143 — Why do I feel like I'm always waiting for the other shoe to…
  Field: primary_term
  Issue: does not clearly match condition in question
  Severity: WARN

Row b0610508-444f-41b3-b20c-ac812ad2e3bd — Why do I feel like I'm behind everyone else financially?
  Field: when_to_reach_out
  Issue: opening may rely on prior context (spot-check)
  Severity: WARN

Row ce80d961-e4ab-469a-aff7-2db76e607709 — Why do I feel like I'm behind everyone else my age?
  Field: what_can_help
  Issue: opening may rely on prior context (spot-check)
  Severity: WARN

Row ce80d961-e4ab-469a-aff7-2db76e607709 — Why do I feel like I'm behind everyone else my age?
  Field: when_to_reach_out
  Issue: opening may rely on prior context (spot-check)
  Severity: WARN

Row f8bb7b0d-ae2c-4299-a6a5-78b4e1f15484 — Why do I feel like I'm betraying my family by going to ther…
  Field: what_can_help
  Issue: opening may rely on prior context (spot-check)
  Severity: WARN

Row f8bb7b0d-ae2c-4299-a6a5-78b4e1f15484 — Why do I feel like I'm betraying my family by going to ther…
  Field: when_to_reach_out
  Issue: opening may rely on prior context (spot-check)
  Severity: WARN

Row f8bb7b0d-ae2c-4299-a6a5-78b4e1f15484 — Why do I feel like I'm betraying my family by going to ther…
  Field: word_count
  Issue: combined body 571 words (target 350–550)
  Severity: WARN

Row 8a22e065-26bb-4e1c-83c9-6cfbda52f1de — Why do I feel like I'm constantly disappointing people?
  Field: what_can_help
  Issue: opening may rely on prior context (spot-check)
  Severity: WARN

Row f688be18-0acc-4442-a2a1-faccbf93028a — Why do I feel like I'm failing as a parent?
  Field: primary_term
  Issue: does not clearly match condition in question
  Severity: WARN

Row f688be18-0acc-4442-a2a1-faccbf93028a — Why do I feel like I'm failing as a parent?
  Field: when_to_reach_out
  Issue: opening may rely on prior context (spot-check)
  Severity: WARN

Row 93205f1f-5ea1-4183-8cb0-8f8e7e7e9932 — Why do I feel like I'm failing at everything?
  Field: primary_term
  Issue: does not clearly match condition in question
  Severity: WARN

Row f975c1cf-9654-4b2c-8449-7b2f9bde2739 — Why do I feel like I'm failing at everything?
  Field: primary_term
  Issue: does not clearly match condition in question
  Severity: WARN

Row 0b21d842-c733-48d0-8c58-c13128727de1 — Why do I feel like I'm faking my personality around differe…
  Field: primary_term
  Issue: does not clearly match condition in question
  Severity: WARN

Row eb20c817-eea2-4159-912a-0c2cb28a556c — Why do I feel like I'm living in a fog all the time?
  Field: primary_term
  Issue: does not clearly match condition in question
  Severity: WARN

Row eb20c817-eea2-4159-912a-0c2cb28a556c — Why do I feel like I'm living in a fog all the time?
  Field: when_to_reach_out
  Issue: opening may rely on prior context (spot-check)
  Severity: WARN

Row 76dd5b08-db42-42ea-8d64-98b828c28f92 — Why do I feel like I'm living someone else's life?
  Field: primary_term
  Issue: does not clearly match condition in question
  Severity: WARN

Row 76dd5b08-db42-42ea-8d64-98b828c28f92 — Why do I feel like I'm living someone else's life?
  Field: what_can_help
  Issue: opening may rely on prior context (spot-check)
  Severity: WARN

Row c9146266-93c9-4c03-a25c-bf6a10c86bb2 — Why do I feel like I'm losing my cultural traditions?
  Field: what_can_help
  Issue: opening may rely on prior context (spot-check)
  Severity: WARN

Row c9146266-93c9-4c03-a25c-bf6a10c86bb2 — Why do I feel like I'm losing my cultural traditions?
  Field: word_count
  Issue: combined body 595 words (target 350–550)
  Severity: WARN

Row bb52a5a4-47f2-4d21-a1b9-0e6727109afe — Why do I feel like I'm losing myself in my relationship?
  Field: what_can_help
  Issue: opening may rely on prior context (spot-check)
  Severity: WARN

Row bb52a5a4-47f2-4d21-a1b9-0e6727109afe — Why do I feel like I'm losing myself in my relationship?
  Field: when_to_reach_out
  Issue: opening may rely on prior context (spot-check)
  Severity: WARN

Row b29b1a4f-d36a-47f9-83b9-0d43e32b556c — Why do I feel like I'm never enough for anyone?
  Field: primary_term
  Issue: does not clearly match condition in question
  Severity: WARN

Row b29b1a4f-d36a-47f9-83b9-0d43e32b556c — Why do I feel like I'm never enough for anyone?
  Field: when_to_reach_out
  Issue: opening may rely on prior context (spot-check)
  Severity: WARN

Row bb65ff3f-b06a-45c6-b62c-d122a527574a — Why do I feel like I'm never going to have enough money?
  Field: primary_term
  Issue: does not clearly match condition in question
  Severity: WARN

Row 345e4795-bd55-4368-bc34-1e1bb93a3a67 — Why do I feel like I'm not allowed to be angry?
  Field: primary_term
  Issue: does not clearly match condition in question
  Severity: WARN

Row 437cb7fe-778e-41ca-bb9c-9c7476f1b61f — Why do I feel like I'm not allowed to be happy?
  Field: primary_term
  Issue: does not clearly match condition in question
  Severity: WARN

Row 437cb7fe-778e-41ca-bb9c-9c7476f1b61f — Why do I feel like I'm not allowed to be happy?
  Field: when_to_reach_out
  Issue: opening may rely on prior context (spot-check)
  Severity: WARN

Row ad5c9c10-d2ca-4269-979a-64b92da83a27 — Why do I feel like I'm not allowed to have problems?
  Field: primary_term
  Issue: does not clearly match condition in question
  Severity: WARN

Row ad5c9c10-d2ca-4269-979a-64b92da83a27 — Why do I feel like I'm not allowed to have problems?
  Field: what_can_help
  Issue: opening may rely on prior context (spot-check)
  Severity: WARN

Row ad5c9c10-d2ca-4269-979a-64b92da83a27 — Why do I feel like I'm not allowed to have problems?
  Field: when_to_reach_out
  Issue: opening may rely on prior context (spot-check)
  Severity: WARN

Row 79c0ab08-0922-4907-a70e-0d8043825fa6 — Why do I feel like I'm not good at anything?
  Field: primary_term
  Issue: does not clearly match condition in question
  Severity: WARN

Row 79c0ab08-0922-4907-a70e-0d8043825fa6 — Why do I feel like I'm not good at anything?
  Field: what_can_help
  Issue: opening may rely on prior context (spot-check)
  Severity: WARN

Row 57a4bea1-8f87-43a8-9554-b44f85829d07 — Why do I feel like I'm not good enough no matter what I ach…
  Field: primary_term
  Issue: does not clearly match condition in question
  Severity: WARN

Row 57a4bea1-8f87-43a8-9554-b44f85829d07 — Why do I feel like I'm not good enough no matter what I ach…
  Field: what_can_help
  Issue: opening may rely on prior context (spot-check)
  Severity: WARN

Row 57a4bea1-8f87-43a8-9554-b44f85829d07 — Why do I feel like I'm not good enough no matter what I ach…
  Field: when_to_reach_out
  Issue: opening may rely on prior context (spot-check)
  Severity: WARN

Row 37bf16d1-30cf-485d-9fe3-80ce86a07768 — Why do I feel like I'm not living up to my potential?
  Field: what_can_help
  Issue: opening may rely on prior context (spot-check)
  Severity: WARN

Row 37bf16d1-30cf-485d-9fe3-80ce86a07768 — Why do I feel like I'm not living up to my potential?
  Field: when_to_reach_out
  Issue: opening may rely on prior context (spot-check)
  Severity: WARN

Row fe9ccdb9-17dd-4169-a138-2548f6941e7a — Why do I feel like I'm performing my own life?
  Field: what_can_help
  Issue: opening may rely on prior context (spot-check)
  Severity: WARN

Row fe9ccdb9-17dd-4169-a138-2548f6941e7a — Why do I feel like I'm performing my own life?
  Field: when_to_reach_out
  Issue: opening may rely on prior context (spot-check)
  Severity: WARN

Row 9c652cd9-f40f-4909-983f-2d29ccd8f928 — Why do I feel like I'm pretending to be an adult?
  Field: what_can_help
  Issue: opening may rely on prior context (spot-check)
  Severity: WARN

Row 9c652cd9-f40f-4909-983f-2d29ccd8f928 — Why do I feel like I'm pretending to be an adult?
  Field: when_to_reach_out
  Issue: opening may rely on prior context (spot-check)
  Severity: WARN

Row bcbf383b-a50d-4c5c-b337-225945327456 — Why do I feel like I'm pretending to be someone I'm not?
  Field: primary_term
  Issue: does not clearly match condition in question
  Severity: WARN

Row bcbf383b-a50d-4c5c-b337-225945327456 — Why do I feel like I'm pretending to be someone I'm not?
  Field: when_to_reach_out
  Issue: opening may rely on prior context (spot-check)
  Severity: WARN

Row 4572d91a-fe2e-4fe2-90ff-d1bdbb91e67a — Why do I feel like I'm pretending to be someone else at wor…
  Field: primary_term
  Issue: does not clearly match condition in question
  Severity: WARN

Row 4572d91a-fe2e-4fe2-90ff-d1bdbb91e67a — Why do I feel like I'm pretending to be someone else at wor…
  Field: when_to_reach_out
  Issue: opening may rely on prior context (spot-check)
  Severity: WARN

Row 0fb51651-4bc3-42a1-829d-76f85c10e6e7 — Why do I feel like I'm pretending to be someone I'm not?
  Field: primary_term
  Issue: does not clearly match condition in question
  Severity: WARN

Row e755a445-0016-4702-af6f-9fc1cdd0041d — Why do I feel like I'm too much for people?
  Field: what_can_help
  Issue: opening may rely on prior context (spot-check)
  Severity: WARN

Row e755a445-0016-4702-af6f-9fc1cdd0041d — Why do I feel like I'm too much for people?
  Field: when_to_reach_out
  Issue: opening may rely on prior context (spot-check)
  Severity: WARN

Row cb473940-d144-4b3f-acee-df5032d4a776 — Why do I feel like I need everyone to like me?
  Field: what_can_help
  Issue: opening may rely on prior context (spot-check)
  Severity: WARN

Row cb473940-d144-4b3f-acee-df5032d4a776 — Why do I feel like I need everyone to like me?
  Field: when_to_reach_out
  Issue: opening may rely on prior context (spot-check)
  Severity: WARN

Row 7cc5dd5f-47b8-472e-8c35-da90cafe0170 — Why do I feel like I need to constantly prove my spiritual …
  Field: what_can_help
  Issue: opening may rely on prior context (spot-check)
  Severity: WARN

Row 7cc5dd5f-47b8-472e-8c35-da90cafe0170 — Why do I feel like I need to constantly prove my spiritual …
  Field: word_count
  Issue: combined body 562 words (target 350–550)
  Severity: WARN

Row e5e69e60-6696-448e-8986-b08ff0d573d5 — Why do I feel like I need to earn love and acceptance?
  Field: what_can_help
  Issue: opening may rely on prior context (spot-check)
  Severity: WARN

Row e5e69e60-6696-448e-8986-b08ff0d573d5 — Why do I feel like I need to earn love and acceptance?
  Field: when_to_reach_out
  Issue: opening may rely on prior context (spot-check)
  Severity: WARN

Row 9c790b5d-1136-4cb6-9bab-e073a24ab3ae — Why do I feel like I need to fix everyone's problems?
  Field: what_can_help
  Issue: opening may rely on prior context (spot-check)
  Severity: WARN

Row 9c790b5d-1136-4cb6-9bab-e073a24ab3ae — Why do I feel like I need to fix everyone's problems?
  Field: when_to_reach_out
  Issue: opening may rely on prior context (spot-check)
  Severity: WARN

Row b3304e89-be3e-44a6-bd08-fe48f656f28b — Why do I feel lonelier after spending time with AI companio…
  Field: when_to_reach_out
  Issue: opening may rely on prior context (spot-check)
  Severity: WARN

Row b3304e89-be3e-44a6-bd08-fe48f656f28b — Why do I feel lonelier after spending time with AI companio…
  Field: word_count
  Issue: combined body 570 words (target 350–550)
  Severity: WARN

Row b43eb5d6-2e22-444e-b886-f1171bdea62a — Why do I feel lonely even when I'm around people?
  Field: when_to_reach_out
  Issue: opening may rely on prior context (spot-check)
  Severity: WARN

Row 1153a9fc-324f-4f51-909a-403a22848a79 — Why do I feel lonely even when I'm in a relationship?
  Field: when_to_reach_out
  Issue: opening may rely on prior context (spot-check)
  Severity: WARN

Row 6a65c8dd-133a-4272-965d-ab116b7a8f50 — Why do I feel lonely in my relationship?
  Field: when_to_reach_out
  Issue: opening may rely on prior context (spot-check)
  Severity: WARN

Row d548a38c-5e54-43fc-806a-3ab9f6268db6 — Why do I feel lost without religious community?
  Field: what_can_help
  Issue: opening may rely on prior context (spot-check)
  Severity: WARN

Row d548a38c-5e54-43fc-806a-3ab9f6268db6 — Why do I feel lost without religious community?
  Field: when_to_reach_out
  Issue: opening may rely on prior context (spot-check)
  Severity: WARN

Row 4cf2e8c1-8115-4ec0-9d3c-f667dfba3e7b — Why do I feel more anxious when I try to relax?
  Field: primary_term
  Issue: does not clearly match condition in question
  Severity: WARN

Row 558b5859-c1cc-4d72-a47f-2d1580576e39 — Why do I feel more comfortable with online friends than peo…
  Field: when_to_reach_out
  Issue: opening may rely on prior context (spot-check)
  Severity: WARN

Row 2cf2aa9d-d3ae-438e-a93e-79353dc14c94 — Why do I feel more irritable and angry during certain times…
  Field: primary_term
  Issue: does not clearly match condition in question
  Severity: WARN

Row 2cf2aa9d-d3ae-438e-a93e-79353dc14c94 — Why do I feel more irritable and angry during certain times…
  Field: when_to_reach_out
  Issue: opening may rely on prior context (spot-check)
  Severity: WARN

Row 9952dc2c-b098-4fe4-8076-9cb57226b226 — Why do I feel more like myself when interacting with AI tha…
  Field: when_to_reach_out
  Issue: opening may rely on prior context (spot-check)
  Severity: WARN

Row 1c5a662c-92b8-49ac-94d5-d832f11db6d4 — Why do I feel more lonely after spending time on social med…
  Field: when_to_reach_out
  Issue: opening may rely on prior context (spot-check)
  Severity: WARN

Row 2c9bd6df-44af-4679-afcb-378985808f36 — Why do I feel more seen and understood by AI than by real p…
  Field: primary_term
  Issue: does not clearly match condition in question
  Severity: WARN

Row 2c9bd6df-44af-4679-afcb-378985808f36 — Why do I feel more seen and understood by AI than by real p…
  Field: when_to_reach_out
  Issue: opening may rely on prior context (spot-check)
  Severity: WARN

Row 27c7afc3-193c-4296-a190-34a913794de5 — Why do I feel numb instead of sad?
  Field: primary_term
  Issue: does not clearly match condition in question
  Severity: WARN

Row 27c7afc3-193c-4296-a190-34a913794de5 — Why do I feel numb instead of sad?
  Field: when_to_reach_out
  Issue: opening may rely on prior context (spot-check)
  Severity: WARN

Row 0a74a1f4-2f77-49fe-a93b-523554f67bb2 — Why do I feel safer being vulnerable with AI than with my p…
  Field: primary_term
  Issue: does not clearly match condition in question
  Severity: WARN

Row 0a74a1f4-2f77-49fe-a93b-523554f67bb2 — Why do I feel safer being vulnerable with AI than with my p…
  Field: when_to_reach_out
  Issue: opening may rely on prior context (spot-check)
  Severity: WARN

Row 9d60b488-3389-4fc9-b819-a2f7048fcf10 — Why do I feel so angry all the time?
  Field: primary_term
  Issue: does not clearly match condition in question
  Severity: WARN

Row 9d60b488-3389-4fc9-b819-a2f7048fcf10 — Why do I feel so angry all the time?
  Field: when_to_reach_out
  Issue: opening may rely on prior context (spot-check)
  Severity: WARN

Row 04a90d35-637d-4a50-b72a-0016b169551b — Why do I feel so anxious about what my friends think of me?
  Field: what_can_help
  Issue: opening may rely on prior context (spot-check)
  Severity: WARN

Row 04a90d35-637d-4a50-b72a-0016b169551b — Why do I feel so anxious about what my friends think of me?
  Field: when_to_reach_out
  Issue: opening may rely on prior context (spot-check)
  Severity: WARN

Row f4241a47-1cfa-495f-8d2c-2b5075952286 — Why do I feel so different from my parents?
  Field: what_can_help
  Issue: opening may rely on prior context (spot-check)
  Severity: WARN

Row e71edc2a-ddeb-484a-a0a3-8fe8db480a29 — Why do I feel so emotional all the time?
  Field: when_to_reach_out
  Issue: opening may rely on prior context (spot-check)
  Severity: WARN

Row 56060eeb-fb79-40f3-a475-99890a068f4d — Why do I feel so lonely even when I'm surrounded by people?
  Field: primary_term
  Issue: does not clearly match condition in question
  Severity: WARN

Row 56060eeb-fb79-40f3-a475-99890a068f4d — Why do I feel so lonely even when I'm surrounded by people?
  Field: what_can_help
  Issue: opening may rely on prior context (spot-check)
  Severity: WARN

Row 56060eeb-fb79-40f3-a475-99890a068f4d — Why do I feel so lonely even when I'm surrounded by people?
  Field: when_to_reach_out
  Issue: opening may rely on prior context (spot-check)
  Severity: WARN

Row ea431c76-38ea-4df7-a7fb-ad3cbf115616 — Why do I feel so lonely, even when I'm surrounded by people?
  Field: primary_term
  Issue: does not clearly match condition in question
  Severity: WARN

Row ea431c76-38ea-4df7-a7fb-ad3cbf115616 — Why do I feel so lonely, even when I'm surrounded by people?
  Field: when_to_reach_out
  Issue: opening may rely on prior context (spot-check)
  Severity: WARN

Row 8d5113b2-5287-4fe6-a353-a8375a1b3088 — Why do I feel spiritually empty despite having everything I…
  Field: when_to_reach_out
  Issue: opening may rely on prior context (spot-check)
  Severity: WARN

Row 4a1faf5b-26b5-4dce-935b-b60ebeda7f7e — Why do I feel stuck in a job that's slowly killing my soul?
  Field: primary_term
  Issue: does not clearly match condition in question
  Severity: WARN

Row 4a1faf5b-26b5-4dce-935b-b60ebeda7f7e — Why do I feel stuck in a job that's slowly killing my soul?
  Field: what_can_help
  Issue: opening may rely on prior context (spot-check)
  Severity: WARN

Row 4a1faf5b-26b5-4dce-935b-b60ebeda7f7e — Why do I feel stuck in a job that's slowly killing my soul?
  Field: when_to_reach_out
  Issue: opening may rely on prior context (spot-check)
  Severity: WARN

Row 69235617-ff7f-4406-aaca-64e7017277ff — Why do I feel worse after talking to my family?
  Field: when_to_reach_out
  Issue: opening may rely on prior context (spot-check)
  Severity: WARN

Row 83719a77-dfc3-4e99-8515-f1c960345976 — Why do I feel worse after therapy sessions?
  Field: primary_term
  Issue: does not clearly match condition in question
  Severity: WARN

Row 83719a77-dfc3-4e99-8515-f1c960345976 — Why do I feel worse after therapy sessions?
  Field: what_can_help
  Issue: opening may rely on prior context (spot-check)
  Severity: WARN

Row 83719a77-dfc3-4e99-8515-f1c960345976 — Why do I feel worse after therapy sessions?
  Field: when_to_reach_out
  Issue: opening may rely on prior context (spot-check)
  Severity: WARN

Row 83719a77-dfc3-4e99-8515-f1c960345976 — Why do I feel worse after therapy sessions?
  Field: word_count
  Issue: combined body 573 words (target 350–550)
  Severity: WARN

Row 4e85a3ed-c8fa-46f5-b707-1e54e615c50f — Why do I feel worse after venting to friends about my probl…
  Field: primary_term
  Issue: does not clearly match condition in question
  Severity: WARN

Row 4e85a3ed-c8fa-46f5-b707-1e54e615c50f — Why do I feel worse after venting to friends about my probl…
  Field: what_can_help
  Issue: opening may rely on prior context (spot-check)
  Severity: WARN

Row 4e85a3ed-c8fa-46f5-b707-1e54e615c50f — Why do I feel worse after venting to friends about my probl…
  Field: when_to_reach_out
  Issue: opening may rely on prior context (spot-check)
  Severity: WARN

Row 95189976-a308-497f-b459-da82bd6871f8 — Why do I feel worse in the winter months?
  Field: primary_term
  Issue: does not clearly match condition in question
  Severity: WARN

Row 95189976-a308-497f-b459-da82bd6871f8 — Why do I feel worse in the winter months?
  Field: when_to_reach_out
  Issue: opening may rely on prior context (spot-check)
  Severity: WARN

Row 906ac635-22ee-4be2-ad09-7c24f67bbd95 — Why do I get anxious when good things happen?
  Field: primary_term
  Issue: does not clearly match condition in question
  Severity: WARN

Row 9a554bec-b175-4bd3-b3a0-12ac00e9ecdf — Why do I get defensive even when I know the other person ha…
  Field: primary_term
  Issue: does not clearly match condition in question
  Severity: WARN

Row 2bbb0405-77a1-450e-b4ea-6ca61d0ef2a1 — Why do I get headaches when I'm stressed?
  Field: word_count
  Issue: combined body 597 words (target 350–550)
  Severity: WARN

Row 8a6da00f-4505-49ce-9c94-d966b89bd0ec — Why do I get so emotionally overwhelmed with ADHD?
  Field: what_can_help
  Issue: opening may rely on prior context (spot-check)
  Severity: WARN

Row 2c1e1a1a-89dd-4a02-b730-50657d841272 — Why do I get so upset when things don't go according to my …
  Field: what_can_help
  Issue: opening may rely on prior context (spot-check)
  Severity: WARN

Row 2c1e1a1a-89dd-4a02-b730-50657d841272 — Why do I get so upset when things don't go according to my …
  Field: when_to_reach_out
  Issue: opening may rely on prior context (spot-check)
  Severity: WARN

Row f9b3d91a-a259-480f-a882-6326908e4e8b — Why do I get triggered by things that seem harmless to othe…
  Field: primary_term
  Issue: does not clearly match condition in question
  Severity: WARN

Row a5f9fea2-dfd5-485d-8347-4b32d6b35c9b — Why do I have such a hard time trusting that people actuall…
  Field: when_to_reach_out
  Issue: opening may rely on prior context (spot-check)
  Severity: WARN

Row a35deec8-c56d-4015-bd70-8eebe2b15c57 — Why do I have vivid, disturbing dreams when I'm stressed?
  Field: when_to_reach_out
  Issue: opening may rely on prior context (spot-check)
  Severity: WARN

Row 4e265b95-99f7-4bb4-81f7-b1847786cfae — Why do I isolate myself when I'm struggling, even though I …
  Field: primary_term
  Issue: does not clearly match condition in question
  Severity: WARN

Row 4e265b95-99f7-4bb4-81f7-b1847786cfae — Why do I isolate myself when I'm struggling, even though I …
  Field: what_can_help
  Issue: opening may rely on prior context (spot-check)
  Severity: WARN

Row 4e265b95-99f7-4bb4-81f7-b1847786cfae — Why do I isolate myself when I'm struggling, even though I …
  Field: when_to_reach_out
  Issue: opening may rely on prior context (spot-check)
  Severity: WARN

Row 948d3afb-2935-4412-af68-fd4a39a6ed20 — Why do I keep having dreams about the person who died?
  Field: when_to_reach_out
  Issue: opening may rely on prior context (spot-check)
  Severity: WARN

Row 98edea60-916d-42cb-ab56-8d3c665aaccf — Why do I keep relapsing even though I want to stay sober?
  Field: primary_term
  Issue: does not clearly match condition in question
  Severity: WARN

Row 98edea60-916d-42cb-ab56-8d3c665aaccf — Why do I keep relapsing even though I want to stay sober?
  Field: what_can_help
  Issue: opening may rely on prior context (spot-check)
  Severity: WARN

Row 98edea60-916d-42cb-ab56-8d3c665aaccf — Why do I keep relapsing even though I want to stay sober?
  Field: when_to_reach_out
  Issue: opening may rely on prior context (spot-check)
  Severity: WARN

Row 98edea60-916d-42cb-ab56-8d3c665aaccf — Why do I keep relapsing even though I want to stay sober?
  Field: word_count
  Issue: combined body 563 words (target 350–550)
  Severity: WARN

Row 2968bc74-7dc4-443c-95b3-3a8b380d325f — Why do I keep thinking about my ex even though I know they …
  Field: when_to_reach_out
  Issue: opening may rely on prior context (spot-check)
  Severity: WARN

Row e33ea7e3-e543-46b6-bddd-fb00186f5d9e — Why do I lose myself in romantic relationships?
  Field: when_to_reach_out
  Issue: opening may rely on prior context (spot-check)
  Severity: WARN

Row d7349158-c02f-4995-834e-7775e2ede438 — Why do I need everyone's approval to feel good about myself?
  Field: primary_term
  Issue: does not clearly match condition in question
  Severity: WARN

Row d7349158-c02f-4995-834e-7775e2ede438 — Why do I need everyone's approval to feel good about myself?
  Field: when_to_reach_out
  Issue: opening may rely on prior context (spot-check)
  Severity: WARN

Row dd85515c-4a63-4365-86b9-da213398f071 — Why do I need everyone to like me?
  Field: primary_term
  Issue: does not clearly match condition in question
  Severity: WARN

Row dd85515c-4a63-4365-86b9-da213398f071 — Why do I need everyone to like me?
  Field: what_can_help
  Issue: unresolved hedge: "From there, small experiments in authenticity build tolerance for disapproval gradually. Stating a preference when you'd…"
  Severity: WARN

Row 249709bb-6b3c-41cd-b83e-824d08479255 — Why do I need to control everything and everyone around me?
  Field: primary_term
  Issue: does not clearly match condition in question
  Severity: WARN

Row 249709bb-6b3c-41cd-b83e-824d08479255 — Why do I need to control everything and everyone around me?
  Field: what_can_help
  Issue: opening may rely on prior context (spot-check)
  Severity: WARN

Row 249709bb-6b3c-41cd-b83e-824d08479255 — Why do I need to control everything and everyone around me?
  Field: word_count
  Issue: combined body 573 words (target 350–550)
  Severity: WARN

Row bff2668f-11d9-448a-a229-4ca93508a637 — Why do I overthink every conversation after it happens?
  Field: primary_term
  Issue: does not clearly match condition in question
  Severity: WARN

Row 232093f7-a0ae-4f68-b220-d743c3ce721e — Why do I panic when I think about money?
  Field: primary_term
  Issue: does not clearly match condition in question
  Severity: WARN

Row d8cbc469-69ea-4550-9bf7-8320afb7c69c — Why do I parent the way I was parented even when I swore I …
  Field: primary_term
  Issue: does not clearly match condition in question
  Severity: WARN

Row d8cbc469-69ea-4550-9bf7-8320afb7c69c — Why do I parent the way I was parented even when I swore I …
  Field: when_to_reach_out
  Issue: opening may rely on prior context (spot-check)
  Severity: WARN

Row 22fa4934-92a2-47d3-bc41-94e764e3c1c1 — Why do I push people away when they get too close?
  Field: what_can_help
  Issue: opening may rely on prior context (spot-check)
  Severity: WARN

Row 22fa4934-92a2-47d3-bc41-94e764e3c1c1 — Why do I push people away when they get too close?
  Field: when_to_reach_out
  Issue: opening may rely on prior context (spot-check)
  Severity: WARN

Row 9234f8f0-484c-4fb9-b267-5f00e982aa2d — Why do I push people away when they get too close to me?
  Field: what_can_help
  Issue: opening may rely on prior context (spot-check)
  Severity: WARN

Row 9234f8f0-484c-4fb9-b267-5f00e982aa2d — Why do I push people away when they get too close to me?
  Field: when_to_reach_out
  Issue: opening may rely on prior context (spot-check)
  Severity: WARN

Row bf777fa1-7e3d-41d2-b207-f8229fd0135b — Why do I shut down during arguments?
  Field: when_to_reach_out
  Issue: opening may rely on prior context (spot-check)
  Severity: WARN

Row d230f7cd-5e7b-4412-ba93-5fa7ab54d402 — Why do I shut down during intimacy even when I want to be c…
  Field: when_to_reach_out
  Issue: opening may rely on prior context (spot-check)
  Severity: WARN

Row 6b80e64e-8032-4708-af98-63978f96c318 — Why do I worry about things that haven't happened yet?
  Field: primary_term
  Issue: does not clearly match condition in question
  Severity: WARN

Row c7e683e2-b239-4277-94b5-622280fe2cca — Why do my partner and I have the same fight over and over?
  Field: primary_term
  Issue: does not clearly match condition in question
  Severity: WARN

Row 45d772ee-4713-46f9-b416-3b1b17ccb45a — Why don't I feel anything anymore, even about things I used…
  Field: primary_term
  Issue: does not clearly match condition in question
  Severity: WARN

Row 45d50601-72a6-4d4c-9178-24af508353bd — Why do small problems feel huge at night?
  Field: primary_term
  Issue: does not clearly match condition in question
  Severity: WARN

Row 4c90a855-1740-44b7-8f63-c794c165a258 — Why is it so hard to make friends as an adult?
  Field: when_to_reach_out
  Issue: opening may rely on prior context (spot-check)
  Severity: WARN

Row 207ee5dc-b0e9-4470-a99d-de7c7ee5ef4f — Why is my teenager so angry and hostile toward me all the t…
  Field: what_can_help
  Issue: opening may rely on prior context (spot-check)
  Severity: WARN

Row 207ee5dc-b0e9-4470-a99d-de7c7ee5ef4f — Why is my teenager so angry and hostile toward me all the t…
  Field: when_to_reach_out
  Issue: opening may rely on prior context (spot-check)
  Severity: WARN

Row ae120bcd-ca42-4e8e-b020-5fd3f0f76a75 — Why do I keep going back to AI even when it makes me feel w…
  Field: primary_term
  Issue: does not clearly match condition in question
  Severity: WARN

─── SYSTEM PROMPT OBSERVATIONS ───
- 10 rows: word_count — combined body 629 words (target 350–550)
- 9 rows: word_count — combined body 690 words (target 350–550)
- 8 rows: word_count — combined body 721 words (target 350–550)
- 7 rows: word_count — combined body 712 words (target 350–550)
- 8 rows: word_count — combined body 664 words (target 350–550)
- 9 rows: word_count — combined body 656 words (target 350–550)
- 13 rows: word_count — combined body 637 words (target 350–550)
- 9 rows: word_count — combined body 622 words (target 350–550)
- 6 rows: word_count — combined body 668 words (target 350–550)
- 7 rows: word_count — combined body 666 words (target 350–550)
- 7 rows: word_count — combined body 691 words (target 350–550)
- 4 rows: word_count — combined body 634 words (target 350–550)
- 12 rows: word_count — combined body 684 words (target 350–550)
- 5 rows: word_count — combined body 732 words (target 350–550)
- 9 rows: word_count — combined body 678 words (target 350–550)
- 9 rows: word_count — combined body 692 words (target 350–550)
- 5 rows: word_count — combined body 617 words (target 350–550)
- 8 rows: word_count — combined body 693 words (target 350–550)
- 6 rows: word_count — combined body 724 words (target 350–550)
- 7 rows: word_count — combined body 681 words (target 350–550)
- 7 rows: word_count — combined body 628 words (target 350–550)
- 7 rows: word_count — combined body 685 words (target 350–550)
- 10 rows: when_to_reach_out — YMYL topic missing professional evaluation recommendation
- 5 rows: word_count — combined body 676 words (target 350–550)
- 11 rows: word_count — combined body 663 words (target 350–550)
- 5 rows: word_count — combined body 627 words (target 350–550)
- 14 rows: word_count — combined body 651 words (target 350–550)
- 4 rows: word_count — combined body 639 words (target 350–550)
- 10 rows: word_count — combined body 636 words (target 350–550)
- 15 rows: word_count — combined body 662 words (target 350–550)
- 5 rows: word_count — combined body 667 words (target 350–550)
- 8 rows: word_count — combined body 694 words (target 350–550)
- 6 rows: word_count — combined body 644 words (target 350–550)
- 12 rows: word_count — combined body 648 words (target 350–550)
- 11 rows: word_count — combined body 645 words (target 350–550)
- 5 rows: word_count — combined body 665 words (target 350–550)
- 7 rows: word_count — combined body 652 words (target 350–550)
- 7 rows: word_count — combined body 649 words (target 350–550)
- 8 rows: word_count — combined body 669 words (target 350–550)
- 5 rows: word_count — combined body 607 words (target 350–550)
- 7 rows: word_count — combined body 670 words (target 350–550)
- 4 rows: word_count — combined body 674 words (target 350–550)
- 5 rows: word_count — combined body 705 words (target 350–550)
- 5 rows: word_count — combined body 689 words (target 350–550)
- 16 rows: word_count — combined body 673 words (target 350–550)
- 9 rows: word_count — combined body 642 words (target 350–550)
- 7 rows: word_count — combined body 612 words (target 350–550)
- 4 rows: word_count — combined body 734 words (target 350–550)
- 7 rows: word_count — combined body 624 words (target 350–550)
- 5 rows: word_count — combined body 718 words (target 350–550)
- 7 rows: word_count — combined body 635 words (target 350–550)
- 6 rows: word_count — combined body 659 words (target 350–550)
- 4 rows: word_count — combined body 719 words (target 350–550)
- 14 rows: word_count — combined body 677 words (target 350–550)
- 6 rows: word_count — combined body 707 words (target 350–550)
- 8 rows: word_count — combined body 703 words (target 350–550)
- 4 rows: word_count — combined body 757 words (target 350–550)
- 11 rows: canonical_answer — 52 words (max 50)
- 6 rows: word_count — combined body 708 words (target 350–550)
- 6 rows: word_count — combined body 646 words (target 350–550)
- 3 rows: word_count — combined body 744 words (target 350–550)
- 9 rows: word_count — combined body 653 words (target 350–550)
- 7 rows: word_count — combined body 616 words (target 350–550)
- 7 rows: word_count — combined body 632 words (target 350–550)
- 13 rows: lede — does not open with canonical_answer verbatim
- 5 rows: word_count — combined body 713 words (target 350–550)
- 7 rows: word_count — combined body 695 words (target 350–550)
- 4 rows: word_count — combined body 720 words (target 350–550)
- 8 rows: word_count — combined body 621 words (target 350–550)
- 3 rows: word_count — combined body 614 words (target 350–550)
- 9 rows: word_count — combined body 650 words (target 350–550)
- 8 rows: canonical_answer — 54 words (max 50)
- 6 rows: word_count — combined body 710 words (target 350–550)
- 6 rows: canonical_answer — 55 words (max 50)
- 4 rows: word_count — combined body 723 words (target 350–550)
- 5 rows: word_count — combined body 605 words (target 350–550)
- 6 rows: word_count — combined body 698 words (target 350–550)
- 3 rows: word_count — combined body 679 words (target 350–550)
- 7 rows: word_count — combined body 687 words (target 350–550)
- 7 rows: word_count — combined body 716 words (target 350–550)
- 4 rows: word_count — combined body 715 words (target 350–550)
- 14 rows: word_count — combined body 660 words (target 350–550)
- 4 rows: canonical_answer — 51 words (max 50)
- 5 rows: word_count — combined body 697 words (target 350–550)
- 3 rows: word_count — combined body 735 words (target 350–550)
- 10 rows: word_count — combined body 658 words (target 350–550)
- 7 rows: word_count — combined body 682 words (target 350–550)
- 8 rows: word_count — combined body 631 words (target 350–550)
- 9 rows: word_count — combined body 680 words (target 350–550)
- 3 rows: word_count — combined body 722 words (target 350–550)
- 10 rows: word_count — combined body 657 words (target 350–550)
- 9 rows: word_count — combined body 641 words (target 350–550)
- 4 rows: word_count — combined body 671 words (target 350–550)
- 4 rows: word_count — combined body 620 words (target 350–550)
- 9 rows: word_count — combined body 625 words (target 350–550)
- 3 rows: word_count — combined body 626 words (target 350–550)
- 9 rows: word_count — combined body 683 words (target 350–550)
- 7 rows: word_count — combined body 655 words (target 350–550)
- 9 rows: word_count — combined body 623 words (target 350–550)
- 7 rows: word_count — combined body 643 words (target 350–550)
- 5 rows: word_count — combined body 630 words (target 350–550)
- 11 rows: word_count — combined body 619 words (target 350–550)
- 4 rows: word_count — combined body 601 words (target 350–550)
- 3 rows: word_count — combined body 613 words (target 350–550)
- 5 rows: word_count — combined body 604 words (target 350–550)
- 5 rows: word_count — combined body 696 words (target 350–550)
- 7 rows: word_count — combined body 633 words (target 350–550)
- 10 rows: word_count — combined body 638 words (target 350–550)
- 4 rows: word_count — combined body 611 words (target 350–550)
- 5 rows: word_count — combined body 706 words (target 350–550)
- 3 rows: word_count — combined body 714 words (target 350–550)
- 5 rows: word_count — combined body 699 words (target 350–550)
- 3 rows: word_count — combined body 602 words (target 350–550)
- 8 rows: word_count — combined body 717 words (target 350–550)
- 8 rows: word_count — combined body 654 words (target 350–550)
- 5 rows: word_count — combined body 700 words (target 350–550)
- 4 rows: word_count — combined body 750 words (target 350–550)
- 7 rows: word_count — combined body 704 words (target 350–550)
- 3 rows: word_count — combined body 769 words (target 350–550)
- 6 rows: word_count — combined body 606 words (target 350–550)
- 6 rows: word_count — combined body 608 words (target 350–550)
- 5 rows: word_count — combined body 736 words (target 350–550)
- 4 rows: word_count — combined body 701 words (target 350–550)
- 4 rows: canonical_answer — 53 words (max 50)
- 3 rows: word_count — combined body 733 words (target 350–550)
- 4 rows: word_count — combined body 647 words (target 350–550)
- 4 rows: word_count — combined body 740 words (target 350–550)
- 5 rows: word_count — combined body 661 words (target 350–550)
- 3 rows: word_count — combined body 615 words (target 350–550)
- 9 rows: word_count — combined body 686 words (target 350–550)
- 3 rows: word_count — combined body 702 words (target 350–550)
- 3 rows: word_count — combined body 609 words (target 350–550)
- 5 rows: word_count — combined body 675 words (target 350–550)
- 5 rows: word_count — combined body 672 words (target 350–550)
- 3 rows: word_count — combined body 737 words (target 350–550)
- 236 rows: primary_term — does not clearly match condition in question
- 714 rows: when_to_reach_out — opening may rely on prior context (spot-check)
- 487 rows: what_can_help — opening may rely on prior context (spot-check)
- 8 rows: word_count — combined body 589 words (target 350–550)
- 4 rows: word_count — combined body 590 words (target 350–550)
- 4 rows: word_count — combined body 593 words (target 350–550)
- 4 rows: word_count — combined body 579 words (target 350–550)
- 5 rows: word_count — combined body 561 words (target 350–550)
- 6 rows: word_count — combined body 567 words (target 350–550)
- 6 rows: word_count — combined body 595 words (target 350–550)
- 7 rows: what_can_help — unresolved hedge
- 3 rows: word_count — combined body 558 words (target 350–550)
- 4 rows: word_count — combined body 562 words (target 350–550)
- 4 rows: word_count — combined body 572 words (target 350–550)
- 6 rows: word_count — combined body 569 words (target 350–550)
- 7 rows: word_count — combined body 584 words (target 350–550)
- 5 rows: word_count — combined body 591 words (target 350–550)
- 3 rows: word_count — combined body 598 words (target 350–550)
- 3 rows: word_count — combined body 553 words (target 350–550)
- 3 rows: word_count — combined body 576 words (target 350–550)
- 4 rows: word_count — combined body 596 words (target 350–550)
- 4 rows: word_count — combined body 578 words (target 350–550)
- 3 rows: word_count — combined body 599 words (target 350–550)
- 4 rows: word_count — combined body 586 words (target 350–550)
- 7 rows: word_count — combined body 573 words (target 350–550)
- 4 rows: word_count — combined body 587 words (target 350–550)
- 4 rows: word_count — combined body 577 words (target 350–550)
- 3 rows: word_count — combined body 585 words (target 350–550)
- 4 rows: word_count — combined body 597 words (target 350–550)
- 3 rows: word_count — combined body 592 words (target 350–550)
- 3 rows: word_count — combined body 583 words (target 350–550)
- 3 rows: word_count — combined body 570 words (target 350–550)

─── RECOMMENDATION ───
HALT — safety or structural failures require human review before any further processing
Report: reports/answer-rewrite/qa-full-2026-06-17T21-58-26-098Z.json
