answer_id,answer_slug,current_reviewer_id,current_public_reviewer_name,proposed_contributor_id,proposed_contributor_name,best_contributor_id,best_contributor_name,matched_specialty,deeper_topic,deeper_topic_name,deeper_theme,deeper_category,score,confidence,match_reasons,exclusions_evaluated,soft_cap_impact,profile_completeness,profile_publishable,blocked_incomplete,proposed_public_label,assignment_method,approval_source_internal,misleading_review_date_today,reviewed_at_legacy,qa_override,qa_decision
77b03289-45c4-47bc-902a-c3d1fe4067c1,am-i-becoming-too-dependent-on-ai-to-make-decision-189142-016,david-k-gore-phd,"Kenneth W. Christian, PhD",laura-hilsen,Laura Hilsen,laura-hilsen,Laura Hilsen,Work/Life Balance,work-and-burnout,Work & Burnout,work-and-purpose,Work & Burnout,100,high,exact_topic:work-and-burnout via Life Transitions (w=0.45)|exact_topic:work-and-burnout via Work/Life Balance (w=1),,none,complete,true,false,Clinical contributor,specialty_matched_organizational_approval,peachtree_psychology_susan_keenan,true,2026-06-19,true,approve
18e51622-7110-418f-b6fe-75e004a8d402,am-i-losing-my-ability-to-connect-with-real-people-189142-008,david-k-gore-phd,"Kenneth W. Christian, PhD",meredith-price,Meredith Price,meredith-price,Meredith Price,Stress,anxiety-and-stress,Anxiety & Stress,anxiety-and-mood,Anxiety & Stress,100,high,"exact_topic:anxiety-and-stress via Pregnancy, Prenatal, Postpartum (w=0.5)|demoted_missing_keyword_support|exact_topic:anxiety-and-stress via Depression (w=0.35)|parent_theme:anxiety-and-mood via Depression|exact_topic:anxiety-and-stress via Anxiety (w=1)|preferred_specialty_keyword:Anxiety|alt_topic:anxiety-and-stress via Infertility (w=0.5)|demoted_missing_keyword_support|exact_topic:anxiety-and-stress via Stress (w=1)",,none,complete,true,false,Clinical contributor,specialty_matched_organizational_approval,peachtree_psychology_susan_keenan,true,2026-06-19,true,approve
a9befd3a-b5cd-4062-ab23-425902c27f2d,am-i-weak-if-i-need-medication-for-my-me-181083-055,david-k-gore-phd,"Kenneth W. Christian, PhD",samantha-bryant,Samantha Bryant,samantha-bryant,Samantha Bryant,Self Esteem,identity-and-self-worth,Identity & Self-Worth,identity-and-self-worth,Identity & Self-Worth,100,high,exact_topic:identity-and-self-worth via Body Image (w=0.4)|demoted_missing_keyword_support|exact_topic:identity-and-self-worth via Life Transitions (w=0.4)|exact_topic:identity-and-self-worth via Self Esteem (w=1),,none,complete,true,false,Clinical contributor,specialty_matched_organizational_approval,peachtree_psychology_susan_keenan,true,2026-06-19,true,approve
c9448d08-3fc8-4951-a927-ab452c5fbb60,are-there-specific-depression-challenges-for-lgbtq-individuals,david-k-gore-phd,"Kenneth W. Christian, PhD",michaela-hilburn,Michaela Hilburn,michaela-hilburn,Michaela Hilburn,Depression,depression,Depression,anxiety-and-mood,Depression,100,high,parent_theme:anxiety-and-mood via Anxiety|alias_keyword:stress|exact_topic:depression via Depression (w=1)|preferred_specialty_keyword:Depression,,none,complete,true,false,Clinical contributor,specialty_matched_organizational_approval,peachtree_psychology_susan_keenan,true,2026-06-19,true,approve
1b42d8cc-3b8a-466f-b118-42e96cfac1d4,ask-for-reassurance-without-pushing-partner-away,david-k-gore-phd,"Kenneth W. Christian, PhD",samantha-bryant,Samantha Bryant,samantha-bryant,Samantha Bryant,Marital and Premarital,relationships-and-communication,Relationships & Communication,relationships-and-connection,Relationships & Communication,100,high,parent_theme:relationships-and-connection via Bisexual|exact_topic:relationships-and-communication via Codependency (w=1)|exact_topic:relationships-and-communication via Marital and Premarital (w=1),requires_keyword_support:Body Image,none,complete,true,false,Clinical contributor,specialty_matched_organizational_approval,peachtree_psychology_susan_keenan,true,2026-06-27,true,approve
decbea77-6a45-405b-9e95-60532dd6af2e,bring-up-hard-topic-without-starting-fight,david-k-gore-phd,"Kenneth W. Christian, PhD",lynn-lane,Lynn Lane,lynn-lane,Lynn Lane,Relationship Counseling,relationships-and-communication,Relationships & Communication,relationships-and-connection,Communication & Conflict,100,high,exact_topic:relationships-and-communication via Relationship Counseling (w=1),,none,complete,true,false,Clinical contributor,specialty_matched_organizational_approval,peachtree_psychology_susan_keenan,true,2026-06-19,true,approve
8eff8c5f-438a-4be4-a671-6855f1eb6fb0,can-ai-companionship-replace-human-intimacy-189142-007,david-k-gore-phd,"Kenneth W. Christian, PhD",jackie-malone,Jackie Malone,jackie-malone,Jackie Malone,Relationship Issues,relationships-and-communication,Relationships & Communication,relationships-and-connection,Relationships & Divorce,100,high,parent_theme:relationships-and-connection via Bisexual|exact_topic:relationships-and-communication via Codependency (w=1)|exact_topic:relationships-and-communication via Relationship Issues (w=1),requires_keyword_support:Body Image,none,complete,true,false,Clinical contributor,specialty_matched_organizational_approval,peachtree_psychology_susan_keenan,true,2026-06-19,true,approve
33f3f8ee-06d8-4b1e-8646-aeb023173276,can-ai-griefbots-make-grief-harder-to-process,david-k-gore-phd,"Kenneth W. Christian, PhD",lauren-sanders,Lauren Sanders,lauren-sanders,Lauren Sanders,Grief,grief-and-loss,Grief & Loss,life-transitions-and-change,Grief & Loss,100,high,parent_theme:life-transitions-and-change via Cancer|exact_topic:grief-and-loss via Grief (w=1)|preferred_specialty_keyword:Grief,requires_keyword_support:Body Dysmorphic Disorder|requires_keyword_support:Cancer|requires_keyword_support:Chronic Illness,none,complete,true,false,Clinical contributor,specialty_matched_organizational_approval,peachtree_psychology_susan_keenan,true,2026-06-19,true,approve
b5b789a2-d94e-4716-96dc-373e0460c0bc,can-ai-help-me-practice-social-skills-before-real--189142-014,david-k-gore-phd,"Kenneth W. Christian, PhD",samantha-bryant,Samantha Bryant,samantha-bryant,Samantha Bryant,Stress,anxiety-and-stress,Anxiety & Stress,anxiety-and-mood,Anxiety & Stress,100,high,exact_topic:anxiety-and-stress via Anxiety (w=1)|preferred_specialty_keyword:Anxiety|alt_topic:anxiety-and-stress via Depression (w=0.35)|exact_topic:anxiety-and-stress via Stress (w=1),,none,complete,true,false,Clinical contributor,specialty_matched_organizational_approval,peachtree_psychology_susan_keenan,true,2026-06-19,true,approve
097008df-6aad-4e4d-86ad-0f728a1de682,can-ai-help-me-process-grief-or-trauma-189142-018,david-k-gore-phd,"Kenneth W. Christian, PhD",lexi-cooper,Lexi Cooper,lexi-cooper,Lexi Cooper,Trauma,trauma-and-safety,Trauma & Safety,trauma-and-safety,Trauma & Grief,100,high,exact_topic:trauma-and-safety via Trauma (w=1)|preferred_specialty_keyword:Trauma,requires_keyword_support:Student Athletic Challenges,none,complete,true,false,Clinical contributor,specialty_matched_organizational_approval,peachtree_psychology_susan_keenan,true,2026-06-19,true,approve
a7393d17-166d-4e0d-932f-fe24bdc8fc9e,can-ai-make-avoidance-easier-when-anxious,david-k-gore-phd,"Kenneth W. Christian, PhD",kelsey-donahue,Kelsey Madsen (Donahue),kelsey-donahue,Kelsey Madsen (Donahue),Stress,anxiety-and-stress,Anxiety & Stress,anxiety-and-mood,Anxiety & Stress,100,high,exact_topic:anxiety-and-stress via Anxiety (w=1)|preferred_specialty_keyword:Anxiety|alt_topic:anxiety-and-stress via Depression (w=0.35)|exact_topic:anxiety-and-stress via Stress (w=1),,none,complete,true,false,Clinical contributor,specialty_matched_organizational_approval,peachtree_psychology_susan_keenan,true,2026-06-19,true,approve
b2c43fd1-c291-4d41-8739-6dce9c3052fa,can-ai-make-burnout-worse,david-k-gore-phd,"Kenneth W. Christian, PhD",laura-hilsen,Laura Hilsen,laura-hilsen,Laura Hilsen,Work/Life Balance,work-and-burnout,Work & Burnout,work-and-purpose,Work & Burnout,100,high,exact_topic:work-and-burnout via Life Transitions (w=0.45)|exact_topic:work-and-burnout via Work/Life Balance (w=1),,none,complete,true,false,Clinical contributor,specialty_matched_organizational_approval,peachtree_psychology_susan_keenan,true,2026-06-19,true,approve
df1d3e84-c236-4674-98bc-ab3361930d5f,can-ai-make-doomscrolling-worse,david-k-gore-phd,"Kenneth W. Christian, PhD",liz-webb,Liz Webb,liz-webb,Liz Webb,Anxiety,anxiety-and-stress,Anxiety & Stress,anxiety-and-mood,Anxiety & Stress,100,high,exact_topic:anxiety-and-stress via Anxiety (w=1)|preferred_specialty_keyword:Anxiety|alt_topic:anxiety-and-stress via Depression (w=0.35),,none,complete,true,false,Clinical contributor,specialty_matched_organizational_approval,peachtree_psychology_susan_keenan,true,2026-06-19,true,approve
5d8b2f8d-f3ca-40fa-af8c-0b18cb6f8218,can-ai-make-health-anxiety-worse,david-k-gore-phd,"Kenneth W. Christian, PhD",amanda-gaines,Amanda Gaines,amanda-gaines,Amanda Gaines,Anxiety,anxiety-and-stress,Anxiety & Stress,anxiety-and-mood,Anxiety & Stress,100,high,exact_topic:anxiety-and-stress via Anxiety (w=1)|preferred_specialty_keyword:Anxiety|alt_topic:anxiety-and-stress via Depression (w=0.35),,none,complete,true,false,Clinical contributor,specialty_matched_organizational_approval,peachtree_psychology_susan_keenan,true,2026-06-19,true,approve
104a874b-b591-4860-9962-dd07950a3b56,can-ai-make-impostor-syndrome-worse,david-k-gore-phd,"Kenneth W. Christian, PhD",susan-keenan,Susan L. Keenan,susan-keenan,Susan L. Keenan,Self Esteem,identity-and-self-worth,Identity & Self-Worth,identity-and-self-worth,Identity & Self-Worth,100,high,exact_topic:identity-and-self-worth via Self Esteem (w=1),,none,complete,true,false,Clinical contributor,specialty_matched_organizational_approval,peachtree_psychology_susan_keenan,true,2026-06-19,true,approve
ddd629ef-e12a-49c9-ab49-8ff93e4eca64,can-ai-make-intrusive-thoughts-worse,david-k-gore-phd,"Kenneth W. Christian, PhD",jackie-malone,Jackie Malone,jackie-malone,Jackie Malone,Stress,anxiety-and-stress,Anxiety & Stress,anxiety-and-mood,Anxiety & Stress,100,high,exact_topic:anxiety-and-stress via Anxiety (w=1)|preferred_specialty_keyword:Anxiety|alt_topic:anxiety-and-stress via Depression (w=0.35)|exact_topic:anxiety-and-stress via Stress (w=1),,none,complete,true,false,Clinical contributor,specialty_matched_organizational_approval,peachtree_psychology_susan_keenan,true,2026-06-19,true,approve
43bc5a00-f947-4628-8769-61f6de5ce84b,can-ai-make-it-harder-to-build-real-intimacy,david-k-gore-phd,"Kenneth W. Christian, PhD",lexi-cooper,Lexi Cooper,lexi-cooper,Lexi Cooper,Familial Relationship Counseling,relationships-and-communication,Relationships & Communication,relationships-and-connection,Relationships & Divorce,100,high,exact_topic:relationships-and-communication via Familial Relationship Counseling (w=1),,none,complete,true,false,Clinical contributor,specialty_matched_organizational_approval,peachtree_psychology_susan_keenan,true,2026-06-19,,
6a251591-4c65-4e7c-b142-fcca29d18353,can-ai-make-me-feel-emotionally-numb,david-k-gore-phd,"Kenneth W. Christian, PhD",alex-crenshaw-phd,Dr. Alex Crenshaw,alex-crenshaw-phd,Dr. Alex Crenshaw,Depression,depression,Depression,anxiety-and-mood,Depression,100,high,parent_theme:anxiety-and-mood via Anxiety|exact_topic:depression via Depression (w=1)|preferred_specialty_keyword:Depression,,none,complete,true,false,Clinical contributor,specialty_matched_organizational_approval,peachtree_psychology_susan_keenan,true,2026-06-19,true,approve
ed688936-062f-4d4c-b76f-8720104fcd48,can-ai-make-me-feel-like-my-creativity-does-not-matter,david-k-gore-phd,"Kenneth W. Christian, PhD",jackie-malone,Jackie Malone,jackie-malone,Jackie Malone,Stress,identity-and-self-worth,Identity & Self-Worth,identity-and-self-worth,Identity & Self-Worth,100,high,alias_keyword:stress|alt_topic:identity-and-self-worth via Body Image (w=0.4)|alt_topic:identity-and-self-worth via Life Transitions (w=0.4)|exact_topic:identity-and-self-worth via Self Esteem (w=1)|preferred_specialty_keyword:stress,,none,complete,true,false,Clinical contributor,specialty_matched_organizational_approval,peachtree_psychology_susan_keenan,true,2026-06-19,true,approve
dac9ebf6-9bae-4124-b83c-29468c3314e9,can-ai-make-people-pleasing-worse,david-k-gore-phd,"Kenneth W. Christian, PhD",samantha-bryant,Samantha Bryant,samantha-bryant,Samantha Bryant,Marital and Premarital,relationships-and-communication,Relationships & Communication,relationships-and-connection,Communication & Conflict,100,high,parent_theme:relationships-and-connection via Bisexual|exact_topic:relationships-and-communication via Codependency (w=1)|exact_topic:relationships-and-communication via Marital and Premarital (w=1),requires_keyword_support:Body Image,none,complete,true,false,Clinical contributor,specialty_matched_organizational_approval,peachtree_psychology_susan_keenan,true,2026-06-19,,
5b0d8198-dec6-46e7-9327-ba47bf84f9fc,can-ai-make-relationship-anxiety-worse,david-k-gore-phd,"Kenneth W. Christian, PhD",susan-keenan,Susan L. Keenan,susan-keenan,Susan L. Keenan,Relationship Issues,relationships-and-communication,Relationships & Communication,relationships-and-connection,Relationships & Communication,100,high,alias_keyword:Anxiety|exact_topic:relationships-and-communication via Relationship Issues (w=1),,none,complete,true,false,Clinical contributor,specialty_matched_organizational_approval,peachtree_psychology_susan_keenan,true,2026-06-19,,
4bbe0a53-b2da-40a0-a057-d8c319ab9a65,can-ai-workplace-monitoring-affect-mental-health,david-k-gore-phd,"Kenneth W. Christian, PhD",laura-hilsen,Laura Hilsen,laura-hilsen,Laura Hilsen,Work/Life Balance,work-and-burnout,Work & Burnout,work-and-purpose,Work & Burnout,100,high,alias_keyword:stress|alt_topic:work-and-burnout via Life Transitions (w=0.45)|exact_topic:work-and-burnout via Work/Life Balance (w=1),,none,complete,true,false,Clinical contributor,specialty_matched_organizational_approval,peachtree_psychology_susan_keenan,true,2026-06-19,true,approve
a4dd8dd7-00c6-4977-8f73-027be5d54f3a,can-anxiety-cause-muscle-twitches-and-sp-181083-007,david-k-gore-phd,"Kenneth W. Christian, PhD",laura-hilsen,Laura Hilsen,laura-hilsen,Laura Hilsen,Anxiety,anxiety-and-stress,Anxiety & Stress,anxiety-and-mood,Anxiety & Stress,100,high,exact_topic:anxiety-and-stress via Anxiety (w=1)|preferred_specialty_keyword:Anxiety|alt_topic:anxiety-and-stress via Depression (w=0.35),,none,complete,true,false,Clinical contributor,specialty_matched_organizational_approval,peachtree_psychology_susan_keenan,true,2026-06-19,,
727f47a0-a87d-44f5-984b-7a65965bd1c7,can-anxiety-make-me-feel-like-i-cant-bre-181083-011,david-k-gore-phd,"Kenneth W. Christian, PhD",samantha-bryant,Samantha Bryant,samantha-bryant,Samantha Bryant,Stress,anxiety-and-stress,Anxiety & Stress,anxiety-and-mood,Anxiety & Stress,100,high,exact_topic:anxiety-and-stress via Anxiety (w=1)|preferred_specialty_keyword:Anxiety|alt_topic:anxiety-and-stress via Depression (w=0.35)|exact_topic:anxiety-and-stress via Stress (w=1),,none,complete,true,false,Clinical contributor,specialty_matched_organizational_approval,peachtree_psychology_susan_keenan,true,2026-06-19,,
a3625f49-195a-4cc5-9c4b-42e8c499d879,can-chronic-stress-affect-my-mental-health,david-k-gore-phd,"Kenneth W. Christian, PhD",alex-crenshaw-phd,Dr. Alex Crenshaw,alex-crenshaw-phd,Dr. Alex Crenshaw,Depression,anxiety-and-stress,Anxiety & Stress,anxiety-and-mood,Anxiety & Stress,100,high,exact_topic:anxiety-and-stress via Anxiety (w=1)|preferred_specialty_keyword:Anxiety|alt_topic:anxiety-and-stress via OCD (w=0.9)|alt_topic:anxiety-and-stress via Depression (w=0.35)|preferred_specialty_keyword:Depression,,none,complete,true,false,Clinical contributor,specialty_matched_organizational_approval,peachtree_psychology_susan_keenan,true,2026-06-19,true,approve
768cd868-0048-43cf-bf28-c380637276b6,can-deepfakes-cause-trauma-or-anxiety,david-k-gore-phd,"Kenneth W. Christian, PhD",laura-hilsen,Laura Hilsen,laura-hilsen,Laura Hilsen,Trauma,trauma-and-safety,Trauma & Safety,trauma-and-safety,Trauma & Grief,100,high,alias_keyword:Anxiety|exact_topic:trauma-and-safety via PTSD (w=1)|exact_topic:trauma-and-safety via Trauma (w=1)|preferred_specialty_keyword:Trauma,,none,complete,true,false,Clinical contributor,specialty_matched_organizational_approval,peachtree_psychology_susan_keenan,true,2026-06-19,true,approve
95a3b5cd-9f3a-486a-8cba-da79dc0993d2,can-depression-be-inherited-im-worried-about-my-children,david-k-gore-phd,"Kenneth W. Christian, PhD",amanda-gaines,Amanda Gaines,amanda-gaines,Amanda Gaines,Depression,depression,Depression,anxiety-and-mood,Depression,100,high,parent_theme:anxiety-and-mood via Anxiety|exact_topic:depression via Depression (w=1)|preferred_specialty_keyword:Depression,,none,complete,true,false,Clinical contributor,specialty_matched_organizational_approval,peachtree_psychology_susan_keenan,true,2026-06-19,,
9f070089-0441-4e8a-8188-eb3bb8db882f,can-depression-cause-physical-symptoms,david-k-gore-phd,"Kenneth W. Christian, PhD",liz-webb,Liz Webb,liz-webb,Liz Webb,Depression,depression,Depression,anxiety-and-mood,Depression,100,high,parent_theme:anxiety-and-mood via Anxiety|exact_topic:depression via Depression (w=1)|preferred_specialty_keyword:Depression,,none,complete,true,false,Clinical contributor,specialty_matched_organizational_approval,peachtree_psychology_susan_keenan,true,2026-06-19,,
e6f643f8-8160-4425-b8f8-bdfd2616c3c4,can-emotional-stress-cause-physical-fati-181083-015,david-k-gore-phd,"Kenneth W. Christian, PhD",susan-keenan,Susan L. Keenan,susan-keenan,Susan L. Keenan,Anxiety,anxiety-and-stress,Anxiety & Stress,anxiety-and-mood,Anxiety & Stress,100,high,exact_topic:anxiety-and-stress via Depression (w=0.35)|parent_theme:anxiety-and-mood via Depression|exact_topic:anxiety-and-stress via Anxiety (w=1)|preferred_specialty_keyword:Anxiety,,none,complete,true,false,Clinical contributor,specialty_matched_organizational_approval,peachtree_psychology_susan_keenan,true,2026-06-19,,
2a4e5d5d-3a21-4529-917a-bb4716cfb944,can-i-drink-alcohol-while-taking-psychia-181083-061,david-k-gore-phd,"Kenneth W. Christian, PhD",amanda-gaines,Amanda Gaines,amanda-gaines,Amanda Gaines,Addictive Behaviors,addiction-and-recovery,Addiction & Recovery,trauma-and-safety,Addiction & Recovery,100,high,parent_theme:trauma-and-safety via Trauma & PTSD|exact_topic:addiction-and-recovery via Substance Use (w=1)|exact_topic:addiction-and-recovery via Addictive Behaviors (w=1),requires_keyword_support:Chronic Illness,none,complete,true,false,Clinical contributor,specialty_matched_organizational_approval,peachtree_psychology_susan_keenan,true,2026-06-19,true,approve
c4206d54-affa-4744-9867-470d7dc5b187,can-i-recover-without-going-to-meetings,david-k-gore-phd,"Kenneth W. Christian, PhD",lynn-lane,Lynn Lane,lynn-lane,Lynn Lane,Substance Abuse & Chemical Dependency,addiction-and-recovery,Addiction & Recovery,trauma-and-safety,Addiction & Recovery,100,high,parent_theme:trauma-and-safety via PTSD|exact_topic:addiction-and-recovery via Substance Abuse & Chemical Dependency (w=1),,none,complete,true,false,Clinical contributor,specialty_matched_organizational_approval,peachtree_psychology_susan_keenan,true,2026-06-19,true,approve
5beed97f-61a7-410f-9d35-797cb1181e4b,can-i-stop-taking-psychiatric-medication-181083-064,david-k-gore-phd,"Kenneth W. Christian, PhD",kelsey-donahue,Kelsey Madsen (Donahue),kelsey-donahue,Kelsey Madsen (Donahue),Depression,depression,Depression,anxiety-and-mood,Depression,100,high,parent_theme:anxiety-and-mood via Anxiety|exact_topic:depression via Depression (w=1)|preferred_specialty_keyword:Depression,,none,complete,true,false,Clinical contributor,specialty_matched_organizational_approval,peachtree_psychology_susan_keenan,true,2026-06-19,,
9e3fe259-035c-4f41-ae80-8bcb85cbf041,can-lack-of-sleep-make-my-anxiety-worse-181083-049,david-k-gore-phd,"Kenneth W. Christian, PhD",michaela-hilburn,Michaela Hilburn,michaela-hilburn,Michaela Hilburn,Anxiety,anxiety-and-stress,Anxiety & Stress,anxiety-and-mood,Anxiety & Stress,100,high,exact_topic:anxiety-and-stress via Anxiety (w=1)|preferred_specialty_keyword:Anxiety|alt_topic:anxiety-and-stress via Depression (w=0.35),,none,complete,true,false,Clinical contributor,specialty_matched_organizational_approval,peachtree_psychology_susan_keenan,true,2026-06-19,,
55ab8e34-c37f-42f9-801e-4e7f850ae4d5,can-low-self-esteem-affect-relationships,david-k-gore-phd,"Kenneth W. Christian, PhD",michaela-hilburn,Michaela Hilburn,michaela-hilburn,Michaela Hilburn,Self-Esteem,identity-and-self-worth,Identity & Self-Worth,identity-and-self-worth,Identity & Self-Worth,100,high,exact_topic:identity-and-self-worth via Life Transitions (w=0.4)|exact_topic:identity-and-self-worth via Self-Compassion (w=1)|exact_topic:identity-and-self-worth via Self-Esteem (w=1)|preferred_specialty_keyword:Self Esteem,,none,complete,true,false,Clinical contributor,specialty_matched_organizational_approval,peachtree_psychology_susan_keenan,true,2026-06-27,true,approve
9edc29f4-b636-4f01-9c4d-8ac696e42560,can-money-problems-cause-depression-181083-025,david-k-gore-phd,"Kenneth W. Christian, PhD",laura-hilsen,Laura Hilsen,laura-hilsen,Laura Hilsen,Depression,depression,Depression,anxiety-and-mood,Depression,100,high,parent_theme:anxiety-and-mood via Anxiety|alias_keyword:stress|exact_topic:depression via Depression (w=1)|preferred_specialty_keyword:Depression|alt_topic:depression via Mood Disorders (w=0.85),,none,complete,true,false,Clinical contributor,specialty_matched_organizational_approval,peachtree_psychology_susan_keenan,true,2026-06-19,,
f72fd755-8d1b-4d94-a525-0a82545a753c,can-people-get-addicted-to-ai-chatbots-or-virtual--189142-001,david-k-gore-phd,"Kenneth W. Christian, PhD",lynn-lane,Lynn Lane,lynn-lane,Lynn Lane,Substance Abuse & Chemical Dependency,addiction-and-recovery,Addiction & Recovery,trauma-and-safety,Addiction & Recovery,100,high,alias_keyword:stress|parent_theme:trauma-and-safety via PTSD|exact_topic:addiction-and-recovery via Substance Abuse & Chemical Dependency (w=1),,none,complete,true,false,Clinical contributor,specialty_matched_organizational_approval,peachtree_psychology_susan_keenan,true,2026-06-19,true,approve
66c480b8-5f36-4cc3-8d67-c71984a10687,can-religious-trauma-be-real-even-if-not-181083-042,david-k-gore-phd,"Kenneth W. Christian, PhD",samantha-bryant,Samantha Bryant,samantha-bryant,Samantha Bryant,Trauma and PTSD,meaning-faith-and-existential-questions,"Meaning, Faith & Existential Questions",spirituality-and-meaning,Spiritual Struggle / Existential Crisis,93,high,alias_keyword:shame|exact_topic:meaning-faith-and-existential-questions via Spirituality (w=0.85)|alias_keyword:Trauma,requires_keyword_support:Body Image,none,complete,true,false,Clinical contributor,specialty_matched_organizational_approval,peachtree_psychology_susan_keenan,true,2026-06-19,true,approve
6a093a65-b5dd-4ac7-be8c-9d7ca6241519,can-relying-on-ai-make-my-social-anxiety-worse-189142-010,david-k-gore-phd,"Kenneth W. Christian, PhD",kelsey-donahue,Kelsey Madsen (Donahue),kelsey-donahue,Kelsey Madsen (Donahue),Stress,anxiety-and-stress,Anxiety & Stress,anxiety-and-mood,Anxiety & Stress,100,high,exact_topic:anxiety-and-stress via Anxiety (w=1)|preferred_specialty_keyword:Anxiety|alt_topic:anxiety-and-stress via Depression (w=0.35)|exact_topic:anxiety-and-stress via Stress (w=1),,none,complete,true,false,Clinical contributor,specialty_matched_organizational_approval,peachtree_psychology_susan_keenan,true,2026-06-19,,
e5812f75-b54f-49b3-a7e0-ec505adff47f,can-stress-and-anxiety-really-cause-stom-181083-002,david-k-gore-phd,"Kenneth W. Christian, PhD",laura-hilsen,Laura Hilsen,laura-hilsen,Laura Hilsen,Anxiety,anxiety-and-stress,Anxiety & Stress,anxiety-and-mood,Anxiety & Stress,100,high,exact_topic:anxiety-and-stress via Anxiety (w=1)|preferred_specialty_keyword:Anxiety|alt_topic:anxiety-and-stress via Depression (w=0.35),,none,complete,true,false,Clinical contributor,specialty_matched_organizational_approval,peachtree_psychology_susan_keenan,true,2026-06-19,,
f221af60-8d96-4568-89e2-fb620998d3c7,can-stress-cause-back-and-neck-pain-181083-013,david-k-gore-phd,"Kenneth W. Christian, PhD",meredith-price,Meredith Price,meredith-price,Meredith Price,Stress,anxiety-and-stress,Anxiety & Stress,anxiety-and-mood,Anxiety & Stress,100,high,"exact_topic:anxiety-and-stress via Pregnancy, Prenatal, Postpartum (w=0.5)|demoted_missing_keyword_support|exact_topic:anxiety-and-stress via Depression (w=0.35)|parent_theme:anxiety-and-mood via Depression|exact_topic:anxiety-and-stress via Anxiety (w=1)|preferred_specialty_keyword:Anxiety|alt_topic:anxiety-and-stress via Infertility (w=0.5)|demoted_missing_keyword_support|exact_topic:anxiety-and-stress via Stress (w=1)",,none,complete,true,false,Clinical contributor,specialty_matched_organizational_approval,peachtree_psychology_susan_keenan,true,2026-06-19,true,approve
a1d61851-e37e-4cd4-9939-4c70b4eb78f2,can-stress-cause-ringing-in-my-ears-181083-009,david-k-gore-phd,"Kenneth W. Christian, PhD",amanda-gaines,Amanda Gaines,amanda-gaines,Amanda Gaines,Anxiety,anxiety-and-stress,Anxiety & Stress,anxiety-and-mood,Anxiety & Stress,100,high,exact_topic:anxiety-and-stress via Anxiety (w=1)|preferred_specialty_keyword:Anxiety|alt_topic:anxiety-and-stress via Depression (w=0.35),,none,complete,true,false,Clinical contributor,specialty_matched_organizational_approval,peachtree_psychology_susan_keenan,true,2026-06-19,,
bbee483f-9574-4970-b897-21d2c22f6efd,can-talking-to-ai-all-night-affect-my-mental-health,david-k-gore-phd,"Kenneth W. Christian, PhD",susan-keenan,Susan L. Keenan,susan-keenan,Susan L. Keenan,Anxiety,anxiety-and-stress,Anxiety & Stress,anxiety-and-mood,Anxiety & Stress,100,high,exact_topic:anxiety-and-stress via Depression (w=0.35)|parent_theme:anxiety-and-mood via Depression|exact_topic:anxiety-and-stress via Anxiety (w=1)|preferred_specialty_keyword:Anxiety,,none,complete,true,false,Clinical contributor,specialty_matched_organizational_approval,peachtree_psychology_susan_keenan,true,2026-06-19,,
f31ad553-c198-45de-9dcc-ccfcd5c33ad0,can-trauma-affect-grief,david-k-gore-phd,"Kenneth W. Christian, PhD",sarah-evers,Sarah Evers,sarah-evers,Sarah Evers,Developmental Wounds & Complex Trauma,trauma-and-safety,Trauma & Safety,trauma-and-safety,Trauma & Grief,100,high,exact_topic:trauma-and-safety via Developmental Wounds & Complex Trauma (w=1),requires_keyword_support:Chronic Illness & Disability|requires_keyword_support:Caregiver Stress,none,complete,true,false,Clinical contributor,specialty_matched_organizational_approval,peachtree_psychology_susan_keenan,true,2026-06-27,true,approve
ff370296-02ed-44c2-911c-626894387fe2,can-using-ai-for-emotional-support-become-addictive,david-k-gore-phd,"Kenneth W. Christian, PhD",jackie-malone,Jackie Malone,jackie-malone,Jackie Malone,Substance Use,addiction-and-recovery,Addiction & Recovery,trauma-and-safety,Addiction & Recovery,100,high,exact_topic:addiction-and-recovery via Addiction (w=1)|preferred_specialty_keyword:Addiction|exact_topic:addiction-and-recovery via Alcohol Use (w=1)|exact_topic:addiction-and-recovery via Drug Abuse (w=1)|exact_topic:addiction-and-recovery via Substance Use (w=1),,none,complete,true,false,Clinical contributor,specialty_matched_organizational_approval,peachtree_psychology_susan_keenan,true,2026-06-19,true,approve
dd0d953b-f0a1-41bd-89be-a059e490d9fa,can-you-actually-change-your-attachment-style-or-a-186602-009,david-k-gore-phd,"Kenneth W. Christian, PhD",alex-crenshaw-phd,Dr. Alex Crenshaw,alex-crenshaw-phd,Dr. Alex Crenshaw,Couples,relationships-and-communication,Relationships & Communication,relationships-and-connection,Attachment Styles & Relationship Dynamics,100,high,exact_topic:relationships-and-communication via Couples (w=1),,none,complete,true,false,Clinical contributor,specialty_matched_organizational_approval,peachtree_psychology_susan_keenan,true,2026-06-19,true,approve
9df570d9-153c-4d5c-832a-e42e2213ce94,cope-with-loneliness-after-breakup,david-k-gore-phd,"Kenneth W. Christian, PhD",meredith-price,Meredith Price,meredith-price,Meredith Price,Relationship Issues,relationships-and-communication,Relationships & Communication,relationships-and-connection,Relationships & Divorce,100,high,exact_topic:relationships-and-communication via Codependency (w=1)|exact_topic:relationships-and-communication via Marital and Premarital (w=1)|exact_topic:relationships-and-communication via Relationship Issues (w=1),"requires_keyword_support:Pregnancy, Prenatal, Postpartum|requires_keyword_support:Body Image",none,complete,true,false,Clinical contributor,specialty_matched_organizational_approval,peachtree_psychology_susan_keenan,true,2026-06-27,,
f61e63ea-38da-4151-a1f2-c44ac26e94bb,difference-between-stress-and-anxiety,david-k-gore-phd,"Kenneth W. Christian, PhD",samantha-bryant,Samantha Bryant,samantha-bryant,Samantha Bryant,Stress,anxiety-and-stress,Anxiety & Stress,anxiety-and-mood,Anxiety & Stress,100,high,exact_topic:anxiety-and-stress via Anxiety (w=1)|preferred_specialty_keyword:Anxiety|alt_topic:anxiety-and-stress via Depression (w=0.35)|exact_topic:anxiety-and-stress via Stress (w=1),,none,complete,true,false,Clinical contributor,specialty_matched_organizational_approval,peachtree_psychology_susan_keenan,true,2026-06-19,,
e3690690-8662-459c-8133-4a3633c73617,every-small-mistake-feels-like-evidence-that-i-am-fundamentally-flawed,david-k-gore-phd,"Kenneth W. Christian, PhD",lynn-lane,Lynn Lane,lynn-lane,Lynn Lane,Anxiety,anxiety-and-stress,Anxiety & Stress,anxiety-and-mood,Anxiety & Stress,100,high,exact_topic:anxiety-and-stress via Anxiety (w=1)|preferred_specialty_keyword:Anxiety|alt_topic:anxiety-and-stress via Depression (w=0.35),,none,complete,true,false,Clinical contributor,specialty_matched_organizational_approval,peachtree_psychology_susan_keenan,true,2026-06-19,,
25e0c627-c9da-425a-9334-e533b0c26e77,figure-out-who-i-am-outside-other-peoples-expectations,david-k-gore-phd,"Kenneth W. Christian, PhD",laura-hilsen,Laura Hilsen,laura-hilsen,Laura Hilsen,Self-Esteem,identity-and-self-worth,Identity & Self-Worth,identity-and-self-worth,Identity & Self-Worth,100,high,exact_topic:identity-and-self-worth via Life Transitions (w=0.4)|exact_topic:identity-and-self-worth via Self-Compassion (w=1)|exact_topic:identity-and-self-worth via Self-Esteem (w=1),,none,complete,true,false,Clinical contributor,specialty_matched_organizational_approval,peachtree_psychology_susan_keenan,true,2026-06-27,true,approve
ea6f095f-7a38-41de-b9c3-bc5f9bf3dd9a,help-someone-believes-ai-is-sending-secret-messages,david-k-gore-phd,"Kenneth W. Christian, PhD",jeannine-jannot,"Jeannine Jannot, Ph.D.",jeannine-jannot,"Jeannine Jannot, Ph.D.",Child,family-and-parenting,Family & Parenting,family-and-parenting,Family & Parenting,100,high,exact_topic:family-and-parenting via Parenting (w=1)|preferred_specialty_keyword:Parenting|exact_topic:family-and-parenting via Child (w=1),,none,complete,true,false,Clinical contributor,specialty_matched_organizational_approval,peachtree_psychology_susan_keenan,true,2026-06-19,true,approve
c14451ef-23ff-4745-b008-2f51adaa5152,how-can-couples-rebuild-trust-after-lying,david-k-gore-phd,"Kenneth W. Christian, PhD",alex-crenshaw-phd,Dr. Alex Crenshaw,alex-crenshaw-phd,Dr. Alex Crenshaw,Couples,relationships-and-communication,Relationships & Communication,relationships-and-connection,Relationships & Communication,100,high,exact_topic:relationships-and-communication via Couples (w=1)|preferred_specialty_keyword:couples,,none,complete,true,false,Clinical contributor,specialty_matched_organizational_approval,peachtree_psychology_susan_keenan,true,2026-06-27,,
efa0b397-be72-4a6e-98f1-e2ab47311ec5,how-can-i-communicate-better-with-someone-who-has-a-different-communication-style,david-k-gore-phd,"Kenneth W. Christian, PhD",laura-hilsen,Laura Hilsen,laura-hilsen,Laura Hilsen,Infidelity,relationships-and-communication,Relationships & Communication,relationships-and-connection,Communication & Conflict,100,high,exact_topic:relationships-and-communication via Relationship Issues (w=1)|exact_topic:relationships-and-communication via Divorce (w=1)|exact_topic:relationships-and-communication via Infidelity (w=1),,none,complete,true,false,Clinical contributor,specialty_matched_organizational_approval,peachtree_psychology_susan_keenan,true,2026-06-19,,
1a6c77d0-1568-46a6-bbb6-0942dbd5d0b7,how-can-i-create-a-calming-environment-at-home,david-k-gore-phd,"Kenneth W. Christian, PhD",jackie-malone,Jackie Malone,jackie-malone,Jackie Malone,Stress,general-mental-health,General Mental Health,life-transitions-and-change,General Mental Health,86,high,exact_topic:general-mental-health via Anxiety (w=0.45)|alias_keyword:stress|exact_topic:general-mental-health via Body Image (w=0.55)|demoted_missing_keyword_support|exact_topic:general-mental-health via Life Transitions (w=0.7)|alias_keyword:adjustment|alt_topic:general-mental-health via Stress (w=0.45)|alias_keyword:stress,,none,complete,true,false,Clinical contributor,specialty_matched_organizational_approval,peachtree_psychology_susan_keenan,true,2026-06-19,true,approve
c60201a6-38f1-454a-b64a-460d8e7e2c34,how-can-i-develop-a-stronger-sense-of-identity,david-k-gore-phd,"Kenneth W. Christian, PhD",jackie-malone,Jackie Malone,jackie-malone,Jackie Malone,Self Esteem,identity-and-self-worth,Identity & Self-Worth,identity-and-self-worth,Identity & Self-Worth,100,high,exact_topic:identity-and-self-worth via Body Image (w=0.4)|demoted_missing_keyword_support|exact_topic:identity-and-self-worth via Life Transitions (w=0.4)|exact_topic:identity-and-self-worth via Self Esteem (w=1),,none,complete,true,false,Clinical contributor,specialty_matched_organizational_approval,peachtree_psychology_susan_keenan,true,2026-06-19,,
84beb36e-68c1-4fae-b5ea-b04ebb2d5f47,how-can-i-help-my-child-adjust-to-our-divorce,david-k-gore-phd,"Kenneth W. Christian, PhD",jeannine-jannot,"Jeannine Jannot, Ph.D.",jeannine-jannot,"Jeannine Jannot, Ph.D.",Child,family-and-parenting,Family & Parenting,family-and-parenting,Family & Parenting,100,high,exact_topic:family-and-parenting via Parenting (w=1)|preferred_specialty_keyword:Parenting|exact_topic:family-and-parenting via Child (w=1),,none,complete,true,false,Clinical contributor,specialty_matched_organizational_approval,peachtree_psychology_susan_keenan,true,2026-06-19,true,approve
ac17e0fa-a2aa-4a7a-b902-4bccd1e98bd7,how-can-i-help-my-partner-who-is-struggling-with-addiction,david-k-gore-phd,"Kenneth W. Christian, PhD",alex-crenshaw-phd,Dr. Alex Crenshaw,alex-crenshaw-phd,Dr. Alex Crenshaw,Couples,relationships-and-communication,Relationships & Communication,relationships-and-connection,Relationships & Communication,100,high,exact_topic:relationships-and-communication via Couples (w=1),,none,complete,true,false,Clinical contributor,specialty_matched_organizational_approval,peachtree_psychology_susan_keenan,true,2026-06-19,,
2635d864-b7f8-4822-87b9-2359492db6c9,how-can-i-improve-communication-about-sex-with-my-partner,david-k-gore-phd,"Kenneth W. Christian, PhD",alex-crenshaw-phd,Dr. Alex Crenshaw,alex-crenshaw-phd,Dr. Alex Crenshaw,Couples,relationships-and-communication,Relationships & Communication,relationships-and-connection,Relationships & Communication,100,high,exact_topic:relationships-and-communication via Couples (w=1)|preferred_specialty_keyword:couples,,none,complete,true,false,Clinical contributor,specialty_matched_organizational_approval,peachtree_psychology_susan_keenan,true,2026-06-19,,
0b1b90da-9b2d-496a-82f4-87522c937ae1,how-can-i-improve-my-communication-skills-in-relationships,david-k-gore-phd,"Kenneth W. Christian, PhD",lexi-cooper,Lexi Cooper,lexi-cooper,Lexi Cooper,Familial Relationship Counseling,relationships-and-communication,Relationships & Communication,relationships-and-connection,Relationships & Communication,100,high,exact_topic:relationships-and-communication via Familial Relationship Counseling (w=1),,none,complete,true,false,Clinical contributor,specialty_matched_organizational_approval,peachtree_psychology_susan_keenan,true,2026-06-19,,
fd494471-5272-492e-a7fb-095b94f1d9b8,how-can-i-learn-to-love-myself,david-k-gore-phd,"Kenneth W. Christian, PhD",sarah-evers,Sarah Evers,sarah-evers,Sarah Evers,Shame & Conditions of Worth,identity-and-self-worth,Identity & Self-Worth,identity-and-self-worth,Identity & Self-Worth,100,high,exact_topic:identity-and-self-worth via Life Events & Transitions (w=0.4)|exact_topic:identity-and-self-worth via Shame & Conditions of Worth (w=1),requires_keyword_support:Chronic Illness & Disability|requires_keyword_support:Caregiver Stress,none,complete,true,false,Clinical contributor,specialty_matched_organizational_approval,peachtree_psychology_susan_keenan,true,2026-06-19,,
4d773d16-ba36-4311-acc5-105f66f9b202,how-can-i-maintain-real-relationships-in-an-increasingly-digital-world,david-k-gore-phd,"Kenneth W. Christian, PhD",jackie-malone,Jackie Malone,jackie-malone,Jackie Malone,Relationship Issues,relationships-and-communication,Relationships & Communication,relationships-and-connection,Relationships & Communication,100,high,parent_theme:relationships-and-connection via Bisexual|exact_topic:relationships-and-communication via Codependency (w=1)|exact_topic:relationships-and-communication via Relationship Issues (w=1),requires_keyword_support:Body Image,none,complete,true,false,Clinical contributor,specialty_matched_organizational_approval,peachtree_psychology_susan_keenan,true,2026-06-19,,
b5d9d773-237b-4c47-a2d3-ec6b6b9d21de,how-can-i-manage-my-anxiety-without-medication,david-k-gore-phd,"Kenneth W. Christian, PhD",jackie-malone,Jackie Malone,jackie-malone,Jackie Malone,Stress,anxiety-and-stress,Anxiety & Stress,anxiety-and-mood,Anxiety & Stress,100,high,exact_topic:anxiety-and-stress via Anxiety (w=1)|preferred_specialty_keyword:Anxiety|alt_topic:anxiety-and-stress via Depression (w=0.35)|exact_topic:anxiety-and-stress via Stress (w=1),,none,complete,true,false,Clinical contributor,specialty_matched_organizational_approval,peachtree_psychology_susan_keenan,true,2026-06-19,,
7af8118c-a380-4898-b6e8-d2b9908d48b8,how-can-i-overcome-my-fear-of-public-speaking,david-k-gore-phd,"Kenneth W. Christian, PhD",alex-crenshaw-phd,Dr. Alex Crenshaw,alex-crenshaw-phd,Dr. Alex Crenshaw,Anxiety,anxiety-and-stress,Anxiety & Stress,anxiety-and-mood,Anxiety & Stress,100,high,exact_topic:anxiety-and-stress via Anxiety (w=1)|preferred_specialty_keyword:Anxiety|alt_topic:anxiety-and-stress via OCD (w=0.9)|alt_topic:anxiety-and-stress via Depression (w=0.35),,none,complete,true,false,Clinical contributor,specialty_matched_organizational_approval,peachtree_psychology_susan_keenan,true,2026-06-19,,
022990eb-5526-4ac2-8183-739bcc74824e,how-can-i-protect-my-children-from-conflict-between-me-and-my-ex,david-k-gore-phd,"Kenneth W. Christian, PhD",meredith-price,Meredith Price,meredith-price,Meredith Price,Parenting,family-and-parenting,Family & Parenting,family-and-parenting,Family & Parenting,100,high,"exact_topic:family-and-parenting via Pregnancy, Prenatal, Postpartum (w=0.7)|demoted_missing_keyword_support|exact_topic:family-and-parenting via Family Conflict (w=1)|alt_topic:family-and-parenting via Infertility (w=0.7)|demoted_missing_keyword_support|exact_topic:family-and-parenting via Parenting (w=1)|preferred_specialty_keyword:Parenting",,none,complete,true,false,Clinical contributor,specialty_matched_organizational_approval,peachtree_psychology_susan_keenan,true,2026-06-19,true,approve
3b4c1c45-7d20-4130-b539-6d4b9bda7dbd,how-can-i-stop-comparing-myself-to-others-on-social-media-g7h8i9,david-k-gore-phd,"Kenneth W. Christian, PhD",liz-webb,Liz Webb,liz-webb,Liz Webb,Anxiety,anxiety-and-stress,Anxiety & Stress,anxiety-and-mood,Anxiety & Stress,100,high,exact_topic:anxiety-and-stress via Anxiety (w=1)|preferred_specialty_keyword:Anxiety|alt_topic:anxiety-and-stress via Depression (w=0.35),,none,complete,true,false,Clinical contributor,specialty_matched_organizational_approval,peachtree_psychology_susan_keenan,true,2026-06-19,true,approve
f17d4640-5b09-4175-bdbd-a8a5d4de0cba,how-can-i-support-my-partner-who-has-depression,david-k-gore-phd,"Kenneth W. Christian, PhD",laura-hilsen,Laura Hilsen,laura-hilsen,Laura Hilsen,Depression,depression,Depression,anxiety-and-mood,Depression,100,high,parent_theme:anxiety-and-mood via Anxiety|exact_topic:depression via Depression (w=1)|preferred_specialty_keyword:Depression|alt_topic:depression via Mood Disorders (w=0.85),,none,complete,true,false,Clinical contributor,specialty_matched_organizational_approval,peachtree_psychology_susan_keenan,true,2026-06-19,,
206649c0-68ab-42a6-aaf0-b29ab019a0f5,how-can-i-support-someone-who-has-experienced-trauma,david-k-gore-phd,"Kenneth W. Christian, PhD",susan-keenan,Susan L. Keenan,susan-keenan,Susan L. Keenan,Trauma and PTSD,trauma-and-safety,Trauma & Safety,trauma-and-safety,Trauma & Grief,100,high,alias_keyword:Grief|exact_topic:trauma-and-safety via Trauma and PTSD (w=1),,none,complete,true,false,Clinical contributor,specialty_matched_organizational_approval,peachtree_psychology_susan_keenan,true,2026-06-19,,
59a58c2a-2fda-40fc-a326-8909dacbb89c,how-can-i-tell-if-someone-is-manipulating-me,david-k-gore-phd,"Kenneth W. Christian, PhD",alex-crenshaw-phd,Dr. Alex Crenshaw,alex-crenshaw-phd,Dr. Alex Crenshaw,PTSD,trauma-and-safety,Trauma & Safety,trauma-and-safety,Relationship Abuse,100,high,exact_topic:trauma-and-safety via Trauma (w=1)|exact_topic:trauma-and-safety via PTSD (w=1),,none,complete,true,false,Clinical contributor,specialty_matched_organizational_approval,peachtree_psychology_susan_keenan,true,2026-06-19,true,approve
7b33fbaa-3b6e-4eb7-a2a4-c1aa57749a03,how-can-parents-support-a-child-who-worries-a-lot,david-k-gore-phd,"Kenneth W. Christian, PhD",kelsey-donahue,Kelsey Madsen (Donahue),kelsey-donahue,Kelsey Madsen (Donahue),Parenting,family-and-parenting,Family & Parenting,family-and-parenting,Family & Parenting,100,high,alias_keyword:Anxiety|exact_topic:family-and-parenting via Child (w=1)|exact_topic:family-and-parenting via Family Conflict (w=1)|exact_topic:family-and-parenting via Parenting (w=1)|preferred_specialty_keyword:Parenting,,none,complete,true,false,Clinical contributor,specialty_matched_organizational_approval,peachtree_psychology_susan_keenan,true,2026-06-19,true,approve
65e8808d-02b2-4594-b2d9-fbbbc1f14fa5,how-do-believers-make-sense-of-suffering-if-god-is-loving,david-k-gore-phd,"Kenneth W. Christian, PhD",samantha-bryant,Samantha Bryant,samantha-bryant,Samantha Bryant,Spirituality,meaning-faith-and-existential-questions,"Meaning, Faith & Existential Questions",spirituality-and-meaning,Spiritual Struggle / Existential Crisis,85,high,exact_topic:meaning-faith-and-existential-questions via Spirituality (w=0.85),requires_keyword_support:Body Image,none,complete,true,false,Clinical contributor,specialty_matched_organizational_approval,peachtree_psychology_susan_keenan,true,2026-06-27,true,approve
c87130b8-a968-4a87-9100-6af20b5e90e1,how-do-cultural-attitudes-affect-depression-treatment,david-k-gore-phd,"Kenneth W. Christian, PhD",laura-hilsen,Laura Hilsen,laura-hilsen,Laura Hilsen,Depression,depression,Depression,anxiety-and-mood,Depression,100,high,parent_theme:anxiety-and-mood via Anxiety|exact_topic:depression via Depression (w=1)|preferred_specialty_keyword:Depression|alt_topic:depression via Mood Disorders (w=0.85),,none,complete,true,false,Clinical contributor,specialty_matched_organizational_approval,peachtree_psychology_susan_keenan,true,2026-06-19,,
6fdb7460-7c69-4220-93fc-d7e4c78569a6,how-does-depression-affect-different-cultures-and-communities,david-k-gore-phd,"Kenneth W. Christian, PhD",jackie-malone,Jackie Malone,jackie-malone,Jackie Malone,Depression,depression,Depression,anxiety-and-mood,Depression,100,high,parent_theme:anxiety-and-mood via Anxiety|exact_topic:depression via Depression (w=1)|preferred_specialty_keyword:Depression,requires_keyword_support:Body Image,none,complete,true,false,Clinical contributor,specialty_matched_organizational_approval,peachtree_psychology_susan_keenan,true,2026-06-19,,
cce0afd4-2802-4412-8547-5601e4672bc5,how-does-depression-interact-with-substance-use,david-k-gore-phd,"Kenneth W. Christian, PhD",jackie-malone,Jackie Malone,jackie-malone,Jackie Malone,Substance Use,depression,Depression,anxiety-and-mood,Depression,100,high,alias_keyword:substance use|exact_topic:depression via Depression (w=1)|preferred_specialty_keyword:Depression|preferred_specialty_keyword:Substance Use,,none,complete,true,false,Clinical contributor,specialty_matched_organizational_approval,peachtree_psychology_susan_keenan,true,2026-06-19,,
c8f17807-608e-4830-9a81-4743b4b9a7f5,how-does-meditation-help-with-anxiety,david-k-gore-phd,"Kenneth W. Christian, PhD",meredith-price,Meredith Price,meredith-price,Meredith Price,Stress,anxiety-and-stress,Anxiety & Stress,anxiety-and-mood,Anxiety & Stress,100,high,"exact_topic:anxiety-and-stress via Pregnancy, Prenatal, Postpartum (w=0.5)|demoted_missing_keyword_support|exact_topic:anxiety-and-stress via Depression (w=0.35)|parent_theme:anxiety-and-mood via Depression|exact_topic:anxiety-and-stress via Anxiety (w=1)|preferred_specialty_keyword:Anxiety|alt_topic:anxiety-and-stress via Infertility (w=0.5)|demoted_missing_keyword_support|exact_topic:anxiety-and-stress via Stress (w=1)",,none,complete,true,false,Clinical contributor,specialty_matched_organizational_approval,peachtree_psychology_susan_keenan,true,2026-06-19,,
f06c9dcf-0315-41a6-bd10-80f179e41193,how-do-i-apologize-effectively-when-ive-hurt-someone,david-k-gore-phd,"Kenneth W. Christian, PhD",meredith-price,Meredith Price,meredith-price,Meredith Price,Relationship Issues,relationships-and-communication,Relationships & Communication,relationships-and-connection,Communication & Conflict,100,high,exact_topic:relationships-and-communication via Codependency (w=1)|exact_topic:relationships-and-communication via Marital and Premarital (w=1)|exact_topic:relationships-and-communication via Relationship Issues (w=1),"requires_keyword_support:Pregnancy, Prenatal, Postpartum|requires_keyword_support:Body Image",none,complete,true,false,Clinical contributor,specialty_matched_organizational_approval,peachtree_psychology_susan_keenan,true,2026-06-19,,
f5b31a6a-5760-43a5-843a-736b669a0073,how-do-i-ask-for-a-mental-health-day-wit-185759-041,david-k-gore-phd,"Kenneth W. Christian, PhD",laura-hilsen,Laura Hilsen,laura-hilsen,Laura Hilsen,Work/Life Balance,work-and-burnout,Work & Burnout,work-and-purpose,"Work, Stress & Burnout",100,high,alias_keyword:stress|alt_topic:work-and-burnout via Life Transitions (w=0.45)|exact_topic:work-and-burnout via Work/Life Balance (w=1),,none,complete,true,false,Clinical contributor,specialty_matched_organizational_approval,peachtree_psychology_susan_keenan,true,2026-06-19,true,approve
a6702722-5a96-4e78-996d-10903f831306,how-do-i-break-up-with-someone-i-still-love,david-k-gore-phd,"Kenneth W. Christian, PhD",sarah-evers,Sarah Evers,sarah-evers,Sarah Evers,Building Healthy Relationships,relationships-and-communication,Relationships & Communication,relationships-and-connection,Relationships & Communication,100,high,exact_topic:relationships-and-communication via Building Healthy Relationships (w=1),requires_keyword_support:Chronic Illness & Disability|requires_keyword_support:Caregiver Stress,none,complete,true,false,Clinical contributor,specialty_matched_organizational_approval,peachtree_psychology_susan_keenan,true,2026-06-19,,
321c3aa2-97f6-4b7e-9c3a-e245c99687a7,how-do-i-build-confidence-when-ive-been-181288-019,david-k-gore-phd,"Kenneth W. Christian, PhD",meredith-price,Meredith Price,meredith-price,Meredith Price,Self Esteem,identity-and-self-worth,Identity & Self-Worth,identity-and-self-worth,Identity & Self-Worth,100,high,exact_topic:identity-and-self-worth via Body Image (w=0.4)|demoted_missing_keyword_support|exact_topic:identity-and-self-worth via Life Transitions (w=0.4)|exact_topic:identity-and-self-worth via Self Esteem (w=1),"requires_keyword_support:Pregnancy, Prenatal, Postpartum",none,complete,true,false,Clinical contributor,specialty_matched_organizational_approval,peachtree_psychology_susan_keenan,true,2026-06-19,,
ff595170-21b7-46b4-9e76-69d253a07e27,how-do-i-build-self-confidence-when-ive-always-struggled-with-low-self-esteem,david-k-gore-phd,"Kenneth W. Christian, PhD",meredith-price,Meredith Price,meredith-price,Meredith Price,Self Esteem,identity-and-self-worth,Identity & Self-Worth,identity-and-self-worth,Identity & Self-Worth,100,high,exact_topic:identity-and-self-worth via Body Image (w=0.4)|demoted_missing_keyword_support|exact_topic:identity-and-self-worth via Life Transitions (w=0.4)|exact_topic:identity-and-self-worth via Self Esteem (w=1)|preferred_specialty_keyword:Self Esteem,"requires_keyword_support:Pregnancy, Prenatal, Postpartum",none,complete,true,false,Clinical contributor,specialty_matched_organizational_approval,peachtree_psychology_susan_keenan,true,2026-06-19,,
8fb44658-98d9-4753-8505-7437e466eed0,how-do-i-come-out-when-im-not-sure-how-people-will-react,david-k-gore-phd,"Kenneth W. Christian, PhD",amanda-gaines,Amanda Gaines,amanda-gaines,Amanda Gaines,LGBTQIA+ Concerns,gender-sexuality-and-intimacy,"Gender, Sexuality & Intimacy",relationships-and-connection,Gender & Sexuality,100,high,exact_topic:gender-sexuality-and-intimacy via LGBTQIA+ Concerns (w=1),,none,complete,true,false,Clinical contributor,specialty_matched_organizational_approval,peachtree_psychology_susan_keenan,true,2026-06-19,,
f6d7d8b6-ccde-4c2c-bcd2-2b197ce9f673,how-do-i-communicate-better-with-my-part-186032-031,david-k-gore-phd,"Kenneth W. Christian, PhD",sarah-evers,Sarah Evers,sarah-evers,Sarah Evers,Building Healthy Relationships,relationships-and-communication,Relationships & Communication,relationships-and-connection,Relationships & Communication,100,high,exact_topic:relationships-and-communication via Building Healthy Relationships (w=1),requires_keyword_support:Chronic Illness & Disability|requires_keyword_support:Caregiver Stress,none,complete,true,false,Clinical contributor,specialty_matched_organizational_approval,peachtree_psychology_susan_keenan,true,2026-06-19,,
fb610607-24ae-4c09-bc58-2693249de97d,how-do-i-communicate-better-with-my-teenager,david-k-gore-phd,"Kenneth W. Christian, PhD",lauren-sanders,Lauren Sanders,lauren-sanders,Lauren Sanders,Life Transitions,teens-and-identity,Teens & Identity,family-and-parenting,Teens & Identity,94,high,exact_topic:teens-and-identity via Parenting (w=0.7)|alias_keyword:Parenting|alt_topic:teens-and-identity via Child (w=0.7)|alias_keyword:Parenting|alias_keyword:adjustment,,none,complete,true,false,Clinical contributor,specialty_matched_organizational_approval,peachtree_psychology_susan_keenan,true,2026-06-19,true,approve
28e4db1d-8c57-4085-b930-4a65b1b0e641,how-do-i-communicate-my-needs-without-so-181288-015,david-k-gore-phd,"Kenneth W. Christian, PhD",susan-keenan,Susan L. Keenan,susan-keenan,Susan L. Keenan,Relationship Issues,relationships-and-communication,Relationships & Communication,relationships-and-connection,Communication & Conflict,100,high,parent_theme:relationships-and-connection via LGBTQ+|exact_topic:relationships-and-communication via Relationship Issues (w=1),,none,complete,true,false,Clinical contributor,specialty_matched_organizational_approval,peachtree_psychology_susan_keenan,true,2026-06-19,,
5f0186bf-efc0-4425-bae0-7b4b12666b44,how-do-i-co-parent-effectively-with-my-ex,david-k-gore-phd,"Kenneth W. Christian, PhD",susan-keenan,Susan L. Keenan,susan-keenan,Susan L. Keenan,Parenting,family-and-parenting,Family & Parenting,family-and-parenting,Family & Parenting,100,high,exact_topic:family-and-parenting via Family Conflict (w=1)|exact_topic:family-and-parenting via Parenting (w=1)|preferred_specialty_keyword:Parenting,,none,complete,true,false,Clinical contributor,specialty_matched_organizational_approval,peachtree_psychology_susan_keenan,true,2026-06-19,,
ad2260ab-e6c3-4b14-abce-c91407293c0e,how-do-i-cope-with-being-laid-off-due-to-ai-automation,david-k-gore-phd,"Kenneth W. Christian, PhD",michaela-hilburn,Michaela Hilburn,michaela-hilburn,Michaela Hilburn,Work/Life Balance,work-and-burnout,Work & Burnout,work-and-purpose,Work & Life Balance,100,high,alias_keyword:Grief|alt_topic:work-and-burnout via Life Transitions (w=0.45)|exact_topic:work-and-burnout via Work/Life Balance (w=1),,none,complete,true,false,Clinical contributor,specialty_matched_organizational_approval,peachtree_psychology_susan_keenan,true,2026-06-19,true,approve
71544c3a-f523-4a0e-9f43-63cfb0869a2e,how-do-i-cope-with-depression-during-global-crises-or-traumatic-world-events,david-k-gore-phd,"Kenneth W. Christian, PhD",amanda-gaines,Amanda Gaines,amanda-gaines,Amanda Gaines,Depression,depression,Depression,anxiety-and-mood,Depression,100,high,parent_theme:anxiety-and-mood via Anxiety|exact_topic:depression via Depression (w=1)|preferred_specialty_keyword:Depression,,none,complete,true,false,Clinical contributor,specialty_matched_organizational_approval,peachtree_psychology_susan_keenan,true,2026-06-19,,
ecc9a494-72b9-4fff-9dd0-ee4f7ce366ca,how-do-i-cope-with-depression-during-major-life-changes,david-k-gore-phd,"Kenneth W. Christian, PhD",michaela-hilburn,Michaela Hilburn,michaela-hilburn,Michaela Hilburn,Depression,depression,Depression,anxiety-and-mood,Depression,100,high,parent_theme:anxiety-and-mood via Anxiety|exact_topic:depression via Depression (w=1)|preferred_specialty_keyword:Depression,,none,complete,true,false,Clinical contributor,specialty_matched_organizational_approval,peachtree_psychology_susan_keenan,true,2026-06-19,,
c7c9790d-dc28-4419-8b71-c1d9f592756f,how-do-i-cope-with-depression-when-i-have-a-chronic-illness,david-k-gore-phd,"Kenneth W. Christian, PhD",alex-crenshaw-phd,Dr. Alex Crenshaw,alex-crenshaw-phd,Dr. Alex Crenshaw,Depression,depression,Depression,anxiety-and-mood,Depression,100,high,parent_theme:anxiety-and-mood via Anxiety|exact_topic:depression via Depression (w=1)|preferred_specialty_keyword:Depression,,none,complete,true,false,Clinical contributor,specialty_matched_organizational_approval,peachtree_psychology_susan_keenan,true,2026-06-19,true,approve
e7936a8c-e99b-4b68-a8de-e7c853a77801,how-do-i-cope-with-feeling-like-im-too-much-for-other-people-a1b2c3,david-k-gore-phd,"Kenneth W. Christian, PhD",meredith-price,Meredith Price,meredith-price,Meredith Price,Self Esteem,identity-and-self-worth,Identity & Self-Worth,identity-and-self-worth,Identity & Self-Worth,100,high,exact_topic:identity-and-self-worth via Body Image (w=0.4)|demoted_missing_keyword_support|exact_topic:identity-and-self-worth via Life Transitions (w=0.4)|exact_topic:identity-and-self-worth via Self Esteem (w=1),"requires_keyword_support:Pregnancy, Prenatal, Postpartum",none,complete,true,false,Clinical contributor,specialty_matched_organizational_approval,peachtree_psychology_susan_keenan,true,2026-06-19,,
39d32d11-c95c-45cf-b151-3329d1abad5f,how-do-i-cope-with-feeling-like-time-is-running-out-u2v3w4,david-k-gore-phd,"Kenneth W. Christian, PhD",lynn-lane,Lynn Lane,lynn-lane,Lynn Lane,Anxiety,anxiety-and-stress,Anxiety & Stress,anxiety-and-mood,Anxiety & Stress,100,high,exact_topic:anxiety-and-stress via Anxiety (w=1)|preferred_specialty_keyword:Anxiety|alt_topic:anxiety-and-stress via Depression (w=0.35),,none,complete,true,false,Clinical contributor,specialty_matched_organizational_approval,peachtree_psychology_susan_keenan,true,2026-06-19,,
a402ef0e-9611-4c26-ae83-62281a56536f,how-do-i-cope-with-feeling-lost-and-uncertain-duri-187459-019,david-k-gore-phd,"Kenneth W. Christian, PhD",jackie-malone,Jackie Malone,jackie-malone,Jackie Malone,Stress,general-mental-health,General Mental Health,life-transitions-and-change,Life Transitions,86,high,exact_topic:general-mental-health via Anxiety (w=0.45)|alias_keyword:stress|exact_topic:general-mental-health via Body Image (w=0.55)|demoted_missing_keyword_support|exact_topic:general-mental-health via Life Transitions (w=0.7)|alias_keyword:Life Transitions|alt_topic:general-mental-health via Stress (w=0.45)|alias_keyword:stress,,none,complete,true,false,Clinical contributor,specialty_matched_organizational_approval,peachtree_psychology_susan_keenan,true,2026-06-19,true,approve
606b63cb-0b78-414e-ab54-e952f4778e8c,how-do-i-cope-with-losing-someone-i-thought-id-have-forever,david-k-gore-phd,"Kenneth W. Christian, PhD",meredith-price,Meredith Price,meredith-price,Meredith Price,Grief,grief-and-loss,Grief & Loss,life-transitions-and-change,Grief & Loss,100,high,alias_keyword:divorce|exact_topic:grief-and-loss via Grief (w=1)|preferred_specialty_keyword:Grief,"requires_keyword_support:Pregnancy, Prenatal, Postpartum|requires_keyword_support:Body Image",none,complete,true,false,Clinical contributor,specialty_matched_organizational_approval,peachtree_psychology_susan_keenan,true,2026-06-19,true,approve
859f488b-026f-48b8-88f7-3cd2b5fa770d,how-do-i-cope-with-losing-someone-to-suicide,david-k-gore-phd,"Kenneth W. Christian, PhD",laura-hilsen,Laura Hilsen,laura-hilsen,Laura Hilsen,Self-Esteem,general-mental-health,General Mental Health,life-transitions-and-change,General Mental Health,94,high,exact_topic:general-mental-health via Anxiety (w=0.45)|exact_topic:general-mental-health via Life Transitions (w=0.7)|alias_keyword:Grief|alias_keyword:shame|alias_keyword:shame,,none,complete,true,false,Clinical contributor,specialty_matched_organizational_approval,peachtree_psychology_susan_keenan,true,2026-06-19,true,approve
2895e5ff-be84-4d0b-afc4-eed68ab68636,how-do-i-cope-with-seasonal-depression-sad,david-k-gore-phd,"Kenneth W. Christian, PhD",alex-crenshaw-phd,Dr. Alex Crenshaw,alex-crenshaw-phd,Dr. Alex Crenshaw,Depression,depression,Depression,anxiety-and-mood,Depression,100,high,parent_theme:anxiety-and-mood via Anxiety|exact_topic:depression via Depression (w=1)|preferred_specialty_keyword:Depression,,none,complete,true,false,Clinical contributor,specialty_matched_organizational_approval,peachtree_psychology_susan_keenan,true,2026-06-19,,
42b6a051-e291-4b9b-a351-081fa13329b9,how-do-i-cope-with-the-death-of-a-parent-177940-007,david-k-gore-phd,"Kenneth W. Christian, PhD",laura-hilsen,Laura Hilsen,laura-hilsen,Laura Hilsen,Grief and Loss,grief-and-loss,Grief & Loss,life-transitions-and-change,Grief & Loss,100,high,alias_keyword:numbness|exact_topic:grief-and-loss via Grief and Loss (w=1),,none,complete,true,false,Clinical contributor,specialty_matched_organizational_approval,peachtree_psychology_susan_keenan,true,2026-06-19,,
d9c9f923-2ee1-4f19-b710-e308cafdc100,how-do-i-cope-with-the-emotional-pain-of-divorce,david-k-gore-phd,"Kenneth W. Christian, PhD",laura-hilsen,Laura Hilsen,laura-hilsen,Laura Hilsen,Divorce,work-and-burnout,Work & Burnout,work-and-purpose,Work & Life Balance,100,high,exact_topic:work-and-burnout via Life Transitions (w=0.45)|alias_keyword:Grief|exact_topic:work-and-burnout via Work/Life Balance (w=1)|preferred_specialty_keyword:divorce,,none,complete,true,false,Clinical contributor,specialty_matched_organizational_approval,peachtree_psychology_susan_keenan,true,2026-06-19,true,approve
c7cb92f6-e67f-491a-9d16-e136c94e9722,how-do-i-cope-with-the-fear-of-being-judged-by-others-w5x6y7,david-k-gore-phd,"Kenneth W. Christian, PhD",lynn-lane,Lynn Lane,lynn-lane,Lynn Lane,Anxiety,anxiety-and-stress,Anxiety & Stress,anxiety-and-mood,Anxiety & Stress,100,high,exact_topic:anxiety-and-stress via Anxiety (w=1)|preferred_specialty_keyword:Anxiety|alt_topic:anxiety-and-stress via Depression (w=0.35),,none,complete,true,false,Clinical contributor,specialty_matched_organizational_approval,peachtree_psychology_susan_keenan,true,2026-06-19,,
75e105c8-3440-4fe5-9cc3-d5103cb127ad,how-do-i-cope-with-the-fear-that-ai-will-make-human-connection-less-meaningful,david-k-gore-phd,"Kenneth W. Christian, PhD",laura-hilsen,Laura Hilsen,laura-hilsen,Laura Hilsen,Work/Life Balance,work-and-burnout,Work & Burnout,work-and-purpose,Work & Life Balance,100,high,exact_topic:work-and-burnout via Life Transitions (w=0.45)|exact_topic:work-and-burnout via Work/Life Balance (w=1),,none,complete,true,false,Clinical contributor,specialty_matched_organizational_approval,peachtree_psychology_susan_keenan,true,2026-06-19,,
5a6e3c9f-ceb7-4463-a399-e0c75e9981f0,how-do-i-cope-with-the-fear-that-death-means-compl-186602-026,david-k-gore-phd,"Kenneth W. Christian, PhD",samantha-bryant,Samantha Bryant,samantha-bryant,Samantha Bryant,Stress,meaning-faith-and-existential-questions,"Meaning, Faith & Existential Questions",spirituality-and-meaning,Spiritual Struggle / Existential Crisis,93,high,alias_keyword:Anxiety|exact_topic:meaning-faith-and-existential-questions via Spirituality (w=0.85)|alias_keyword:Anxiety,,none,complete,true,false,Clinical contributor,specialty_matched_organizational_approval,peachtree_psychology_susan_keenan,true,2026-06-22,true,approve
ba4a939a-1c23-4c69-9863-c99c53dd8524,how-do-i-cope-with-the-loss-of-a-pet,david-k-gore-phd,"Kenneth W. Christian, PhD",lauren-sanders,Lauren Sanders,lauren-sanders,Lauren Sanders,Grief,grief-and-loss,Grief & Loss,life-transitions-and-change,Grief & Loss,100,high,parent_theme:life-transitions-and-change via Cancer|exact_topic:grief-and-loss via Grief (w=1)|preferred_specialty_keyword:Grief,requires_keyword_support:Body Dysmorphic Disorder|requires_keyword_support:Cancer|requires_keyword_support:Chronic Illness,none,complete,true,false,Clinical contributor,specialty_matched_organizational_approval,peachtree_psychology_susan_keenan,true,2026-06-19,true,approve
b1d24111-e81e-45c9-bc3f-542e778e415c,how-do-i-cope-with-the-stress-of-loving-someone-with-addiction,david-k-gore-phd,"Kenneth W. Christian, PhD",amanda-gaines,Amanda Gaines,amanda-gaines,Amanda Gaines,Addictive Behaviors,addiction-and-recovery,Addiction & Recovery,trauma-and-safety,Addiction & Recovery,100,high,alias_keyword:stress|parent_theme:trauma-and-safety via Trauma & PTSD|exact_topic:addiction-and-recovery via Substance Use (w=1)|exact_topic:addiction-and-recovery via Addictive Behaviors (w=1),requires_keyword_support:Chronic Illness,none,complete,true,false,Clinical contributor,specialty_matched_organizational_approval,peachtree_psychology_susan_keenan,true,2026-06-19,,
ddb7e9e2-b5d0-47c6-825a-b0af8b7765bd,how-do-i-create-a-bedtime-routine-that-a-181083-053,david-k-gore-phd,"Kenneth W. Christian, PhD",samantha-bryant,Samantha Bryant,samantha-bryant,Samantha Bryant,Stress,anxiety-and-stress,Anxiety & Stress,anxiety-and-mood,Anxiety & Stress,100,high,exact_topic:anxiety-and-stress via Anxiety (w=1)|preferred_specialty_keyword:Anxiety|alt_topic:anxiety-and-stress via Depression (w=0.35)|exact_topic:anxiety-and-stress via Stress (w=1),,none,complete,true,false,Clinical contributor,specialty_matched_organizational_approval,peachtree_psychology_susan_keenan,true,2026-06-19,,
31bcf3f3-adb8-4f85-b5fe-1089ccd93e90,how-do-i-create-a-relapse-prevention-plan,david-k-gore-phd,"Kenneth W. Christian, PhD",lynn-lane,Lynn Lane,lynn-lane,Lynn Lane,Substance Abuse & Chemical Dependency,addiction-and-recovery,Addiction & Recovery,trauma-and-safety,Addiction & Recovery,100,high,parent_theme:trauma-and-safety via PTSD|exact_topic:addiction-and-recovery via Substance Abuse & Chemical Dependency (w=1),,none,complete,true,false,Clinical contributor,specialty_matched_organizational_approval,peachtree_psychology_susan_keenan,true,2026-06-19,true,approve
2132721a-8435-48cb-8808-fce499fdffa8,how-do-i-create-a-safety-plan-for-depression,david-k-gore-phd,"Kenneth W. Christian, PhD",susan-keenan,Susan L. Keenan,susan-keenan,Susan L. Keenan,Depression,depression,Depression,anxiety-and-mood,Depression,100,high,exact_topic:depression via Depression (w=1)|preferred_specialty_keyword:Depression,,none,complete,true,false,Clinical contributor,specialty_matched_organizational_approval,peachtree_psychology_susan_keenan,true,2026-06-19,,
3965a5a8-22cd-4c22-8e5b-53fc22c283bd,how-do-i-deal-with-academic-pressure-and-184729-009,david-k-gore-phd,"Kenneth W. Christian, PhD",jeannine-jannot,"Jeannine Jannot, Ph.D.",jeannine-jannot,"Jeannine Jannot, Ph.D.",Stress,teens-and-identity,Teens & Identity,family-and-parenting,Teens & Identity,86,high,exact_topic:teens-and-identity via School Issues (w=0.45)|exact_topic:teens-and-identity via Parenting (w=0.7)|alias_keyword:panic|alt_topic:teens-and-identity via Child (w=0.7)|alt_topic:teens-and-identity via Education and Learning Disabilities (w=0.45)|alt_topic:teens-and-identity via Executive Functioning (w=0.45)|alt_topic:teens-and-identity via Productivity Coaching (w=0.45)|alias_keyword:panic,,none,complete,true,false,Clinical contributor,specialty_matched_organizational_approval,peachtree_psychology_susan_keenan,true,2026-06-19,true,approve
bc86fd61-d26d-4da5-bc92-4b97079557dd,how-do-i-deal-with-anxiety-about-the-future,david-k-gore-phd,"Kenneth W. Christian, PhD",meredith-price,Meredith Price,meredith-price,Meredith Price,Stress,anxiety-and-stress,Anxiety & Stress,anxiety-and-mood,Anxiety & Stress,100,high,"exact_topic:anxiety-and-stress via Pregnancy, Prenatal, Postpartum (w=0.5)|demoted_missing_keyword_support|exact_topic:anxiety-and-stress via Depression (w=0.35)|parent_theme:anxiety-and-mood via Depression|exact_topic:anxiety-and-stress via Anxiety (w=1)|preferred_specialty_keyword:Anxiety|alt_topic:anxiety-and-stress via Infertility (w=0.5)|demoted_missing_keyword_support|exact_topic:anxiety-and-stress via Stress (w=1)",,none,complete,true,false,Clinical contributor,specialty_matched_organizational_approval,peachtree_psychology_susan_keenan,true,2026-06-19,,
7539434e-e838-401d-847c-4abc951ad533,how-do-i-deal-with-anxiety-when-i-cant-i-181288-010,david-k-gore-phd,"Kenneth W. Christian, PhD",michaela-hilburn,Michaela Hilburn,michaela-hilburn,Michaela Hilburn,Anxiety,anxiety-and-stress,Anxiety & Stress,anxiety-and-mood,Anxiety & Stress,100,high,exact_topic:anxiety-and-stress via Anxiety (w=1)|preferred_specialty_keyword:Anxiety|alt_topic:anxiety-and-stress via Depression (w=0.35),,none,complete,true,false,Clinical contributor,specialty_matched_organizational_approval,peachtree_psychology_susan_keenan,true,2026-06-19,,
54bbcb83-4970-47c4-919e-6340e4fe8b6c,how-do-i-deal-with-a-partner-who-has-dif-186032-032,david-k-gore-phd,"Kenneth W. Christian, PhD",alex-crenshaw-phd,Dr. Alex Crenshaw,alex-crenshaw-phd,Dr. Alex Crenshaw,Couples,relationships-and-communication,Relationships & Communication,relationships-and-connection,Relationships & Communication,100,high,exact_topic:relationships-and-communication via Couples (w=1),,none,complete,true,false,Clinical contributor,specialty_matched_organizational_approval,peachtree_psychology_susan_keenan,true,2026-06-19,,
4019b144-7965-41c4-be99-7894a2d360a3,how-do-i-deal-with-a-toxic-boss-190648-013,david-k-gore-phd,"Kenneth W. Christian, PhD",samantha-bryant,Samantha Bryant,samantha-bryant,Samantha Bryant,Career Counseling,work-and-burnout,Work & Burnout,work-and-purpose,Work & Burnout,100,high,exact_topic:work-and-burnout via Career Counseling (w=1)|alt_topic:work-and-burnout via Life Transitions (w=0.45)|alt_topic:work-and-burnout via School Issues (w=0.4),requires_keyword_support:Body Image,none,complete,true,false,Clinical contributor,specialty_matched_organizational_approval,peachtree_psychology_susan_keenan,true,2026-06-19,,
622ac7ca-3c88-4cff-ab62-13159eb3a9bc,how-do-i-deal-with-a-toxic-boss-or-cowor-186032-039,david-k-gore-phd,"Kenneth W. Christian, PhD",michaela-hilburn,Michaela Hilburn,michaela-hilburn,Michaela Hilburn,Work/Life Balance,work-and-burnout,Work & Burnout,work-and-purpose,"Work, Stress & Burnout",100,high,alias_keyword:stress|alt_topic:work-and-burnout via Life Transitions (w=0.45)|exact_topic:work-and-burnout via Work/Life Balance (w=1),,none,complete,true,false,Clinical contributor,specialty_matched_organizational_approval,peachtree_psychology_susan_keenan,true,2026-06-19,,
c2c77849-c27d-453d-bfe0-d04f5ae59fac,how-do-i-deal-with-a-toxic-work-environment,david-k-gore-phd,"Kenneth W. Christian, PhD",michaela-hilburn,Michaela Hilburn,michaela-hilburn,Michaela Hilburn,Work/Life Balance,work-and-burnout,Work & Burnout,work-and-purpose,Work & Life Balance,100,high,exact_topic:work-and-burnout via Life Transitions (w=0.45)|exact_topic:work-and-burnout via Work/Life Balance (w=1),,none,complete,true,false,Clinical contributor,specialty_matched_organizational_approval,peachtree_psychology_susan_keenan,true,2026-06-19,,
6df6b8fd-84b2-49c2-aa5a-7ff2151c515f,how-do-i-deal-with-boredom-in-recovery,david-k-gore-phd,"Kenneth W. Christian, PhD",jackie-malone,Jackie Malone,jackie-malone,Jackie Malone,Substance Use,addiction-and-recovery,Addiction & Recovery,trauma-and-safety,Addiction & Recovery,100,high,exact_topic:addiction-and-recovery via Addiction (w=1)|preferred_specialty_keyword:Addiction|exact_topic:addiction-and-recovery via Alcohol Use (w=1)|exact_topic:addiction-and-recovery via Drug Abuse (w=1)|exact_topic:addiction-and-recovery via Substance Use (w=1),,none,complete,true,false,Clinical contributor,specialty_matched_organizational_approval,peachtree_psychology_susan_keenan,true,2026-06-19,,
f9639ede-bead-4bbf-b0fc-452e0b6ca4fb,how-do-i-deal-with-cravings-in-recovery-186032-027,david-k-gore-phd,"Kenneth W. Christian, PhD",liz-webb,Liz Webb,liz-webb,Liz Webb,Substance Use,addiction-and-recovery,Addiction & Recovery,trauma-and-safety,Addiction & Recovery,100,high,exact_topic:addiction-and-recovery via Substance Use (w=1)|preferred_specialty_keyword:Substance Use,,none,complete,true,false,Clinical contributor,specialty_matched_organizational_approval,peachtree_psychology_susan_keenan,true,2026-06-19,,
9a656b86-4b73-40f3-817a-3602d4f25039,how-do-i-deal-with-cravings-when-they-hit,david-k-gore-phd,"Kenneth W. Christian, PhD",amanda-gaines,Amanda Gaines,amanda-gaines,Amanda Gaines,Addictive Behaviors,addiction-and-recovery,Addiction & Recovery,trauma-and-safety,Addiction & Recovery,100,high,alias_keyword:stress|parent_theme:trauma-and-safety via Trauma & PTSD|exact_topic:addiction-and-recovery via Substance Use (w=1)|preferred_specialty_keyword:Substance Use|exact_topic:addiction-and-recovery via Addictive Behaviors (w=1),requires_keyword_support:Chronic Illness,none,complete,true,false,Clinical contributor,specialty_matched_organizational_approval,peachtree_psychology_susan_keenan,true,2026-06-19,,
3b715201-2f03-4bba-892f-edd0f3a68571,how-do-i-deal-with-depression-during-major-life-transitions,david-k-gore-phd,"Kenneth W. Christian, PhD",michaela-hilburn,Michaela Hilburn,michaela-hilburn,Michaela Hilburn,Life Transitions,depression,Depression,anxiety-and-mood,Depression,100,high,parent_theme:anxiety-and-mood via Anxiety|exact_topic:depression via Depression (w=1)|preferred_specialty_keyword:Depression|preferred_specialty_keyword:Life Transitions,,none,complete,true,false,Clinical contributor,specialty_matched_organizational_approval,peachtree_psychology_susan_keenan,true,2026-06-19,,
ab1dd908-6925-4cf2-8fa3-72b7fdad7b7f,how-do-i-deal-with-depression-during-pregnancy,david-k-gore-phd,"Kenneth W. Christian, PhD",laura-hilsen,Laura Hilsen,laura-hilsen,Laura Hilsen,Depression,depression,Depression,anxiety-and-mood,Depression,100,high,parent_theme:anxiety-and-mood via Anxiety|exact_topic:depression via Depression (w=1)|preferred_specialty_keyword:Depression|alt_topic:depression via Mood Disorders (w=0.85),,none,complete,true,false,Clinical contributor,specialty_matched_organizational_approval,peachtree_psychology_susan_keenan,true,2026-06-19,true,approve
9cdfca18-aa62-4cd4-afce-7f1989899543,how-do-i-deal-with-depression-in-early-recovery,david-k-gore-phd,"Kenneth W. Christian, PhD",alex-crenshaw-phd,Dr. Alex Crenshaw,alex-crenshaw-phd,Dr. Alex Crenshaw,Depression,depression,Depression,anxiety-and-mood,Depression,100,high,parent_theme:anxiety-and-mood via Anxiety|exact_topic:depression via Depression (w=1)|preferred_specialty_keyword:Depression,,none,complete,true,false,Clinical contributor,specialty_matched_organizational_approval,peachtree_psychology_susan_keenan,true,2026-06-19,,
4d4cfcf5-4522-441c-bea2-1519c901cc1e,how-do-i-deal-with-depression-related-memory-and-concentration-problems,david-k-gore-phd,"Kenneth W. Christian, PhD",kelsey-donahue,Kelsey Madsen (Donahue),kelsey-donahue,Kelsey Madsen (Donahue),Depression,depression,Depression,anxiety-and-mood,Depression,100,high,parent_theme:anxiety-and-mood via Anxiety|exact_topic:depression via Depression (w=1)|preferred_specialty_keyword:Depression,,none,complete,true,false,Clinical contributor,specialty_matched_organizational_approval,peachtree_psychology_susan_keenan,true,2026-06-19,,
b7572385-a3cc-4d23-b6da-cb54a050b971,how-do-i-deal-with-depression-when-i-have-young-children,david-k-gore-phd,"Kenneth W. Christian, PhD",alex-crenshaw-phd,Dr. Alex Crenshaw,alex-crenshaw-phd,Dr. Alex Crenshaw,Depression,depression,Depression,anxiety-and-mood,Depression,100,high,parent_theme:anxiety-and-mood via Anxiety|exact_topic:depression via Depression (w=1)|preferred_specialty_keyword:Depression,,none,complete,true,false,Clinical contributor,specialty_matched_organizational_approval,peachtree_psychology_susan_keenan,true,2026-06-19,,
abeaa543-4bbd-426c-bb29-ef9ae763691b,how-do-i-deal-with-depression-when-im-unemployed,david-k-gore-phd,"Kenneth W. Christian, PhD",liz-webb,Liz Webb,liz-webb,Liz Webb,Depression,depression,Depression,anxiety-and-mood,Depression,100,high,parent_theme:anxiety-and-mood via Anxiety|alias_keyword:stress|exact_topic:depression via Depression (w=1)|preferred_specialty_keyword:Depression,,none,complete,true,false,Clinical contributor,specialty_matched_organizational_approval,peachtree_psychology_susan_keenan,true,2026-06-19,,
4fbf102b-ca4d-4449-8e9a-7c08f9da9e76,how-do-i-deal-with-depression-while-caring-for-aging-parents,david-k-gore-phd,"Kenneth W. Christian, PhD",susan-keenan,Susan L. Keenan,susan-keenan,Susan L. Keenan,Grief,depression,Depression,anxiety-and-mood,Depression,100,high,exact_topic:depression via Depression (w=1)|preferred_specialty_keyword:Depression|preferred_specialty_keyword:Grief,,none,complete,true,false,Clinical contributor,specialty_matched_organizational_approval,peachtree_psychology_susan_keenan,true,2026-06-19,,
b8fd1c3e-9516-466c-a787-664bd37ddd90,how-do-i-deal-with-existential-anxiety-about-s6t9u3,david-k-gore-phd,"Kenneth W. Christian, PhD",samantha-bryant,Samantha Bryant,samantha-bryant,Samantha Bryant,Stress,meaning-faith-and-existential-questions,"Meaning, Faith & Existential Questions",spirituality-and-meaning,Spiritual Struggle / Existential Crisis,93,high,alias_keyword:Anxiety|exact_topic:meaning-faith-and-existential-questions via Spirituality (w=0.85)|alias_keyword:Anxiety,,none,complete,true,false,Clinical contributor,specialty_matched_organizational_approval,peachtree_psychology_susan_keenan,true,2026-06-19,true,approve
708fccdc-4efc-43df-afee-2338bbd322dd,how-do-i-deal-with-family-pressure-about-177940-015,david-k-gore-phd,"Kenneth W. Christian, PhD",meredith-price,Meredith Price,meredith-price,Meredith Price,Stress,family-and-parenting,Family & Parenting,family-and-parenting,Family Relationships,100,high,"exact_topic:family-and-parenting via Pregnancy, Prenatal, Postpartum (w=0.7)|demoted_missing_keyword_support|alias_keyword:stress|exact_topic:family-and-parenting via Family Conflict (w=1)|alt_topic:family-and-parenting via Infertility (w=0.7)|demoted_missing_keyword_support|exact_topic:family-and-parenting via Parenting (w=1)|preferred_specialty_keyword:stress",,none,complete,true,false,Clinical contributor,specialty_matched_organizational_approval,peachtree_psychology_susan_keenan,true,2026-06-19,,
7ba30127-1b1b-4302-b9ca-b5b6229c0288,how-do-i-deal-with-family-who-dont-accept-my-sexuality,david-k-gore-phd,"Kenneth W. Christian, PhD",amanda-gaines,Amanda Gaines,amanda-gaines,Amanda Gaines,LGBTQIA+ Concerns,gender-sexuality-and-intimacy,"Gender, Sexuality & Intimacy",relationships-and-connection,Gender & Sexuality,100,high,exact_topic:gender-sexuality-and-intimacy via LGBTQIA+ Concerns (w=1),,none,complete,true,false,Clinical contributor,specialty_matched_organizational_approval,peachtree_psychology_susan_keenan,true,2026-06-19,,
6f9550f3-1eb0-4fe5-9774-f3092a825d94,how-do-i-deal-with-fear-of-hell-after-le-181083-036,david-k-gore-phd,"Kenneth W. Christian, PhD",lynn-lane,Lynn Lane,lynn-lane,Lynn Lane,Spiritual Issues,meaning-faith-and-existential-questions,"Meaning, Faith & Existential Questions",spirituality-and-meaning,Spiritual Struggle / Existential Crisis,85,high,exact_topic:meaning-faith-and-existential-questions via Spiritual Issues (w=0.85),,none,complete,true,false,Clinical contributor,specialty_matched_organizational_approval,peachtree_psychology_susan_keenan,true,2026-06-19,true,approve
fbb0850c-5927-4cfe-86a7-757ba0445fd6,how-do-i-deal-with-feeling-behind-in-life-compared-to-my-peers,david-k-gore-phd,"Kenneth W. Christian, PhD",michaela-hilburn,Michaela Hilburn,michaela-hilburn,Michaela Hilburn,Work/Life Balance,work-and-burnout,Work & Burnout,work-and-purpose,Career & Purpose,100,high,exact_topic:work-and-burnout via Life Transitions (w=0.45)|exact_topic:work-and-burnout via Work/Life Balance (w=1),,none,complete,true,false,Clinical contributor,specialty_matched_organizational_approval,peachtree_psychology_susan_keenan,true,2026-06-19,,
2abdcdc9-5442-406c-b52f-76d049d6b9f7,how-do-i-deal-with-feeling-disconnected-from-my-o9p4q2,david-k-gore-phd,"Kenneth W. Christian, PhD",lexi-cooper,Lexi Cooper,lexi-cooper,Lexi Cooper,Trauma,trauma-and-safety,Trauma & Safety,trauma-and-safety,Trauma & Grief,100,high,alias_keyword:stress|exact_topic:trauma-and-safety via Trauma (w=1)|preferred_specialty_keyword:Trauma,,none,complete,true,false,Clinical contributor,specialty_matched_organizational_approval,peachtree_psychology_susan_keenan,true,2026-06-19,,
ad8c5db5-a537-41f1-9b82-426ccd3e4f84,how-do-i-deal-with-feeling-invisible-in-181083-094,david-k-gore-phd,"Kenneth W. Christian, PhD",susan-keenan,Susan L. Keenan,susan-keenan,Susan L. Keenan,Trauma and PTSD,trauma-and-safety,Trauma & Safety,trauma-and-safety,Trauma & Grief,100,high,alias_keyword:Grief|exact_topic:trauma-and-safety via Trauma and PTSD (w=1),,none,complete,true,false,Clinical contributor,specialty_matched_organizational_approval,peachtree_psychology_susan_keenan,true,2026-06-19,,
5ba5fce8-c107-4802-8ebe-c369fa7a6a97,how-do-i-deal-with-feeling-invisible-in-social-177941-003,david-k-gore-phd,"Kenneth W. Christian, PhD",jackie-malone,Jackie Malone,jackie-malone,Jackie Malone,Stress,anxiety-and-stress,Anxiety & Stress,anxiety-and-mood,Social Anxiety,100,high,exact_topic:anxiety-and-stress via Anxiety (w=1)|preferred_specialty_keyword:Anxiety|alt_topic:anxiety-and-stress via Depression (w=0.35)|exact_topic:anxiety-and-stress via Stress (w=1),,none,complete,true,false,Clinical contributor,specialty_matched_organizational_approval,peachtree_psychology_susan_keenan,true,2026-06-19,,
ea210e5f-d780-42cc-b676-4859d470d6dd,how-do-i-deal-with-feeling-jealous-in-my-177940-009,david-k-gore-phd,"Kenneth W. Christian, PhD",meredith-price,Meredith Price,meredith-price,Meredith Price,Self Esteem,relationships-and-communication,Relationships & Communication,relationships-and-connection,Relationships,100,high,exact_topic:relationships-and-communication via Codependency (w=1)|exact_topic:relationships-and-communication via Marital and Premarital (w=1)|exact_topic:relationships-and-communication via Relationship Issues (w=1)|preferred_specialty_keyword:Self Esteem,"requires_keyword_support:Pregnancy, Prenatal, Postpartum|requires_keyword_support:Body Image",none,complete,true,false,Clinical contributor,specialty_matched_organizational_approval,peachtree_psychology_susan_keenan,true,2026-06-19,,
b7822e70-4935-4d02-bc1e-165c28f68c4b,how-do-i-deal-with-feeling-like-everyone-else-184730-085,david-k-gore-phd,"Kenneth W. Christian, PhD",jackie-malone,Jackie Malone,jackie-malone,Jackie Malone,Self Esteem,identity-and-self-worth,Identity & Self-Worth,identity-and-self-worth,Identity & Self-Worth,100,high,exact_topic:identity-and-self-worth via Body Image (w=0.4)|demoted_missing_keyword_support|exact_topic:identity-and-self-worth via Life Transitions (w=0.4)|exact_topic:identity-and-self-worth via Self Esteem (w=1),,none,complete,true,false,Clinical contributor,specialty_matched_organizational_approval,peachtree_psychology_susan_keenan,true,2026-06-19,,
2e486776-16aa-4e38-ae7e-b927dc0b99f9,how-do-i-deal-with-feeling-like-everyone-else-184730-101,david-k-gore-phd,"Kenneth W. Christian, PhD",jackie-malone,Jackie Malone,jackie-malone,Jackie Malone,Self Esteem,identity-and-self-worth,Identity & Self-Worth,identity-and-self-worth,Identity & Self-Worth,100,high,exact_topic:identity-and-self-worth via Body Image (w=0.4)|demoted_missing_keyword_support|exact_topic:identity-and-self-worth via Life Transitions (w=0.4)|exact_topic:identity-and-self-worth via Self Esteem (w=1),,none,complete,true,false,Clinical contributor,specialty_matched_organizational_approval,peachtree_psychology_susan_keenan,true,2026-06-19,,
4f8b6a23-9aae-46a7-b0fa-e9fda6148ee2,how-do-i-deal-with-feeling-like-i-dont-belong-184730-030,david-k-gore-phd,"Kenneth W. Christian, PhD",susan-keenan,Susan L. Keenan,susan-keenan,Susan L. Keenan,Self Esteem,identity-and-self-worth,Identity & Self-Worth,identity-and-self-worth,Identity & Self-Worth,100,high,exact_topic:identity-and-self-worth via Self Esteem (w=1),,none,complete,true,false,Clinical contributor,specialty_matched_organizational_approval,peachtree_psychology_susan_keenan,true,2026-06-19,,
5ab1e2e1-9f7b-404e-a122-5c27ce349bdc,how-do-i-deal-with-feeling-like-i-dont-belong-k6l9m3,david-k-gore-phd,"Kenneth W. Christian, PhD",meredith-price,Meredith Price,meredith-price,Meredith Price,Self Esteem,identity-and-self-worth,Identity & Self-Worth,identity-and-self-worth,Identity & Self-Worth,100,high,exact_topic:identity-and-self-worth via Body Image (w=0.4)|demoted_missing_keyword_support|exact_topic:identity-and-self-worth via Life Transitions (w=0.4)|exact_topic:identity-and-self-worth via Self Esteem (w=1),"requires_keyword_support:Pregnancy, Prenatal, Postpartum",none,complete,true,false,Clinical contributor,specialty_matched_organizational_approval,peachtree_psychology_susan_keenan,true,2026-06-19,,
e94e6911-894a-4a00-af77-65f0d1f01bc7,how-do-i-deal-with-feeling-like-i-dont-deserve-u9v4w7,david-k-gore-phd,"Kenneth W. Christian, PhD",jackie-malone,Jackie Malone,jackie-malone,Jackie Malone,Self Esteem,identity-and-self-worth,Identity & Self-Worth,identity-and-self-worth,Identity & Self-Worth,100,high,exact_topic:identity-and-self-worth via Body Image (w=0.4)|demoted_missing_keyword_support|exact_topic:identity-and-self-worth via Life Transitions (w=0.4)|exact_topic:identity-and-self-worth via Self Esteem (w=1),,none,complete,true,false,Clinical contributor,specialty_matched_organizational_approval,peachtree_psychology_susan_keenan,true,2026-06-19,,
78731d62-d086-4b5d-9765-b8d308a044d0,how-do-i-deal-with-feeling-like-im-always-on-the-i5j8k2,david-k-gore-phd,"Kenneth W. Christian, PhD",alex-crenshaw-phd,Dr. Alex Crenshaw,alex-crenshaw-phd,Dr. Alex Crenshaw,Anxiety,relationships-and-communication,Relationships & Communication,relationships-and-connection,Relationships & Divorce,100,high,exact_topic:relationships-and-communication via Couples (w=1)|preferred_specialty_keyword:Anxiety,,none,complete,true,false,Clinical contributor,specialty_matched_organizational_approval,peachtree_psychology_susan_keenan,true,2026-06-19,,
038ce68c-ece7-496a-9ef4-eb7518fb9084,how-do-i-deal-with-feeling-like-im-always-the-184730-063,david-k-gore-phd,"Kenneth W. Christian, PhD",jackie-malone,Jackie Malone,jackie-malone,Jackie Malone,Self Esteem,identity-and-self-worth,Identity & Self-Worth,identity-and-self-worth,Identity & Self-Worth,100,high,exact_topic:identity-and-self-worth via Body Image (w=0.4)|demoted_missing_keyword_support|exact_topic:identity-and-self-worth via Life Transitions (w=0.4)|exact_topic:identity-and-self-worth via Self Esteem (w=1),,none,complete,true,false,Clinical contributor,specialty_matched_organizational_approval,peachtree_psychology_susan_keenan,true,2026-06-19,,
852fed24-91c1-4971-ae0d-d079f2d95f38,how-do-i-deal-with-feeling-like-im-behind-in-177941-017,david-k-gore-phd,"Kenneth W. Christian, PhD",samantha-bryant,Samantha Bryant,samantha-bryant,Samantha Bryant,Self Esteem,identity-and-self-worth,Identity & Self-Worth,identity-and-self-worth,Life Comparison,100,high,exact_topic:identity-and-self-worth via Body Image (w=0.4)|demoted_missing_keyword_support|exact_topic:identity-and-self-worth via Life Transitions (w=0.4)|exact_topic:identity-and-self-worth via Self Esteem (w=1),,none,complete,true,false,Clinical contributor,specialty_matched_organizational_approval,peachtree_psychology_susan_keenan,true,2026-06-19,,
ece32b7e-758f-4f8d-be44-3c34e05c3e20,how-do-i-deal-with-feeling-like-im-betraying-o8p1q4,david-k-gore-phd,"Kenneth W. Christian, PhD",susan-keenan,Susan L. Keenan,susan-keenan,Susan L. Keenan,Self Esteem,identity-and-self-worth,Identity & Self-Worth,identity-and-self-worth,Identity & Self-Worth,100,high,alias_keyword:stress|exact_topic:identity-and-self-worth via Self Esteem (w=1),,none,complete,true,false,Clinical contributor,specialty_matched_organizational_approval,peachtree_psychology_susan_keenan,true,2026-06-19,,
ccdac678-7d36-42cf-bc7a-5974bd3eb04f,how-do-i-deal-with-feeling-like-im-faili-190219-014,david-k-gore-phd,"Kenneth W. Christian, PhD",kelsey-donahue,Kelsey Madsen (Donahue),kelsey-donahue,Kelsey Madsen (Donahue),Parenting,family-and-parenting,Family & Parenting,family-and-parenting,Parenting,100,high,exact_topic:family-and-parenting via Child (w=1)|exact_topic:family-and-parenting via Family Conflict (w=1)|exact_topic:family-and-parenting via Parenting (w=1)|preferred_specialty_keyword:Parenting,requires_keyword_support:Eating Disorders,none,complete,true,false,Clinical contributor,specialty_matched_organizational_approval,peachtree_psychology_susan_keenan,true,2026-06-19,,
c48200a3-c52d-4d88-b97a-fd7cb5d246ef,how-do-i-deal-with-feeling-like-im-not-contributing-184730-105,david-k-gore-phd,"Kenneth W. Christian, PhD",laura-hilsen,Laura Hilsen,laura-hilsen,Laura Hilsen,Self-Esteem,identity-and-self-worth,Identity & Self-Worth,identity-and-self-worth,Identity & Self-Worth,100,high,exact_topic:identity-and-self-worth via Life Transitions (w=0.4)|exact_topic:identity-and-self-worth via Self-Compassion (w=1)|exact_topic:identity-and-self-worth via Self-Esteem (w=1),,none,complete,true,false,Clinical contributor,specialty_matched_organizational_approval,peachtree_psychology_susan_keenan,true,2026-06-19,,
1aff5be7-6dc5-427f-bb1b-b5b08e7411b8,how-do-i-deal-with-feeling-like-im-not-creative-184730-097,david-k-gore-phd,"Kenneth W. Christian, PhD",sarah-evers,Sarah Evers,sarah-evers,Sarah Evers,Shame & Conditions of Worth,identity-and-self-worth,Identity & Self-Worth,identity-and-self-worth,Identity & Self-Worth,100,high,exact_topic:identity-and-self-worth via Life Events & Transitions (w=0.4)|exact_topic:identity-and-self-worth via Shame & Conditions of Worth (w=1),requires_keyword_support:Chronic Illness & Disability|requires_keyword_support:Caregiver Stress,none,complete,true,false,Clinical contributor,specialty_matched_organizational_approval,peachtree_psychology_susan_keenan,true,2026-06-19,,
df6b8352-e0ed-4a20-bc0c-402899b50233,how-do-i-deal-with-feeling-like-im-not-g-177940-003,david-k-gore-phd,"Kenneth W. Christian, PhD",samantha-bryant,Samantha Bryant,samantha-bryant,Samantha Bryant,Self Esteem,identity-and-self-worth,Identity & Self-Worth,identity-and-self-worth,Identity & Self-Worth,100,high,exact_topic:identity-and-self-worth via Body Image (w=0.4)|demoted_missing_keyword_support|exact_topic:identity-and-self-worth via Life Transitions (w=0.4)|exact_topic:identity-and-self-worth via Self Esteem (w=1),,none,complete,true,false,Clinical contributor,specialty_matched_organizational_approval,peachtree_psychology_susan_keenan,true,2026-06-19,,
364cfde0-e467-43cc-9757-f12e57b4ba77,how-do-i-deal-with-feeling-like-im-not-good-177941-033,david-k-gore-phd,"Kenneth W. Christian, PhD",lexi-cooper,Lexi Cooper,lexi-cooper,Lexi Cooper,Familial Relationship Counseling,relationships-and-communication,Relationships & Communication,relationships-and-connection,Relationship Insecurity,100,high,exact_topic:relationships-and-communication via Familial Relationship Counseling (w=1),,none,complete,true,false,Clinical contributor,specialty_matched_organizational_approval,peachtree_psychology_susan_keenan,true,2026-06-19,,
f70050ec-6713-462e-82f8-c7694a2ebec1,how-do-i-deal-with-feeling-like-im-not-interesting-184730-089,david-k-gore-phd,"Kenneth W. Christian, PhD",susan-keenan,Susan L. Keenan,susan-keenan,Susan L. Keenan,Self Esteem,identity-and-self-worth,Identity & Self-Worth,identity-and-self-worth,Identity & Self-Worth,100,high,exact_topic:identity-and-self-worth via Self Esteem (w=1),,none,complete,true,false,Clinical contributor,specialty_matched_organizational_approval,peachtree_psychology_susan_keenan,true,2026-06-19,,
e618aa0d-0fa6-47f5-b9eb-7f386060dfac,how-do-i-deal-with-feeling-like-im-not-living-184730-059,david-k-gore-phd,"Kenneth W. Christian, PhD",michaela-hilburn,Michaela Hilburn,michaela-hilburn,Michaela Hilburn,Self-Esteem,identity-and-self-worth,Identity & Self-Worth,identity-and-self-worth,Identity & Self-Worth,100,high,exact_topic:identity-and-self-worth via Life Transitions (w=0.4)|exact_topic:identity-and-self-worth via Self-Compassion (w=1)|exact_topic:identity-and-self-worth via Self-Esteem (w=1),,none,complete,true,false,Clinical contributor,specialty_matched_organizational_approval,peachtree_psychology_susan_keenan,true,2026-06-19,,
89760157-908d-42c1-acdd-9ad374ab691f,how-do-i-deal-with-feeling-like-im-not-living-184730-077,david-k-gore-phd,"Kenneth W. Christian, PhD",jackie-malone,Jackie Malone,jackie-malone,Jackie Malone,Stress,relationships-and-communication,Relationships & Communication,relationships-and-connection,Communication & Conflict,100,high,alias_keyword:stress|exact_topic:relationships-and-communication via Codependency (w=1)|exact_topic:relationships-and-communication via Relationship Issues (w=1)|preferred_specialty_keyword:stress,,none,complete,true,false,Clinical contributor,specialty_matched_organizational_approval,peachtree_psychology_susan_keenan,true,2026-06-19,,
31e37e7b-d538-4994-aa60-c3042ccbab5c,how-do-i-deal-with-feeling-like-im-not-making-184730-081,david-k-gore-phd,"Kenneth W. Christian, PhD",susan-keenan,Susan L. Keenan,susan-keenan,Susan L. Keenan,Self Esteem,identity-and-self-worth,Identity & Self-Worth,identity-and-self-worth,Identity & Self-Worth,100,high,alias_keyword:Depression|exact_topic:identity-and-self-worth via Self Esteem (w=1),,none,complete,true,false,Clinical contributor,specialty_matched_organizational_approval,peachtree_psychology_susan_keenan,true,2026-06-19,,
81da7e41-476c-4995-9b72-9e071bafe655,how-do-i-deal-with-feeling-like-im-not-smart-enough-184730-040,david-k-gore-phd,"Kenneth W. Christian, PhD",samantha-bryant,Samantha Bryant,samantha-bryant,Samantha Bryant,Self Esteem,identity-and-self-worth,Identity & Self-Worth,identity-and-self-worth,Identity & Self-Worth,100,high,exact_topic:identity-and-self-worth via Body Image (w=0.4)|demoted_missing_keyword_support|exact_topic:identity-and-self-worth via Life Transitions (w=0.4)|exact_topic:identity-and-self-worth via Self Esteem (w=1),,none,complete,true,false,Clinical contributor,specialty_matched_organizational_approval,peachtree_psychology_susan_keenan,true,2026-06-19,,
24504fc2-1626-4b58-9881-3c35afd3e2ae,how-do-i-deal-with-feeling-like-im-not-smart-enough-184730-093,david-k-gore-phd,"Kenneth W. Christian, PhD",michaela-hilburn,Michaela Hilburn,michaela-hilburn,Michaela Hilburn,Work/Life Balance,work-and-burnout,Work & Burnout,work-and-purpose,Work & Burnout,100,high,exact_topic:work-and-burnout via Life Transitions (w=0.45)|exact_topic:work-and-burnout via Work/Life Balance (w=1),,none,complete,true,false,Clinical contributor,specialty_matched_organizational_approval,peachtree_psychology_susan_keenan,true,2026-06-19,,
7daaba8a-0838-4adc-9f3a-258893fe7494,how-do-i-deal-with-feeling-like-im-not-where-184730-055,david-k-gore-phd,"Kenneth W. Christian, PhD",samantha-bryant,Samantha Bryant,samantha-bryant,Samantha Bryant,Self Esteem,identity-and-self-worth,Identity & Self-Worth,identity-and-self-worth,Identity & Self-Worth,100,high,alias_keyword:Anxiety|alt_topic:identity-and-self-worth via Body Image (w=0.4)|alt_topic:identity-and-self-worth via Life Transitions (w=0.4)|exact_topic:identity-and-self-worth via Self Esteem (w=1),,none,complete,true,false,Clinical contributor,specialty_matched_organizational_approval,peachtree_psychology_susan_keenan,true,2026-06-19,,
8f0b603d-6f51-49c4-96dd-d2c64d115bbc,how-do-i-deal-with-feeling-like-im-not-where-w7x2y5,david-k-gore-phd,"Kenneth W. Christian, PhD",laura-hilsen,Laura Hilsen,laura-hilsen,Laura Hilsen,Self-Esteem,identity-and-self-worth,Identity & Self-Worth,identity-and-self-worth,Identity & Self-Worth,100,high,alias_keyword:Anxiety|alt_topic:identity-and-self-worth via Life Transitions (w=0.4)|exact_topic:identity-and-self-worth via Self-Compassion (w=1)|exact_topic:identity-and-self-worth via Self-Esteem (w=1),,none,complete,true,false,Clinical contributor,specialty_matched_organizational_approval,peachtree_psychology_susan_keenan,true,2026-06-19,,
c43f4493-2b95-4d60-8a89-7e3b84aa9baf,how-do-i-deal-with-feeling-like-im-too-much-for-k9l3m6,david-k-gore-phd,"Kenneth W. Christian, PhD",samantha-bryant,Samantha Bryant,samantha-bryant,Samantha Bryant,Self Esteem,identity-and-self-worth,Identity & Self-Worth,identity-and-self-worth,Identity & Self-Worth,100,high,exact_topic:identity-and-self-worth via Body Image (w=0.4)|demoted_missing_keyword_support|exact_topic:identity-and-self-worth via Life Transitions (w=0.4)|exact_topic:identity-and-self-worth via Self Esteem (w=1),,none,complete,true,false,Clinical contributor,specialty_matched_organizational_approval,peachtree_psychology_susan_keenan,true,2026-06-19,,
d8962b9f-4d19-4209-bc3e-29325d716fb4,how-do-i-deal-with-feeling-like-im-too-sensitive-184730-069,david-k-gore-phd,"Kenneth W. Christian, PhD",meredith-price,Meredith Price,meredith-price,Meredith Price,Self Esteem,identity-and-self-worth,Identity & Self-Worth,identity-and-self-worth,Identity & Self-Worth,100,high,exact_topic:identity-and-self-worth via Body Image (w=0.4)|demoted_missing_keyword_support|exact_topic:identity-and-self-worth via Life Transitions (w=0.4)|exact_topic:identity-and-self-worth via Self Esteem (w=1),"requires_keyword_support:Pregnancy, Prenatal, Postpartum",none,complete,true,false,Clinical contributor,specialty_matched_organizational_approval,peachtree_psychology_susan_keenan,true,2026-06-19,,
66b6eff0-6bd8-409a-aaa8-34b5898f472a,how-do-i-deal-with-feeling-like-im-wasting-184730-024,david-k-gore-phd,"Kenneth W. Christian, PhD",jackie-malone,Jackie Malone,jackie-malone,Jackie Malone,Self Esteem,identity-and-self-worth,Identity & Self-Worth,identity-and-self-worth,Identity & Self-Worth,100,high,exact_topic:identity-and-self-worth via Body Image (w=0.4)|demoted_missing_keyword_support|exact_topic:identity-and-self-worth via Life Transitions (w=0.4)|exact_topic:identity-and-self-worth via Self Esteem (w=1),,none,complete,true,false,Clinical contributor,specialty_matched_organizational_approval,peachtree_psychology_susan_keenan,true,2026-06-19,,
6c7cf9f1-d7cb-4339-8ba9-d34c53a79f4f,how-do-i-deal-with-feeling-like-i-peaked-189668-008,david-k-gore-phd,"Kenneth W. Christian, PhD",michaela-hilburn,Michaela Hilburn,michaela-hilburn,Michaela Hilburn,Self-Esteem,identity-and-self-worth,Identity & Self-Worth,identity-and-self-worth,Identity & Self-Worth,100,high,exact_topic:identity-and-self-worth via Life Transitions (w=0.4)|exact_topic:identity-and-self-worth via Self-Compassion (w=1)|exact_topic:identity-and-self-worth via Self-Esteem (w=1),,none,complete,true,false,Clinical contributor,specialty_matched_organizational_approval,peachtree_psychology_susan_keenan,true,2026-06-19,,
8ff82afa-c351-4486-b0fa-bf2ec6700872,how-do-i-deal-with-feeling-like-my-emotions-are-184730-051,david-k-gore-phd,"Kenneth W. Christian, PhD",michaela-hilburn,Michaela Hilburn,michaela-hilburn,Michaela Hilburn,Self-Esteem,identity-and-self-worth,Identity & Self-Worth,identity-and-self-worth,Identity & Self-Worth,100,high,exact_topic:identity-and-self-worth via Life Transitions (w=0.4)|exact_topic:identity-and-self-worth via Self-Compassion (w=1)|exact_topic:identity-and-self-worth via Self-Esteem (w=1),,none,complete,true,false,Clinical contributor,specialty_matched_organizational_approval,peachtree_psychology_susan_keenan,true,2026-06-19,,
98ce410e-da4d-40ee-8bf7-fa65ba303ff4,how-do-i-deal-with-feeling-like-my-emotions-are-g8h5i2,david-k-gore-phd,"Kenneth W. Christian, PhD",laura-hilsen,Laura Hilsen,laura-hilsen,Laura Hilsen,Self-Esteem,identity-and-self-worth,Identity & Self-Worth,identity-and-self-worth,Identity & Self-Worth,100,high,exact_topic:identity-and-self-worth via Life Transitions (w=0.4)|exact_topic:identity-and-self-worth via Self-Compassion (w=1)|exact_topic:identity-and-self-worth via Self-Esteem (w=1),,none,complete,true,false,Clinical contributor,specialty_matched_organizational_approval,peachtree_psychology_susan_keenan,true,2026-06-19,,
d500c52c-2757-4656-bf67-321de790b930,how-do-i-deal-with-feeling-like-my-life-has-177941-025,david-k-gore-phd,"Kenneth W. Christian, PhD",samantha-bryant,Samantha Bryant,samantha-bryant,Samantha Bryant,Spirituality,meaning-faith-and-existential-questions,"Meaning, Faith & Existential Questions",spirituality-and-meaning,Life Purpose,85,high,alias_keyword:Depression|exact_topic:meaning-faith-and-existential-questions via Spirituality (w=0.85),,none,complete,true,false,Clinical contributor,specialty_matched_organizational_approval,peachtree_psychology_susan_keenan,true,2026-06-22,true,approve
4f8178ac-5cee-424d-a605-10ffc07175bf,how-do-i-deal-with-feeling-like-my-mental-184730-073,david-k-gore-phd,"Kenneth W. Christian, PhD",samantha-bryant,Samantha Bryant,samantha-bryant,Samantha Bryant,Self Esteem,identity-and-self-worth,Identity & Self-Worth,identity-and-self-worth,Identity & Self-Worth,100,high,exact_topic:identity-and-self-worth via Body Image (w=0.4)|demoted_missing_keyword_support|exact_topic:identity-and-self-worth via Life Transitions (w=0.4)|exact_topic:identity-and-self-worth via Self Esteem (w=1),,none,complete,true,false,Clinical contributor,specialty_matched_organizational_approval,peachtree_psychology_susan_keenan,true,2026-06-19,,
757c9a0e-c73f-40e1-b62e-6e205b8ab695,how-do-i-deal-with-feeling-like-my-probl-189668-012,david-k-gore-phd,"Kenneth W. Christian, PhD",samantha-bryant,Samantha Bryant,samantha-bryant,Samantha Bryant,Stress,identity-and-self-worth,Identity & Self-Worth,identity-and-self-worth,Identity & Self-Worth,100,high,alias_keyword:stress|alt_topic:identity-and-self-worth via Body Image (w=0.4)|alt_topic:identity-and-self-worth via Life Transitions (w=0.4)|exact_topic:identity-and-self-worth via Self Esteem (w=1)|preferred_specialty_keyword:stress,,none,complete,true,false,Clinical contributor,specialty_matched_organizational_approval,peachtree_psychology_susan_keenan,true,2026-06-19,,
dd569f91-71f8-4f2d-a76b-46b1b6f47df6,how-do-i-deal-with-feeling-like-technology-is-e3f6g9,david-k-gore-phd,"Kenneth W. Christian, PhD",lynn-lane,Lynn Lane,lynn-lane,Lynn Lane,Anxiety,anxiety-and-stress,Anxiety & Stress,anxiety-and-mood,Anxiety & Stress,100,high,exact_topic:anxiety-and-stress via Anxiety (w=1)|preferred_specialty_keyword:Anxiety|alt_topic:anxiety-and-stress via Depression (w=0.35),,none,complete,true,false,Clinical contributor,specialty_matched_organizational_approval,peachtree_psychology_susan_keenan,true,2026-06-19,,
8725af20-f33c-4e2e-8ee2-b8cc79d09b11,how-do-i-deal-with-feeling-overwhelmed-a-177940-027,david-k-gore-phd,"Kenneth W. Christian, PhD",meredith-price,Meredith Price,meredith-price,Meredith Price,Parenting,family-and-parenting,Family & Parenting,family-and-parenting,Parenting,100,high,"exact_topic:family-and-parenting via Pregnancy, Prenatal, Postpartum (w=0.7)|demoted_missing_keyword_support|exact_topic:family-and-parenting via Family Conflict (w=1)|alt_topic:family-and-parenting via Infertility (w=0.7)|demoted_missing_keyword_support|exact_topic:family-and-parenting via Parenting (w=1)|preferred_specialty_keyword:Parenting",,none,complete,true,false,Clinical contributor,specialty_matched_organizational_approval,peachtree_psychology_susan_keenan,true,2026-06-19,,
bc80b4a7-709f-422b-8d66-f4c2086f53c8,how-do-i-deal-with-feeling-overwhelmed-b-189668-016,david-k-gore-phd,"Kenneth W. Christian, PhD",kelsey-donahue,Kelsey Madsen (Donahue),kelsey-donahue,Kelsey Madsen (Donahue),Stress,anxiety-and-stress,Anxiety & Stress,anxiety-and-mood,Anxiety & Stress,100,high,exact_topic:anxiety-and-stress via Anxiety (w=1)|preferred_specialty_keyword:Anxiety|alt_topic:anxiety-and-stress via Depression (w=0.35)|exact_topic:anxiety-and-stress via Stress (w=1),,none,complete,true,false,Clinical contributor,specialty_matched_organizational_approval,peachtree_psychology_susan_keenan,true,2026-06-19,,
77c684b9-5e36-4c9e-bbb6-fffc14913caa,how-do-i-deal-with-feeling-overwhelmed-by-j6k9l2,david-k-gore-phd,"Kenneth W. Christian, PhD",kelsey-donahue,Kelsey Madsen (Donahue),kelsey-donahue,Kelsey Madsen (Donahue),Stress,anxiety-and-stress,Anxiety & Stress,anxiety-and-mood,Anxiety & Stress,100,high,exact_topic:anxiety-and-stress via Anxiety (w=1)|preferred_specialty_keyword:Anxiety|alt_topic:anxiety-and-stress via Depression (w=0.35)|exact_topic:anxiety-and-stress via Stress (w=1),,none,complete,true,false,Clinical contributor,specialty_matched_organizational_approval,peachtree_psychology_susan_keenan,true,2026-06-19,,
da4a4aeb-5ae7-4985-8b77-e5c3020cf923,how-do-i-deal-with-feeling-overwhelmed-by-my-v9w3x7,david-k-gore-phd,"Kenneth W. Christian, PhD",lexi-cooper,Lexi Cooper,lexi-cooper,Lexi Cooper,Trauma,trauma-and-safety,Trauma & Safety,trauma-and-safety,Trauma & Grief,100,high,alias_keyword:stress|exact_topic:trauma-and-safety via Trauma (w=1)|preferred_specialty_keyword:Trauma,,none,complete,true,false,Clinical contributor,specialty_matched_organizational_approval,peachtree_psychology_susan_keenan,true,2026-06-19,,
1551a82a-2ccd-4b08-a426-e17d9d39f10e,how-do-i-deal-with-feeling-overwhelmed-by-social-y7z3a6,david-k-gore-phd,"Kenneth W. Christian, PhD",alex-crenshaw-phd,Dr. Alex Crenshaw,alex-crenshaw-phd,Dr. Alex Crenshaw,Anxiety,anxiety-and-stress,Anxiety & Stress,anxiety-and-mood,Anxiety & Stress,100,high,exact_topic:anxiety-and-stress via Anxiety (w=1)|preferred_specialty_keyword:Anxiety|alt_topic:anxiety-and-stress via OCD (w=0.9)|alt_topic:anxiety-and-stress via Depression (w=0.35),,none,complete,true,false,Clinical contributor,specialty_matched_organizational_approval,peachtree_psychology_susan_keenan,true,2026-06-19,,
124b3c70-716a-455d-8ddf-95b937715c2c,how-do-i-deal-with-feeling-overwhelmed-by-world-problems-f5g6h7,david-k-gore-phd,"Kenneth W. Christian, PhD",laura-hilsen,Laura Hilsen,laura-hilsen,Laura Hilsen,Anxiety,anxiety-and-stress,Anxiety & Stress,anxiety-and-mood,Anxiety & Stress,100,high,exact_topic:anxiety-and-stress via Anxiety (w=1)|preferred_specialty_keyword:Anxiety|alt_topic:anxiety-and-stress via Depression (w=0.35),,none,complete,true,false,Clinical contributor,specialty_matched_organizational_approval,peachtree_psychology_susan_keenan,true,2026-06-19,,
75bcda85-96b8-4511-9b35-b04ee87dc591,how-do-i-deal-with-feeling-stuck-in-life-y7z8a1,david-k-gore-phd,"Kenneth W. Christian, PhD",jackie-malone,Jackie Malone,jackie-malone,Jackie Malone,Self Esteem,identity-and-self-worth,Identity & Self-Worth,identity-and-self-worth,Identity & Self-Worth,100,high,exact_topic:identity-and-self-worth via Body Image (w=0.4)|demoted_missing_keyword_support|exact_topic:identity-and-self-worth via Life Transitions (w=0.4)|exact_topic:identity-and-self-worth via Self Esteem (w=1),,none,complete,true,false,Clinical contributor,specialty_matched_organizational_approval,peachtree_psychology_susan_keenan,true,2026-06-19,,
c0ec99ec-84c6-41d0-b225-0921a3526d14,how-do-i-deal-with-financial-stress-affe-181083-021,david-k-gore-phd,"Kenneth W. Christian, PhD",susan-keenan,Susan L. Keenan,susan-keenan,Susan L. Keenan,Relationship Issues,relationships-and-communication,Relationships & Communication,relationships-and-connection,Relationships & Divorce,100,high,alias_keyword:stress|exact_topic:relationships-and-communication via Relationship Issues (w=1),,none,complete,true,false,Clinical contributor,specialty_matched_organizational_approval,peachtree_psychology_susan_keenan,true,2026-06-19,,
e7b9524c-d7cc-4ecf-b489-64dfd34e34a4,how-do-i-deal-with-flashbacks-181288-029,david-k-gore-phd,"Kenneth W. Christian, PhD",sarah-evers,Sarah Evers,sarah-evers,Sarah Evers,Developmental Wounds & Complex Trauma,trauma-and-safety,Trauma & Safety,trauma-and-safety,Trauma & Grief,100,high,exact_topic:trauma-and-safety via Developmental Wounds & Complex Trauma (w=1),requires_keyword_support:Chronic Illness & Disability|requires_keyword_support:Caregiver Stress,none,complete,true,false,Clinical contributor,specialty_matched_organizational_approval,peachtree_psychology_susan_keenan,true,2026-06-19,,
ae0ddf8a-fbc9-4499-a400-7f39a605aea0,how-do-i-deal-with-friend-drama-and-goss-186032-019,david-k-gore-phd,"Kenneth W. Christian, PhD",jeannine-jannot,"Jeannine Jannot, Ph.D.",jeannine-jannot,"Jeannine Jannot, Ph.D.",Stress,teens-and-identity,Teens & Identity,family-and-parenting,Teens & Identity,86,high,exact_topic:teens-and-identity via School Issues (w=0.45)|exact_topic:teens-and-identity via Parenting (w=0.7)|alias_keyword:stress|alt_topic:teens-and-identity via Child (w=0.7)|alt_topic:teens-and-identity via Education and Learning Disabilities (w=0.45)|alt_topic:teens-and-identity via Executive Functioning (w=0.45)|alt_topic:teens-and-identity via Productivity Coaching (w=0.45)|alias_keyword:stress,,none,complete,true,false,Clinical contributor,specialty_matched_organizational_approval,peachtree_psychology_susan_keenan,true,2026-06-19,,
3b94fa9e-32f8-4232-b217-2cc985baf259,how-do-i-deal-with-friends-who-dont-support-my-recovery,david-k-gore-phd,"Kenneth W. Christian, PhD",lynn-lane,Lynn Lane,lynn-lane,Lynn Lane,Substance Abuse & Chemical Dependency,addiction-and-recovery,Addiction & Recovery,trauma-and-safety,Addiction & Recovery,100,high,alias_keyword:Grief|parent_theme:trauma-and-safety via PTSD|exact_topic:addiction-and-recovery via Substance Abuse & Chemical Dependency (w=1),,none,complete,true,false,Clinical contributor,specialty_matched_organizational_approval,peachtree_psychology_susan_keenan,true,2026-06-19,,
39d916a7-e3a5-465a-80fd-b29527215acf,how-do-i-deal-with-having-no-one-to-shar-181083-077,david-k-gore-phd,"Kenneth W. Christian, PhD",lexi-cooper,Lexi Cooper,lexi-cooper,Lexi Cooper,Familial Relationship Counseling,relationships-and-communication,Relationships & Communication,relationships-and-connection,Relationships & Divorce,100,high,exact_topic:relationships-and-communication via Familial Relationship Counseling (w=1),,none,complete,true,false,Clinical contributor,specialty_matched_organizational_approval,peachtree_psychology_susan_keenan,true,2026-06-19,,
1e993a61-25a3-4c31-bca5-4286576554e2,how-do-i-deal-with-imposter-syndrome-at-work-177941-021,david-k-gore-phd,"Kenneth W. Christian, PhD",samantha-bryant,Samantha Bryant,samantha-bryant,Samantha Bryant,Career Counseling,work-and-burnout,Work & Burnout,work-and-purpose,Workplace,100,high,exact_topic:work-and-burnout via Career Counseling (w=1)|alt_topic:work-and-burnout via Life Transitions (w=0.45)|alt_topic:work-and-burnout via School Issues (w=0.4),requires_keyword_support:Body Image,none,complete,true,false,Clinical contributor,specialty_matched_organizational_approval,peachtree_psychology_susan_keenan,true,2026-06-19,,
a76e4638-6eef-466b-899a-ceced1c52586,how-do-i-deal-with-imposter-syndrome-in-my-career-n5o6p7,david-k-gore-phd,"Kenneth W. Christian, PhD",laura-hilsen,Laura Hilsen,laura-hilsen,Laura Hilsen,Work/Life Balance,work-and-burnout,Work & Burnout,work-and-purpose,Work & Burnout,100,high,exact_topic:work-and-burnout via Life Transitions (w=0.45)|exact_topic:work-and-burnout via Work/Life Balance (w=1),,none,complete,true,false,Clinical contributor,specialty_matched_organizational_approval,peachtree_psychology_susan_keenan,true,2026-06-19,,
774db48c-d30f-414f-a2c4-edafc24d898e,how-do-i-deal-with-intrusive-sexual-thou-177940-031,david-k-gore-phd,"Kenneth W. Christian, PhD",alex-crenshaw-phd,Dr. Alex Crenshaw,alex-crenshaw-phd,Dr. Alex Crenshaw,Anxiety,anxiety-and-stress,Anxiety & Stress,anxiety-and-mood,Intrusive Thoughts,100,high,exact_topic:anxiety-and-stress via Anxiety (w=1)|alt_topic:anxiety-and-stress via OCD (w=0.9)|alt_topic:anxiety-and-stress via Depression (w=0.35),,none,complete,true,false,Clinical contributor,specialty_matched_organizational_approval,peachtree_psychology_susan_keenan,true,2026-06-19,true,approve
20a8ee4c-f03f-4190-8a40-b43e05efae56,how-do-i-deal-with-jealousy-in-my-relationship,david-k-gore-phd,"Kenneth W. Christian, PhD",alex-crenshaw-phd,Dr. Alex Crenshaw,alex-crenshaw-phd,Dr. Alex Crenshaw,Anxiety,relationships-and-communication,Relationships & Communication,relationships-and-connection,Relationships & Communication,100,high,exact_topic:relationships-and-communication via Couples (w=1)|preferred_specialty_keyword:Anxiety,,none,complete,true,false,Clinical contributor,specialty_matched_organizational_approval,peachtree_psychology_susan_keenan,true,2026-06-19,,
e6924b53-12e5-450e-978c-6c5e6f043b30,how-do-i-deal-with-mismatched-libidos-in-my-relati-186602-020,david-k-gore-phd,"Kenneth W. Christian, PhD",jackie-malone,Jackie Malone,jackie-malone,Jackie Malone,Transgender,gender-sexuality-and-intimacy,"Gender, Sexuality & Intimacy",relationships-and-connection,"Sexuality, Gender Identity, and Intimacy",100,high,exact_topic:gender-sexuality-and-intimacy via Bisexual (w=1)|exact_topic:gender-sexuality-and-intimacy via Lesbian (w=1)|exact_topic:gender-sexuality-and-intimacy via LGBTQ+ (w=1)|exact_topic:gender-sexuality-and-intimacy via Transgender (w=1),,none,complete,true,false,Clinical contributor,specialty_matched_organizational_approval,peachtree_psychology_susan_keenan,true,2026-06-19,,
23e0e04b-f725-4ac1-9a4d-8f3c27359c84,how-do-i-deal-with-my-parents-divorce-186032-011,david-k-gore-phd,"Kenneth W. Christian, PhD",meredith-price,Meredith Price,meredith-price,Meredith Price,Relationship Issues,teens-and-identity,Teens & Identity,family-and-parenting,Teens & Identity,94,high,"parent_theme:family-and-parenting via Pregnancy, Prenatal, Postpartum|alias_keyword:divorce|exact_topic:teens-and-identity via Family Conflict (w=0.7)|alias_keyword:Grief|alias_keyword:divorce|alt_topic:teens-and-identity via Parenting (w=0.7)|alias_keyword:divorce|alt_topic:teens-and-identity via School Issues (w=0.45)","requires_keyword_support:Pregnancy, Prenatal, Postpartum|requires_keyword_support:Body Image",none,complete,true,false,Clinical contributor,specialty_matched_organizational_approval,peachtree_psychology_susan_keenan,true,2026-06-19,true,approve
3b2171f4-68ff-4b82-a373-78cf49dfa173,how-do-i-deal-with-not-having-anyone-to-181083-071,david-k-gore-phd,"Kenneth W. Christian, PhD",susan-keenan,Susan L. Keenan,susan-keenan,Susan L. Keenan,Relationship Issues,relationships-and-communication,Relationships & Communication,relationships-and-connection,Relationships & Divorce,100,high,parent_theme:relationships-and-connection via LGBTQ+|exact_topic:relationships-and-communication via Relationship Issues (w=1),,none,complete,true,false,Clinical contributor,specialty_matched_organizational_approval,peachtree_psychology_susan_keenan,true,2026-06-19,,
4c8a77c8-5870-45d2-ab29-a594b9950e9e,how-do-i-deal-with-panic-attacks-at-work-177940-019,david-k-gore-phd,"Kenneth W. Christian, PhD",samantha-bryant,Samantha Bryant,samantha-bryant,Samantha Bryant,Career Counseling,work-and-burnout,Work & Burnout,work-and-purpose,Workplace Mental Health,100,high,alias_keyword:panic|exact_topic:work-and-burnout via Career Counseling (w=1)|alt_topic:work-and-burnout via Life Transitions (w=0.45)|alt_topic:work-and-burnout via School Issues (w=0.4),,none,complete,true,false,Clinical contributor,specialty_matched_organizational_approval,peachtree_psychology_susan_keenan,true,2026-06-19,,
5460eb5a-4831-4375-b243-92699e643a1d,how-do-i-deal-with-people-who-dont-suppo-181288-035,david-k-gore-phd,"Kenneth W. Christian, PhD",amanda-gaines,Amanda Gaines,amanda-gaines,Amanda Gaines,Addictive Behaviors,addiction-and-recovery,Addiction & Recovery,trauma-and-safety,Addiction & Recovery,100,high,parent_theme:trauma-and-safety via Trauma & PTSD|exact_topic:addiction-and-recovery via Substance Use (w=1)|exact_topic:addiction-and-recovery via Addictive Behaviors (w=1),requires_keyword_support:Chronic Illness,none,complete,true,false,Clinical contributor,specialty_matched_organizational_approval,peachtree_psychology_susan_keenan,true,2026-06-19,,
81ab930d-7eb2-4a7b-927d-d756314861b9,how-do-i-deal-with-people-who-dont-understand-addiction,david-k-gore-phd,"Kenneth W. Christian, PhD",susan-keenan,Susan L. Keenan,susan-keenan,Susan L. Keenan,Alcohol Use,addiction-and-recovery,Addiction & Recovery,trauma-and-safety,Addiction & Recovery,100,high,parent_theme:trauma-and-safety via Trauma and PTSD|exact_topic:addiction-and-recovery via Alcohol Use (w=1),,none,complete,true,false,Clinical contributor,specialty_matched_organizational_approval,peachtree_psychology_susan_keenan,true,2026-06-19,,
c1bb8f62-42a1-449b-bfc5-18fbc9099858,how-do-i-deal-with-people-who-dont-understand-or-s-187459-023,david-k-gore-phd,"Kenneth W. Christian, PhD",jackie-malone,Jackie Malone,jackie-malone,Jackie Malone,Stress,general-mental-health,General Mental Health,life-transitions-and-change,Life Transitions,86,high,exact_topic:general-mental-health via Anxiety (w=0.45)|alias_keyword:Anxiety|exact_topic:general-mental-health via Body Image (w=0.55)|demoted_missing_keyword_support|exact_topic:general-mental-health via Life Transitions (w=0.7)|alias_keyword:Life Transitions|alt_topic:general-mental-health via Stress (w=0.45)|alias_keyword:Anxiety,,none,complete,true,false,Clinical contributor,specialty_matched_organizational_approval,peachtree_psychology_susan_keenan,true,2026-06-19,true,approve
dc79d2be-d582-498e-b99a-f273020c9ac7,how-do-i-deal-with-people-who-drain-my-184730-008,david-k-gore-phd,"Kenneth W. Christian, PhD",alex-crenshaw-phd,Dr. Alex Crenshaw,alex-crenshaw-phd,Dr. Alex Crenshaw,Couples,relationships-and-communication,Relationships & Communication,relationships-and-connection,Communication & Conflict,100,high,exact_topic:relationships-and-communication via Couples (w=1),,none,complete,true,false,Clinical contributor,specialty_matched_organizational_approval,peachtree_psychology_susan_keenan,true,2026-06-19,,
192f38c4-e687-443d-beef-30e8c7fcc576,how-do-i-deal-with-people-who-trigger-my-urge-to-use-substances,david-k-gore-phd,"Kenneth W. Christian, PhD",susan-keenan,Susan L. Keenan,susan-keenan,Susan L. Keenan,Alcohol Use,addiction-and-recovery,Addiction & Recovery,trauma-and-safety,Addiction & Recovery,100,high,parent_theme:trauma-and-safety via Trauma and PTSD|exact_topic:addiction-and-recovery via Alcohol Use (w=1),,none,complete,true,false,Clinical contributor,specialty_matched_organizational_approval,peachtree_psychology_susan_keenan,true,2026-06-19,,
8aa5fe26-2b35-44d0-9e0a-07bf43ef4b8c,how-do-i-deal-with-postpartum-depression,david-k-gore-phd,"Kenneth W. Christian, PhD",meredith-price,Meredith Price,meredith-price,Meredith Price,Depression,depression,Depression,anxiety-and-mood,Depression,100,high,"exact_topic:depression via Pregnancy, Prenatal, Postpartum (w=0.55)|alias_keyword:postpartum|exact_topic:depression via Depression (w=1)|preferred_specialty_keyword:Depression|alt_topic:depression via Infertility (w=0.55)|alt_topic:depression via Mood Disorders (w=0.85)",,none,complete,true,false,Clinical contributor,specialty_matched_organizational_approval,peachtree_psychology_susan_keenan,true,2026-06-19,true,approve
3d543d91-e6e9-4567-85f2-438a767b4888,how-do-i-deal-with-regret-about-things-i-186032-005,david-k-gore-phd,"Kenneth W. Christian, PhD",amanda-gaines,Amanda Gaines,amanda-gaines,Amanda Gaines,Grief & Loss,grief-and-loss,Grief & Loss,life-transitions-and-change,Grief & Loss,100,high,exact_topic:grief-and-loss via Grief & Loss (w=1),,none,complete,true,false,Clinical contributor,specialty_matched_organizational_approval,peachtree_psychology_susan_keenan,true,2026-06-19,,
276e8bdd-a859-4bbe-b41b-3c63e913c601,how-do-i-deal-with-relapse-and-the-shame-185759-024,david-k-gore-phd,"Kenneth W. Christian, PhD",susan-keenan,Susan L. Keenan,susan-keenan,Susan L. Keenan,Alcohol Use,addiction-and-recovery,Addiction & Recovery,trauma-and-safety,Addiction & Recovery,100,high,parent_theme:trauma-and-safety via Trauma and PTSD|exact_topic:addiction-and-recovery via Alcohol Use (w=1),,none,complete,true,false,Clinical contributor,specialty_matched_organizational_approval,peachtree_psychology_susan_keenan,true,2026-06-19,,
439bd09c-6528-4527-bccd-71929eb39bed,how-do-i-deal-with-seasonal-depression,david-k-gore-phd,"Kenneth W. Christian, PhD",liz-webb,Liz Webb,liz-webb,Liz Webb,Depression,depression,Depression,anxiety-and-mood,Depression,100,high,parent_theme:anxiety-and-mood via Anxiety|exact_topic:depression via Depression (w=1)|preferred_specialty_keyword:Depression,,none,complete,true,false,Clinical contributor,specialty_matched_organizational_approval,peachtree_psychology_susan_keenan,true,2026-06-19,,
a72437b8-16c2-4326-9729-d8c0c08594df,how-do-i-deal-with-seeing-my-ex-with-som-181083-084,david-k-gore-phd,"Kenneth W. Christian, PhD",laura-hilsen,Laura Hilsen,laura-hilsen,Laura Hilsen,Infidelity,relationships-and-communication,Relationships & Communication,relationships-and-connection,Relationships & Divorce,100,high,alias_keyword:Grief|exact_topic:relationships-and-communication via Relationship Issues (w=1)|exact_topic:relationships-and-communication via Divorce (w=1)|preferred_specialty_keyword:divorce|exact_topic:relationships-and-communication via Infidelity (w=1),,none,complete,true,false,Clinical contributor,specialty_matched_organizational_approval,peachtree_psychology_susan_keenan,true,2026-06-19,,
98645912-8be7-436b-8d8b-f3410e11c116,how-do-i-deal-with-side-effects-from-psy-181083-065,david-k-gore-phd,"Kenneth W. Christian, PhD",lexi-cooper,Lexi Cooper,lexi-cooper,Lexi Cooper,Depression,depression,Depression,anxiety-and-mood,Depression,100,high,parent_theme:anxiety-and-mood via Anxiety|exact_topic:depression via Depression (w=1)|preferred_specialty_keyword:Depression,,none,complete,true,false,Clinical contributor,specialty_matched_organizational_approval,peachtree_psychology_susan_keenan,true,2026-06-19,,
c76d8977-d5f9-4c75-8dbe-53d1f28aab77,how-do-i-deal-with-social-anxiety-at-wor-191368-004,david-k-gore-phd,"Kenneth W. Christian, PhD",alex-crenshaw-phd,Dr. Alex Crenshaw,alex-crenshaw-phd,Dr. Alex Crenshaw,Anxiety,anxiety-and-stress,Anxiety & Stress,anxiety-and-mood,Anxiety & Stress,100,high,exact_topic:anxiety-and-stress via Anxiety (w=1)|preferred_specialty_keyword:Anxiety|alt_topic:anxiety-and-stress via OCD (w=0.9)|alt_topic:anxiety-and-stress via Depression (w=0.35),,none,complete,true,false,Clinical contributor,specialty_matched_organizational_approval,peachtree_psychology_susan_keenan,true,2026-06-19,,
222b5e8a-a00d-42c0-8fcc-59d84dc3490d,how-do-i-deal-with-someone-who-has-narcissistic-traits,david-k-gore-phd,"Kenneth W. Christian, PhD",samantha-bryant,Samantha Bryant,samantha-bryant,Samantha Bryant,Career Counseling,work-and-burnout,Work & Burnout,work-and-purpose,Work & Life Balance,100,high,exact_topic:work-and-burnout via Career Counseling (w=1)|alt_topic:work-and-burnout via Life Transitions (w=0.45)|alt_topic:work-and-burnout via School Issues (w=0.4),requires_keyword_support:Body Image,none,complete,true,false,Clinical contributor,specialty_matched_organizational_approval,peachtree_psychology_susan_keenan,true,2026-06-19,,
1348177b-adee-4a64-bb49-da919a49972d,how-do-i-deal-with-spiritual-bypassing-in-my-f8g3h6,david-k-gore-phd,"Kenneth W. Christian, PhD",susan-keenan,Susan L. Keenan,susan-keenan,Susan L. Keenan,Spirituality,meaning-faith-and-existential-questions,"Meaning, Faith & Existential Questions",spirituality-and-meaning,Spiritual Doubt,85,high,exact_topic:meaning-faith-and-existential-questions via Spirituality (w=0.85),,none,complete,true,false,Clinical contributor,specialty_matched_organizational_approval,peachtree_psychology_susan_keenan,true,2026-06-19,true,approve
5e2e0d4f-d896-4a19-8272-b074e603288b,how-do-i-deal-with-sunday-night-anxiety-181083-050,david-k-gore-phd,"Kenneth W. Christian, PhD",jackie-malone,Jackie Malone,jackie-malone,Jackie Malone,Stress,anxiety-and-stress,Anxiety & Stress,anxiety-and-mood,Anxiety & Stress,100,high,exact_topic:anxiety-and-stress via Anxiety (w=1)|preferred_specialty_keyword:Anxiety|alt_topic:anxiety-and-stress via Depression (w=0.35)|exact_topic:anxiety-and-stress via Stress (w=1),,none,complete,true,false,Clinical contributor,specialty_matched_organizational_approval,peachtree_psychology_susan_keenan,true,2026-06-19,,
4d3113ff-8d29-46d2-8d34-881bec7751de,how-do-i-deal-with-the-anxiety-of-making-the-wrong-decision-m4n5o6,david-k-gore-phd,"Kenneth W. Christian, PhD",meredith-price,Meredith Price,meredith-price,Meredith Price,Stress,anxiety-and-stress,Anxiety & Stress,anxiety-and-mood,Anxiety & Stress,100,high,"exact_topic:anxiety-and-stress via Pregnancy, Prenatal, Postpartum (w=0.5)|demoted_missing_keyword_support|exact_topic:anxiety-and-stress via Depression (w=0.35)|parent_theme:anxiety-and-mood via Depression|exact_topic:anxiety-and-stress via Anxiety (w=1)|preferred_specialty_keyword:Anxiety|alt_topic:anxiety-and-stress via Infertility (w=0.5)|demoted_missing_keyword_support|exact_topic:anxiety-and-stress via Stress (w=1)",,none,complete,true,false,Clinical contributor,specialty_matched_organizational_approval,peachtree_psychology_susan_keenan,true,2026-06-19,,
19801d9f-729f-4eda-8401-5095158a4da8,how-do-i-deal-with-the-anxiety-that-comes-from-not-187459-017,david-k-gore-phd,"Kenneth W. Christian, PhD",samantha-bryant,Samantha Bryant,samantha-bryant,Samantha Bryant,Stress,anxiety-and-stress,Anxiety & Stress,anxiety-and-mood,Perfectionism & Control Issues,100,high,exact_topic:anxiety-and-stress via Anxiety (w=1)|preferred_specialty_keyword:Anxiety|alt_topic:anxiety-and-stress via Depression (w=0.35)|exact_topic:anxiety-and-stress via Stress (w=1),,none,complete,true,false,Clinical contributor,specialty_matched_organizational_approval,peachtree_psychology_susan_keenan,true,2026-06-19,,
06e782ea-c47e-47f8-bf53-ceaaa9858bd5,how-do-i-deal-with-the-physical-effects-of-long-term-substance-use,david-k-gore-phd,"Kenneth W. Christian, PhD",lynn-lane,Lynn Lane,lynn-lane,Lynn Lane,Substance Abuse & Chemical Dependency,addiction-and-recovery,Addiction & Recovery,trauma-and-safety,Addiction & Recovery,100,high,parent_theme:trauma-and-safety via PTSD|exact_topic:addiction-and-recovery via Substance Abuse & Chemical Dependency (w=1),,none,complete,true,false,Clinical contributor,specialty_matched_organizational_approval,peachtree_psychology_susan_keenan,true,2026-06-19,,
f398ed7c-b15a-4dc5-b5f3-56319c9e89d9,how-do-i-deal-with-the-pressure-to-be-constantly-c9d4e7,david-k-gore-phd,"Kenneth W. Christian, PhD",michaela-hilburn,Michaela Hilburn,michaela-hilburn,Michaela Hilburn,Work/Life Balance,work-and-burnout,Work & Burnout,work-and-purpose,Work & Burnout,100,high,alias_keyword:stress|alt_topic:work-and-burnout via Life Transitions (w=0.45)|exact_topic:work-and-burnout via Work/Life Balance (w=1),,none,complete,true,false,Clinical contributor,specialty_matched_organizational_approval,peachtree_psychology_susan_keenan,true,2026-06-19,,
0c09862f-d896-4af9-987f-f83682149089,how-do-i-deal-with-the-pressure-to-document-j5k8l2,david-k-gore-phd,"Kenneth W. Christian, PhD",alex-crenshaw-phd,Dr. Alex Crenshaw,alex-crenshaw-phd,Dr. Alex Crenshaw,Anxiety,anxiety-and-stress,Anxiety & Stress,anxiety-and-mood,Anxiety & Stress,100,high,exact_topic:anxiety-and-stress via Anxiety (w=1)|preferred_specialty_keyword:Anxiety|alt_topic:anxiety-and-stress via OCD (w=0.9)|alt_topic:anxiety-and-stress via Depression (w=0.35),,none,complete,true,false,Clinical contributor,specialty_matched_organizational_approval,peachtree_psychology_susan_keenan,true,2026-06-19,,
0ece6d07-f015-432b-81e6-fb0a5337a3aa,how-do-i-deal-with-the-stigma-of-being-in-recovery,david-k-gore-phd,"Kenneth W. Christian, PhD",amanda-gaines,Amanda Gaines,amanda-gaines,Amanda Gaines,Addictive Behaviors,addiction-and-recovery,Addiction & Recovery,trauma-and-safety,Addiction & Recovery,100,high,parent_theme:trauma-and-safety via Trauma & PTSD|exact_topic:addiction-and-recovery via Substance Use (w=1)|exact_topic:addiction-and-recovery via Addictive Behaviors (w=1),requires_keyword_support:Chronic Illness,none,complete,true,false,Clinical contributor,specialty_matched_organizational_approval,peachtree_psychology_susan_keenan,true,2026-06-19,,
7cd58ae6-5965-460b-9d6f-777dffeedb0b,how-do-i-deal-with-toxic-family-members-177941-009,david-k-gore-phd,"Kenneth W. Christian, PhD",jeannine-jannot,"Jeannine Jannot, Ph.D.",jeannine-jannot,"Jeannine Jannot, Ph.D.",Child,family-and-parenting,Family & Parenting,family-and-parenting,Family Relationships,100,high,exact_topic:family-and-parenting via Parenting (w=1)|exact_topic:family-and-parenting via Child (w=1),,none,complete,true,false,Clinical contributor,specialty_matched_organizational_approval,peachtree_psychology_susan_keenan,true,2026-06-19,true,approve
292afffe-a40a-4c34-afd4-0b2f443ad116,how-do-i-deal-with-trauma-triggers-in-ev-190219-011,david-k-gore-phd,"Kenneth W. Christian, PhD",laura-hilsen,Laura Hilsen,laura-hilsen,Laura Hilsen,Trauma,trauma-and-safety,Trauma & Safety,trauma-and-safety,Trauma & Grief,100,high,alias_keyword:Grief|exact_topic:trauma-and-safety via PTSD (w=1)|exact_topic:trauma-and-safety via Trauma (w=1)|preferred_specialty_keyword:Trauma,,none,complete,true,false,Clinical contributor,specialty_matched_organizational_approval,peachtree_psychology_susan_keenan,true,2026-06-19,,
ba8b8587-42b5-49f4-9a50-f52c5be52b19,how-do-i-deal-with-workplace-surveillance-and-ai-monitoring-anxiety,david-k-gore-phd,"Kenneth W. Christian, PhD",laura-hilsen,Laura Hilsen,laura-hilsen,Laura Hilsen,Anxiety,anxiety-and-stress,Anxiety & Stress,anxiety-and-mood,Anxiety & Stress,100,high,exact_topic:anxiety-and-stress via Anxiety (w=1)|preferred_specialty_keyword:Anxiety|alt_topic:anxiety-and-stress via Depression (w=0.35),,none,complete,true,false,Clinical contributor,specialty_matched_organizational_approval,peachtree_psychology_susan_keenan,true,2026-06-19,,
bcf69729-4165-40c5-8588-96fbfcd8f256,how-do-i-decide-what-to-do-with-their-be-186032-009,david-k-gore-phd,"Kenneth W. Christian, PhD",laura-hilsen,Laura Hilsen,laura-hilsen,Laura Hilsen,Grief and Loss,grief-and-loss,Grief & Loss,life-transitions-and-change,Grief & Loss,100,high,parent_theme:life-transitions-and-change via Life Transitions|exact_topic:grief-and-loss via Grief and Loss (w=1),,none,complete,true,false,Clinical contributor,specialty_matched_organizational_approval,peachtree_psychology_susan_keenan,true,2026-06-19,,
f73546bd-6214-4308-b103-614c9c19d09c,how-do-i-discipline-my-child-without-dam-190974-005,david-k-gore-phd,"Kenneth W. Christian, PhD",susan-keenan,Susan L. Keenan,susan-keenan,Susan L. Keenan,Parenting,family-and-parenting,Family & Parenting,family-and-parenting,Parenting,100,high,exact_topic:family-and-parenting via Family Conflict (w=1)|exact_topic:family-and-parenting via Parenting (w=1)|preferred_specialty_keyword:Parenting,,none,complete,true,false,Clinical contributor,specialty_matched_organizational_approval,peachtree_psychology_susan_keenan,true,2026-06-19,,
314715df-1b92-46f3-ba9f-ccc8ceeae295,how-do-i-explain-gaps-in-my-employment-history-due-to-addiction,david-k-gore-phd,"Kenneth W. Christian, PhD",lynn-lane,Lynn Lane,lynn-lane,Lynn Lane,Substance Abuse & Chemical Dependency,addiction-and-recovery,Addiction & Recovery,trauma-and-safety,Addiction & Recovery,100,high,parent_theme:trauma-and-safety via PTSD|exact_topic:addiction-and-recovery via Substance Abuse & Chemical Dependency (w=1),,none,complete,true,false,Clinical contributor,specialty_matched_organizational_approval,peachtree_psychology_susan_keenan,true,2026-06-19,,
b4a4cdbb-dc4f-4ad5-a1ff-8cf744080fd8,how-do-i-explain-to-others-that-i-cant-just-think-positive-my-way-out-of-depression,david-k-gore-phd,"Kenneth W. Christian, PhD",michaela-hilburn,Michaela Hilburn,michaela-hilburn,Michaela Hilburn,Depression,depression,Depression,anxiety-and-mood,Depression & Numbness,100,high,parent_theme:anxiety-and-mood via Anxiety|exact_topic:depression via Depression (w=1)|preferred_specialty_keyword:Depression,,none,complete,true,false,Clinical contributor,specialty_matched_organizational_approval,peachtree_psychology_susan_keenan,true,2026-06-19,,
18219d42-d155-4449-bc17-957fee6bd20a,how-do-i-find-a-therapist-who-understands-my-g2h5i8,david-k-gore-phd,"Kenneth W. Christian, PhD",jackie-malone,Jackie Malone,jackie-malone,Jackie Malone,Self Esteem,identity-and-self-worth,Identity & Self-Worth,identity-and-self-worth,Identity & Self-Worth,100,high,exact_topic:identity-and-self-worth via Body Image (w=0.4)|demoted_missing_keyword_support|exact_topic:identity-and-self-worth via Life Transitions (w=0.4)|exact_topic:identity-and-self-worth via Self Esteem (w=1),,none,complete,true,false,Clinical contributor,specialty_matched_organizational_approval,peachtree_psychology_susan_keenan,true,2026-06-19,,
05180c4d-e5d2-444d-ad7e-bd70d683d89e,how-do-i-find-a-therapist-who-understands-x8y3z6,david-k-gore-phd,"Kenneth W. Christian, PhD",meredith-price,Meredith Price,meredith-price,Meredith Price,Self Esteem,identity-and-self-worth,Identity & Self-Worth,identity-and-self-worth,Identity & Self-Worth,100,high,exact_topic:identity-and-self-worth via Body Image (w=0.4)|demoted_missing_keyword_support|exact_topic:identity-and-self-worth via Life Transitions (w=0.4)|exact_topic:identity-and-self-worth via Self Esteem (w=1),"requires_keyword_support:Pregnancy, Prenatal, Postpartum",none,complete,true,false,Clinical contributor,specialty_matched_organizational_approval,peachtree_psychology_susan_keenan,true,2026-06-19,,
59e17e0b-6450-4e0d-91fe-551b9885d696,how-do-i-find-balance-between-online-activism-d6e9f3,david-k-gore-phd,"Kenneth W. Christian, PhD",samantha-bryant,Samantha Bryant,samantha-bryant,Samantha Bryant,Career Counseling,work-and-burnout,Work & Burnout,work-and-purpose,Work & Burnout,100,high,exact_topic:work-and-burnout via Career Counseling (w=1)|alt_topic:work-and-burnout via Life Transitions (w=0.45)|alt_topic:work-and-burnout via School Issues (w=0.4),requires_keyword_support:Body Image,none,complete,true,false,Clinical contributor,specialty_matched_organizational_approval,peachtree_psychology_susan_keenan,true,2026-06-19,,
74b2052d-eb9b-4ba6-abc2-de3f56f1bc89,how-do-i-find-meaning-in-work-when-it-feels-s8t2u5,david-k-gore-phd,"Kenneth W. Christian, PhD",samantha-bryant,Samantha Bryant,samantha-bryant,Samantha Bryant,Career Counseling,work-and-burnout,Work & Burnout,work-and-purpose,Work & Burnout,100,high,exact_topic:work-and-burnout via Career Counseling (w=1)|alt_topic:work-and-burnout via Life Transitions (w=0.45)|alt_topic:work-and-burnout via School Issues (w=0.4),requires_keyword_support:Body Image,none,complete,true,false,Clinical contributor,specialty_matched_organizational_approval,peachtree_psychology_susan_keenan,true,2026-06-19,,
c60a8c48-4bcf-46c0-be54-f494788351cd,how-do-i-find-motivation-when-im-depress-190648-011,david-k-gore-phd,"Kenneth W. Christian, PhD",alex-crenshaw-phd,Dr. Alex Crenshaw,alex-crenshaw-phd,Dr. Alex Crenshaw,Depression,depression,Depression,anxiety-and-mood,Depression,100,high,parent_theme:anxiety-and-mood via Anxiety|exact_topic:depression via Depression (w=1)|preferred_specialty_keyword:Depression,,none,complete,true,false,Clinical contributor,specialty_matched_organizational_approval,peachtree_psychology_susan_keenan,true,2026-06-19,,
1990247f-0ef6-4770-be40-4a811bf6f0f8,how-do-i-find-motivation-when-recovery-feels-impossible,david-k-gore-phd,"Kenneth W. Christian, PhD",susan-keenan,Susan L. Keenan,susan-keenan,Susan L. Keenan,Alcohol Use,addiction-and-recovery,Addiction & Recovery,trauma-and-safety,Addiction & Recovery,100,high,parent_theme:trauma-and-safety via Trauma and PTSD|exact_topic:addiction-and-recovery via Alcohol Use (w=1),,none,complete,true,false,Clinical contributor,specialty_matched_organizational_approval,peachtree_psychology_susan_keenan,true,2026-06-19,,
607b7357-54df-4623-afc6-736059e981e8,how-do-i-find-my-purpose-when-nothing-feels-meaningful-h8i9j1,david-k-gore-phd,"Kenneth W. Christian, PhD",meredith-price,Meredith Price,meredith-price,Meredith Price,Self Esteem,identity-and-self-worth,Identity & Self-Worth,identity-and-self-worth,Identity & Self-Worth,100,high,exact_topic:identity-and-self-worth via Body Image (w=0.4)|demoted_missing_keyword_support|alias_keyword:loss|exact_topic:identity-and-self-worth via Life Transitions (w=0.4)|exact_topic:identity-and-self-worth via Self Esteem (w=1),"requires_keyword_support:Pregnancy, Prenatal, Postpartum",none,complete,true,false,Clinical contributor,specialty_matched_organizational_approval,peachtree_psychology_susan_keenan,true,2026-06-19,,
08fa9984-cc42-443e-ac40-5a8b3d4edf75,how-do-i-find-peace-with-uncertainty-in-my-life-o5p6q7,david-k-gore-phd,"Kenneth W. Christian, PhD",samantha-bryant,Samantha Bryant,samantha-bryant,Samantha Bryant,Stress,anxiety-and-stress,Anxiety & Stress,anxiety-and-mood,Anxiety & Stress,100,high,exact_topic:anxiety-and-stress via Anxiety (w=1)|preferred_specialty_keyword:Anxiety|alt_topic:anxiety-and-stress via Depression (w=0.35)|exact_topic:anxiety-and-stress via Stress (w=1),,none,complete,true,false,Clinical contributor,specialty_matched_organizational_approval,peachtree_psychology_susan_keenan,true,2026-06-19,,
74d90aca-d2ae-444f-9ea7-fa330bb4e329,how-do-i-find-purpose-in-my-career-181288-025,david-k-gore-phd,"Kenneth W. Christian, PhD",laura-hilsen,Laura Hilsen,laura-hilsen,Laura Hilsen,Work/Life Balance,work-and-burnout,Work & Burnout,work-and-purpose,Work & Burnout,100,high,exact_topic:work-and-burnout via Life Transitions (w=0.45)|exact_topic:work-and-burnout via Work/Life Balance (w=1),,none,complete,true,false,Clinical contributor,specialty_matched_organizational_approval,peachtree_psychology_susan_keenan,true,2026-06-19,,
5483b5ce-a8f4-4de6-9d74-73aeaf13b034,how-do-i-forgive-someone-who-isnt-sorry-v4w5x6,david-k-gore-phd,"Kenneth W. Christian, PhD",laura-hilsen,Laura Hilsen,laura-hilsen,Laura Hilsen,Infidelity,relationships-and-communication,Relationships & Communication,relationships-and-connection,Relationships & Communication,100,high,exact_topic:relationships-and-communication via Relationship Issues (w=1)|exact_topic:relationships-and-communication via Divorce (w=1)|exact_topic:relationships-and-communication via Infidelity (w=1),,none,complete,true,false,Clinical contributor,specialty_matched_organizational_approval,peachtree_psychology_susan_keenan,true,2026-06-19,,
fd7a9aa7-2053-4f68-bcb1-74f9d862cf89,how-do-i-get-out-of-bed-when-depression-makes-everything-feel-pointless,david-k-gore-phd,"Kenneth W. Christian, PhD",lynn-lane,Lynn Lane,lynn-lane,Lynn Lane,Depression,depression,Depression,anxiety-and-mood,Depression & Numbness,100,high,parent_theme:anxiety-and-mood via Anxiety|exact_topic:depression via Depression (w=1)|preferred_specialty_keyword:Depression,,none,complete,true,false,Clinical contributor,specialty_matched_organizational_approval,peachtree_psychology_susan_keenan,true,2026-06-19,,
dcfe7266-672d-4dbb-be54-2d2a6abd58dc,how-do-i-get-over-a-breakup-when-i-still-185759-031,david-k-gore-phd,"Kenneth W. Christian, PhD",lexi-cooper,Lexi Cooper,lexi-cooper,Lexi Cooper,Familial Relationship Counseling,relationships-and-communication,Relationships & Communication,relationships-and-connection,Relationships & Communication,100,high,exact_topic:relationships-and-communication via Familial Relationship Counseling (w=1),,none,complete,true,false,Clinical contributor,specialty_matched_organizational_approval,peachtree_psychology_susan_keenan,true,2026-06-19,,
8151853b-1157-4ae8-be58-f32f80923437,how-do-i-grieve-someone-i-had-a-complica-184729-004,david-k-gore-phd,"Kenneth W. Christian, PhD",amanda-gaines,Amanda Gaines,amanda-gaines,Amanda Gaines,Grief & Loss,grief-and-loss,Grief & Loss,life-transitions-and-change,Grief & Loss,100,high,alias_keyword:numbness|exact_topic:grief-and-loss via Grief & Loss (w=1),,none,complete,true,false,Clinical contributor,specialty_matched_organizational_approval,peachtree_psychology_susan_keenan,true,2026-06-19,,
1d41e189-07b8-4cb7-ba52-23ebaacbe923,how-do-i-handle-anniversaries-and-holidays-after-losing-someone,david-k-gore-phd,"Kenneth W. Christian, PhD",amanda-gaines,Amanda Gaines,amanda-gaines,Amanda Gaines,Grief & Loss,grief-and-loss,Grief & Loss,life-transitions-and-change,Grief & Loss,100,high,exact_topic:grief-and-loss via Grief & Loss (w=1),,none,complete,true,false,Clinical contributor,specialty_matched_organizational_approval,peachtree_psychology_susan_keenan,true,2026-06-19,,
a5fbeef3-40fc-4adc-acf6-ac9787bffe5d,how-do-i-handle-anniversary-dates-or-other-emotionally-difficult-times,david-k-gore-phd,"Kenneth W. Christian, PhD",liz-webb,Liz Webb,liz-webb,Liz Webb,Substance Use,addiction-and-recovery,Addiction & Recovery,trauma-and-safety,Addiction & Recovery,100,high,exact_topic:addiction-and-recovery via Substance Use (w=1),,none,complete,true,false,Clinical contributor,specialty_matched_organizational_approval,peachtree_psychology_susan_keenan,true,2026-06-19,,
052bc6ae-7355-46bc-9fbe-bfa257904509,how-do-i-handle-anxiety-without-using-substances,david-k-gore-phd,"Kenneth W. Christian, PhD",laura-hilsen,Laura Hilsen,laura-hilsen,Laura Hilsen,Anxiety,anxiety-and-stress,Anxiety & Stress,anxiety-and-mood,Anxiety & Stress,100,high,exact_topic:anxiety-and-stress via Anxiety (w=1)|preferred_specialty_keyword:Anxiety|alt_topic:anxiety-and-stress via Depression (w=0.35),,none,complete,true,false,Clinical contributor,specialty_matched_organizational_approval,peachtree_psychology_susan_keenan,true,2026-06-19,,
962355cc-7f8e-4ef2-ab93-55d104466ad5,how-do-i-handle-burnout-when-im-constantly-worried-about-job-security,david-k-gore-phd,"Kenneth W. Christian, PhD",laura-hilsen,Laura Hilsen,laura-hilsen,Laura Hilsen,Work/Life Balance,work-and-burnout,Work & Burnout,work-and-purpose,Work & Life Balance,100,high,alias_keyword:Anxiety|alt_topic:work-and-burnout via Life Transitions (w=0.45)|exact_topic:work-and-burnout via Work/Life Balance (w=1),,none,complete,true,false,Clinical contributor,specialty_matched_organizational_approval,peachtree_psychology_susan_keenan,true,2026-06-19,,
084f6675-7e12-473c-bd46-9ddb9419cca1,how-do-i-handle-child-support-and-custody-disagreements,david-k-gore-phd,"Kenneth W. Christian, PhD",susan-keenan,Susan L. Keenan,susan-keenan,Susan L. Keenan,Parenting,family-and-parenting,Family & Parenting,family-and-parenting,Family & Parenting,100,high,exact_topic:family-and-parenting via Family Conflict (w=1)|exact_topic:family-and-parenting via Parenting (w=1)|preferred_specialty_keyword:Parenting,,none,complete,true,false,Clinical contributor,specialty_matched_organizational_approval,peachtree_psychology_susan_keenan,true,2026-06-19,,
888f0d44-fbfb-4876-80d3-805b54665177,how-do-i-handle-conflict-with-my-partner-without-damaging-our-relationship,david-k-gore-phd,"Kenneth W. Christian, PhD",lynn-lane,Lynn Lane,lynn-lane,Lynn Lane,Relationship Counseling,relationships-and-communication,Relationships & Communication,relationships-and-connection,Relationships & Communication,100,high,exact_topic:relationships-and-communication via Relationship Counseling (w=1),,none,complete,true,false,Clinical contributor,specialty_matched_organizational_approval,peachtree_psychology_susan_keenan,true,2026-06-19,,
60963aae-219b-4727-bf22-bb8a91dff1b0,how-do-i-handle-co-parenting-with-a-difficult-ex-spouse,david-k-gore-phd,"Kenneth W. Christian, PhD",susan-keenan,Susan L. Keenan,susan-keenan,Susan L. Keenan,Parenting,family-and-parenting,Family & Parenting,family-and-parenting,Family & Parenting,100,high,exact_topic:family-and-parenting via Family Conflict (w=1)|exact_topic:family-and-parenting via Parenting (w=1)|preferred_specialty_keyword:Parenting,,none,complete,true,false,Clinical contributor,specialty_matched_organizational_approval,peachtree_psychology_susan_keenan,true,2026-06-19,,
e54d7af4-6774-49b1-a677-a9a9b95fbada,how-do-i-handle-cravings-that-seem-to-come-out-of-nowhere,david-k-gore-phd,"Kenneth W. Christian, PhD",liz-webb,Liz Webb,liz-webb,Liz Webb,Substance Use,addiction-and-recovery,Addiction & Recovery,trauma-and-safety,Addiction & Recovery,100,high,exact_topic:addiction-and-recovery via Substance Use (w=1),,none,complete,true,false,Clinical contributor,specialty_matched_organizational_approval,peachtree_psychology_susan_keenan,true,2026-06-19,,
33ae1ba4-c6bd-466d-805a-9ffed6b7b225,how-do-i-handle-criticism-without-taking-177940-011,david-k-gore-phd,"Kenneth W. Christian, PhD",laura-hilsen,Laura Hilsen,laura-hilsen,Laura Hilsen,Self-Esteem,general-mental-health,General Mental Health,life-transitions-and-change,Emotional Regulation,86,high,exact_topic:general-mental-health via Anxiety (w=0.45)|exact_topic:general-mental-health via Life Transitions (w=0.7)|alias_keyword:shame|alias_keyword:shame,,none,complete,true,false,Clinical contributor,specialty_matched_organizational_approval,peachtree_psychology_susan_keenan,true,2026-06-19,true,approve
5d306030-c92f-42c1-91b8-639aef2aa3e0,how-do-i-handle-dating-and-relationships-in-recovery,david-k-gore-phd,"Kenneth W. Christian, PhD",lynn-lane,Lynn Lane,lynn-lane,Lynn Lane,Relationship Counseling,relationships-and-communication,Relationships & Communication,relationships-and-connection,Relationships & Communication,100,high,alias_keyword:stress|exact_topic:relationships-and-communication via Relationship Counseling (w=1),,none,complete,true,false,Clinical contributor,specialty_matched_organizational_approval,peachtree_psychology_susan_keenan,true,2026-06-19,,
30e73d20-aec9-4ebf-aa91-00772eab9614,how-do-i-handle-depression-in-college-or-graduate-school,david-k-gore-phd,"Kenneth W. Christian, PhD",kelsey-donahue,Kelsey Madsen (Donahue),kelsey-donahue,Kelsey Madsen (Donahue),Stress,depression,Depression,anxiety-and-mood,Depression,100,high,parent_theme:anxiety-and-mood via Anxiety|alias_keyword:stress|exact_topic:depression via Depression (w=1)|preferred_specialty_keyword:Depression|preferred_specialty_keyword:stress,,none,complete,true,false,Clinical contributor,specialty_matched_organizational_approval,peachtree_psychology_susan_keenan,true,2026-06-19,,
4ddc257e-3351-4988-8907-bd024eece32b,how-do-i-handle-depression-related-guilt-and-shame,david-k-gore-phd,"Kenneth W. Christian, PhD",alex-crenshaw-phd,Dr. Alex Crenshaw,alex-crenshaw-phd,Dr. Alex Crenshaw,Depression,depression,Depression,anxiety-and-mood,Depression,100,high,parent_theme:anxiety-and-mood via Anxiety|exact_topic:depression via Depression (w=1)|preferred_specialty_keyword:Depression,,none,complete,true,false,Clinical contributor,specialty_matched_organizational_approval,peachtree_psychology_susan_keenan,true,2026-06-19,,
3e88b83c-b6f4-4781-aa96-d4eb02c599e9,how-do-i-handle-drug-testing-at-work-while-in-recovery,david-k-gore-phd,"Kenneth W. Christian, PhD",lynn-lane,Lynn Lane,lynn-lane,Lynn Lane,Substance Abuse & Chemical Dependency,addiction-and-recovery,Addiction & Recovery,trauma-and-safety,Addiction & Recovery,100,high,parent_theme:trauma-and-safety via PTSD|exact_topic:addiction-and-recovery via Substance Abuse & Chemical Dependency (w=1),,none,complete,true,false,Clinical contributor,specialty_matched_organizational_approval,peachtree_psychology_susan_keenan,true,2026-06-19,true,approve
e6d65a50-6c34-4022-b37f-7fead19b45cc,how-do-i-handle-family-pressure-about-my-relationship-choices,david-k-gore-phd,"Kenneth W. Christian, PhD",susan-keenan,Susan L. Keenan,susan-keenan,Susan L. Keenan,Relationship Issues,relationships-and-communication,Relationships & Communication,relationships-and-connection,Relationships & Communication,100,high,parent_theme:relationships-and-connection via LGBTQ+|exact_topic:relationships-and-communication via Relationship Issues (w=1),,none,complete,true,false,Clinical contributor,specialty_matched_organizational_approval,peachtree_psychology_susan_keenan,true,2026-06-19,,
f7c3dda2-837c-450f-849d-e1a0e539cfdc,how-do-i-handle-grief-during-holidays-an-185387-010,david-k-gore-phd,"Kenneth W. Christian, PhD",samantha-bryant,Samantha Bryant,samantha-bryant,Samantha Bryant,Grief,grief-and-loss,Grief & Loss,life-transitions-and-change,Grief & Loss,100,high,exact_topic:grief-and-loss via Grief (w=1)|preferred_specialty_keyword:Grief,requires_keyword_support:Body Image,none,complete,true,false,Clinical contributor,specialty_matched_organizational_approval,peachtree_psychology_susan_keenan,true,2026-06-19,,
7a7d5858-77db-4ed0-ba23-778ceee58f9f,how-do-i-handle-guilt-and-shame-about-my-past-actions,david-k-gore-phd,"Kenneth W. Christian, PhD",michaela-hilburn,Michaela Hilburn,michaela-hilburn,Michaela Hilburn,Self-Esteem,general-mental-health,General Mental Health,life-transitions-and-change,General Mental Health,86,high,exact_topic:general-mental-health via Anxiety (w=0.45)|parent_theme:life-transitions-and-change via Grief and Loss|exact_topic:general-mental-health via Life Transitions (w=0.7)|alias_keyword:shame|alias_keyword:shame,,none,complete,true,false,Clinical contributor,specialty_matched_organizational_approval,peachtree_psychology_susan_keenan,true,2026-06-19,true,approve
d1b69990-8ff2-4de7-8e09-7ef1e1591377,how-do-i-handle-holidays-and-family-gatherings-with-an-addicted-relative,david-k-gore-phd,"Kenneth W. Christian, PhD",kelsey-donahue,Kelsey Madsen (Donahue),kelsey-donahue,Kelsey Madsen (Donahue),Parenting,family-and-parenting,Family & Parenting,family-and-parenting,Family & Parenting,100,high,exact_topic:family-and-parenting via Child (w=1)|exact_topic:family-and-parenting via Family Conflict (w=1)|exact_topic:family-and-parenting via Parenting (w=1)|preferred_specialty_keyword:Parenting,requires_keyword_support:Eating Disorders,none,complete,true,false,Clinical contributor,specialty_matched_organizational_approval,peachtree_psychology_susan_keenan,true,2026-06-19,,
51054ce4-2e6e-42aa-b6d7-db720380e816,how-do-i-handle-holidays-and-special-events-after-divorce,david-k-gore-phd,"Kenneth W. Christian, PhD",lynn-lane,Lynn Lane,lynn-lane,Lynn Lane,Relationship Counseling,relationships-and-communication,Relationships & Communication,relationships-and-connection,Relationships & Communication,100,high,alias_keyword:adjustment|exact_topic:relationships-and-communication via Relationship Counseling (w=1),,none,complete,true,false,Clinical contributor,specialty_matched_organizational_approval,peachtree_psychology_susan_keenan,true,2026-06-19,,
0bf42f26-6cd8-4bac-aea8-6ddb8a86d7ce,how-do-i-handle-holidays-and-special-occasions-in-recovery,david-k-gore-phd,"Kenneth W. Christian, PhD",jackie-malone,Jackie Malone,jackie-malone,Jackie Malone,Substance Use,addiction-and-recovery,Addiction & Recovery,trauma-and-safety,Addiction & Recovery,100,high,exact_topic:addiction-and-recovery via Addiction (w=1)|preferred_specialty_keyword:Addiction|exact_topic:addiction-and-recovery via Alcohol Use (w=1)|exact_topic:addiction-and-recovery via Drug Abuse (w=1)|exact_topic:addiction-and-recovery via Substance Use (w=1)|preferred_specialty_keyword:Substance Use,,none,complete,true,false,Clinical contributor,specialty_matched_organizational_approval,peachtree_psychology_susan_keenan,true,2026-06-19,,
6e94e97f-494a-44ed-8e98-e08605aa2a4a,how-do-i-handle-my-childs-tantrums-without-losing-my-temper,david-k-gore-phd,"Kenneth W. Christian, PhD",susan-keenan,Susan L. Keenan,susan-keenan,Susan L. Keenan,Parenting,family-and-parenting,Family & Parenting,family-and-parenting,Family & Parenting,100,high,exact_topic:family-and-parenting via Family Conflict (w=1)|exact_topic:family-and-parenting via Parenting (w=1)|preferred_specialty_keyword:Parenting,,none,complete,true,false,Clinical contributor,specialty_matched_organizational_approval,peachtree_psychology_susan_keenan,true,2026-06-19,,
9d6785d6-4be4-40a4-88ba-75f48838fca3,how-do-i-handle-peer-pressure-to-drink-or-use-drugs,david-k-gore-phd,"Kenneth W. Christian, PhD",jackie-malone,Jackie Malone,jackie-malone,Jackie Malone,Substance Use,addiction-and-recovery,Addiction & Recovery,trauma-and-safety,Addiction & Recovery,100,high,exact_topic:addiction-and-recovery via Addiction (w=1)|preferred_specialty_keyword:Addiction|exact_topic:addiction-and-recovery via Alcohol Use (w=1)|exact_topic:addiction-and-recovery via Drug Abuse (w=1)|exact_topic:addiction-and-recovery via Substance Use (w=1),,none,complete,true,false,Clinical contributor,specialty_matched_organizational_approval,peachtree_psychology_susan_keenan,true,2026-06-19,,
518fd0a3-8162-4ed0-98e8-19be6eb28255,how-do-i-handle-people-who-say-insensiti-186032-003,david-k-gore-phd,"Kenneth W. Christian, PhD",samantha-bryant,Samantha Bryant,samantha-bryant,Samantha Bryant,Grief,grief-and-loss,Grief & Loss,life-transitions-and-change,Grief & Loss,100,high,exact_topic:grief-and-loss via Grief (w=1)|preferred_specialty_keyword:Grief,requires_keyword_support:Body Image,none,complete,true,false,Clinical contributor,specialty_matched_organizational_approval,peachtree_psychology_susan_keenan,true,2026-06-19,,
baf4ef3f-a088-4dbc-95c0-18a25968885c,how-do-i-handle-sibling-rivalry-and-fighting,david-k-gore-phd,"Kenneth W. Christian, PhD",kelsey-donahue,Kelsey Madsen (Donahue),kelsey-donahue,Kelsey Madsen (Donahue),Parenting,family-and-parenting,Family & Parenting,family-and-parenting,Family & Parenting,100,high,exact_topic:family-and-parenting via Child (w=1)|exact_topic:family-and-parenting via Family Conflict (w=1)|exact_topic:family-and-parenting via Parenting (w=1)|preferred_specialty_keyword:Parenting,requires_keyword_support:Eating Disorders,none,complete,true,false,Clinical contributor,specialty_matched_organizational_approval,peachtree_psychology_susan_keenan,true,2026-06-19,,
07db9977-19ac-4f2b-adb1-d0840e7aed9d,how-do-i-handle-social-events-and-gatherings-in-recovery,david-k-gore-phd,"Kenneth W. Christian, PhD",lynn-lane,Lynn Lane,lynn-lane,Lynn Lane,Substance Abuse & Chemical Dependency,addiction-and-recovery,Addiction & Recovery,trauma-and-safety,Addiction & Recovery,100,high,parent_theme:trauma-and-safety via PTSD|exact_topic:addiction-and-recovery via Substance Abuse & Chemical Dependency (w=1),,none,complete,true,false,Clinical contributor,specialty_matched_organizational_approval,peachtree_psychology_susan_keenan,true,2026-06-19,,
717c1e6b-7530-4018-b4e3-0c77c7fe0061,how-do-i-handle-stress-without-turning-to-substances,david-k-gore-phd,"Kenneth W. Christian, PhD",lynn-lane,Lynn Lane,lynn-lane,Lynn Lane,Substance Abuse & Chemical Dependency,addiction-and-recovery,Addiction & Recovery,trauma-and-safety,Addiction & Recovery,100,high,alias_keyword:stress|parent_theme:trauma-and-safety via PTSD|exact_topic:addiction-and-recovery via Substance Abuse & Chemical Dependency (w=1),,none,complete,true,false,Clinical contributor,specialty_matched_organizational_approval,peachtree_psychology_susan_keenan,true,2026-06-19,,
fbdeb2d2-a224-43a1-9d96-f6fde8c8477c,how-do-i-handle-the-stress-of-retraining-for-a-new-career-at-an-older-age,david-k-gore-phd,"Kenneth W. Christian, PhD",michaela-hilburn,Michaela Hilburn,michaela-hilburn,Michaela Hilburn,Work/Life Balance,work-and-burnout,Work & Burnout,work-and-purpose,Work & Life Balance,100,high,alias_keyword:stress|alt_topic:work-and-burnout via Life Transitions (w=0.45)|exact_topic:work-and-burnout via Work/Life Balance (w=1),,none,complete,true,false,Clinical contributor,specialty_matched_organizational_approval,peachtree_psychology_susan_keenan,true,2026-06-19,,
a94fbd2f-ce8b-40a1-a90f-ae90e50d1822,how-do-i-handle-work-stress-without-using-substances,david-k-gore-phd,"Kenneth W. Christian, PhD",jackie-malone,Jackie Malone,jackie-malone,Jackie Malone,Substance Use,addiction-and-recovery,Addiction & Recovery,trauma-and-safety,Addiction & Recovery,100,high,exact_topic:addiction-and-recovery via Addiction (w=1)|preferred_specialty_keyword:Addiction|exact_topic:addiction-and-recovery via Alcohol Use (w=1)|exact_topic:addiction-and-recovery via Drug Abuse (w=1)|preferred_specialty_keyword:stress|exact_topic:addiction-and-recovery via Substance Use (w=1),,none,complete,true,false,Clinical contributor,specialty_matched_organizational_approval,peachtree_psychology_susan_keenan,true,2026-06-19,,
21bb7c44-db8a-4430-981e-8f6cc3b3d494,how-do-i-have-difficult-conversations-wi-190974-007,david-k-gore-phd,"Kenneth W. Christian, PhD",samantha-bryant,Samantha Bryant,samantha-bryant,Samantha Bryant,Marital and Premarital,relationships-and-communication,Relationships & Communication,relationships-and-connection,Communication & Conflict,100,high,parent_theme:relationships-and-connection via Bisexual|exact_topic:relationships-and-communication via Codependency (w=1)|exact_topic:relationships-and-communication via Marital and Premarital (w=1),requires_keyword_support:Body Image,none,complete,true,false,Clinical contributor,specialty_matched_organizational_approval,peachtree_psychology_susan_keenan,true,2026-06-19,,
8651f3db-5878-47ee-94f8-b2efc77e3600,how-do-i-heal-from-childhood-emotional-neglect,david-k-gore-phd,"Kenneth W. Christian, PhD",susan-keenan,Susan L. Keenan,susan-keenan,Susan L. Keenan,Parenting,family-and-parenting,Family & Parenting,family-and-parenting,Family & Parenting,100,high,alias_keyword:Trauma|exact_topic:family-and-parenting via Family Conflict (w=1)|exact_topic:family-and-parenting via Parenting (w=1)|preferred_specialty_keyword:Parenting,,none,complete,true,false,Clinical contributor,specialty_matched_organizational_approval,peachtree_psychology_susan_keenan,true,2026-06-19,,
3c9cf4c8-c253-4038-8095-2b9244522f1d,how-do-i-heal-my-relationship-with-my-inner-child,david-k-gore-phd,"Kenneth W. Christian, PhD",jeannine-jannot,"Jeannine Jannot, Ph.D.",jeannine-jannot,"Jeannine Jannot, Ph.D.",Child,family-and-parenting,Family & Parenting,family-and-parenting,Inner Child & Parenting,100,high,exact_topic:family-and-parenting via Parenting (w=1)|preferred_specialty_keyword:Parenting|exact_topic:family-and-parenting via Child (w=1),,none,complete,true,false,Clinical contributor,specialty_matched_organizational_approval,peachtree_psychology_susan_keenan,true,2026-06-19,,
f71ccd07-d326-48c9-b5a2-4ebefec54d1a,how-do-i-help-a-family-member-who-has-severe-depression-but-refuses-treatment,david-k-gore-phd,"Kenneth W. Christian, PhD",liz-webb,Liz Webb,liz-webb,Liz Webb,Depression,depression,Depression,anxiety-and-mood,Depression,100,high,parent_theme:anxiety-and-mood via Anxiety|exact_topic:depression via Depression (w=1)|preferred_specialty_keyword:Depression,,none,complete,true,false,Clinical contributor,specialty_matched_organizational_approval,peachtree_psychology_susan_keenan,true,2026-06-19,,
960b48c3-e74b-4ca3-97cb-4b484d203e8d,how-do-i-help-my-anxious-child-without-m-190974-004,david-k-gore-phd,"Kenneth W. Christian, PhD",kelsey-donahue,Kelsey Madsen (Donahue),kelsey-donahue,Kelsey Madsen (Donahue),Parenting,family-and-parenting,Family & Parenting,family-and-parenting,Parenting,100,high,alias_keyword:Anxiety|exact_topic:family-and-parenting via Child (w=1)|exact_topic:family-and-parenting via Family Conflict (w=1)|exact_topic:family-and-parenting via Parenting (w=1)|preferred_specialty_keyword:Parenting,,none,complete,true,false,Clinical contributor,specialty_matched_organizational_approval,peachtree_psychology_susan_keenan,true,2026-06-19,,
19388f43-cc1b-4fb9-9980-52b962e01e6c,how-do-i-help-my-child-build-self-confidence,david-k-gore-phd,"Kenneth W. Christian, PhD",jeannine-jannot,"Jeannine Jannot, Ph.D.",jeannine-jannot,"Jeannine Jannot, Ph.D.",Child,family-and-parenting,Family & Parenting,family-and-parenting,Family & Parenting,100,high,exact_topic:family-and-parenting via Parenting (w=1)|preferred_specialty_keyword:Parenting|exact_topic:family-and-parenting via Child (w=1),,none,complete,true,false,Clinical contributor,specialty_matched_organizational_approval,peachtree_psychology_susan_keenan,true,2026-06-19,,
2eca3c5b-70c8-46a1-ad20-615cf2f99d63,how-do-i-help-my-children-adjust-to-divorce,david-k-gore-phd,"Kenneth W. Christian, PhD",susan-keenan,Susan L. Keenan,susan-keenan,Susan L. Keenan,Parenting,family-and-parenting,Family & Parenting,family-and-parenting,Family & Parenting,100,high,exact_topic:family-and-parenting via Family Conflict (w=1)|exact_topic:family-and-parenting via Parenting (w=1)|preferred_specialty_keyword:Parenting,,none,complete,true,false,Clinical contributor,specialty_matched_organizational_approval,peachtree_psychology_susan_keenan,true,2026-06-19,,
9dc51947-37e4-4fa2-891d-de01b5281b0b,how-do-i-help-my-children-understand-dea-186032-007,david-k-gore-phd,"Kenneth W. Christian, PhD",amanda-gaines,Amanda Gaines,amanda-gaines,Amanda Gaines,Grief & Loss,grief-and-loss,Grief & Loss,life-transitions-and-change,Grief & Loss,100,high,exact_topic:grief-and-loss via Grief & Loss (w=1),,none,complete,true,false,Clinical contributor,specialty_matched_organizational_approval,peachtree_psychology_susan_keenan,true,2026-06-19,,
ce52dfa3-9838-4bc0-899e-3c20f46b80d0,how-do-i-help-my-child-who-seems-depressed,david-k-gore-phd,"Kenneth W. Christian, PhD",susan-keenan,Susan L. Keenan,susan-keenan,Susan L. Keenan,Parenting,family-and-parenting,Family & Parenting,family-and-parenting,Family & Parenting,100,high,alias_keyword:Depression|exact_topic:family-and-parenting via Family Conflict (w=1)|exact_topic:family-and-parenting via Parenting (w=1)|preferred_specialty_keyword:Parenting,,none,complete,true,false,Clinical contributor,specialty_matched_organizational_approval,peachtree_psychology_susan_keenan,true,2026-06-19,,
e8f7592b-8782-4521-ae4d-0aa370de898f,how-do-i-help-my-teenager-who-seems-angr-190219-015,david-k-gore-phd,"Kenneth W. Christian, PhD",susan-keenan,Susan L. Keenan,susan-keenan,Susan L. Keenan,Parenting,family-and-parenting,Family & Parenting,family-and-parenting,Parenting,100,high,alias_keyword:Depression|exact_topic:family-and-parenting via Family Conflict (w=1)|exact_topic:family-and-parenting via Parenting (w=1)|preferred_specialty_keyword:Parenting,,none,complete,true,false,Clinical contributor,specialty_matched_organizational_approval,peachtree_psychology_susan_keenan,true,2026-06-19,,
aeb017a4-59d8-48bb-ad5f-717330d7fdd8,how-do-i-help-my-teenager-with-anxiety-without-mak-187459-001,david-k-gore-phd,"Kenneth W. Christian, PhD",jeannine-jannot,"Jeannine Jannot, Ph.D.",jeannine-jannot,"Jeannine Jannot, Ph.D.",Stress,teens-and-identity,Teens & Identity,family-and-parenting,Teen-Specific Questions,86,high,exact_topic:teens-and-identity via School Issues (w=0.45)|exact_topic:teens-and-identity via Parenting (w=0.7)|alias_keyword:Anxiety|alt_topic:teens-and-identity via Child (w=0.7)|alt_topic:teens-and-identity via Education and Learning Disabilities (w=0.45)|alt_topic:teens-and-identity via Executive Functioning (w=0.45)|alt_topic:teens-and-identity via Productivity Coaching (w=0.45)|alias_keyword:Anxiety,,none,complete,true,false,Clinical contributor,specialty_matched_organizational_approval,peachtree_psychology_susan_keenan,true,2026-06-19,,
7ffa3f05-9d16-49ca-9e96-cbb6fea4058b,how-do-i-help-someone-who-doesnt-want-he-186032-025,david-k-gore-phd,"Kenneth W. Christian, PhD",liz-webb,Liz Webb,liz-webb,Liz Webb,Substance Use,addiction-and-recovery,Addiction & Recovery,trauma-and-safety,Addiction & Recovery,100,high,exact_topic:addiction-and-recovery via Substance Use (w=1),,none,complete,true,false,Clinical contributor,specialty_matched_organizational_approval,peachtree_psychology_susan_keenan,true,2026-06-19,,
6ece683e-0844-4755-b5ae-6761f355564c,how-do-i-honor-my-ancestors-while-living-my-own-i4j8k5,david-k-gore-phd,"Kenneth W. Christian, PhD",susan-keenan,Susan L. Keenan,susan-keenan,Susan L. Keenan,Self Esteem,identity-and-self-worth,Identity & Self-Worth,identity-and-self-worth,Identity & Self-Worth,100,high,exact_topic:identity-and-self-worth via Self Esteem (w=1),,none,complete,true,false,Clinical contributor,specialty_matched_organizational_approval,peachtree_psychology_susan_keenan,true,2026-06-19,,
23eabfde-30bf-4187-b908-221617e0736b,how-do-i-improve-communication-with-my-partner,david-k-gore-phd,"Kenneth W. Christian, PhD",jackie-malone,Jackie Malone,jackie-malone,Jackie Malone,Relationship Issues,relationships-and-communication,Relationships & Communication,relationships-and-connection,Relationships & Communication,100,high,parent_theme:relationships-and-connection via Bisexual|exact_topic:relationships-and-communication via Codependency (w=1)|exact_topic:relationships-and-communication via Relationship Issues (w=1),requires_keyword_support:Body Image,none,complete,true,false,Clinical contributor,specialty_matched_organizational_approval,peachtree_psychology_susan_keenan,true,2026-06-19,,
bf5d7849-923e-47aa-a25b-4256a4805011,how-do-i-integrate-plant-medicine-experiences-m3n8o2,david-k-gore-phd,"Kenneth W. Christian, PhD",meredith-price,Meredith Price,meredith-price,Meredith Price,Self Esteem,identity-and-self-worth,Identity & Self-Worth,identity-and-self-worth,Identity & Self-Worth,100,high,exact_topic:identity-and-self-worth via Body Image (w=0.4)|demoted_missing_keyword_support|exact_topic:identity-and-self-worth via Life Transitions (w=0.4)|exact_topic:identity-and-self-worth via Self Esteem (w=1),"requires_keyword_support:Pregnancy, Prenatal, Postpartum",none,complete,true,false,Clinical contributor,specialty_matched_organizational_approval,peachtree_psychology_susan_keenan,true,2026-06-19,,
3d76832d-cd51-4185-853e-760ef3263718,how-do-i-integrate-psychedelic-experiences-into-a8b3c6,david-k-gore-phd,"Kenneth W. Christian, PhD",jackie-malone,Jackie Malone,jackie-malone,Jackie Malone,Self Esteem,identity-and-self-worth,Identity & Self-Worth,identity-and-self-worth,Identity & Self-Worth,100,high,exact_topic:identity-and-self-worth via Body Image (w=0.4)|demoted_missing_keyword_support|exact_topic:identity-and-self-worth via Life Transitions (w=0.4)|exact_topic:identity-and-self-worth via Self Esteem (w=1),,none,complete,true,false,Clinical contributor,specialty_matched_organizational_approval,peachtree_psychology_susan_keenan,true,2026-06-19,,
248a005f-0204-4ca0-9fc3-c401794e9406,how-do-i-know-if-i-have-a-gambling-probl-185759-028,david-k-gore-phd,"Kenneth W. Christian, PhD",liz-webb,Liz Webb,liz-webb,Liz Webb,Substance Use,addiction-and-recovery,Addiction & Recovery,trauma-and-safety,Addiction & Recovery,100,high,exact_topic:addiction-and-recovery via Substance Use (w=1),,none,complete,true,false,Clinical contributor,specialty_matched_organizational_approval,peachtree_psychology_susan_keenan,true,2026-06-19,,
5e53d642-25ac-486e-8430-abc1aff04700,how-do-i-know-if-i-have-anxiety-or-if-im-just-stressed,david-k-gore-phd,"Kenneth W. Christian, PhD",susan-keenan,Susan L. Keenan,susan-keenan,Susan L. Keenan,Anxiety,anxiety-and-stress,Anxiety & Stress,anxiety-and-mood,Anxiety & Stress,100,high,exact_topic:anxiety-and-stress via Depression (w=0.35)|parent_theme:anxiety-and-mood via Depression|exact_topic:anxiety-and-stress via Anxiety (w=1)|preferred_specialty_keyword:Anxiety,,none,complete,true,false,Clinical contributor,specialty_matched_organizational_approval,peachtree_psychology_susan_keenan,true,2026-06-19,,
5f716bd5-8932-4d5e-ab92-5779bde6b18a,how-do-i-know-if-i-have-anxious-attachment,david-k-gore-phd,"Kenneth W. Christian, PhD",jackie-malone,Jackie Malone,jackie-malone,Jackie Malone,Stress,anxiety-and-stress,Anxiety & Stress,anxiety-and-mood,Anxiety & Stress,100,high,exact_topic:anxiety-and-stress via Anxiety (w=1)|preferred_specialty_keyword:Anxiety|alt_topic:anxiety-and-stress via Depression (w=0.35)|exact_topic:anxiety-and-stress via Stress (w=1),,none,complete,true,false,Clinical contributor,specialty_matched_organizational_approval,peachtree_psychology_susan_keenan,true,2026-06-19,,
07fd8f5e-0a24-45b1-b775-ad75a5cb4ae9,how-do-i-know-if-i-have-clinical-depression-versus-just-feeling-sad,david-k-gore-phd,"Kenneth W. Christian, PhD",alex-crenshaw-phd,Dr. Alex Crenshaw,alex-crenshaw-phd,Dr. Alex Crenshaw,Depression,depression,Depression,anxiety-and-mood,Depression,100,high,parent_theme:anxiety-and-mood via Anxiety|exact_topic:depression via Depression (w=1)|preferred_specialty_keyword:Depression,,none,complete,true,false,Clinical contributor,specialty_matched_organizational_approval,peachtree_psychology_susan_keenan,true,2026-06-19,,
f2449ae9-2637-4f89-81cd-432a15596208,how-do-i-know-if-i-have-postpartum-depression-versus-baby-blues,david-k-gore-phd,"Kenneth W. Christian, PhD",amanda-gaines,Amanda Gaines,amanda-gaines,Amanda Gaines,Depression,depression,Depression,anxiety-and-mood,Depression,100,high,parent_theme:anxiety-and-mood via Anxiety|exact_topic:depression via Depression (w=1)|preferred_specialty_keyword:Depression,,none,complete,true,false,Clinical contributor,specialty_matched_organizational_approval,peachtree_psychology_susan_keenan,true,2026-06-19,true,approve
4c047672-19f8-48d2-9570-5a6cb88457cb,how-do-i-know-if-i-have-ptsd-or-just-nor-181288-027,david-k-gore-phd,"Kenneth W. Christian, PhD",lynn-lane,Lynn Lane,lynn-lane,Lynn Lane,Trauma,trauma-and-safety,Trauma & Safety,trauma-and-safety,Trauma & Grief,100,high,alias_keyword:stress|exact_topic:trauma-and-safety via PTSD (w=1)|preferred_specialty_keyword:PTSD|exact_topic:trauma-and-safety via Trauma (w=1)|preferred_specialty_keyword:Trauma,,none,complete,true,false,Clinical contributor,specialty_matched_organizational_approval,peachtree_psychology_susan_keenan,true,2026-06-19,,
ec73aa50-6b0e-44a0-ba05-51b40ea36b2b,how-do-i-know-if-i-have-ptsd-or-trauma,david-k-gore-phd,"Kenneth W. Christian, PhD",samantha-bryant,Samantha Bryant,samantha-bryant,Samantha Bryant,Trauma and PTSD,trauma-and-safety,Trauma & Safety,trauma-and-safety,Trauma & Grief,100,high,alias_keyword:stress|exact_topic:trauma-and-safety via Trauma and PTSD (w=1),,none,complete,true,false,Clinical contributor,specialty_matched_organizational_approval,peachtree_psychology_susan_keenan,true,2026-06-19,,
7b0fbcb9-1759-4437-a8a0-10fd72add734,how-do-i-know-if-i-have-trauma-from-my-c-190974-001,david-k-gore-phd,"Kenneth W. Christian, PhD",amanda-gaines,Amanda Gaines,amanda-gaines,Amanda Gaines,Trauma & PTSD,trauma-and-safety,Trauma & Safety,trauma-and-safety,Trauma & Grief,100,high,alias_keyword:Grief|exact_topic:trauma-and-safety via Trauma & PTSD (w=1),,none,complete,true,false,Clinical contributor,specialty_matched_organizational_approval,peachtree_psychology_susan_keenan,true,2026-06-19,,
86e17a76-c3a5-4c1c-9599-9d8b1748d2b2,how-do-i-know-if-im-being-too-demanding-in-my-rela-186602-013,david-k-gore-phd,"Kenneth W. Christian, PhD",lynn-lane,Lynn Lane,lynn-lane,Lynn Lane,Relationship Counseling,relationships-and-communication,Relationships & Communication,relationships-and-connection,Attachment Styles & Relationship Dynamics,100,high,alias_keyword:Anxiety|exact_topic:relationships-and-communication via Relationship Counseling (w=1),,none,complete,true,false,Clinical contributor,specialty_matched_organizational_approval,peachtree_psychology_susan_keenan,true,2026-06-19,,
535b1b66-1ce8-4441-ab90-442fbd66eca0,how-do-i-know-if-im-burned-out-or-just-s-190219-012,david-k-gore-phd,"Kenneth W. Christian, PhD",samantha-bryant,Samantha Bryant,samantha-bryant,Samantha Bryant,Stress,work-and-burnout,Work & Burnout,work-and-purpose,Work & Burnout,100,high,alias_keyword:stress|exact_topic:work-and-burnout via Career Counseling (w=1)|alt_topic:work-and-burnout via Life Transitions (w=0.45)|alt_topic:work-and-burnout via School Issues (w=0.4)|preferred_specialty_keyword:stress,,none,complete,true,false,Clinical contributor,specialty_matched_organizational_approval,peachtree_psychology_susan_keenan,true,2026-06-19,,
b63dc938-eab0-40b5-8333-90de12eb0c90,how-do-i-know-if-im-depressed-or-just-go-181288-005,david-k-gore-phd,"Kenneth W. Christian, PhD",alex-crenshaw-phd,Dr. Alex Crenshaw,alex-crenshaw-phd,Dr. Alex Crenshaw,Depression,depression,Depression,anxiety-and-mood,Depression,100,high,parent_theme:anxiety-and-mood via Anxiety|exact_topic:depression via Depression (w=1)|preferred_specialty_keyword:Depression,,none,complete,true,false,Clinical contributor,specialty_matched_organizational_approval,peachtree_psychology_susan_keenan,true,2026-06-19,,
b9b67fd1-4509-4e48-a720-350a05b2a329,how-do-i-know-if-im-developing-a-parasocial-relati-189142-004,david-k-gore-phd,"Kenneth W. Christian, PhD",meredith-price,Meredith Price,meredith-price,Meredith Price,Stress,relationships-and-communication,Relationships & Communication,relationships-and-connection,Relationships & Divorce,100,high,alias_keyword:stress|exact_topic:relationships-and-communication via Codependency (w=1)|exact_topic:relationships-and-communication via Marital and Premarital (w=1)|exact_topic:relationships-and-communication via Relationship Issues (w=1)|preferred_specialty_keyword:stress,"requires_keyword_support:Pregnancy, Prenatal, Postpartum",none,complete,true,false,Clinical contributor,specialty_matched_organizational_approval,peachtree_psychology_susan_keenan,true,2026-06-19,,
bc66af5b-504b-4add-bbf4-57e3a073793b,how-do-i-know-if-im-drinking-too-much-190974-009,david-k-gore-phd,"Kenneth W. Christian, PhD",lynn-lane,Lynn Lane,lynn-lane,Lynn Lane,Substance Abuse & Chemical Dependency,addiction-and-recovery,Addiction & Recovery,trauma-and-safety,Addiction & Recovery,100,high,parent_theme:trauma-and-safety via PTSD|exact_topic:addiction-and-recovery via Substance Abuse & Chemical Dependency (w=1),,none,complete,true,false,Clinical contributor,specialty_matched_organizational_approval,peachtree_psychology_susan_keenan,true,2026-06-19,,
7753b801-11f0-49e3-b305-7e38c99d94da,how-do-i-know-if-im-experiencing-burnout-186032-036,david-k-gore-phd,"Kenneth W. Christian, PhD",laura-hilsen,Laura Hilsen,laura-hilsen,Laura Hilsen,Work/Life Balance,work-and-burnout,Work & Burnout,work-and-purpose,"Work, Stress & Burnout",100,high,alias_keyword:stress|alt_topic:work-and-burnout via Life Transitions (w=0.45)|exact_topic:work-and-burnout via Work/Life Balance (w=1),,none,complete,true,false,Clinical contributor,specialty_matched_organizational_approval,peachtree_psychology_susan_keenan,true,2026-06-19,,
cf652264-4c0a-4c93-b184-8619ab112077,how-do-i-know-if-im-experiencing-spiritual-o9p6q1,david-k-gore-phd,"Kenneth W. Christian, PhD",lynn-lane,Lynn Lane,lynn-lane,Lynn Lane,Spiritual Issues,meaning-faith-and-existential-questions,"Meaning, Faith & Existential Questions",spirituality-and-meaning,Spiritual Doubt,93,high,exact_topic:meaning-faith-and-existential-questions via Spiritual Issues (w=0.85)|alias_keyword:Spirituality,,none,complete,true,false,Clinical contributor,specialty_matched_organizational_approval,peachtree_psychology_susan_keenan,true,2026-06-19,,
57ee7ead-422f-44c1-a7a4-a4ca9e98307d,how-do-i-know-if-im-having-a-panic-attack-184730-067,david-k-gore-phd,"Kenneth W. Christian, PhD",laura-hilsen,Laura Hilsen,laura-hilsen,Laura Hilsen,Anxiety,anxiety-and-stress,Anxiety & Stress,anxiety-and-mood,Anxiety & Stress,100,high,exact_topic:anxiety-and-stress via Anxiety (w=1)|preferred_specialty_keyword:Anxiety|alt_topic:anxiety-and-stress via Depression (w=0.35),,none,complete,true,false,Clinical contributor,specialty_matched_organizational_approval,peachtree_psychology_susan_keenan,true,2026-06-19,,
3e63f5c1-2dec-4f72-800a-a2c56abd7275,how-do-i-know-if-i-might-be-depressed,david-k-gore-phd,"Kenneth W. Christian, PhD",alex-crenshaw-phd,Dr. Alex Crenshaw,alex-crenshaw-phd,Dr. Alex Crenshaw,Depression,depression,Depression,anxiety-and-mood,Depression,100,high,parent_theme:anxiety-and-mood via Anxiety|exact_topic:depression via Depression (w=1)|preferred_specialty_keyword:Depression,,none,complete,true,false,Clinical contributor,specialty_matched_organizational_approval,peachtree_psychology_susan_keenan,true,2026-06-19,true,approve
b06b3339-9980-4676-aef3-bc922bb4fb4a,how-do-i-know-if-im-in-a-codependent-relationship,david-k-gore-phd,"Kenneth W. Christian, PhD",meredith-price,Meredith Price,meredith-price,Meredith Price,Relationship Issues,relationships-and-communication,Relationships & Communication,relationships-and-connection,Relationships & Communication,100,high,exact_topic:relationships-and-communication via Codependency (w=1)|exact_topic:relationships-and-communication via Marital and Premarital (w=1)|exact_topic:relationships-and-communication via Relationship Issues (w=1),"requires_keyword_support:Pregnancy, Prenatal, Postpartum|requires_keyword_support:Body Image",none,complete,true,false,Clinical contributor,specialty_matched_organizational_approval,peachtree_psychology_susan_keenan,true,2026-06-19,,
0bb1d30d-32d9-4cde-99a8-b34e8bbc9d2c,how-do-i-know-if-im-in-an-emotionally-ab-177940-025,david-k-gore-phd,"Kenneth W. Christian, PhD",michaela-hilburn,Michaela Hilburn,michaela-hilburn,Michaela Hilburn,PTSD,trauma-and-safety,Trauma & Safety,trauma-and-safety,Relationship Abuse,100,high,exact_topic:trauma-and-safety via Trauma (w=1)|exact_topic:trauma-and-safety via PTSD (w=1),,none,complete,true,false,Clinical contributor,specialty_matched_organizational_approval,peachtree_psychology_susan_keenan,true,2026-06-19,,
61a4502c-f3e7-461a-afb6-d935e5c6f19e,how-do-i-know-if-im-in-a-toxic-relations-190219-007,david-k-gore-phd,"Kenneth W. Christian, PhD",laura-hilsen,Laura Hilsen,laura-hilsen,Laura Hilsen,Infidelity,relationships-and-communication,Relationships & Communication,relationships-and-connection,Relationships & Divorce,100,high,exact_topic:relationships-and-communication via Relationship Issues (w=1)|exact_topic:relationships-and-communication via Divorce (w=1)|preferred_specialty_keyword:divorce|exact_topic:relationships-and-communication via Infidelity (w=1),,none,complete,true,false,Clinical contributor,specialty_matched_organizational_approval,peachtree_psychology_susan_keenan,true,2026-06-19,,
0a6d7f13-461b-4a0c-a3ee-bfd7dc9e1f02,how-do-i-know-if-im-in-a-toxic-relationship-184730-020,david-k-gore-phd,"Kenneth W. Christian, PhD",samantha-bryant,Samantha Bryant,samantha-bryant,Samantha Bryant,Marital and Premarital,relationships-and-communication,Relationships & Communication,relationships-and-connection,Relationships & Divorce,100,high,parent_theme:relationships-and-connection via Bisexual|exact_topic:relationships-and-communication via Codependency (w=1)|exact_topic:relationships-and-communication via Marital and Premarital (w=1),requires_keyword_support:Body Image,none,complete,true,false,Clinical contributor,specialty_matched_organizational_approval,peachtree_psychology_susan_keenan,true,2026-06-19,,
19710edc-2c1f-47fd-bed9-2522ebc8ccf6,how-do-i-know-if-im-ready-for-addiction-recovery,david-k-gore-phd,"Kenneth W. Christian, PhD",liz-webb,Liz Webb,liz-webb,Liz Webb,Substance Use,addiction-and-recovery,Addiction & Recovery,trauma-and-safety,Addiction & Recovery,100,high,exact_topic:addiction-and-recovery via Substance Use (w=1),,none,complete,true,false,Clinical contributor,specialty_matched_organizational_approval,peachtree_psychology_susan_keenan,true,2026-06-19,,
52aecb1c-61c4-425c-9f00-2b16b035103f,how-do-i-know-if-im-ready-to-date-again-181083-088,david-k-gore-phd,"Kenneth W. Christian, PhD",laura-hilsen,Laura Hilsen,laura-hilsen,Laura Hilsen,Infidelity,relationships-and-communication,Relationships & Communication,relationships-and-connection,Relationships & Divorce,100,high,exact_topic:relationships-and-communication via Relationship Issues (w=1)|exact_topic:relationships-and-communication via Divorce (w=1)|preferred_specialty_keyword:divorce|exact_topic:relationships-and-communication via Infidelity (w=1),,none,complete,true,false,Clinical contributor,specialty_matched_organizational_approval,peachtree_psychology_susan_keenan,true,2026-06-19,,
cc9c7b10-1d2c-4844-84b2-38b78637a90c,how-do-i-know-if-im-ready-to-reduce-my-social-q6r9s4,david-k-gore-phd,"Kenneth W. Christian, PhD",laura-hilsen,Laura Hilsen,laura-hilsen,Laura Hilsen,Anxiety,anxiety-and-stress,Anxiety & Stress,anxiety-and-mood,Anxiety & Stress,100,high,exact_topic:anxiety-and-stress via Anxiety (w=1)|preferred_specialty_keyword:Anxiety|alt_topic:anxiety-and-stress via Depression (w=0.35),,none,complete,true,false,Clinical contributor,specialty_matched_organizational_approval,peachtree_psychology_susan_keenan,true,2026-06-19,,
6ba541f5-3176-4a83-a412-3f36bec5241d,how-do-i-know-if-im-truly-healing-or-just-getting-better-at-hiding-my-pain-final-1000,david-k-gore-phd,"Kenneth W. Christian, PhD",laura-hilsen,Laura Hilsen,laura-hilsen,Laura Hilsen,Self-Esteem,identity-and-self-worth,Identity & Self-Worth,identity-and-self-worth,Identity & Self-Worth,100,high,exact_topic:identity-and-self-worth via Life Transitions (w=0.4)|exact_topic:identity-and-self-worth via Self-Compassion (w=1)|exact_topic:identity-and-self-worth via Self-Esteem (w=1),,none,complete,true,false,Clinical contributor,specialty_matched_organizational_approval,peachtree_psychology_susan_keenan,true,2026-06-19,,
eb0788e0-e232-4573-8474-c50438e6fe9a,how-do-i-know-if-i-need-a-break-from-social-w2x6y3,david-k-gore-phd,"Kenneth W. Christian, PhD",jackie-malone,Jackie Malone,jackie-malone,Jackie Malone,Stress,anxiety-and-stress,Anxiety & Stress,anxiety-and-mood,Anxiety & Stress,100,high,exact_topic:anxiety-and-stress via Anxiety (w=1)|preferred_specialty_keyword:Anxiety|alt_topic:anxiety-and-stress via Depression (w=0.35)|exact_topic:anxiety-and-stress via Stress (w=1),,none,complete,true,false,Clinical contributor,specialty_matched_organizational_approval,peachtree_psychology_susan_keenan,true,2026-06-19,,
d1ceae6a-0507-4ad3-a6bd-3441b0669745,how-do-i-know-if-i-need-inpatient-treatment-for-depression,david-k-gore-phd,"Kenneth W. Christian, PhD",laura-hilsen,Laura Hilsen,laura-hilsen,Laura Hilsen,Depression,depression,Depression,anxiety-and-mood,Depression,100,high,parent_theme:anxiety-and-mood via Anxiety|exact_topic:depression via Depression (w=1)|preferred_specialty_keyword:Depression|alt_topic:depression via Mood Disorders (w=0.85),,none,complete,true,false,Clinical contributor,specialty_matched_organizational_approval,peachtree_psychology_susan_keenan,true,2026-06-19,,
bd0461e8-df46-4863-847a-778c4b6834d8,how-do-i-know-if-i-need-professional-hel-186032-001,david-k-gore-phd,"Kenneth W. Christian, PhD",michaela-hilburn,Michaela Hilburn,michaela-hilburn,Michaela Hilburn,Grief and Loss,grief-and-loss,Grief & Loss,life-transitions-and-change,Grief & Loss,100,high,exact_topic:grief-and-loss via Grief and Loss (w=1),,none,complete,true,false,Clinical contributor,specialty_matched_organizational_approval,peachtree_psychology_susan_keenan,true,2026-06-19,,
ed41139f-4670-478d-88ad-cbfa451104e3,how-do-i-know-if-i-need-professional-help-for-my-anxiety,david-k-gore-phd,"Kenneth W. Christian, PhD",jackie-malone,Jackie Malone,jackie-malone,Jackie Malone,Substance Use,anxiety-and-stress,Anxiety & Stress,anxiety-and-mood,Anxiety & Stress,100,high,alias_keyword:substance use|exact_topic:anxiety-and-stress via Anxiety (w=1)|preferred_specialty_keyword:Anxiety|alt_topic:anxiety-and-stress via Depression (w=0.35)|exact_topic:anxiety-and-stress via Stress (w=1)|preferred_specialty_keyword:Substance Use,,none,complete,true,false,Clinical contributor,specialty_matched_organizational_approval,peachtree_psychology_susan_keenan,true,2026-06-19,,
443274c7-9fca-4b22-9b19-f632bef5ac7d,how-do-i-know-if-i-need-professional-help-for-my-drinking,david-k-gore-phd,"Kenneth W. Christian, PhD",lynn-lane,Lynn Lane,lynn-lane,Lynn Lane,Substance Abuse & Chemical Dependency,addiction-and-recovery,Addiction & Recovery,trauma-and-safety,Addiction & Recovery,100,high,parent_theme:trauma-and-safety via PTSD|exact_topic:addiction-and-recovery via Substance Abuse & Chemical Dependency (w=1),,none,complete,true,false,Clinical contributor,specialty_matched_organizational_approval,peachtree_psychology_susan_keenan,true,2026-06-19,,
a055b7b0-9d03-4dfd-bc43-be51574bc977,how-do-i-know-if-i-need-professional-help-for-u9v2w5,david-k-gore-phd,"Kenneth W. Christian, PhD",samantha-bryant,Samantha Bryant,samantha-bryant,Samantha Bryant,Stress,meaning-faith-and-existential-questions,"Meaning, Faith & Existential Questions",spirituality-and-meaning,Spiritual Struggle / Existential Crisis,93,high,alias_keyword:stress|exact_topic:meaning-faith-and-existential-questions via Spirituality (w=0.85)|alias_keyword:stress,,none,complete,true,false,Clinical contributor,specialty_matched_organizational_approval,peachtree_psychology_susan_keenan,true,2026-06-19,,
85d0f89c-dee9-4b1f-b0d5-04299b349ca6,how-do-i-know-if-i-need-therapy-for-depression,david-k-gore-phd,"Kenneth W. Christian, PhD",susan-keenan,Susan L. Keenan,susan-keenan,Susan L. Keenan,Depression,depression,Depression,anxiety-and-mood,Depression,100,high,exact_topic:depression via Depression (w=1)|preferred_specialty_keyword:Depression,,none,complete,true,false,Clinical contributor,specialty_matched_organizational_approval,peachtree_psychology_susan_keenan,true,2026-06-19,,
f9ba5325-7508-484b-9fc0-7f58b3671a8d,how-do-i-know-if-i-need-to-be-hospitalized-for-depression,david-k-gore-phd,"Kenneth W. Christian, PhD",lynn-lane,Lynn Lane,lynn-lane,Lynn Lane,Depression,depression,Depression,anxiety-and-mood,Depression,100,high,parent_theme:anxiety-and-mood via Anxiety|exact_topic:depression via Depression (w=1)|preferred_specialty_keyword:Depression,,none,complete,true,false,Clinical contributor,specialty_matched_organizational_approval,peachtree_psychology_susan_keenan,true,2026-06-19,,
16062281-da59-4e73-8b5a-803ea0262fb7,how-do-i-know-if-microdosing-psychedelics-is-a3b7c2,david-k-gore-phd,"Kenneth W. Christian, PhD",samantha-bryant,Samantha Bryant,samantha-bryant,Samantha Bryant,Self Esteem,identity-and-self-worth,Identity & Self-Worth,identity-and-self-worth,Identity & Self-Worth,100,high,exact_topic:identity-and-self-worth via Body Image (w=0.4)|demoted_missing_keyword_support|exact_topic:identity-and-self-worth via Life Transitions (w=0.4)|exact_topic:identity-and-self-worth via Self Esteem (w=1),,none,complete,true,false,Clinical contributor,specialty_matched_organizational_approval,peachtree_psychology_susan_keenan,true,2026-06-19,,
ed4d0040-2725-425f-859f-86711ad77b39,how-do-i-know-if-my-anxiety-is-normal-or-184730-038,david-k-gore-phd,"Kenneth W. Christian, PhD",liz-webb,Liz Webb,liz-webb,Liz Webb,Anxiety,anxiety-and-stress,Anxiety & Stress,anxiety-and-mood,Anxiety & Stress,100,high,exact_topic:anxiety-and-stress via Anxiety (w=1)|preferred_specialty_keyword:Anxiety|alt_topic:anxiety-and-stress via Depression (w=0.35),,none,complete,true,false,Clinical contributor,specialty_matched_organizational_approval,peachtree_psychology_susan_keenan,true,2026-06-19,,
2db8c303-c81f-423c-a5b0-e7ae6e95fd69,how-do-i-know-if-my-childhood-was-actually-traumatic-or-if-im-overreacting,david-k-gore-phd,"Kenneth W. Christian, PhD",alex-crenshaw-phd,Dr. Alex Crenshaw,alex-crenshaw-phd,Dr. Alex Crenshaw,PTSD,trauma-and-safety,Trauma & Safety,trauma-and-safety,Trauma & Triggers,100,high,exact_topic:trauma-and-safety via Trauma (w=1)|preferred_specialty_keyword:Trauma|exact_topic:trauma-and-safety via PTSD (w=1),,none,complete,true,false,Clinical contributor,specialty_matched_organizational_approval,peachtree_psychology_susan_keenan,true,2026-06-19,,
32ba7579-d7a8-49de-8581-b06556dad22c,how-do-i-know-if-my-child-is-depressed-or-just-going-through-a-phase,david-k-gore-phd,"Kenneth W. Christian, PhD",kelsey-donahue,Kelsey Madsen (Donahue),kelsey-donahue,Kelsey Madsen (Donahue),Stress,family-and-parenting,Family & Parenting,family-and-parenting,Family & Parenting,100,high,alias_keyword:stress|exact_topic:family-and-parenting via Child (w=1)|exact_topic:family-and-parenting via Family Conflict (w=1)|exact_topic:family-and-parenting via Parenting (w=1)|preferred_specialty_keyword:Parenting|preferred_specialty_keyword:stress,,none,complete,true,false,Clinical contributor,specialty_matched_organizational_approval,peachtree_psychology_susan_keenan,true,2026-06-19,,
156e57fe-8da6-45d7-aec2-9976162da80c,how-do-i-know-if-my-depression-is-getting-worse,david-k-gore-phd,"Kenneth W. Christian, PhD",alex-crenshaw-phd,Dr. Alex Crenshaw,alex-crenshaw-phd,Dr. Alex Crenshaw,Depression,depression,Depression,anxiety-and-mood,Depression,100,high,parent_theme:anxiety-and-mood via Anxiety|exact_topic:depression via Depression (w=1)|preferred_specialty_keyword:Depression,,none,complete,true,false,Clinical contributor,specialty_matched_organizational_approval,peachtree_psychology_susan_keenan,true,2026-06-19,,
ab37c9ce-2104-440d-b6cc-ea4988bc60bc,how-do-i-know-if-my-drinking-has-become-190219-016,david-k-gore-phd,"Kenneth W. Christian, PhD",susan-keenan,Susan L. Keenan,susan-keenan,Susan L. Keenan,Alcohol Use,addiction-and-recovery,Addiction & Recovery,trauma-and-safety,Addiction & Recovery,100,high,parent_theme:trauma-and-safety via Trauma and PTSD|exact_topic:addiction-and-recovery via Alcohol Use (w=1),,none,complete,true,false,Clinical contributor,specialty_matched_organizational_approval,peachtree_psychology_susan_keenan,true,2026-06-19,,
b01ab11e-3705-4ed5-9a80-a7f2e4e07c75,how-do-i-know-if-my-drinking-is-a-proble-184729-011,david-k-gore-phd,"Kenneth W. Christian, PhD",susan-keenan,Susan L. Keenan,susan-keenan,Susan L. Keenan,Alcohol Use,addiction-and-recovery,Addiction & Recovery,trauma-and-safety,Addiction & Recovery,100,high,parent_theme:trauma-and-safety via Trauma and PTSD|exact_topic:addiction-and-recovery via Alcohol Use (w=1),,none,complete,true,false,Clinical contributor,specialty_matched_organizational_approval,peachtree_psychology_susan_keenan,true,2026-06-19,,
8fe5f5e9-bacc-4fb4-949a-2ba348ba0b49,how-do-i-know-if-my-drinking-is-becoming-a-problem,david-k-gore-phd,"Kenneth W. Christian, PhD",liz-webb,Liz Webb,liz-webb,Liz Webb,Substance Use,addiction-and-recovery,Addiction & Recovery,trauma-and-safety,Addiction & Recovery,100,high,exact_topic:addiction-and-recovery via Substance Use (w=1),,none,complete,true,false,Clinical contributor,specialty_matched_organizational_approval,peachtree_psychology_susan_keenan,true,2026-06-19,,
47b48356-d814-46a0-ba31-08e585864cf7,how-do-i-know-if-my-marriage-is-worth-saving,david-k-gore-phd,"Kenneth W. Christian, PhD",lexi-cooper,Lexi Cooper,lexi-cooper,Lexi Cooper,Familial Relationship Counseling,relationships-and-communication,Relationships & Communication,relationships-and-connection,Relationships & Communication,100,high,exact_topic:relationships-and-communication via Familial Relationship Counseling (w=1),,none,complete,true,false,Clinical contributor,specialty_matched_organizational_approval,peachtree_psychology_susan_keenan,true,2026-06-19,,
55f58640-3d95-4578-99a0-8d6770185573,how-do-i-know-if-my-psychiatric-medicati-181083-062,david-k-gore-phd,"Kenneth W. Christian, PhD",lexi-cooper,Lexi Cooper,lexi-cooper,Lexi Cooper,Depression,depression,Depression,anxiety-and-mood,Depression,100,high,parent_theme:anxiety-and-mood via Anxiety|exact_topic:depression via Depression (w=1)|preferred_specialty_keyword:Depression,,none,complete,true,false,Clinical contributor,specialty_matched_organizational_approval,peachtree_psychology_susan_keenan,true,2026-06-19,,
bb759689-de97-44b0-a649-e9dd8b83d41e,how-do-i-know-if-my-recovery-program-is-working,david-k-gore-phd,"Kenneth W. Christian, PhD",lynn-lane,Lynn Lane,lynn-lane,Lynn Lane,Substance Abuse & Chemical Dependency,addiction-and-recovery,Addiction & Recovery,trauma-and-safety,Addiction & Recovery,100,high,alias_keyword:stress|parent_theme:trauma-and-safety via PTSD|exact_topic:addiction-and-recovery via Substance Abuse & Chemical Dependency (w=1),,none,complete,true,false,Clinical contributor,specialty_matched_organizational_approval,peachtree_psychology_susan_keenan,true,2026-06-19,,
c71ad11e-a1d0-458d-9733-94d6acc1a38f,how-do-i-know-if-my-relationship-is-emotional-177941-005,david-k-gore-phd,"Kenneth W. Christian, PhD",susan-keenan,Susan L. Keenan,susan-keenan,Susan L. Keenan,Relationship Issues,relationships-and-communication,Relationships & Communication,relationships-and-connection,Relationships,100,high,parent_theme:relationships-and-connection via LGBTQ+|exact_topic:relationships-and-communication via Relationship Issues (w=1),,none,complete,true,false,Clinical contributor,specialty_matched_organizational_approval,peachtree_psychology_susan_keenan,true,2026-06-19,,
b139bc36-35fb-4840-a28c-060479e03792,how-do-i-know-if-my-relationship-is-heal-186032-029,david-k-gore-phd,"Kenneth W. Christian, PhD",meredith-price,Meredith Price,meredith-price,Meredith Price,Relationship Issues,relationships-and-communication,Relationships & Communication,relationships-and-connection,Relationships & Communication,100,high,exact_topic:relationships-and-communication via Codependency (w=1)|exact_topic:relationships-and-communication via Marital and Premarital (w=1)|exact_topic:relationships-and-communication via Relationship Issues (w=1),"requires_keyword_support:Pregnancy, Prenatal, Postpartum|requires_keyword_support:Body Image",none,complete,true,false,Clinical contributor,specialty_matched_organizational_approval,peachtree_psychology_susan_keenan,true,2026-06-19,,
3d1bae01-8070-46e1-9ab7-40810e24622b,how-do-i-know-if-my-relationship-is-toxic,david-k-gore-phd,"Kenneth W. Christian, PhD",samantha-bryant,Samantha Bryant,samantha-bryant,Samantha Bryant,Marital and Premarital,relationships-and-communication,Relationships & Communication,relationships-and-connection,Relationships & Communication,100,high,parent_theme:relationships-and-connection via Bisexual|exact_topic:relationships-and-communication via Codependency (w=1)|exact_topic:relationships-and-communication via Marital and Premarital (w=1),requires_keyword_support:Body Image,none,complete,true,false,Clinical contributor,specialty_matched_organizational_approval,peachtree_psychology_susan_keenan,true,2026-06-19,,
9a6acb6e-879c-46b8-a0e4-d8d5c9f3f302,how-do-i-know-if-my-relationship-is-wort-181288-011,david-k-gore-phd,"Kenneth W. Christian, PhD",meredith-price,Meredith Price,meredith-price,Meredith Price,Stress,relationships-and-communication,Relationships & Communication,relationships-and-connection,Relationships & Divorce,100,high,alias_keyword:stress|exact_topic:relationships-and-communication via Codependency (w=1)|exact_topic:relationships-and-communication via Marital and Premarital (w=1)|exact_topic:relationships-and-communication via Relationship Issues (w=1)|preferred_specialty_keyword:stress,"requires_keyword_support:Pregnancy, Prenatal, Postpartum",none,complete,true,false,Clinical contributor,specialty_matched_organizational_approval,peachtree_psychology_susan_keenan,true,2026-06-19,,
8cce97ff-9c05-4bd7-8c7f-cd3e9980553f,how-do-i-know-if-my-sadness-is-normal-grief-or-clinical-depression,david-k-gore-phd,"Kenneth W. Christian, PhD",susan-keenan,Susan L. Keenan,susan-keenan,Susan L. Keenan,Grief,depression,Depression,anxiety-and-mood,Depression,100,high,exact_topic:depression via Depression (w=1)|preferred_specialty_keyword:Depression|preferred_specialty_keyword:Grief,,none,complete,true,false,Clinical contributor,specialty_matched_organizational_approval,peachtree_psychology_susan_keenan,true,2026-06-19,,
46e687b0-6e4d-47ea-84a5-0ea02d0c5bbd,how-do-i-know-if-my-stress-levels-are-unhealthy,david-k-gore-phd,"Kenneth W. Christian, PhD",liz-webb,Liz Webb,liz-webb,Liz Webb,Anxiety,anxiety-and-stress,Anxiety & Stress,anxiety-and-mood,Anxiety & Stress,100,high,exact_topic:anxiety-and-stress via Anxiety (w=1)|preferred_specialty_keyword:Anxiety|alt_topic:anxiety-and-stress via Depression (w=0.35),,none,complete,true,false,Clinical contributor,specialty_matched_organizational_approval,peachtree_psychology_susan_keenan,true,2026-06-19,,
103ddcfe-6cef-4ae0-bf4b-62d4a9f2f6d0,how-do-i-know-if-my-teenager-has-depression,david-k-gore-phd,"Kenneth W. Christian, PhD",lynn-lane,Lynn Lane,lynn-lane,Lynn Lane,Depression,depression,Depression,anxiety-and-mood,Depression,100,high,parent_theme:anxiety-and-mood via Anxiety|exact_topic:depression via Depression (w=1)|preferred_specialty_keyword:Depression,,none,complete,true,false,Clinical contributor,specialty_matched_organizational_approval,peachtree_psychology_susan_keenan,true,2026-06-19,,
6c419751-373d-4bdc-bb2f-32052bf4d44b,how-do-i-know-if-my-therapist-is-right-for-me-s5t9u1,david-k-gore-phd,"Kenneth W. Christian, PhD",michaela-hilburn,Michaela Hilburn,michaela-hilburn,Michaela Hilburn,Self-Esteem,identity-and-self-worth,Identity & Self-Worth,identity-and-self-worth,Identity & Self-Worth,100,high,exact_topic:identity-and-self-worth via Life Transitions (w=0.4)|exact_topic:identity-and-self-worth via Self-Compassion (w=1)|exact_topic:identity-and-self-worth via Self-Esteem (w=1),,none,complete,true,false,Clinical contributor,specialty_matched_organizational_approval,peachtree_psychology_susan_keenan,true,2026-06-19,,
609a9568-ad42-4fae-97ea-0d15764f0df6,how-do-i-know-if-psychedelics-could-help-with-my-depression-h7k3m9,david-k-gore-phd,"Kenneth W. Christian, PhD",kelsey-donahue,Kelsey Madsen (Donahue),kelsey-donahue,Kelsey Madsen (Donahue),Depression,depression,Depression,anxiety-and-mood,Depression,100,high,parent_theme:anxiety-and-mood via Anxiety|exact_topic:depression via Depression (w=1)|preferred_specialty_keyword:Depression,,none,complete,true,false,Clinical contributor,specialty_matched_organizational_approval,peachtree_psychology_susan_keenan,true,2026-06-19,,
e4bfcd15-f369-46f0-ae48-e27ae05ae6a6,how-do-i-know-if-someone-i-love-is-using-186032-021,david-k-gore-phd,"Kenneth W. Christian, PhD",amanda-gaines,Amanda Gaines,amanda-gaines,Amanda Gaines,Addictive Behaviors,addiction-and-recovery,Addiction & Recovery,trauma-and-safety,Addiction & Recovery,100,high,parent_theme:trauma-and-safety via Trauma & PTSD|exact_topic:addiction-and-recovery via Substance Use (w=1)|exact_topic:addiction-and-recovery via Addictive Behaviors (w=1),requires_keyword_support:Chronic Illness,none,complete,true,false,Clinical contributor,specialty_matched_organizational_approval,peachtree_psychology_susan_keenan,true,2026-06-19,,
b6208e5f-91a6-4986-bc9a-e13c4d38b3c8,how-do-i-know-if-what-im-experiencing-is-depression-or-just-sadness,david-k-gore-phd,"Kenneth W. Christian, PhD",amanda-gaines,Amanda Gaines,amanda-gaines,Amanda Gaines,Depression,depression,Depression,anxiety-and-mood,Depression,100,high,parent_theme:anxiety-and-mood via Anxiety|exact_topic:depression via Depression (w=1)|preferred_specialty_keyword:Depression,,none,complete,true,false,Clinical contributor,specialty_matched_organizational_approval,peachtree_psychology_susan_keenan,true,2026-06-19,,
2bcd15c6-cae9-4c98-bcd3-50fee95c78f3,how-do-i-know-when-its-time-to-end-a-fri-186032-035,david-k-gore-phd,"Kenneth W. Christian, PhD",lynn-lane,Lynn Lane,lynn-lane,Lynn Lane,Relationship Counseling,relationships-and-communication,Relationships & Communication,relationships-and-connection,Relationships & Communication,100,high,exact_topic:relationships-and-communication via Relationship Counseling (w=1),,none,complete,true,false,Clinical contributor,specialty_matched_organizational_approval,peachtree_psychology_susan_keenan,true,2026-06-19,,
c7f2fbc8-c97f-40c1-99e3-174f071660e3,how-do-i-know-when-its-time-to-end-a-relationship,david-k-gore-phd,"Kenneth W. Christian, PhD",sarah-evers,Sarah Evers,sarah-evers,Sarah Evers,Building Healthy Relationships,relationships-and-communication,Relationships & Communication,relationships-and-connection,Relationships & Communication,100,high,alias_keyword:stress|exact_topic:relationships-and-communication via Building Healthy Relationships (w=1),requires_keyword_support:Chronic Illness & Disability|requires_keyword_support:Caregiver Stress,none,complete,true,false,Clinical contributor,specialty_matched_organizational_approval,peachtree_psychology_susan_keenan,true,2026-06-19,,
baeade2f-29da-455e-89fa-7b25e0a80338,how-do-i-know-when-to-cut-off-contact-with-my-addicted-family-member,david-k-gore-phd,"Kenneth W. Christian, PhD",meredith-price,Meredith Price,meredith-price,Meredith Price,Parenting,family-and-parenting,Family & Parenting,family-and-parenting,Family & Parenting,100,high,"exact_topic:family-and-parenting via Pregnancy, Prenatal, Postpartum (w=0.7)|demoted_missing_keyword_support|exact_topic:family-and-parenting via Family Conflict (w=1)|alt_topic:family-and-parenting via Infertility (w=0.7)|demoted_missing_keyword_support|exact_topic:family-and-parenting via Parenting (w=1)|preferred_specialty_keyword:Parenting",,none,complete,true,false,Clinical contributor,specialty_matched_organizational_approval,peachtree_psychology_susan_keenan,true,2026-06-19,,
94fa8790-ff99-4416-98f9-3ef031f29cb8,how-do-i-live-with-knowing-everyone-i-love-will-die-someday,david-k-gore-phd,"Kenneth W. Christian, PhD",samantha-bryant,Samantha Bryant,samantha-bryant,Samantha Bryant,Stress,meaning-faith-and-existential-questions,"Meaning, Faith & Existential Questions",spirituality-and-meaning,Spiritual Struggle / Existential Crisis,93,high,alias_keyword:Anxiety|exact_topic:meaning-faith-and-existential-questions via Spirituality (w=0.85)|alias_keyword:Anxiety,,none,complete,true,false,Clinical contributor,specialty_matched_organizational_approval,peachtree_psychology_susan_keenan,true,2026-06-27,,
5cd305bd-78f0-440f-b90f-a6f25405c216,how-do-i-maintain-cultural-identity-while-i9j4k7,david-k-gore-phd,"Kenneth W. Christian, PhD",michaela-hilburn,Michaela Hilburn,michaela-hilburn,Michaela Hilburn,Self-Esteem,identity-and-self-worth,Identity & Self-Worth,identity-and-self-worth,Identity & Self-Worth,100,high,exact_topic:identity-and-self-worth via Life Transitions (w=0.4)|exact_topic:identity-and-self-worth via Self-Compassion (w=1)|exact_topic:identity-and-self-worth via Self-Esteem (w=1),,none,complete,true,false,Clinical contributor,specialty_matched_organizational_approval,peachtree_psychology_susan_keenan,true,2026-06-19,,
2b96c87c-fc63-4856-82d1-0fe0c65cd373,how-do-i-maintain-my-job-while-dealing-with-depression,david-k-gore-phd,"Kenneth W. Christian, PhD",amanda-gaines,Amanda Gaines,amanda-gaines,Amanda Gaines,Depression,depression,Depression,anxiety-and-mood,Depression,100,high,parent_theme:anxiety-and-mood via Anxiety|exact_topic:depression via Depression (w=1)|preferred_specialty_keyword:Depression,,none,complete,true,false,Clinical contributor,specialty_matched_organizational_approval,peachtree_psychology_susan_keenan,true,2026-06-19,,
2567f59c-767d-47b4-85f2-fc4272568a2a,how-do-i-maintain-my-recovery-during-major-life-changes,david-k-gore-phd,"Kenneth W. Christian, PhD",amanda-gaines,Amanda Gaines,amanda-gaines,Amanda Gaines,Addictive Behaviors,addiction-and-recovery,Addiction & Recovery,trauma-and-safety,Addiction & Recovery,100,high,alias_keyword:loss|parent_theme:trauma-and-safety via Trauma & PTSD|exact_topic:addiction-and-recovery via Substance Use (w=1)|exact_topic:addiction-and-recovery via Addictive Behaviors (w=1),requires_keyword_support:Chronic Illness,none,complete,true,false,Clinical contributor,specialty_matched_organizational_approval,peachtree_psychology_susan_keenan,true,2026-06-19,,
affb82cd-e3a5-4e24-83a9-a4b815df2f48,how-do-i-maintain-my-sense-of-identity-during-reti-187459-024,david-k-gore-phd,"Kenneth W. Christian, PhD",laura-hilsen,Laura Hilsen,laura-hilsen,Laura Hilsen,Grief and Loss,general-mental-health,General Mental Health,life-transitions-and-change,Life Transitions,86,high,exact_topic:general-mental-health via Anxiety (w=0.45)|exact_topic:general-mental-health via Life Transitions (w=0.7)|alias_keyword:Life Transitions|alias_keyword:loss,,none,complete,true,false,Clinical contributor,specialty_matched_organizational_approval,peachtree_psychology_susan_keenan,true,2026-06-19,true,approve
d234fdc7-17c0-4051-8e49-e732473a62c6,how-do-i-make-amends-to-people-i-hurt-during-my-addiction,david-k-gore-phd,"Kenneth W. Christian, PhD",liz-webb,Liz Webb,liz-webb,Liz Webb,Substance Use,addiction-and-recovery,Addiction & Recovery,trauma-and-safety,Addiction & Recovery,100,high,exact_topic:addiction-and-recovery via Substance Use (w=1),,none,complete,true,false,Clinical contributor,specialty_matched_organizational_approval,peachtree_psychology_susan_keenan,true,2026-06-19,,
59c410ad-9163-44b2-ae07-7eea5928b158,how-do-i-manage-anxiety-about-ai-taking-over-my-job,david-k-gore-phd,"Kenneth W. Christian, PhD",amanda-gaines,Amanda Gaines,amanda-gaines,Amanda Gaines,Anxiety,anxiety-and-stress,Anxiety & Stress,anxiety-and-mood,Anxiety & Stress,100,high,exact_topic:anxiety-and-stress via Anxiety (w=1)|preferred_specialty_keyword:Anxiety|alt_topic:anxiety-and-stress via Depression (w=0.35),,none,complete,true,false,Clinical contributor,specialty_matched_organizational_approval,peachtree_psychology_susan_keenan,true,2026-06-19,,
f235e389-2eeb-48c8-9bea-3b78141c9aa6,how-do-i-manage-depression-while-working-a-demanding-job,david-k-gore-phd,"Kenneth W. Christian, PhD",michaela-hilburn,Michaela Hilburn,michaela-hilburn,Michaela Hilburn,Depression,depression,Depression,anxiety-and-mood,Depression,100,high,parent_theme:anxiety-and-mood via Anxiety|exact_topic:depression via Depression (w=1)|preferred_specialty_keyword:Depression,,none,complete,true,false,Clinical contributor,specialty_matched_organizational_approval,peachtree_psychology_susan_keenan,true,2026-06-19,,
7d9e1022-d7f5-47de-94a5-bd2c3191eb94,how-do-i-manage-financial-stress-when-my-industry-is-being-disrupted-by-ai,david-k-gore-phd,"Kenneth W. Christian, PhD",laura-hilsen,Laura Hilsen,laura-hilsen,Laura Hilsen,Work/Life Balance,work-and-burnout,Work & Burnout,work-and-purpose,Work & Life Balance,100,high,alias_keyword:Anxiety|alt_topic:work-and-burnout via Life Transitions (w=0.45)|exact_topic:work-and-burnout via Work/Life Balance (w=1),,none,complete,true,false,Clinical contributor,specialty_matched_organizational_approval,peachtree_psychology_susan_keenan,true,2026-06-19,,
57ced82b-f858-4354-9cc2-a9bb73586eb4,how-do-i-manage-screen-time-when-my-job-requires-b4c8d3,david-k-gore-phd,"Kenneth W. Christian, PhD",samantha-bryant,Samantha Bryant,samantha-bryant,Samantha Bryant,Career Counseling,work-and-burnout,Work & Burnout,work-and-purpose,Work & Burnout,100,high,exact_topic:work-and-burnout via Career Counseling (w=1)|alt_topic:work-and-burnout via Life Transitions (w=0.45)|alt_topic:work-and-burnout via School Issues (w=0.4),requires_keyword_support:Body Image,none,complete,true,false,Clinical contributor,specialty_matched_organizational_approval,peachtree_psychology_susan_keenan,true,2026-06-19,,
a3f92e92-cc4e-4bc9-b81a-d249572277ca,how-do-i-manage-screen-time-without-feeling-like-m4n7o1,david-k-gore-phd,"Kenneth W. Christian, PhD",michaela-hilburn,Michaela Hilburn,michaela-hilburn,Michaela Hilburn,Work/Life Balance,work-and-burnout,Work & Burnout,work-and-purpose,Work & Burnout,100,high,alias_keyword:Anxiety|alt_topic:work-and-burnout via Life Transitions (w=0.45)|exact_topic:work-and-burnout via Work/Life Balance (w=1),,none,complete,true,false,Clinical contributor,specialty_matched_organizational_approval,peachtree_psychology_susan_keenan,true,2026-06-19,,
718d70a4-16d2-47f2-8fdf-a3ef099f4bca,how-do-i-manage-stress-at-work,david-k-gore-phd,"Kenneth W. Christian, PhD",michaela-hilburn,Michaela Hilburn,michaela-hilburn,Michaela Hilburn,Work/Life Balance,work-and-burnout,Work & Burnout,work-and-purpose,Work & Life Balance,100,high,alias_keyword:stress|alt_topic:work-and-burnout via Life Transitions (w=0.45)|exact_topic:work-and-burnout via Work/Life Balance (w=1),,none,complete,true,false,Clinical contributor,specialty_matched_organizational_approval,peachtree_psychology_susan_keenan,true,2026-06-19,,
897615e0-de13-4890-9d87-4020c55bca31,how-do-i-manage-the-anxiety-of-being-constantly-r2s5t8,david-k-gore-phd,"Kenneth W. Christian, PhD",kelsey-donahue,Kelsey Madsen (Donahue),kelsey-donahue,Kelsey Madsen (Donahue),Stress,anxiety-and-stress,Anxiety & Stress,anxiety-and-mood,Anxiety & Stress,100,high,exact_topic:anxiety-and-stress via Anxiety (w=1)|preferred_specialty_keyword:Anxiety|alt_topic:anxiety-and-stress via Depression (w=0.35)|exact_topic:anxiety-and-stress via Stress (w=1),,none,complete,true,false,Clinical contributor,specialty_matched_organizational_approval,peachtree_psychology_susan_keenan,true,2026-06-19,,
4f84ca3e-3f9b-4b1d-ac0d-4ea416e4ae3d,how-do-i-manage-the-fear-of-missing-out-on-x4y7z1,david-k-gore-phd,"Kenneth W. Christian, PhD",amanda-gaines,Amanda Gaines,amanda-gaines,Amanda Gaines,Anxiety,anxiety-and-stress,Anxiety & Stress,anxiety-and-mood,Anxiety & Stress,100,high,exact_topic:anxiety-and-stress via Anxiety (w=1)|preferred_specialty_keyword:Anxiety|alt_topic:anxiety-and-stress via Depression (w=0.35),,none,complete,true,false,Clinical contributor,specialty_matched_organizational_approval,peachtree_psychology_susan_keenan,true,2026-06-19,,
ccd79c2b-82b0-4015-aa49-4c13ea20c5fa,how-do-i-motivate-myself-when-everything-181288-003,david-k-gore-phd,"Kenneth W. Christian, PhD",susan-keenan,Susan L. Keenan,susan-keenan,Susan L. Keenan,Depression,depression,Depression,anxiety-and-mood,Depression,100,high,exact_topic:depression via Depression (w=1)|preferred_specialty_keyword:Depression,,none,complete,true,false,Clinical contributor,specialty_matched_organizational_approval,peachtree_psychology_susan_keenan,true,2026-06-19,,
01153ef1-afa5-49e7-81b8-c4627d831195,how-do-i-overcome-perfectionism-at-work-186032-040,david-k-gore-phd,"Kenneth W. Christian, PhD",samantha-bryant,Samantha Bryant,samantha-bryant,Samantha Bryant,Career Counseling,work-and-burnout,Work & Burnout,work-and-purpose,"Work, Stress & Burnout",100,high,alias_keyword:Anxiety|exact_topic:work-and-burnout via Career Counseling (w=1)|alt_topic:work-and-burnout via Life Transitions (w=0.45)|alt_topic:work-and-burnout via School Issues (w=0.4),,none,complete,true,false,Clinical contributor,specialty_matched_organizational_approval,peachtree_psychology_susan_keenan,true,2026-06-19,,
77b3704a-5b58-4392-8799-d97001fb34f1,how-do-i-overcome-sexual-anxiety-and-performance-pressure,david-k-gore-phd,"Kenneth W. Christian, PhD",amanda-gaines,Amanda Gaines,amanda-gaines,Amanda Gaines,Anxiety,anxiety-and-stress,Anxiety & Stress,anxiety-and-mood,Anxiety & Stress,100,high,exact_topic:anxiety-and-stress via Anxiety (w=1)|preferred_specialty_keyword:Anxiety|alt_topic:anxiety-and-stress via Depression (w=0.35),,none,complete,true,false,Clinical contributor,specialty_matched_organizational_approval,peachtree_psychology_susan_keenan,true,2026-06-19,,
788c2788-3741-43ef-8391-c0239e91368f,how-do-i-parent-effectively-when-im-struggling-with-depression,david-k-gore-phd,"Kenneth W. Christian, PhD",laura-hilsen,Laura Hilsen,laura-hilsen,Laura Hilsen,Depression,depression,Depression,anxiety-and-mood,Depression,100,high,parent_theme:anxiety-and-mood via Anxiety|exact_topic:depression via Depression (w=1)|preferred_specialty_keyword:Depression|alt_topic:depression via Mood Disorders (w=0.85),,none,complete,true,false,Clinical contributor,specialty_matched_organizational_approval,peachtree_psychology_susan_keenan,true,2026-06-19,,
42b8cdd1-7af6-474f-a46d-df66149baaf8,how-do-i-practice-mindful-eating,david-k-gore-phd,"Kenneth W. Christian, PhD",meredith-price,Meredith Price,meredith-price,Meredith Price,Stress,identity-and-self-worth,Identity & Self-Worth,identity-and-self-worth,Identity & Self-Worth,100,high,alias_keyword:stress|alt_topic:identity-and-self-worth via Body Image (w=0.4)|alt_topic:identity-and-self-worth via Life Transitions (w=0.4)|exact_topic:identity-and-self-worth via Self Esteem (w=1)|preferred_specialty_keyword:stress,"requires_keyword_support:Pregnancy, Prenatal, Postpartum",none,complete,true,false,Clinical contributor,specialty_matched_organizational_approval,peachtree_psychology_susan_keenan,true,2026-06-19,true,approve
ca2519e1-3add-42b3-9292-0fd9d148088b,how-do-i-prepare-for-my-first-psychedelic-f4g7h1,david-k-gore-phd,"Kenneth W. Christian, PhD",michaela-hilburn,Michaela Hilburn,michaela-hilburn,Michaela Hilburn,Self-Esteem,identity-and-self-worth,Identity & Self-Worth,identity-and-self-worth,Identity & Self-Worth,100,high,exact_topic:identity-and-self-worth via Life Transitions (w=0.4)|exact_topic:identity-and-self-worth via Self-Compassion (w=1)|exact_topic:identity-and-self-worth via Self-Esteem (w=1),,none,complete,true,false,Clinical contributor,specialty_matched_organizational_approval,peachtree_psychology_susan_keenan,true,2026-06-19,,
70c4afac-d291-47cf-a38c-b4f46375e5e3,how-do-i-process-grief-after-losing-someone-close-to-me,david-k-gore-phd,"Kenneth W. Christian, PhD",liz-webb,Liz Webb,liz-webb,Liz Webb,Grief & Loss,grief-and-loss,Grief & Loss,life-transitions-and-change,Grief & Loss,100,high,alias_keyword:numbness|exact_topic:grief-and-loss via Grief & Loss (w=1),,none,complete,true,false,Clinical contributor,specialty_matched_organizational_approval,peachtree_psychology_susan_keenan,true,2026-06-19,,
8a896375-c44e-4c0a-a768-563580b4ec95,how-do-i-protect-my-children-from-my-own-mental-health-struggles,david-k-gore-phd,"Kenneth W. Christian, PhD",kelsey-donahue,Kelsey Madsen (Donahue),kelsey-donahue,Kelsey Madsen (Donahue),Parenting,family-and-parenting,Family & Parenting,family-and-parenting,Inner Child & Parenting,100,high,exact_topic:family-and-parenting via Child (w=1)|exact_topic:family-and-parenting via Family Conflict (w=1)|exact_topic:family-and-parenting via Parenting (w=1)|preferred_specialty_keyword:Parenting,requires_keyword_support:Eating Disorders,none,complete,true,false,Clinical contributor,specialty_matched_organizational_approval,peachtree_psychology_susan_keenan,true,2026-06-19,,
2b02b005-691b-4ded-8ded-554e9a4485fe,how-do-i-protect-my-children-from-their-parents-addiction,david-k-gore-phd,"Kenneth W. Christian, PhD",amanda-gaines,Amanda Gaines,amanda-gaines,Amanda Gaines,Addictive Behaviors,addiction-and-recovery,Addiction & Recovery,trauma-and-safety,Addiction & Recovery,100,high,parent_theme:trauma-and-safety via Trauma & PTSD|exact_topic:addiction-and-recovery via Substance Use (w=1)|exact_topic:addiction-and-recovery via Addictive Behaviors (w=1),requires_keyword_support:Chronic Illness,none,complete,true,false,Clinical contributor,specialty_matched_organizational_approval,peachtree_psychology_susan_keenan,true,2026-06-19,,
02e25548-610a-4402-96e8-70797fb2fdf6,how-do-i-rebuild-intimacy-after-infidelity-or-betrayal,david-k-gore-phd,"Kenneth W. Christian, PhD",laura-hilsen,Laura Hilsen,laura-hilsen,Laura Hilsen,Infidelity,general-mental-health,General Mental Health,life-transitions-and-change,General Mental Health,94,high,exact_topic:general-mental-health via Anxiety (w=0.45)|exact_topic:general-mental-health via Life Transitions (w=0.7)|alias_keyword:couples|alias_keyword:couples|alias_keyword:couples,,none,complete,true,false,Clinical contributor,specialty_matched_organizational_approval,peachtree_psychology_susan_keenan,true,2026-06-19,,
58f6fb3e-aca2-484f-9f9e-6761e63cfadd,how-do-i-rebuild-intimacy-in-my-relationship,david-k-gore-phd,"Kenneth W. Christian, PhD",lexi-cooper,Lexi Cooper,lexi-cooper,Lexi Cooper,Familial Relationship Counseling,relationships-and-communication,Relationships & Communication,relationships-and-connection,Relationships & Communication,100,high,exact_topic:relationships-and-communication via Familial Relationship Counseling (w=1),,none,complete,true,false,Clinical contributor,specialty_matched_organizational_approval,peachtree_psychology_susan_keenan,true,2026-06-19,,
6d1effd8-d512-4a06-b0af-fbf351f9a7c4,how-do-i-rebuild-my-career-after-addiction,david-k-gore-phd,"Kenneth W. Christian, PhD",susan-keenan,Susan L. Keenan,susan-keenan,Susan L. Keenan,Alcohol Use,addiction-and-recovery,Addiction & Recovery,trauma-and-safety,Addiction & Recovery,100,high,alias_keyword:loss|parent_theme:trauma-and-safety via Trauma and PTSD|exact_topic:addiction-and-recovery via Alcohol Use (w=1),,none,complete,true,false,Clinical contributor,specialty_matched_organizational_approval,peachtree_psychology_susan_keenan,true,2026-06-19,,
610cfb3b-bc9a-403f-90c8-277f2d8d2242,how-do-i-rebuild-my-confidence-after-a-major-failure,david-k-gore-phd,"Kenneth W. Christian, PhD",michaela-hilburn,Michaela Hilburn,michaela-hilburn,Michaela Hilburn,Self-Esteem,identity-and-self-worth,Identity & Self-Worth,identity-and-self-worth,Identity & Self-Worth,100,high,exact_topic:identity-and-self-worth via Life Transitions (w=0.4)|exact_topic:identity-and-self-worth via Self-Compassion (w=1)|exact_topic:identity-and-self-worth via Self-Esteem (w=1),,none,complete,true,false,Clinical contributor,specialty_matched_organizational_approval,peachtree_psychology_susan_keenan,true,2026-06-19,,
4a402f4f-48df-4a11-aee4-4c513beee03a,how-do-i-rebuild-my-confidence-after-a-r-181083-086,david-k-gore-phd,"Kenneth W. Christian, PhD",sarah-evers,Sarah Evers,sarah-evers,Sarah Evers,Shame & Conditions of Worth,identity-and-self-worth,Identity & Self-Worth,identity-and-self-worth,Identity & Self-Worth,100,high,exact_topic:identity-and-self-worth via Life Events & Transitions (w=0.4)|exact_topic:identity-and-self-worth via Shame & Conditions of Worth (w=1),requires_keyword_support:Chronic Illness & Disability|requires_keyword_support:Caregiver Stress,none,complete,true,false,Clinical contributor,specialty_matched_organizational_approval,peachtree_psychology_susan_keenan,true,2026-06-19,,
d35ae8ec-972f-4626-a712-e98a29add495,how-do-i-rebuild-my-life-after-a-major-loss-or-tra-187459-026,david-k-gore-phd,"Kenneth W. Christian, PhD",laura-hilsen,Laura Hilsen,laura-hilsen,Laura Hilsen,Trauma,general-mental-health,General Mental Health,life-transitions-and-change,Life Transitions,94,high,exact_topic:general-mental-health via Anxiety (w=0.45)|exact_topic:general-mental-health via Life Transitions (w=0.7)|alias_keyword:Life Transitions|alias_keyword:loss|alias_keyword:Trauma,,none,complete,true,false,Clinical contributor,specialty_matched_organizational_approval,peachtree_psychology_susan_keenan,true,2026-06-19,,
bf66a1b5-b363-412c-9470-d0c677cb57f0,how-do-i-rebuild-my-relationship-with-my-children-after-addiction,david-k-gore-phd,"Kenneth W. Christian, PhD",lexi-cooper,Lexi Cooper,lexi-cooper,Lexi Cooper,Familial Relationship Counseling,relationships-and-communication,Relationships & Communication,relationships-and-connection,Relationships & Communication,100,high,exact_topic:relationships-and-communication via Familial Relationship Counseling (w=1),,none,complete,true,false,Clinical contributor,specialty_matched_organizational_approval,peachtree_psychology_susan_keenan,true,2026-06-19,,
8c62684e-3dc3-4663-ae38-b350a942ce52,how-do-i-rebuild-my-self-esteem-after-addiction,david-k-gore-phd,"Kenneth W. Christian, PhD",susan-keenan,Susan L. Keenan,susan-keenan,Susan L. Keenan,Self Esteem,addiction-and-recovery,Addiction & Recovery,trauma-and-safety,Addiction & Recovery,100,high,parent_theme:trauma-and-safety via Trauma and PTSD|exact_topic:addiction-and-recovery via Alcohol Use (w=1)|preferred_specialty_keyword:Self Esteem,,none,complete,true,false,Clinical contributor,specialty_matched_organizational_approval,peachtree_psychology_susan_keenan,true,2026-06-19,,
2187a172-32fb-4027-8dbd-a0a2347f33ea,how-do-i-rebuild-trust-after-being-cheat-190648-010,david-k-gore-phd,"Kenneth W. Christian, PhD",samantha-bryant,Samantha Bryant,samantha-bryant,Samantha Bryant,Marital and Premarital,relationships-and-communication,Relationships & Communication,relationships-and-connection,Relationships & Divorce,100,high,parent_theme:relationships-and-connection via Bisexual|exact_topic:relationships-and-communication via Codependency (w=1)|exact_topic:relationships-and-communication via Marital and Premarital (w=1),requires_keyword_support:Body Image,none,complete,true,false,Clinical contributor,specialty_matched_organizational_approval,peachtree_psychology_susan_keenan,true,2026-06-19,,
0f724dee-d99b-4b2b-9d57-b7e88f5a4713,how-do-i-rebuild-trust-after-my-partner-cheated,david-k-gore-phd,"Kenneth W. Christian, PhD",sarah-evers,Sarah Evers,sarah-evers,Sarah Evers,Building Healthy Relationships,relationships-and-communication,Relationships & Communication,relationships-and-connection,Relationships & Communication,100,high,exact_topic:relationships-and-communication via Building Healthy Relationships (w=1),requires_keyword_support:Chronic Illness & Disability|requires_keyword_support:Caregiver Stress,none,complete,true,false,Clinical contributor,specialty_matched_organizational_approval,peachtree_psychology_susan_keenan,true,2026-06-19,,
6ff60e11-fcf4-4925-b1b6-641be6d296af,how-do-i-rebuild-trust-after-someone-bet-186032-034,david-k-gore-phd,"Kenneth W. Christian, PhD",samantha-bryant,Samantha Bryant,samantha-bryant,Samantha Bryant,Marital and Premarital,relationships-and-communication,Relationships & Communication,relationships-and-connection,Relationships & Communication,100,high,parent_theme:relationships-and-connection via Bisexual|exact_topic:relationships-and-communication via Codependency (w=1)|exact_topic:relationships-and-communication via Marital and Premarital (w=1),requires_keyword_support:Body Image,none,complete,true,false,Clinical contributor,specialty_matched_organizational_approval,peachtree_psychology_susan_keenan,true,2026-06-19,,
1aa98f04-f330-4f9e-ad9a-53defca0e738,how-do-i-rebuild-trust-with-family-after-addiction-hurt-them,david-k-gore-phd,"Kenneth W. Christian, PhD",lynn-lane,Lynn Lane,lynn-lane,Lynn Lane,Substance Abuse & Chemical Dependency,addiction-and-recovery,Addiction & Recovery,trauma-and-safety,Addiction & Recovery,100,high,parent_theme:trauma-and-safety via PTSD|exact_topic:addiction-and-recovery via Substance Abuse & Chemical Dependency (w=1),,none,complete,true,false,Clinical contributor,specialty_matched_organizational_approval,peachtree_psychology_susan_keenan,true,2026-06-19,,
986978c6-f831-4cfa-abef-b8e46d83e1df,how-do-i-rebuild-trust-with-my-family-after-my-loved-ones-addiction,david-k-gore-phd,"Kenneth W. Christian, PhD",lynn-lane,Lynn Lane,lynn-lane,Lynn Lane,Substance Abuse & Chemical Dependency,addiction-and-recovery,Addiction & Recovery,trauma-and-safety,Addiction & Recovery,100,high,parent_theme:trauma-and-safety via PTSD|exact_topic:addiction-and-recovery via Substance Abuse & Chemical Dependency (w=1),,none,complete,true,false,Clinical contributor,specialty_matched_organizational_approval,peachtree_psychology_susan_keenan,true,2026-06-19,,
9b8bacbd-9b71-4e7a-babd-464e1beadfbe,how-do-i-rebuild-trust-with-my-partner-after-addiction,david-k-gore-phd,"Kenneth W. Christian, PhD",laura-hilsen,Laura Hilsen,laura-hilsen,Laura Hilsen,Infidelity,relationships-and-communication,Relationships & Communication,relationships-and-connection,Relationships & Communication,100,high,exact_topic:relationships-and-communication via Relationship Issues (w=1)|exact_topic:relationships-and-communication via Divorce (w=1)|exact_topic:relationships-and-communication via Infidelity (w=1),,none,complete,true,false,Clinical contributor,specialty_matched_organizational_approval,peachtree_psychology_susan_keenan,true,2026-06-19,,
7b5291a2-1c0e-4dba-a0d9-10cf5e171d93,how-do-i-rebuild-trust-with-people-i-hurt-during-my-addiction,david-k-gore-phd,"Kenneth W. Christian, PhD",susan-keenan,Susan L. Keenan,susan-keenan,Susan L. Keenan,Alcohol Use,addiction-and-recovery,Addiction & Recovery,trauma-and-safety,Addiction & Recovery,100,high,parent_theme:trauma-and-safety via Trauma and PTSD|exact_topic:addiction-and-recovery via Alcohol Use (w=1),,none,complete,true,false,Clinical contributor,specialty_matched_organizational_approval,peachtree_psychology_susan_keenan,true,2026-06-19,,
d06be9aa-cd61-4295-9120-55adb4514f99,how-do-i-recognize-depression-in-elderly-parents,david-k-gore-phd,"Kenneth W. Christian, PhD",susan-keenan,Susan L. Keenan,susan-keenan,Susan L. Keenan,Depression,depression,Depression,anxiety-and-mood,Depression,100,high,exact_topic:depression via Depression (w=1)|preferred_specialty_keyword:Depression,,none,complete,true,false,Clinical contributor,specialty_matched_organizational_approval,peachtree_psychology_susan_keenan,true,2026-06-19,,
abaa84de-3089-4169-a7df-9f6dab4d6c24,how-do-i-reconnect-with-my-cultural-heritage-after-y8z1a4,david-k-gore-phd,"Kenneth W. Christian, PhD",laura-hilsen,Laura Hilsen,laura-hilsen,Laura Hilsen,Self-Esteem,identity-and-self-worth,Identity & Self-Worth,identity-and-self-worth,Identity & Self-Worth,100,high,exact_topic:identity-and-self-worth via Life Transitions (w=0.4)|alias_keyword:Grief|exact_topic:identity-and-self-worth via Self-Compassion (w=1)|exact_topic:identity-and-self-worth via Self-Esteem (w=1),,none,complete,true,false,Clinical contributor,specialty_matched_organizational_approval,peachtree_psychology_susan_keenan,true,2026-06-19,,
4b65a9d6-391a-4495-8c0e-b14003aa1094,how-do-i-reconnect-with-my-spiritual-beliefs-after-e9f5g2,david-k-gore-phd,"Kenneth W. Christian, PhD",samantha-bryant,Samantha Bryant,samantha-bryant,Samantha Bryant,Trauma and PTSD,meaning-faith-and-existential-questions,"Meaning, Faith & Existential Questions",spirituality-and-meaning,Spiritual Doubt,99,high,exact_topic:meaning-faith-and-existential-questions via Spirituality (w=0.85)|alias_keyword:Spirituality|alias_keyword:Trauma,requires_keyword_support:Body Image,none,complete,true,false,Clinical contributor,specialty_matched_organizational_approval,peachtree_psychology_susan_keenan,true,2026-06-19,,
fe1a90bb-bd85-4cc5-b5b4-e3455567cffd,how-do-i-recover-from-a-relationship-with-someone-who-had-a-personality-disorder,david-k-gore-phd,"Kenneth W. Christian, PhD",lynn-lane,Lynn Lane,lynn-lane,Lynn Lane,Relationship Counseling,relationships-and-communication,Relationships & Communication,relationships-and-connection,Relationships & Communication,100,high,alias_keyword:stress|exact_topic:relationships-and-communication via Relationship Counseling (w=1),,none,complete,true,false,Clinical contributor,specialty_matched_organizational_approval,peachtree_psychology_susan_keenan,true,2026-06-19,,
a29eb334-fc84-48cf-853d-5841ffe482e0,how-do-i-recover-from-burnout-at-work,david-k-gore-phd,"Kenneth W. Christian, PhD",laura-hilsen,Laura Hilsen,laura-hilsen,Laura Hilsen,Work/Life Balance,work-and-burnout,Work & Burnout,work-and-purpose,Work & Life Balance,100,high,alias_keyword:stress|alt_topic:work-and-burnout via Life Transitions (w=0.45)|exact_topic:work-and-burnout via Work/Life Balance (w=1),,none,complete,true,false,Clinical contributor,specialty_matched_organizational_approval,peachtree_psychology_susan_keenan,true,2026-06-19,,
ddc6b611-8cc2-4d81-a9ad-3e3566d2f4a8,how-do-i-reinvent-myself-after-a-major-life-change-187459-020,david-k-gore-phd,"Kenneth W. Christian, PhD",laura-hilsen,Laura Hilsen,laura-hilsen,Laura Hilsen,Divorce,general-mental-health,General Mental Health,life-transitions-and-change,Life Transitions,99,high,exact_topic:general-mental-health via Anxiety (w=0.45)|exact_topic:general-mental-health via Life Transitions (w=0.7)|alias_keyword:Life Transitions|alias_keyword:loss|alias_keyword:divorce|alias_keyword:divorce,,none,complete,true,false,Clinical contributor,specialty_matched_organizational_approval,peachtree_psychology_susan_keenan,true,2026-06-19,,
6c4eafe5-c105-47fc-b174-32d230ca7732,how-do-i-separate-my-self-worth-from-my--184729-013,david-k-gore-phd,"Kenneth W. Christian, PhD",michaela-hilburn,Michaela Hilburn,michaela-hilburn,Michaela Hilburn,Work/Life Balance,work-and-burnout,Work & Burnout,work-and-purpose,"Work, Stress & Burnout",100,high,alias_keyword:stress|alt_topic:work-and-burnout via Life Transitions (w=0.45)|exact_topic:work-and-burnout via Work/Life Balance (w=1),,none,complete,true,false,Clinical contributor,specialty_matched_organizational_approval,peachtree_psychology_susan_keenan,true,2026-06-19,,
2e9f6347-11c7-440e-a8d3-55806b9230fe,how-do-i-set-boundaries-between-work-and-186032-037,david-k-gore-phd,"Kenneth W. Christian, PhD",laura-hilsen,Laura Hilsen,laura-hilsen,Laura Hilsen,Work/Life Balance,work-and-burnout,Work & Burnout,work-and-purpose,"Work, Stress & Burnout",100,high,alias_keyword:stress|alt_topic:work-and-burnout via Life Transitions (w=0.45)|exact_topic:work-and-burnout via Work/Life Balance (w=1),,none,complete,true,false,Clinical contributor,specialty_matched_organizational_approval,peachtree_psychology_susan_keenan,true,2026-06-19,,
c361736d-bcd3-43a9-a54e-5158ae1a99af,how-do-i-set-boundaries-with-family-members,david-k-gore-phd,"Kenneth W. Christian, PhD",meredith-price,Meredith Price,meredith-price,Meredith Price,Parenting,family-and-parenting,Family & Parenting,family-and-parenting,Family & Parenting,100,high,"exact_topic:family-and-parenting via Pregnancy, Prenatal, Postpartum (w=0.7)|demoted_missing_keyword_support|exact_topic:family-and-parenting via Family Conflict (w=1)|alt_topic:family-and-parenting via Infertility (w=0.7)|demoted_missing_keyword_support|exact_topic:family-and-parenting via Parenting (w=1)|preferred_specialty_keyword:Parenting",,none,complete,true,false,Clinical contributor,specialty_matched_organizational_approval,peachtree_psychology_susan_keenan,true,2026-06-19,,
e6a12a4f-6a4e-4ddf-9276-adf49887e81e,how-do-i-set-boundaries-with-family-members-who-k8l3m7,david-k-gore-phd,"Kenneth W. Christian, PhD",samantha-bryant,Samantha Bryant,samantha-bryant,Samantha Bryant,Marital and Premarital,relationships-and-communication,Relationships & Communication,relationships-and-connection,Communication & Conflict,100,high,parent_theme:relationships-and-connection via Bisexual|exact_topic:relationships-and-communication via Codependency (w=1)|exact_topic:relationships-and-communication via Marital and Premarital (w=1),requires_keyword_support:Body Image,none,complete,true,false,Clinical contributor,specialty_matched_organizational_approval,peachtree_psychology_susan_keenan,true,2026-06-19,,
38ba4793-47c2-473c-b009-10e664d9f290,how-do-i-set-boundaries-with-my-own-family-about-my-relationship,david-k-gore-phd,"Kenneth W. Christian, PhD",laura-hilsen,Laura Hilsen,laura-hilsen,Laura Hilsen,Infidelity,relationships-and-communication,Relationships & Communication,relationships-and-connection,Relationships & Communication,100,high,exact_topic:relationships-and-communication via Relationship Issues (w=1)|exact_topic:relationships-and-communication via Divorce (w=1)|exact_topic:relationships-and-communication via Infidelity (w=1),,none,complete,true,false,Clinical contributor,specialty_matched_organizational_approval,peachtree_psychology_susan_keenan,true,2026-06-19,true,approve
3b10dfa7-5c7b-4565-b70a-93a38a3d570a,how-do-i-set-boundaries-without-feeling-181288-013,david-k-gore-phd,"Kenneth W. Christian, PhD",samantha-bryant,Samantha Bryant,samantha-bryant,Samantha Bryant,Marital and Premarital,relationships-and-communication,Relationships & Communication,relationships-and-connection,Communication & Conflict,100,high,parent_theme:relationships-and-connection via Bisexual|exact_topic:relationships-and-communication via Codependency (w=1)|exact_topic:relationships-and-communication via Marital and Premarital (w=1),requires_keyword_support:Body Image,none,complete,true,false,Clinical contributor,specialty_matched_organizational_approval,peachtree_psychology_susan_keenan,true,2026-06-19,,
5c86927e-c7f8-4161-aaca-0dada913666d,how-do-i-set-boundaries-with-technology-without-q4r8s1,david-k-gore-phd,"Kenneth W. Christian, PhD",meredith-price,Meredith Price,meredith-price,Meredith Price,Stress,anxiety-and-stress,Anxiety & Stress,anxiety-and-mood,Anxiety & Stress,100,high,"exact_topic:anxiety-and-stress via Pregnancy, Prenatal, Postpartum (w=0.5)|demoted_missing_keyword_support|exact_topic:anxiety-and-stress via Depression (w=0.35)|parent_theme:anxiety-and-mood via Depression|exact_topic:anxiety-and-stress via Anxiety (w=1)|preferred_specialty_keyword:Anxiety|alt_topic:anxiety-and-stress via Infertility (w=0.5)|demoted_missing_keyword_support|exact_topic:anxiety-and-stress via Stress (w=1)",,none,complete,true,false,Clinical contributor,specialty_matched_organizational_approval,peachtree_psychology_susan_keenan,true,2026-06-19,,
ffeeb7ac-7295-4d87-9c50-f6d789125fe8,how-do-i-set-boundaries-with-work-technology-o7p1q4,david-k-gore-phd,"Kenneth W. Christian, PhD",laura-hilsen,Laura Hilsen,laura-hilsen,Laura Hilsen,Work/Life Balance,work-and-burnout,Work & Burnout,work-and-purpose,Work & Burnout,100,high,exact_topic:work-and-burnout via Life Transitions (w=0.45)|exact_topic:work-and-burnout via Work/Life Balance (w=1),,none,complete,true,false,Clinical contributor,specialty_matched_organizational_approval,peachtree_psychology_susan_keenan,true,2026-06-19,,
65b1fab2-8512-4c6d-85a6-191b41cc0760,how-do-i-set-healthy-boundaries-with-family-members,david-k-gore-phd,"Kenneth W. Christian, PhD",jeannine-jannot,"Jeannine Jannot, Ph.D.",jeannine-jannot,"Jeannine Jannot, Ph.D.",Child,family-and-parenting,Family & Parenting,family-and-parenting,Family & Parenting,100,high,exact_topic:family-and-parenting via Parenting (w=1)|preferred_specialty_keyword:Parenting|exact_topic:family-and-parenting via Child (w=1),,none,complete,true,false,Clinical contributor,specialty_matched_organizational_approval,peachtree_psychology_susan_keenan,true,2026-06-19,,
7768fd77-56c2-4ab3-a17b-72cc00094ca1,how-do-i-set-healthy-boundaries-with-my-children,david-k-gore-phd,"Kenneth W. Christian, PhD",meredith-price,Meredith Price,meredith-price,Meredith Price,Parenting,family-and-parenting,Family & Parenting,family-and-parenting,Family & Parenting,100,high,"exact_topic:family-and-parenting via Pregnancy, Prenatal, Postpartum (w=0.7)|demoted_missing_keyword_support|exact_topic:family-and-parenting via Family Conflict (w=1)|alt_topic:family-and-parenting via Infertility (w=0.7)|demoted_missing_keyword_support|exact_topic:family-and-parenting via Parenting (w=1)|preferred_specialty_keyword:Parenting",,none,complete,true,false,Clinical contributor,specialty_matched_organizational_approval,peachtree_psychology_susan_keenan,true,2026-06-19,,
517d7692-15b3-4a95-b204-a875e981c7c9,how-do-i-socialize-without-drinking-181288-033,david-k-gore-phd,"Kenneth W. Christian, PhD",jackie-malone,Jackie Malone,jackie-malone,Jackie Malone,Substance Use,addiction-and-recovery,Addiction & Recovery,trauma-and-safety,Addiction & Recovery,100,high,exact_topic:addiction-and-recovery via Addiction (w=1)|preferred_specialty_keyword:Addiction|exact_topic:addiction-and-recovery via Alcohol Use (w=1)|exact_topic:addiction-and-recovery via Drug Abuse (w=1)|exact_topic:addiction-and-recovery via Substance Use (w=1),,none,complete,true,false,Clinical contributor,specialty_matched_organizational_approval,peachtree_psychology_susan_keenan,true,2026-06-19,,
53192926-3802-4c2c-99d1-8219ea03cecf,how-do-i-start-dating-again-after-divorce,david-k-gore-phd,"Kenneth W. Christian, PhD",samantha-bryant,Samantha Bryant,samantha-bryant,Samantha Bryant,Marital and Premarital,relationships-and-communication,Relationships & Communication,relationships-and-connection,Relationships & Communication,100,high,parent_theme:relationships-and-connection via Bisexual|exact_topic:relationships-and-communication via Codependency (w=1)|exact_topic:relationships-and-communication via Marital and Premarital (w=1),requires_keyword_support:Body Image,none,complete,true,false,Clinical contributor,specialty_matched_organizational_approval,peachtree_psychology_susan_keenan,true,2026-06-19,,
d657b4bb-bd7e-41d2-8b1f-efffd46f2ce7,how-do-i-stay-motivated-when-recovery-feels-like-a-daily-struggle,david-k-gore-phd,"Kenneth W. Christian, PhD",susan-keenan,Susan L. Keenan,susan-keenan,Susan L. Keenan,Alcohol Use,addiction-and-recovery,Addiction & Recovery,trauma-and-safety,Addiction & Recovery,100,high,parent_theme:trauma-and-safety via Trauma and PTSD|exact_topic:addiction-and-recovery via Alcohol Use (w=1),,none,complete,true,false,Clinical contributor,specialty_matched_organizational_approval,peachtree_psychology_susan_keenan,true,2026-06-19,,
f6e6ad70-80a5-492b-af8b-76eb5727509e,how-do-i-stay-sober-when-all-my-friends--186032-023,david-k-gore-phd,"Kenneth W. Christian, PhD",lynn-lane,Lynn Lane,lynn-lane,Lynn Lane,Substance Abuse & Chemical Dependency,addiction-and-recovery,Addiction & Recovery,trauma-and-safety,Addiction & Recovery,100,high,parent_theme:trauma-and-safety via PTSD|exact_topic:addiction-and-recovery via Substance Abuse & Chemical Dependency (w=1),,none,complete,true,false,Clinical contributor,specialty_matched_organizational_approval,peachtree_psychology_susan_keenan,true,2026-06-19,,
8aea9eb9-7dde-422b-b459-e6b57604d832,how-do-i-stop-being-afraid-of-conflict-i-181083-100,david-k-gore-phd,"Kenneth W. Christian, PhD",laura-hilsen,Laura Hilsen,laura-hilsen,Laura Hilsen,Infidelity,relationships-and-communication,Relationships & Communication,relationships-and-connection,Communication & Conflict,100,high,exact_topic:relationships-and-communication via Relationship Issues (w=1)|exact_topic:relationships-and-communication via Divorce (w=1)|exact_topic:relationships-and-communication via Infidelity (w=1),,none,complete,true,false,Clinical contributor,specialty_matched_organizational_approval,peachtree_psychology_susan_keenan,true,2026-06-19,,
f96744e2-f476-4423-b9aa-b585bb0e87a1,how-do-i-stop-being-a-people-pleaser-and-start-putting-my-own-needs-first-s1t2u3,david-k-gore-phd,"Kenneth W. Christian, PhD",michaela-hilburn,Michaela Hilburn,michaela-hilburn,Michaela Hilburn,Self-Esteem,identity-and-self-worth,Identity & Self-Worth,identity-and-self-worth,Identity & Self-Worth,100,high,exact_topic:identity-and-self-worth via Life Transitions (w=0.4)|exact_topic:identity-and-self-worth via Self-Compassion (w=1)|exact_topic:identity-and-self-worth via Self-Esteem (w=1),,none,complete,true,false,Clinical contributor,specialty_matched_organizational_approval,peachtree_psychology_susan_keenan,true,2026-06-19,,
8602a01d-34a1-403b-be5f-5742274b2b0b,how-do-i-stop-being-a-people-pleaser-in-190219-009,david-k-gore-phd,"Kenneth W. Christian, PhD",alex-crenshaw-phd,Dr. Alex Crenshaw,alex-crenshaw-phd,Dr. Alex Crenshaw,Couples,relationships-and-communication,Relationships & Communication,relationships-and-connection,Communication & Conflict,100,high,exact_topic:relationships-and-communication via Couples (w=1),,none,complete,true,false,Clinical contributor,specialty_matched_organizational_approval,peachtree_psychology_susan_keenan,true,2026-06-19,,
7e67cfdc-396a-40de-8faa-765d7fa4f0b3,how-do-i-stop-being-so-clingy-and-needy-in-relatio-186602-011,david-k-gore-phd,"Kenneth W. Christian, PhD",samantha-bryant,Samantha Bryant,samantha-bryant,Samantha Bryant,Marital and Premarital,relationships-and-communication,Relationships & Communication,relationships-and-connection,Attachment Styles & Relationship Dynamics,100,high,alias_keyword:Anxiety|exact_topic:relationships-and-communication via Codependency (w=1)|exact_topic:relationships-and-communication via Marital and Premarital (w=1),,none,complete,true,false,Clinical contributor,specialty_matched_organizational_approval,peachtree_psychology_susan_keenan,true,2026-06-19,,
ba6736ac-5b1f-4e31-95bb-424c3788ce5c,how-do-i-stop-being-so-critical-of-myself-and-othe-187459-015,david-k-gore-phd,"Kenneth W. Christian, PhD",meredith-price,Meredith Price,meredith-price,Meredith Price,Stress,anxiety-and-stress,Anxiety & Stress,anxiety-and-mood,Perfectionism & Control Issues,100,high,"exact_topic:anxiety-and-stress via Pregnancy, Prenatal, Postpartum (w=0.5)|demoted_missing_keyword_support|exact_topic:anxiety-and-stress via Depression (w=0.35)|parent_theme:anxiety-and-mood via Depression|alias_keyword:Depression|exact_topic:anxiety-and-stress via Anxiety (w=1)|preferred_specialty_keyword:Anxiety|alt_topic:anxiety-and-stress via Infertility (w=0.5)|demoted_missing_keyword_support|alias_keyword:perfectionism|exact_topic:anxiety-and-stress via Stress (w=1)",,none,complete,true,false,Clinical contributor,specialty_matched_organizational_approval,peachtree_psychology_susan_keenan,true,2026-06-19,,
1d566679-9140-4660-a7f0-a504f2397058,how-do-i-stop-being-so-hard-on-myself-177941-019,david-k-gore-phd,"Kenneth W. Christian, PhD",meredith-price,Meredith Price,meredith-price,Meredith Price,Self Esteem,identity-and-self-worth,Identity & Self-Worth,identity-and-self-worth,Self-Compassion,100,high,exact_topic:identity-and-self-worth via Body Image (w=0.4)|demoted_missing_keyword_support|exact_topic:identity-and-self-worth via Life Transitions (w=0.4)|exact_topic:identity-and-self-worth via Self Esteem (w=1),"requires_keyword_support:Pregnancy, Prenatal, Postpartum",none,complete,true,false,Clinical contributor,specialty_matched_organizational_approval,peachtree_psychology_susan_keenan,true,2026-06-19,,
447d9f37-da02-481b-a418-a7c7714a9ad3,how-do-i-stop-being-so-jealous-in-my-rel-185759-034,david-k-gore-phd,"Kenneth W. Christian, PhD",sarah-evers,Sarah Evers,sarah-evers,Sarah Evers,Building Healthy Relationships,relationships-and-communication,Relationships & Communication,relationships-and-connection,Relationships & Communication,100,high,alias_keyword:loss|exact_topic:relationships-and-communication via Building Healthy Relationships (w=1),requires_keyword_support:Chronic Illness & Disability|requires_keyword_support:Caregiver Stress,none,complete,true,false,Clinical contributor,specialty_matched_organizational_approval,peachtree_psychology_susan_keenan,true,2026-06-19,,
15fc1473-5bd3-4e7c-bd36-11377eaadf25,how-do-i-stop-being-so-sensitive-to-criticism-184730-006,david-k-gore-phd,"Kenneth W. Christian, PhD",meredith-price,Meredith Price,meredith-price,Meredith Price,Self Esteem,identity-and-self-worth,Identity & Self-Worth,identity-and-self-worth,Identity & Self-Worth,100,high,exact_topic:identity-and-self-worth via Body Image (w=0.4)|demoted_missing_keyword_support|exact_topic:identity-and-self-worth via Life Transitions (w=0.4)|exact_topic:identity-and-self-worth via Self Esteem (w=1),"requires_keyword_support:Pregnancy, Prenatal, Postpartum",none,complete,true,false,Clinical contributor,specialty_matched_organizational_approval,peachtree_psychology_susan_keenan,true,2026-06-19,,
cdac1b65-24d2-498d-89d9-775b8b0ed710,how-do-i-stop-bringing-work-stress-home-181288-023,david-k-gore-phd,"Kenneth W. Christian, PhD",laura-hilsen,Laura Hilsen,laura-hilsen,Laura Hilsen,Work/Life Balance,work-and-burnout,Work & Burnout,work-and-purpose,Work & Burnout,100,high,alias_keyword:stress|alt_topic:work-and-burnout via Life Transitions (w=0.45)|exact_topic:work-and-burnout via Work/Life Balance (w=1),,none,complete,true,false,Clinical contributor,specialty_matched_organizational_approval,peachtree_psychology_susan_keenan,true,2026-06-19,,
a7546567-5c1e-47da-9dd9-c111227766ef,how-do-i-stop-caring-so-much-about-what-others-think-of-me-l2m3n4,david-k-gore-phd,"Kenneth W. Christian, PhD",michaela-hilburn,Michaela Hilburn,michaela-hilburn,Michaela Hilburn,Self-Esteem,identity-and-self-worth,Identity & Self-Worth,identity-and-self-worth,Identity & Self-Worth,100,high,alias_keyword:Anxiety|alt_topic:identity-and-self-worth via Life Transitions (w=0.4)|exact_topic:identity-and-self-worth via Self-Compassion (w=1)|exact_topic:identity-and-self-worth via Self-Esteem (w=1),,none,complete,true,false,Clinical contributor,specialty_matched_organizational_approval,peachtree_psychology_susan_keenan,true,2026-06-19,,
32728f09-10bc-4cf4-bf58-2c4c94ba3485,how-do-i-stop-catastrophizing-every-smal-190219-005,david-k-gore-phd,"Kenneth W. Christian, PhD",susan-keenan,Susan L. Keenan,susan-keenan,Susan L. Keenan,Anxiety,anxiety-and-stress,Anxiety & Stress,anxiety-and-mood,Anxiety & Stress,100,high,exact_topic:anxiety-and-stress via Depression (w=0.35)|parent_theme:anxiety-and-mood via Depression|exact_topic:anxiety-and-stress via Anxiety (w=1)|preferred_specialty_keyword:Anxiety,,none,complete,true,false,Clinical contributor,specialty_matched_organizational_approval,peachtree_psychology_susan_keenan,true,2026-06-19,,
43fea8d5-470d-4c5c-8808-d53403ef74be,how-do-i-stop-checking-my-phone-when-i-c-181083-047,david-k-gore-phd,"Kenneth W. Christian, PhD",samantha-bryant,Samantha Bryant,samantha-bryant,Samantha Bryant,Stress,anxiety-and-stress,Anxiety & Stress,anxiety-and-mood,Anxiety & Stress,100,high,exact_topic:anxiety-and-stress via Anxiety (w=1)|preferred_specialty_keyword:Anxiety|alt_topic:anxiety-and-stress via Depression (w=0.35)|exact_topic:anxiety-and-stress via Stress (w=1),,none,complete,true,false,Clinical contributor,specialty_matched_organizational_approval,peachtree_psychology_susan_keenan,true,2026-06-19,,
331486b9-ec35-43c0-afea-3d162d05fd50,how-do-i-stop-comparing-everyone-i-meet-181083-082,david-k-gore-phd,"Kenneth W. Christian, PhD",sarah-evers,Sarah Evers,sarah-evers,Sarah Evers,Building Healthy Relationships,relationships-and-communication,Relationships & Communication,relationships-and-connection,Relationships & Divorce,100,high,alias_keyword:Grief|exact_topic:relationships-and-communication via Building Healthy Relationships (w=1),requires_keyword_support:Chronic Illness & Disability|requires_keyword_support:Caregiver Stress,none,complete,true,false,Clinical contributor,specialty_matched_organizational_approval,peachtree_psychology_susan_keenan,true,2026-06-19,,
a55294a7-f011-41dc-8b20-b47088c0e9c0,how-do-i-stop-comparing-my-financial-sit-181083-019,david-k-gore-phd,"Kenneth W. Christian, PhD",sarah-evers,Sarah Evers,sarah-evers,Sarah Evers,Shame & Conditions of Worth,identity-and-self-worth,Identity & Self-Worth,identity-and-self-worth,Identity & Self-Worth,100,high,alias_keyword:Anxiety|alt_topic:identity-and-self-worth via Life Events & Transitions (w=0.4)|exact_topic:identity-and-self-worth via Shame & Conditions of Worth (w=1),requires_keyword_support:Chronic Illness & Disability|requires_keyword_support:Caregiver Stress,none,complete,true,false,Clinical contributor,specialty_matched_organizational_approval,peachtree_psychology_susan_keenan,true,2026-06-19,,
f22361aa-4ae9-4e15-813a-759dc1895130,how-do-i-stop-comparing-my-life-to-what-189668-006,david-k-gore-phd,"Kenneth W. Christian, PhD",michaela-hilburn,Michaela Hilburn,michaela-hilburn,Michaela Hilburn,Self-Esteem,identity-and-self-worth,Identity & Self-Worth,identity-and-self-worth,Identity & Self-Worth,100,high,exact_topic:identity-and-self-worth via Life Transitions (w=0.4)|exact_topic:identity-and-self-worth via Self-Compassion (w=1)|exact_topic:identity-and-self-worth via Self-Esteem (w=1),,none,complete,true,false,Clinical contributor,specialty_matched_organizational_approval,peachtree_psychology_susan_keenan,true,2026-06-19,,
779e180a-ec85-4d6b-bcb8-8fd6b88afb13,how-do-i-stop-comparing-my-relationship-177940-029,david-k-gore-phd,"Kenneth W. Christian, PhD",sarah-evers,Sarah Evers,sarah-evers,Sarah Evers,Building Healthy Relationships,relationships-and-communication,Relationships & Communication,relationships-and-connection,Relationship Comparison,100,high,exact_topic:relationships-and-communication via Building Healthy Relationships (w=1),requires_keyword_support:Chronic Illness & Disability|requires_keyword_support:Caregiver Stress,none,complete,true,false,Clinical contributor,specialty_matched_organizational_approval,peachtree_psychology_susan_keenan,true,2026-06-19,,
90548629-5f1d-430f-be9e-d2d115907b3f,how-do-i-stop-enabling-my-loved-ones-addiction,david-k-gore-phd,"Kenneth W. Christian, PhD",liz-webb,Liz Webb,liz-webb,Liz Webb,Substance Use,addiction-and-recovery,Addiction & Recovery,trauma-and-safety,Addiction & Recovery,100,high,exact_topic:addiction-and-recovery via Substance Use (w=1),,none,complete,true,false,Clinical contributor,specialty_matched_organizational_approval,peachtree_psychology_susan_keenan,true,2026-06-19,,
dfbbc930-092d-4e54-b5e3-a57027df60ce,how-do-i-stop-feeling-guilty-about-my-past-mistakes-184730-053,david-k-gore-phd,"Kenneth W. Christian, PhD",jackie-malone,Jackie Malone,jackie-malone,Jackie Malone,Self Esteem,identity-and-self-worth,Identity & Self-Worth,identity-and-self-worth,Identity & Self-Worth,100,high,exact_topic:identity-and-self-worth via Body Image (w=0.4)|demoted_missing_keyword_support|exact_topic:identity-and-self-worth via Life Transitions (w=0.4)|exact_topic:identity-and-self-worth via Self Esteem (w=1),,none,complete,true,false,Clinical contributor,specialty_matched_organizational_approval,peachtree_psychology_susan_keenan,true,2026-06-19,,
91f1bc39-c99e-4e47-9974-73b984c6ec10,how-do-i-stop-feeling-guilty-about-outgr-189668-014,david-k-gore-phd,"Kenneth W. Christian, PhD",alex-crenshaw-phd,Dr. Alex Crenshaw,alex-crenshaw-phd,Dr. Alex Crenshaw,Couples,relationships-and-communication,Relationships & Communication,relationships-and-connection,Relationships & Divorce,100,high,exact_topic:relationships-and-communication via Couples (w=1),,none,complete,true,false,Clinical contributor,specialty_matched_organizational_approval,peachtree_psychology_susan_keenan,true,2026-06-19,,
7a92528a-d067-4206-8f7f-3dab088c9b9d,how-do-i-stop-feeling-guilty-about-setti-177940-013,david-k-gore-phd,"Kenneth W. Christian, PhD",susan-keenan,Susan L. Keenan,susan-keenan,Susan L. Keenan,Relationship Issues,relationships-and-communication,Relationships & Communication,relationships-and-connection,Relationships,100,high,parent_theme:relationships-and-connection via LGBTQ+|exact_topic:relationships-and-communication via Relationship Issues (w=1),,none,complete,true,false,Clinical contributor,specialty_matched_organizational_approval,peachtree_psychology_susan_keenan,true,2026-06-19,,
6716e76a-0882-443b-af0e-f87c9cad4f0a,how-do-i-stop-feeling-guilty-about-setting-boundaries-q8r9s1,david-k-gore-phd,"Kenneth W. Christian, PhD",lynn-lane,Lynn Lane,lynn-lane,Lynn Lane,Relationship Counseling,relationships-and-communication,Relationships & Communication,relationships-and-connection,Communication & Conflict,100,high,exact_topic:relationships-and-communication via Relationship Counseling (w=1),,none,complete,true,false,Clinical contributor,specialty_matched_organizational_approval,peachtree_psychology_susan_keenan,true,2026-06-19,,
feecef14-df70-4a5c-8bdb-b95869f8bd4b,how-do-i-stop-feeling-jealous-of-people-181083-073,david-k-gore-phd,"Kenneth W. Christian, PhD",michaela-hilburn,Michaela Hilburn,michaela-hilburn,Michaela Hilburn,Self-Esteem,identity-and-self-worth,Identity & Self-Worth,identity-and-self-worth,Identity & Self-Worth,100,high,exact_topic:identity-and-self-worth via Life Transitions (w=0.4)|exact_topic:identity-and-self-worth via Self-Compassion (w=1)|exact_topic:identity-and-self-worth via Self-Esteem (w=1),,none,complete,true,false,Clinical contributor,specialty_matched_organizational_approval,peachtree_psychology_susan_keenan,true,2026-06-19,,
8cfd3ad2-a4c5-4285-a115-96acfca9421d,how-do-i-stop-feeling-jumpy-and-on-edge-179301-004,david-k-gore-phd,"Kenneth W. Christian, PhD",laura-hilsen,Laura Hilsen,laura-hilsen,Laura Hilsen,Trauma,trauma-and-safety,Trauma & Safety,trauma-and-safety,Trauma & Grief,100,high,alias_keyword:stress|exact_topic:trauma-and-safety via PTSD (w=1)|exact_topic:trauma-and-safety via Trauma (w=1)|preferred_specialty_keyword:Trauma,,none,complete,true,false,Clinical contributor,specialty_matched_organizational_approval,peachtree_psychology_susan_keenan,true,2026-06-19,,
13024627-7be0-419b-839d-3907c2538c68,how-do-i-stop-feeling-like-everyone-else-has-177941-031,david-k-gore-phd,"Kenneth W. Christian, PhD",meredith-price,Meredith Price,meredith-price,Meredith Price,Self Esteem,identity-and-self-worth,Identity & Self-Worth,identity-and-self-worth,Life Comparison,100,high,exact_topic:identity-and-self-worth via Body Image (w=0.4)|demoted_missing_keyword_support|exact_topic:identity-and-self-worth via Life Transitions (w=0.4)|exact_topic:identity-and-self-worth via Self Esteem (w=1),"requires_keyword_support:Pregnancy, Prenatal, Postpartum",none,complete,true,false,Clinical contributor,specialty_matched_organizational_approval,peachtree_psychology_susan_keenan,true,2026-06-19,,
2b1e5627-ab7a-49c6-bbf8-061177e0f5f4,how-do-i-stop-feeling-like-everyone-is-judgi-177941-015,david-k-gore-phd,"Kenneth W. Christian, PhD",kelsey-donahue,Kelsey Madsen (Donahue),kelsey-donahue,Kelsey Madsen (Donahue),Stress,anxiety-and-stress,Anxiety & Stress,anxiety-and-mood,Social Anxiety,100,high,exact_topic:anxiety-and-stress via Anxiety (w=1)|preferred_specialty_keyword:Anxiety|alt_topic:anxiety-and-stress via Depression (w=0.35)|exact_topic:anxiety-and-stress via Stress (w=1),,none,complete,true,false,Clinical contributor,specialty_matched_organizational_approval,peachtree_psychology_susan_keenan,true,2026-06-19,,
1f5e0e33-f726-49da-a462-76b92eaa2577,how-do-i-stop-feeling-like-everyone-will-181083-092,david-k-gore-phd,"Kenneth W. Christian, PhD",samantha-bryant,Samantha Bryant,samantha-bryant,Samantha Bryant,Trauma and PTSD,trauma-and-safety,Trauma & Safety,trauma-and-safety,Trauma & Grief,100,high,alias_keyword:Grief|exact_topic:trauma-and-safety via Trauma and PTSD (w=1),requires_keyword_support:Body Image,none,complete,true,false,Clinical contributor,specialty_matched_organizational_approval,peachtree_psychology_susan_keenan,true,2026-06-19,,
a168c151-5e1d-4ef7-ae74-6859406f2101,how-do-i-stop-feeling-like-im-a-burden-to-184730-049,david-k-gore-phd,"Kenneth W. Christian, PhD",meredith-price,Meredith Price,meredith-price,Meredith Price,Self Esteem,identity-and-self-worth,Identity & Self-Worth,identity-and-self-worth,Identity & Self-Worth,100,high,alias_keyword:Depression|alt_topic:identity-and-self-worth via Body Image (w=0.4)|alt_topic:identity-and-self-worth via Life Transitions (w=0.4)|exact_topic:identity-and-self-worth via Self Esteem (w=1),"requires_keyword_support:Pregnancy, Prenatal, Postpartum",none,complete,true,false,Clinical contributor,specialty_matched_organizational_approval,peachtree_psychology_susan_keenan,true,2026-06-19,,
c32884a5-009f-4fb0-9a8e-4e7daf234901,how-do-i-stop-feeling-like-im-a-disappointment-to-184730-079,david-k-gore-phd,"Kenneth W. Christian, PhD",sarah-evers,Sarah Evers,sarah-evers,Sarah Evers,Shame & Conditions of Worth,identity-and-self-worth,Identity & Self-Worth,identity-and-self-worth,Identity & Self-Worth,100,high,exact_topic:identity-and-self-worth via Life Events & Transitions (w=0.4)|exact_topic:identity-and-self-worth via Shame & Conditions of Worth (w=1),requires_keyword_support:Chronic Illness & Disability|requires_keyword_support:Caregiver Stress,none,complete,true,false,Clinical contributor,specialty_matched_organizational_approval,peachtree_psychology_susan_keenan,true,2026-06-19,,
7fa10ad5-e2b0-49f2-a091-8cf8bacbdf4e,how-do-i-stop-feeling-like-im-always-in-survival-184730-099,david-k-gore-phd,"Kenneth W. Christian, PhD",samantha-bryant,Samantha Bryant,samantha-bryant,Samantha Bryant,Trauma and PTSD,trauma-and-safety,Trauma & Safety,trauma-and-safety,Trauma & Grief,100,high,alias_keyword:stress|exact_topic:trauma-and-safety via Trauma and PTSD (w=1),,none,complete,true,false,Clinical contributor,specialty_matched_organizational_approval,peachtree_psychology_susan_keenan,true,2026-06-19,,
bd7047a5-26d7-45cf-9563-9af2da7412fc,how-do-i-stop-feeling-like-im-always-walking-184730-042,david-k-gore-phd,"Kenneth W. Christian, PhD",laura-hilsen,Laura Hilsen,laura-hilsen,Laura Hilsen,Infidelity,relationships-and-communication,Relationships & Communication,relationships-and-connection,Communication & Conflict,100,high,exact_topic:relationships-and-communication via Relationship Issues (w=1)|exact_topic:relationships-and-communication via Divorce (w=1)|exact_topic:relationships-and-communication via Infidelity (w=1),,none,complete,true,false,Clinical contributor,specialty_matched_organizational_approval,peachtree_psychology_susan_keenan,true,2026-06-19,,
e56407db-8699-4d2c-a273-5c699f5d81df,how-do-i-stop-feeling-like-im-behind-everyone-184730-071,david-k-gore-phd,"Kenneth W. Christian, PhD",michaela-hilburn,Michaela Hilburn,michaela-hilburn,Michaela Hilburn,Work/Life Balance,work-and-burnout,Work & Burnout,work-and-purpose,Work & Burnout,100,high,alias_keyword:Anxiety|alt_topic:work-and-burnout via Life Transitions (w=0.45)|exact_topic:work-and-burnout via Work/Life Balance (w=1),,none,complete,true,false,Clinical contributor,specialty_matched_organizational_approval,peachtree_psychology_susan_keenan,true,2026-06-19,,
fd0fcf37-3e80-4af5-b350-488f8b27d30d,how-do-i-stop-feeling-like-im-bothering-181083-069,david-k-gore-phd,"Kenneth W. Christian, PhD",susan-keenan,Susan L. Keenan,susan-keenan,Susan L. Keenan,Self Esteem,identity-and-self-worth,Identity & Self-Worth,identity-and-self-worth,Identity & Self-Worth,100,high,exact_topic:identity-and-self-worth via Self Esteem (w=1),,none,complete,true,false,Clinical contributor,specialty_matched_organizational_approval,peachtree_psychology_susan_keenan,true,2026-06-19,,
be5c168b-f420-47fc-89ed-b7e503300f87,how-do-i-stop-feeling-like-im-broken-and-need-o7p2q5,david-k-gore-phd,"Kenneth W. Christian, PhD",michaela-hilburn,Michaela Hilburn,michaela-hilburn,Michaela Hilburn,Self-Esteem,identity-and-self-worth,Identity & Self-Worth,identity-and-self-worth,Identity & Self-Worth,100,high,exact_topic:identity-and-self-worth via Life Transitions (w=0.4)|exact_topic:identity-and-self-worth via Self-Compassion (w=1)|exact_topic:identity-and-self-worth via Self-Esteem (w=1),,none,complete,true,false,Clinical contributor,specialty_matched_organizational_approval,peachtree_psychology_susan_keenan,true,2026-06-19,,
0a23465b-7daf-4571-9452-ff4fc341d987,how-do-i-stop-feeling-like-im-in-danger-when-im-actually-safe,david-k-gore-phd,"Kenneth W. Christian, PhD",michaela-hilburn,Michaela Hilburn,michaela-hilburn,Michaela Hilburn,PTSD,trauma-and-safety,Trauma & Safety,trauma-and-safety,Trauma & Triggers,100,high,exact_topic:trauma-and-safety via Trauma (w=1)|preferred_specialty_keyword:Trauma|exact_topic:trauma-and-safety via PTSD (w=1),,none,complete,true,false,Clinical contributor,specialty_matched_organizational_approval,peachtree_psychology_susan_keenan,true,2026-06-19,,
80cfc9ec-51ce-422e-b5a8-515322f52816,how-do-i-stop-feeling-like-im-not-allowed-to-184730-091,david-k-gore-phd,"Kenneth W. Christian, PhD",samantha-bryant,Samantha Bryant,samantha-bryant,Samantha Bryant,Self Esteem,identity-and-self-worth,Identity & Self-Worth,identity-and-self-worth,Identity & Self-Worth,100,high,exact_topic:identity-and-self-worth via Body Image (w=0.4)|demoted_missing_keyword_support|exact_topic:identity-and-self-worth via Life Transitions (w=0.4)|exact_topic:identity-and-self-worth via Self Esteem (w=1),,none,complete,true,false,Clinical contributor,specialty_matched_organizational_approval,peachtree_psychology_susan_keenan,true,2026-06-19,,
6a8a04df-add9-4b6e-936d-a1b488118f53,how-do-i-stop-feeling-like-im-not-doing-enough-184730-103,david-k-gore-phd,"Kenneth W. Christian, PhD",samantha-bryant,Samantha Bryant,samantha-bryant,Samantha Bryant,Self Esteem,identity-and-self-worth,Identity & Self-Worth,identity-and-self-worth,Identity & Self-Worth,100,high,exact_topic:identity-and-self-worth via Body Image (w=0.4)|demoted_missing_keyword_support|exact_topic:identity-and-self-worth via Life Transitions (w=0.4)|exact_topic:identity-and-self-worth via Self Esteem (w=1),,none,complete,true,false,Clinical contributor,specialty_matched_organizational_approval,peachtree_psychology_susan_keenan,true,2026-06-19,,
c3ec6df3-274b-4521-b071-49e38a86f603,how-do-i-stop-feeling-like-im-not-living-up-a3b6c9,david-k-gore-phd,"Kenneth W. Christian, PhD",sarah-evers,Sarah Evers,sarah-evers,Sarah Evers,Shame & Conditions of Worth,identity-and-self-worth,Identity & Self-Worth,identity-and-self-worth,Identity & Self-Worth,100,high,exact_topic:identity-and-self-worth via Life Events & Transitions (w=0.4)|exact_topic:identity-and-self-worth via Shame & Conditions of Worth (w=1),requires_keyword_support:Chronic Illness & Disability|requires_keyword_support:Caregiver Stress,none,complete,true,false,Clinical contributor,specialty_matched_organizational_approval,peachtree_psychology_susan_keenan,true,2026-06-19,,
cace00d0-f592-4f5c-bda8-51de7baf3daf,how-do-i-stop-feeling-like-im-not-worthy-of-184730-083,david-k-gore-phd,"Kenneth W. Christian, PhD",sarah-evers,Sarah Evers,sarah-evers,Sarah Evers,Shame & Conditions of Worth,identity-and-self-worth,Identity & Self-Worth,identity-and-self-worth,Identity & Self-Worth,100,high,exact_topic:identity-and-self-worth via Life Events & Transitions (w=0.4)|exact_topic:identity-and-self-worth via Shame & Conditions of Worth (w=1),requires_keyword_support:Chronic Illness & Disability|requires_keyword_support:Caregiver Stress,none,complete,true,false,Clinical contributor,specialty_matched_organizational_approval,peachtree_psychology_susan_keenan,true,2026-06-19,,
a89bfd29-9aec-4f2e-989e-0db1dd9568c4,how-do-i-stop-feeling-like-im-wasting-my-184730-002,david-k-gore-phd,"Kenneth W. Christian, PhD",sarah-evers,Sarah Evers,sarah-evers,Sarah Evers,Shame & Conditions of Worth,identity-and-self-worth,Identity & Self-Worth,identity-and-self-worth,Identity & Self-Worth,100,high,alias_keyword:stress|alt_topic:identity-and-self-worth via Life Events & Transitions (w=0.4)|exact_topic:identity-and-self-worth via Shame & Conditions of Worth (w=1),requires_keyword_support:Chronic Illness & Disability|requires_keyword_support:Caregiver Stress,none,complete,true,false,Clinical contributor,specialty_matched_organizational_approval,peachtree_psychology_susan_keenan,true,2026-06-19,,
1ce1b3e6-ad1f-412e-8d81-872a26a754b1,how-do-i-stop-feeling-like-im-wasting-my-potential-d4e8f1,david-k-gore-phd,"Kenneth W. Christian, PhD",susan-keenan,Susan L. Keenan,susan-keenan,Susan L. Keenan,Self Esteem,identity-and-self-worth,Identity & Self-Worth,identity-and-self-worth,Identity & Self-Worth,100,high,exact_topic:identity-and-self-worth via Self Esteem (w=1),,none,complete,true,false,Clinical contributor,specialty_matched_organizational_approval,peachtree_psychology_susan_keenan,true,2026-06-19,,
bd49cb87-22e1-4bc8-b826-39954973f786,how-do-i-stop-feeling-like-im-wasting-time-when-184730-061,david-k-gore-phd,"Kenneth W. Christian, PhD",susan-keenan,Susan L. Keenan,susan-keenan,Susan L. Keenan,Self Esteem,identity-and-self-worth,Identity & Self-Worth,identity-and-self-worth,Identity & Self-Worth,100,high,alias_keyword:Anxiety|exact_topic:identity-and-self-worth via Self Esteem (w=1),,none,complete,true,false,Clinical contributor,specialty_matched_organizational_approval,peachtree_psychology_susan_keenan,true,2026-06-19,,
04c071df-30ea-4dd7-981f-195373aff87f,how-do-i-stop-feeling-like-i-need-everyone-t-177941-035,david-k-gore-phd,"Kenneth W. Christian, PhD",sarah-evers,Sarah Evers,sarah-evers,Sarah Evers,Shame & Conditions of Worth,identity-and-self-worth,Identity & Self-Worth,identity-and-self-worth,People Pleasing,100,high,exact_topic:identity-and-self-worth via Life Events & Transitions (w=0.4)|exact_topic:identity-and-self-worth via Shame & Conditions of Worth (w=1),requires_keyword_support:Chronic Illness & Disability|requires_keyword_support:Caregiver Stress,none,complete,true,false,Clinical contributor,specialty_matched_organizational_approval,peachtree_psychology_susan_keenan,true,2026-06-19,,
5d96f463-9a88-4860-b612-a58268fd29b3,how-do-i-stop-feeling-like-i-need-to-ear-189668-010,david-k-gore-phd,"Kenneth W. Christian, PhD",michaela-hilburn,Michaela Hilburn,michaela-hilburn,Michaela Hilburn,Self-Esteem,identity-and-self-worth,Identity & Self-Worth,identity-and-self-worth,Identity & Self-Worth,100,high,exact_topic:identity-and-self-worth via Life Transitions (w=0.4)|exact_topic:identity-and-self-worth via Self-Compassion (w=1)|exact_topic:identity-and-self-worth via Self-Esteem (w=1),,none,complete,true,false,Clinical contributor,specialty_matched_organizational_approval,peachtree_psychology_susan_keenan,true,2026-06-19,,
002f7b2a-ca39-4afe-98e2-d0a480103ea6,how-do-i-stop-feeling-like-i-need-to-earn-184730-095,david-k-gore-phd,"Kenneth W. Christian, PhD",michaela-hilburn,Michaela Hilburn,michaela-hilburn,Michaela Hilburn,Self-Esteem,identity-and-self-worth,Identity & Self-Worth,identity-and-self-worth,Identity & Self-Worth,100,high,alias_keyword:Anxiety|alt_topic:identity-and-self-worth via Life Transitions (w=0.4)|exact_topic:identity-and-self-worth via Self-Compassion (w=1)|exact_topic:identity-and-self-worth via Self-Esteem (w=1),,none,complete,true,false,Clinical contributor,specialty_matched_organizational_approval,peachtree_psychology_susan_keenan,true,2026-06-19,,
c3813252-974b-4337-8843-c9dba7688030,how-do-i-stop-feeling-like-i-need-to-fix-189668-018,david-k-gore-phd,"Kenneth W. Christian, PhD",lynn-lane,Lynn Lane,lynn-lane,Lynn Lane,Relationship Counseling,relationships-and-communication,Relationships & Communication,relationships-and-connection,Communication & Conflict,100,high,exact_topic:relationships-and-communication via Relationship Counseling (w=1),,none,complete,true,false,Clinical contributor,specialty_matched_organizational_approval,peachtree_psychology_susan_keenan,true,2026-06-19,,
8234edce-a36b-47c3-83a9-eb33e5c57f26,how-do-i-stop-feeling-like-i-need-to-fix-everyone-184730-075,david-k-gore-phd,"Kenneth W. Christian, PhD",alex-crenshaw-phd,Dr. Alex Crenshaw,alex-crenshaw-phd,Dr. Alex Crenshaw,Anxiety,relationships-and-communication,Relationships & Communication,relationships-and-connection,Communication & Conflict,100,high,exact_topic:relationships-and-communication via Couples (w=1)|preferred_specialty_keyword:Anxiety,,none,complete,true,false,Clinical contributor,specialty_matched_organizational_approval,peachtree_psychology_susan_keenan,true,2026-06-19,,
d02edc23-3e7f-4c85-9fa8-33c215c42c0f,how-do-i-stop-feeling-like-i-need-to-prove-myself-q2r5s9,david-k-gore-phd,"Kenneth W. Christian, PhD",susan-keenan,Susan L. Keenan,susan-keenan,Susan L. Keenan,Self Esteem,identity-and-self-worth,Identity & Self-Worth,identity-and-self-worth,Identity & Self-Worth,100,high,exact_topic:identity-and-self-worth via Self Esteem (w=1),,none,complete,true,false,Clinical contributor,specialty_matched_organizational_approval,peachtree_psychology_susan_keenan,true,2026-06-19,,
39dc378c-b41f-41e7-9139-06f5791f1255,how-do-i-stop-feeling-overwhelmed-by-fin-181083-023,david-k-gore-phd,"Kenneth W. Christian, PhD",michaela-hilburn,Michaela Hilburn,michaela-hilburn,Michaela Hilburn,Work/Life Balance,work-and-burnout,Work & Burnout,work-and-purpose,Work & Burnout,100,high,alias_keyword:stress|alt_topic:work-and-burnout via Life Transitions (w=0.45)|exact_topic:work-and-burnout via Work/Life Balance (w=1),,none,complete,true,false,Clinical contributor,specialty_matched_organizational_approval,peachtree_psychology_susan_keenan,true,2026-06-19,,
c83d519f-f9f6-4b03-99b1-7cdbab79797c,how-do-i-stop-feeling-responsible-for-everyo-177941-023,david-k-gore-phd,"Kenneth W. Christian, PhD",lynn-lane,Lynn Lane,lynn-lane,Lynn Lane,Relationship Counseling,relationships-and-communication,Relationships & Communication,relationships-and-connection,Codependency,100,high,exact_topic:relationships-and-communication via Relationship Counseling (w=1),,none,complete,true,false,Clinical contributor,specialty_matched_organizational_approval,peachtree_psychology_susan_keenan,true,2026-06-19,,
342b2bda-ef5c-458e-aaf8-6bd62ef11bbc,how-do-i-stop-feeling-so-ashamed-of-my-d-181083-016,david-k-gore-phd,"Kenneth W. Christian, PhD",samantha-bryant,Samantha Bryant,samantha-bryant,Samantha Bryant,Career Counseling,work-and-burnout,Work & Burnout,work-and-purpose,Work & Burnout,100,high,exact_topic:work-and-burnout via Career Counseling (w=1)|alt_topic:work-and-burnout via Life Transitions (w=0.45)|alt_topic:work-and-burnout via School Issues (w=0.4),requires_keyword_support:Body Image,none,complete,true,false,Clinical contributor,specialty_matched_organizational_approval,peachtree_psychology_susan_keenan,true,2026-06-19,,
b86c07cf-ff53-430d-b4bb-5dfb50af0507,how-do-i-stop-having-nightmares-about-tr-177940-005,david-k-gore-phd,"Kenneth W. Christian, PhD",alex-crenshaw-phd,Dr. Alex Crenshaw,alex-crenshaw-phd,Dr. Alex Crenshaw,PTSD,trauma-and-safety,Trauma & Safety,trauma-and-safety,Trauma & Grief,100,high,exact_topic:trauma-and-safety via Trauma (w=1)|preferred_specialty_keyword:Trauma|exact_topic:trauma-and-safety via PTSD (w=1),,none,complete,true,false,Clinical contributor,specialty_matched_organizational_approval,peachtree_psychology_susan_keenan,true,2026-06-19,,
1322b4a3-6593-42fb-9058-49c3fd88916c,how-do-i-stop-losing-myself-in-romantic-relationsh-186602-015,david-k-gore-phd,"Kenneth W. Christian, PhD",alex-crenshaw-phd,Dr. Alex Crenshaw,alex-crenshaw-phd,Dr. Alex Crenshaw,Couples,relationships-and-communication,Relationships & Communication,relationships-and-connection,Attachment Styles & Relationship Dynamics,100,high,exact_topic:relationships-and-communication via Couples (w=1),,none,complete,true,false,Clinical contributor,specialty_matched_organizational_approval,peachtree_psychology_susan_keenan,true,2026-06-19,,
b767c9e2-df16-4a59-9b15-4338d1cc5795,how-do-i-stop-money-from-controlling-my-181083-029,david-k-gore-phd,"Kenneth W. Christian, PhD",laura-hilsen,Laura Hilsen,laura-hilsen,Laura Hilsen,Self-Esteem,identity-and-self-worth,Identity & Self-Worth,identity-and-self-worth,Identity & Self-Worth,100,high,alias_keyword:stress|alt_topic:identity-and-self-worth via Life Transitions (w=0.4)|exact_topic:identity-and-self-worth via Self-Compassion (w=1)|exact_topic:identity-and-self-worth via Self-Esteem (w=1),,none,complete,true,false,Clinical contributor,specialty_matched_organizational_approval,peachtree_psychology_susan_keenan,true,2026-06-19,,
cc57e7e9-5d4d-41c0-a8f8-7b24768b0db0,how-do-i-stop-my-mind-from-racing-when-i-181083-044,david-k-gore-phd,"Kenneth W. Christian, PhD",samantha-bryant,Samantha Bryant,samantha-bryant,Samantha Bryant,Stress,anxiety-and-stress,Anxiety & Stress,anxiety-and-mood,Anxiety & Stress,100,high,exact_topic:anxiety-and-stress via Anxiety (w=1)|preferred_specialty_keyword:Anxiety|alt_topic:anxiety-and-stress via Depression (w=0.35)|exact_topic:anxiety-and-stress via Stress (w=1),,none,complete,true,false,Clinical contributor,specialty_matched_organizational_approval,peachtree_psychology_susan_keenan,true,2026-06-19,,
e5fadf6f-4565-4ca5-9614-e4e1b6a85508,how-do-i-stop-my-perfectionism-from-ruining-my-lif-187459-011,david-k-gore-phd,"Kenneth W. Christian, PhD",susan-keenan,Susan L. Keenan,susan-keenan,Susan L. Keenan,Anxiety,anxiety-and-stress,Anxiety & Stress,anxiety-and-mood,Perfectionism & Control Issues,100,high,exact_topic:anxiety-and-stress via Depression (w=0.35)|parent_theme:anxiety-and-mood via Depression|exact_topic:anxiety-and-stress via Anxiety (w=1),,none,complete,true,false,Clinical contributor,specialty_matched_organizational_approval,peachtree_psychology_susan_keenan,true,2026-06-19,,
68e3508a-400d-450b-aed9-9f0b6e75ab3b,how-do-i-stop-obsessing-over-health-symptoms,david-k-gore-phd,"Kenneth W. Christian, PhD",susan-keenan,Susan L. Keenan,susan-keenan,Susan L. Keenan,Anxiety,anxiety-and-stress,Anxiety & Stress,anxiety-and-mood,Anxiety & Stress,100,high,exact_topic:anxiety-and-stress via Depression (w=0.35)|parent_theme:anxiety-and-mood via Depression|exact_topic:anxiety-and-stress via Anxiety (w=1)|preferred_specialty_keyword:Anxiety,,none,complete,true,false,Clinical contributor,specialty_matched_organizational_approval,peachtree_psychology_susan_keenan,true,2026-06-19,true,approve
c417e710-8831-4271-ad12-af2fa6ea1715,how-do-i-stop-overthinking-every-conversation-i-have,david-k-gore-phd,"Kenneth W. Christian, PhD",meredith-price,Meredith Price,meredith-price,Meredith Price,Stress,anxiety-and-stress,Anxiety & Stress,anxiety-and-mood,Anxiety & Worry,100,high,"exact_topic:anxiety-and-stress via Pregnancy, Prenatal, Postpartum (w=0.5)|demoted_missing_keyword_support|exact_topic:anxiety-and-stress via Depression (w=0.35)|parent_theme:anxiety-and-mood via Depression|exact_topic:anxiety-and-stress via Anxiety (w=1)|preferred_specialty_keyword:Anxiety|alt_topic:anxiety-and-stress via Infertility (w=0.5)|demoted_missing_keyword_support|exact_topic:anxiety-and-stress via Stress (w=1)",,none,complete,true,false,Clinical contributor,specialty_matched_organizational_approval,peachtree_psychology_susan_keenan,true,2026-06-19,true,approve
5250a012-c71c-402c-949f-efa8e1dd1591,how-do-i-stop-overthinking-every-conversation-i-have-e5f6g7,david-k-gore-phd,"Kenneth W. Christian, PhD",liz-webb,Liz Webb,liz-webb,Liz Webb,Anxiety,anxiety-and-stress,Anxiety & Stress,anxiety-and-mood,Anxiety & Stress,100,high,exact_topic:anxiety-and-stress via Anxiety (w=1)|preferred_specialty_keyword:Anxiety|alt_topic:anxiety-and-stress via Depression (w=0.35),,none,complete,true,false,Clinical contributor,specialty_matched_organizational_approval,peachtree_psychology_susan_keenan,true,2026-06-19,,
a6eb9e75-05b4-40bd-b675-1436fde5d458,how-do-i-stop-overthinking-everything-i-say-and-184730-036,david-k-gore-phd,"Kenneth W. Christian, PhD",amanda-gaines,Amanda Gaines,amanda-gaines,Amanda Gaines,Anxiety,anxiety-and-stress,Anxiety & Stress,anxiety-and-mood,Anxiety & Stress,100,high,exact_topic:anxiety-and-stress via Anxiety (w=1)|preferred_specialty_keyword:Anxiety|alt_topic:anxiety-and-stress via Depression (w=0.35),,none,complete,true,false,Clinical contributor,specialty_matched_organizational_approval,peachtree_psychology_susan_keenan,true,2026-06-19,true,approve
65023e58-ce36-4004-a6d8-4ad92885b26b,how-do-i-stop-people-pleasing-177941-007,david-k-gore-phd,"Kenneth W. Christian, PhD",lynn-lane,Lynn Lane,lynn-lane,Lynn Lane,Relationship Counseling,relationships-and-communication,Relationships & Communication,relationships-and-connection,Relationships,100,high,exact_topic:relationships-and-communication via Relationship Counseling (w=1),,none,complete,true,false,Clinical contributor,specialty_matched_organizational_approval,peachtree_psychology_susan_keenan,true,2026-06-19,,
b49779d2-9c0e-4cc8-ba01-61a58cacd035,how-do-i-stop-stalking-my-ex-on-social-m-181083-090,david-k-gore-phd,"Kenneth W. Christian, PhD",sarah-evers,Sarah Evers,sarah-evers,Sarah Evers,Building Healthy Relationships,relationships-and-communication,Relationships & Communication,relationships-and-connection,Relationships & Divorce,100,high,exact_topic:relationships-and-communication via Building Healthy Relationships (w=1),requires_keyword_support:Chronic Illness & Disability|requires_keyword_support:Caregiver Stress,none,complete,true,false,Clinical contributor,specialty_matched_organizational_approval,peachtree_psychology_susan_keenan,true,2026-06-19,,
e61d07e8-db48-4883-8414-1460db8128a5,how-do-i-stop-worrying-about-things-i-cant-c-177941-027,david-k-gore-phd,"Kenneth W. Christian, PhD",susan-keenan,Susan L. Keenan,susan-keenan,Susan L. Keenan,Anxiety,anxiety-and-stress,Anxiety & Stress,anxiety-and-mood,Anxiety Management,100,high,exact_topic:anxiety-and-stress via Depression (w=0.35)|parent_theme:anxiety-and-mood via Depression|exact_topic:anxiety-and-stress via Anxiety (w=1)|preferred_specialty_keyword:Anxiety,,none,complete,true,false,Clinical contributor,specialty_matched_organizational_approval,peachtree_psychology_susan_keenan,true,2026-06-19,true,approve
7a11ba99-ecc0-4688-a252-a2eec4337e50,how-do-i-support-a-family-member-who-is--185759-025,david-k-gore-phd,"Kenneth W. Christian, PhD",lynn-lane,Lynn Lane,lynn-lane,Lynn Lane,Substance Abuse & Chemical Dependency,addiction-and-recovery,Addiction & Recovery,trauma-and-safety,Addiction & Recovery,100,high,parent_theme:trauma-and-safety via PTSD|exact_topic:addiction-and-recovery via Substance Abuse & Chemical Dependency (w=1),,none,complete,true,false,Clinical contributor,specialty_matched_organizational_approval,peachtree_psychology_susan_keenan,true,2026-06-19,,
79efb90c-ff4c-4347-9fab-a541a4e50eee,how-do-i-support-a-friend-who-is-grievin-185387-008,david-k-gore-phd,"Kenneth W. Christian, PhD",sarah-evers,Sarah Evers,sarah-evers,Sarah Evers,Grief & Loss,grief-and-loss,Grief & Loss,life-transitions-and-change,Grief & Loss,100,high,parent_theme:life-transitions-and-change via Chronic Illness & Disability|parent_theme:life-transitions-and-change via Life Events & Transitions|exact_topic:grief-and-loss via Grief & Loss (w=1),requires_keyword_support:Chronic Illness & Disability|requires_keyword_support:Caregiver Stress,none,complete,true,false,Clinical contributor,specialty_matched_organizational_approval,peachtree_psychology_susan_keenan,true,2026-06-19,,
7f4bb06a-21d2-44de-b1ee-d4c5cf0ffcb3,how-do-i-support-a-friend-who-is-struggling-with-mental-health,david-k-gore-phd,"Kenneth W. Christian, PhD",lynn-lane,Lynn Lane,lynn-lane,Lynn Lane,Anxiety,anxiety-and-stress,Anxiety & Stress,anxiety-and-mood,Anxiety & Stress,100,high,exact_topic:anxiety-and-stress via Anxiety (w=1)|preferred_specialty_keyword:Anxiety|alt_topic:anxiety-and-stress via Depression (w=0.35),,none,complete,true,false,Clinical contributor,specialty_matched_organizational_approval,peachtree_psychology_susan_keenan,true,2026-06-19,true,approve
185c1730-182c-404e-ae5c-05b528f8e7b9,how-do-i-support-a-friend-with-depression-without-burning-out,david-k-gore-phd,"Kenneth W. Christian, PhD",lexi-cooper,Lexi Cooper,lexi-cooper,Lexi Cooper,Depression,depression,Depression,anxiety-and-mood,Depression,100,high,parent_theme:anxiety-and-mood via Anxiety|exact_topic:depression via Depression (w=1)|preferred_specialty_keyword:Depression,,none,complete,true,false,Clinical contributor,specialty_matched_organizational_approval,peachtree_psychology_susan_keenan,true,2026-06-19,,
df8a0b37-bef1-472f-a97a-f592b18bf56a,how-do-i-support-a-partner-with-depression-without-burning-out,david-k-gore-phd,"Kenneth W. Christian, PhD",susan-keenan,Susan L. Keenan,susan-keenan,Susan L. Keenan,Depression,depression,Depression,anxiety-and-mood,Depression,100,high,exact_topic:depression via Depression (w=1)|preferred_specialty_keyword:Depression,,none,complete,true,false,Clinical contributor,specialty_matched_organizational_approval,peachtree_psychology_susan_keenan,true,2026-06-19,,
29787d45-c576-4303-9b3f-5809b5db8c3e,how-do-i-support-my-partner-who-is-questioning-the-186602-022,david-k-gore-phd,"Kenneth W. Christian, PhD",amanda-gaines,Amanda Gaines,amanda-gaines,Amanda Gaines,LGBTQIA+ Concerns,gender-sexuality-and-intimacy,"Gender, Sexuality & Intimacy",relationships-and-connection,"Sexuality, Gender Identity, and Intimacy",100,high,exact_topic:gender-sexuality-and-intimacy via LGBTQIA+ Concerns (w=1),,none,complete,true,false,Clinical contributor,specialty_matched_organizational_approval,peachtree_psychology_susan_keenan,true,2026-06-19,,
3f7a9a61-ba36-45b5-ab9a-2be727033c13,how-do-i-support-someone-in-recovery-wit-190974-010,david-k-gore-phd,"Kenneth W. Christian, PhD",lynn-lane,Lynn Lane,lynn-lane,Lynn Lane,Substance Abuse & Chemical Dependency,addiction-and-recovery,Addiction & Recovery,trauma-and-safety,Addiction & Recovery,100,high,parent_theme:trauma-and-safety via PTSD|exact_topic:addiction-and-recovery via Substance Abuse & Chemical Dependency (w=1),,none,complete,true,false,Clinical contributor,specialty_matched_organizational_approval,peachtree_psychology_susan_keenan,true,2026-06-19,,
6c1698e9-ff28-461d-a1ec-6f7d7545a41b,how-do-i-survive-a-toxic-work-environment,david-k-gore-phd,"Kenneth W. Christian, PhD",michaela-hilburn,Michaela Hilburn,michaela-hilburn,Michaela Hilburn,Work/Life Balance,work-and-burnout,Work & Burnout,work-and-purpose,Work & Life Balance,100,high,alias_keyword:stress|alt_topic:work-and-burnout via Life Transitions (w=0.45)|exact_topic:work-and-burnout via Work/Life Balance (w=1),,none,complete,true,false,Clinical contributor,specialty_matched_organizational_approval,peachtree_psychology_susan_keenan,true,2026-06-19,,
7d35938f-1b57-4edd-8bc3-6bfc208ed26f,how-do-i-talk-to-my-children-about-death-without-an-afterlife,david-k-gore-phd,"Kenneth W. Christian, PhD",samantha-bryant,Samantha Bryant,samantha-bryant,Samantha Bryant,Spirituality,meaning-faith-and-existential-questions,"Meaning, Faith & Existential Questions",spirituality-and-meaning,Spiritual Struggle / Existential Crisis,85,high,alias_keyword:Grief|exact_topic:meaning-faith-and-existential-questions via Spirituality (w=0.85),requires_keyword_support:Body Image,none,complete,true,false,Clinical contributor,specialty_matched_organizational_approval,peachtree_psychology_susan_keenan,true,2026-06-27,true,approve
d5aa095f-e192-4d33-be06-e5d8941cf16d,how-do-i-talk-to-my-family-about-money-w-181083-026,david-k-gore-phd,"Kenneth W. Christian, PhD",jackie-malone,Jackie Malone,jackie-malone,Jackie Malone,Relationship Issues,relationships-and-communication,Relationships & Communication,relationships-and-connection,Communication & Conflict,100,high,parent_theme:relationships-and-connection via Bisexual|exact_topic:relationships-and-communication via Codependency (w=1)|exact_topic:relationships-and-communication via Relationship Issues (w=1),requires_keyword_support:Body Image,none,complete,true,false,Clinical contributor,specialty_matched_organizational_approval,peachtree_psychology_susan_keenan,true,2026-06-19,,
3f486c8e-a0a4-41e1-bbbc-5ef1e5149989,how-do-i-talk-to-my-partner-about-difficult-topics,david-k-gore-phd,"Kenneth W. Christian, PhD",samantha-bryant,Samantha Bryant,samantha-bryant,Samantha Bryant,Marital and Premarital,relationships-and-communication,Relationships & Communication,relationships-and-connection,Relationships & Communication,100,high,parent_theme:relationships-and-connection via Bisexual|exact_topic:relationships-and-communication via Codependency (w=1)|exact_topic:relationships-and-communication via Marital and Premarital (w=1),requires_keyword_support:Body Image,none,complete,true,false,Clinical contributor,specialty_matched_organizational_approval,peachtree_psychology_susan_keenan,true,2026-06-19,,
080e0b49-b933-45c0-8187-a749632ef101,how-do-i-talk-to-my-partner-about-sexual-needs-wit-186602-018,david-k-gore-phd,"Kenneth W. Christian, PhD",samantha-bryant,Samantha Bryant,samantha-bryant,Samantha Bryant,Transgender,gender-sexuality-and-intimacy,"Gender, Sexuality & Intimacy",relationships-and-connection,"Sexuality, Gender Identity, and Intimacy",100,high,exact_topic:gender-sexuality-and-intimacy via Bisexual (w=1)|exact_topic:gender-sexuality-and-intimacy via Lesbian (w=1)|exact_topic:gender-sexuality-and-intimacy via LGBTQ+ (w=1)|exact_topic:gender-sexuality-and-intimacy via Transgender (w=1),,none,complete,true,false,Clinical contributor,specialty_matched_organizational_approval,peachtree_psychology_susan_keenan,true,2026-06-19,,
272854c3-261e-4bf1-9b44-d1c66de103c0,how-do-i-talk-to-my-teenager-about-depre-190974-006,david-k-gore-phd,"Kenneth W. Christian, PhD",jeannine-jannot,"Jeannine Jannot, Ph.D.",jeannine-jannot,"Jeannine Jannot, Ph.D.",Child,family-and-parenting,Family & Parenting,family-and-parenting,Parenting,100,high,exact_topic:family-and-parenting via Parenting (w=1)|preferred_specialty_keyword:Parenting|exact_topic:family-and-parenting via Child (w=1),,none,complete,true,false,Clinical contributor,specialty_matched_organizational_approval,peachtree_psychology_susan_keenan,true,2026-06-19,,
42a8ba99-428d-4eab-bb83-c5f29d4163c5,how-do-i-talk-to-my-teenager-about-substance-use,david-k-gore-phd,"Kenneth W. Christian, PhD",lynn-lane,Lynn Lane,lynn-lane,Lynn Lane,Substance Abuse & Chemical Dependency,addiction-and-recovery,Addiction & Recovery,trauma-and-safety,Addiction & Recovery,100,high,parent_theme:trauma-and-safety via PTSD|exact_topic:addiction-and-recovery via Substance Abuse & Chemical Dependency (w=1),,none,complete,true,false,Clinical contributor,specialty_matched_organizational_approval,peachtree_psychology_susan_keenan,true,2026-06-19,,
55e50b76-7803-466d-8d7c-98677861d0fc,how-do-i-talk-to-my-therapist-about-my-relationshi-189142-011,david-k-gore-phd,"Kenneth W. Christian, PhD",meredith-price,Meredith Price,meredith-price,Meredith Price,Self Esteem,identity-and-self-worth,Identity & Self-Worth,identity-and-self-worth,Identity & Self-Worth,100,high,exact_topic:identity-and-self-worth via Body Image (w=0.4)|demoted_missing_keyword_support|exact_topic:identity-and-self-worth via Life Transitions (w=0.4)|exact_topic:identity-and-self-worth via Self Esteem (w=1),"requires_keyword_support:Pregnancy, Prenatal, Postpartum",none,complete,true,false,Clinical contributor,specialty_matched_organizational_approval,peachtree_psychology_susan_keenan,true,2026-06-19,,
f26e753d-ace2-493f-97c8-393e596b3583,how-do-i-tell-if-im-depressed-or-just-going-through-a-rough-patch,david-k-gore-phd,"Kenneth W. Christian, PhD",lynn-lane,Lynn Lane,lynn-lane,Lynn Lane,Depression,depression,Depression,anxiety-and-mood,Depression & Numbness,100,high,parent_theme:anxiety-and-mood via Anxiety|exact_topic:depression via Depression (w=1)|preferred_specialty_keyword:Depression,,none,complete,true,false,Clinical contributor,specialty_matched_organizational_approval,peachtree_psychology_susan_keenan,true,2026-06-19,,
ac53192e-e018-4018-9175-4e343851a905,how-do-i-tell-my-children-about-our-divorce,david-k-gore-phd,"Kenneth W. Christian, PhD",susan-keenan,Susan L. Keenan,susan-keenan,Susan L. Keenan,Parenting,family-and-parenting,Family & Parenting,family-and-parenting,Family & Parenting,100,high,exact_topic:family-and-parenting via Family Conflict (w=1)|exact_topic:family-and-parenting via Parenting (w=1)|preferred_specialty_keyword:Parenting,,none,complete,true,false,Clinical contributor,specialty_matched_organizational_approval,peachtree_psychology_susan_keenan,true,2026-06-19,,
e85098b5-45c6-49b1-905c-55fd635c6a97,how-do-i-tell-my-family-i-think-im-autistic,david-k-gore-phd,"Kenneth W. Christian, PhD",jeannine-jannot,"Jeannine Jannot, Ph.D.",jeannine-jannot,"Jeannine Jannot, Ph.D.",Child,family-and-parenting,Family & Parenting,family-and-parenting,Family & Parenting,100,high,exact_topic:family-and-parenting via Parenting (w=1)|preferred_specialty_keyword:Parenting|exact_topic:family-and-parenting via Child (w=1),,none,complete,true,false,Clinical contributor,specialty_matched_organizational_approval,peachtree_psychology_susan_keenan,true,2026-06-19,,
f94fdc4b-177e-4d14-86e5-5edf645eb504,how-do-i-tell-my-friends-im-sober-withou-185759-026,david-k-gore-phd,"Kenneth W. Christian, PhD",jackie-malone,Jackie Malone,jackie-malone,Jackie Malone,Substance Use,addiction-and-recovery,Addiction & Recovery,trauma-and-safety,Addiction & Recovery,100,high,exact_topic:addiction-and-recovery via Addiction (w=1)|preferred_specialty_keyword:Addiction|exact_topic:addiction-and-recovery via Alcohol Use (w=1)|exact_topic:addiction-and-recovery via Drug Abuse (w=1)|exact_topic:addiction-and-recovery via Substance Use (w=1),,none,complete,true,false,Clinical contributor,specialty_matched_organizational_approval,peachtree_psychology_susan_keenan,true,2026-06-19,,
8d7f8813-f801-4999-be9c-46b951787f1a,how-do-i-tell-my-partner-about-my-depression,david-k-gore-phd,"Kenneth W. Christian, PhD",kelsey-donahue,Kelsey Madsen (Donahue),kelsey-donahue,Kelsey Madsen (Donahue),Depression,depression,Depression,anxiety-and-mood,Depression,100,high,parent_theme:anxiety-and-mood via Anxiety|exact_topic:depression via Depression (w=1)|preferred_specialty_keyword:Depression,,none,complete,true,false,Clinical contributor,specialty_matched_organizational_approval,peachtree_psychology_susan_keenan,true,2026-06-19,,
6d8974ff-1fc4-4095-ba3b-aafc73d95887,how-has-my-addiction-affected-my-relationships,david-k-gore-phd,"Kenneth W. Christian, PhD",lynn-lane,Lynn Lane,lynn-lane,Lynn Lane,Relationship Counseling,relationships-and-communication,Relationships & Communication,relationships-and-connection,Relationships & Communication,100,high,exact_topic:relationships-and-communication via Relationship Counseling (w=1),,none,complete,true,false,Clinical contributor,specialty_matched_organizational_approval,peachtree_psychology_susan_keenan,true,2026-06-19,,
adefe2a3-475d-49ad-b350-dcd8ba824449,how-is-depression-different-in-elderly-people,david-k-gore-phd,"Kenneth W. Christian, PhD",samantha-bryant,Samantha Bryant,samantha-bryant,Samantha Bryant,Depression,depression,Depression,anxiety-and-mood,Depression,100,high,parent_theme:anxiety-and-mood via Anxiety|exact_topic:depression via Depression (w=1)|preferred_specialty_keyword:Depression|alt_topic:depression via Mood Disorders (w=0.85),,none,complete,true,false,Clinical contributor,specialty_matched_organizational_approval,peachtree_psychology_susan_keenan,true,2026-06-19,,
6b4b1f44-ac5a-4307-9ffb-28b7df277a7e,how-long-does-it-take-to-feel-normal-again-in-recovery,david-k-gore-phd,"Kenneth W. Christian, PhD",lynn-lane,Lynn Lane,lynn-lane,Lynn Lane,Substance Abuse & Chemical Dependency,addiction-and-recovery,Addiction & Recovery,trauma-and-safety,Addiction & Recovery,100,high,parent_theme:trauma-and-safety via PTSD|exact_topic:addiction-and-recovery via Substance Abuse & Chemical Dependency (w=1),,none,complete,true,false,Clinical contributor,specialty_matched_organizational_approval,peachtree_psychology_susan_keenan,true,2026-06-19,,
6088fe2a-0f14-4943-9d1f-3695a8411df3,how-long-do-i-have-to-take-psychiatric-m-181083-057,david-k-gore-phd,"Kenneth W. Christian, PhD",kelsey-donahue,Kelsey Madsen (Donahue),kelsey-donahue,Kelsey Madsen (Donahue),Depression,depression,Depression,anxiety-and-mood,Depression,100,high,parent_theme:anxiety-and-mood via Anxiety|exact_topic:depression via Depression (w=1)|preferred_specialty_keyword:Depression,,none,complete,true,false,Clinical contributor,specialty_matched_organizational_approval,peachtree_psychology_susan_keenan,true,2026-06-19,true,approve
58093f94-bd31-4313-bc94-a6cdc2e162bb,how-long-is-it-normal-to-grieve-after-lo-184729-001,david-k-gore-phd,"Kenneth W. Christian, PhD",michaela-hilburn,Michaela Hilburn,michaela-hilburn,Michaela Hilburn,Grief and Loss,grief-and-loss,Grief & Loss,life-transitions-and-change,Grief & Loss,100,high,exact_topic:grief-and-loss via Grief and Loss (w=1),,none,complete,true,false,Clinical contributor,specialty_matched_organizational_approval,peachtree_psychology_susan_keenan,true,2026-06-19,,
cdab3232-53a3-4469-90fc-3fef546b5966,how-long-should-it-take-me-to-get-over-a-181083-079,david-k-gore-phd,"Kenneth W. Christian, PhD",lexi-cooper,Lexi Cooper,lexi-cooper,Lexi Cooper,Familial Relationship Counseling,relationships-and-communication,Relationships & Communication,relationships-and-connection,Relationships & Divorce,100,high,exact_topic:relationships-and-communication via Familial Relationship Counseling (w=1),,none,complete,true,false,Clinical contributor,specialty_matched_organizational_approval,peachtree_psychology_susan_keenan,true,2026-06-19,,
14da4654-31c2-481e-8c7e-78b311ef6db6,how-long-should-i-wait-before-making-major-life-decisions-in-recovery,david-k-gore-phd,"Kenneth W. Christian, PhD",lynn-lane,Lynn Lane,lynn-lane,Lynn Lane,Substance Abuse & Chemical Dependency,addiction-and-recovery,Addiction & Recovery,trauma-and-safety,Addiction & Recovery,100,high,parent_theme:trauma-and-safety via PTSD|exact_topic:addiction-and-recovery via Substance Abuse & Chemical Dependency (w=1),,none,complete,true,false,Clinical contributor,specialty_matched_organizational_approval,peachtree_psychology_susan_keenan,true,2026-06-19,,
2dbac3c4-c752-440f-8a13-ce571c428d6d,how-managers-can-talk-about-ai-without-increasing-anxiety,david-k-gore-phd,"Kenneth W. Christian, PhD",samantha-bryant,Samantha Bryant,samantha-bryant,Samantha Bryant,Career Counseling,work-and-burnout,Work & Burnout,work-and-purpose,Work & Burnout,100,high,alias_keyword:Anxiety|exact_topic:work-and-burnout via Career Counseling (w=1)|alt_topic:work-and-burnout via Life Transitions (w=0.45)|alt_topic:work-and-burnout via School Issues (w=0.4),,none,complete,true,false,Clinical contributor,specialty_matched_organizational_approval,peachtree_psychology_susan_keenan,true,2026-06-19,,
bf99327a-654a-4bd2-a503-a594a2b5fbce,how-to-apologize-to-repair-trust,david-k-gore-phd,"Kenneth W. Christian, PhD",meredith-price,Meredith Price,meredith-price,Meredith Price,Relationship Issues,relationships-and-communication,Relationships & Communication,relationships-and-connection,Communication & Conflict,100,high,exact_topic:relationships-and-communication via Codependency (w=1)|exact_topic:relationships-and-communication via Marital and Premarital (w=1)|exact_topic:relationships-and-communication via Relationship Issues (w=1),"requires_keyword_support:Pregnancy, Prenatal, Postpartum|requires_keyword_support:Body Image",none,complete,true,false,Clinical contributor,specialty_matched_organizational_approval,peachtree_psychology_susan_keenan,true,2026-06-19,,
1df5d067-a0bc-4167-ad09-fd45a78c2fc5,how-to-co-parent-with-someone-i-do-not-trust,david-k-gore-phd,"Kenneth W. Christian, PhD",susan-keenan,Susan L. Keenan,susan-keenan,Susan L. Keenan,Parenting,family-and-parenting,Family & Parenting,family-and-parenting,Family & Parenting,100,high,exact_topic:family-and-parenting via Family Conflict (w=1)|exact_topic:family-and-parenting via Parenting (w=1)|preferred_specialty_keyword:Parenting,,none,complete,true,false,Clinical contributor,specialty_matched_organizational_approval,peachtree_psychology_susan_keenan,true,2026-06-19,,
6008cd42-824c-465c-93cd-f79fb6204d4c,how-to-cope-with-ai-change-fatigue-at-work,david-k-gore-phd,"Kenneth W. Christian, PhD",michaela-hilburn,Michaela Hilburn,michaela-hilburn,Michaela Hilburn,Work/Life Balance,work-and-burnout,Work & Burnout,work-and-purpose,Work & Burnout,100,high,exact_topic:work-and-burnout via Life Transitions (w=0.45)|exact_topic:work-and-burnout via Work/Life Balance (w=1),,none,complete,true,false,Clinical contributor,specialty_matched_organizational_approval,peachtree_psychology_susan_keenan,true,2026-06-19,,
be48553f-b480-4e65-b5e3-84cea990f33c,how-to-handle-feeling-replaceable-because-of-ai,david-k-gore-phd,"Kenneth W. Christian, PhD",laura-hilsen,Laura Hilsen,laura-hilsen,Laura Hilsen,Work/Life Balance,work-and-burnout,Work & Burnout,work-and-purpose,Work & Burnout,100,high,exact_topic:work-and-burnout via Life Transitions (w=0.45)|exact_topic:work-and-burnout via Work/Life Balance (w=1),,none,complete,true,false,Clinical contributor,specialty_matched_organizational_approval,peachtree_psychology_susan_keenan,true,2026-06-19,,
cf713791-956b-4518-b499-2cfa47d55f2f,how-to-know-if-too-emotionally-dependent-on-ai,david-k-gore-phd,"Kenneth W. Christian, PhD",susan-keenan,Susan L. Keenan,susan-keenan,Susan L. Keenan,Self Esteem,identity-and-self-worth,Identity & Self-Worth,identity-and-self-worth,Identity & Self-Worth,100,high,exact_topic:identity-and-self-worth via Self Esteem (w=1),,none,complete,true,false,Clinical contributor,specialty_matched_organizational_approval,peachtree_psychology_susan_keenan,true,2026-06-19,,
35432505-7046-4a35-b179-6d5abad92882,how-to-stop-checking-ai-for-every-decision,david-k-gore-phd,"Kenneth W. Christian, PhD",laura-hilsen,Laura Hilsen,laura-hilsen,Laura Hilsen,Self-Esteem,identity-and-self-worth,Identity & Self-Worth,identity-and-self-worth,Identity & Self-Worth,100,high,exact_topic:identity-and-self-worth via Life Transitions (w=0.4)|exact_topic:identity-and-self-worth via Self-Compassion (w=1)|exact_topic:identity-and-self-worth via Self-Esteem (w=1),,none,complete,true,false,Clinical contributor,specialty_matched_organizational_approval,peachtree_psychology_susan_keenan,true,2026-06-19,,
d66791f8-19ab-4c93-86da-94412d492218,how-to-stop-comparing-myself-to-everyone-else,david-k-gore-phd,"Kenneth W. Christian, PhD",sarah-evers,Sarah Evers,sarah-evers,Sarah Evers,Shame & Conditions of Worth,identity-and-self-worth,Identity & Self-Worth,identity-and-self-worth,Identity & Self-Worth,100,high,alias_keyword:stress|alt_topic:identity-and-self-worth via Life Events & Transitions (w=0.4)|exact_topic:identity-and-self-worth via Shame & Conditions of Worth (w=1),requires_keyword_support:Chronic Illness & Disability|requires_keyword_support:Caregiver Stress,none,complete,true,false,Clinical contributor,specialty_matched_organizational_approval,peachtree_psychology_susan_keenan,true,2026-06-27,,
f0ee5173-e394-473e-b8c0-5d9d099d51d0,how-to-tell-if-ai-conversation-is-making-me-paranoid,david-k-gore-phd,"Kenneth W. Christian, PhD",kelsey-donahue,Kelsey Madsen (Donahue),kelsey-donahue,Kelsey Madsen (Donahue),Stress,anxiety-and-stress,Anxiety & Stress,anxiety-and-mood,Anxiety & Stress,100,high,exact_topic:anxiety-and-stress via Anxiety (w=1)|preferred_specialty_keyword:Anxiety|alt_topic:anxiety-and-stress via Depression (w=0.35)|exact_topic:anxiety-and-stress via Stress (w=1),,none,complete,true,false,Clinical contributor,specialty_matched_organizational_approval,peachtree_psychology_susan_keenan,true,2026-06-19,,
a3d9d305-c01e-4946-9e01-1653ae5f82af,how-to-use-ai-without-losing-my-own-voice,david-k-gore-phd,"Kenneth W. Christian, PhD",susan-keenan,Susan L. Keenan,susan-keenan,Susan L. Keenan,Self Esteem,identity-and-self-worth,Identity & Self-Worth,identity-and-self-worth,Identity & Self-Worth,100,high,exact_topic:identity-and-self-worth via Self Esteem (w=1),,none,complete,true,false,Clinical contributor,specialty_matched_organizational_approval,peachtree_psychology_susan_keenan,true,2026-06-19,,
33597c8d-19f3-4be5-a844-f207a649f7fb,i-cannot-stop-checking-if-i-locked-the-door-before-leaving,david-k-gore-phd,"Kenneth W. Christian, PhD",liz-webb,Liz Webb,liz-webb,Liz Webb,Anxiety,anxiety-and-stress,Anxiety & Stress,anxiety-and-mood,Anxiety & Stress,100,high,exact_topic:anxiety-and-stress via Anxiety (w=1)|preferred_specialty_keyword:Anxiety|alt_topic:anxiety-and-stress via Depression (w=0.35),,none,complete,true,false,Clinical contributor,specialty_matched_organizational_approval,peachtree_psychology_susan_keenan,true,2026-06-19,,
dad32643-cbe5-4630-b606-6ec5d88d4ef7,i-feel-guilty-for-resting-and-doing-nothing-how-do-i-overcome-this-j1k2l3,david-k-gore-phd,"Kenneth W. Christian, PhD",kelsey-donahue,Kelsey Madsen (Donahue),kelsey-donahue,Kelsey Madsen (Donahue),Stress,anxiety-and-stress,Anxiety & Stress,anxiety-and-mood,Anxiety & Stress,100,high,exact_topic:anxiety-and-stress via Anxiety (w=1)|preferred_specialty_keyword:Anxiety|alt_topic:anxiety-and-stress via Depression (w=0.35)|exact_topic:anxiety-and-stress via Stress (w=1),,none,complete,true,false,Clinical contributor,specialty_matched_organizational_approval,peachtree_psychology_susan_keenan,true,2026-06-19,,
bdb666a7-5455-44e3-92cf-d190885e68ec,im-afraid-of-becoming-dependent-on-antidepressants-is-this-a-valid-concern,david-k-gore-phd,"Kenneth W. Christian, PhD",jackie-malone,Jackie Malone,jackie-malone,Jackie Malone,Depression,depression,Depression,anxiety-and-mood,Depression,100,high,alias_keyword:Addiction|exact_topic:depression via Depression (w=1)|preferred_specialty_keyword:Depression,,none,complete,true,false,Clinical contributor,specialty_matched_organizational_approval,peachtree_psychology_susan_keenan,true,2026-06-19,,
24c1543e-d0f2-478e-b499-797c5e66ffd2,i-rehearse-conversations-in-my-head-for-hours-before-they-happen,david-k-gore-phd,"Kenneth W. Christian, PhD",michaela-hilburn,Michaela Hilburn,michaela-hilburn,Michaela Hilburn,Anxiety,anxiety-and-stress,Anxiety & Stress,anxiety-and-mood,Anxiety & Stress,100,high,exact_topic:anxiety-and-stress via Anxiety (w=1)|preferred_specialty_keyword:Anxiety|alt_topic:anxiety-and-stress via Depression (w=0.35),,none,complete,true,false,Clinical contributor,specialty_matched_organizational_approval,peachtree_psychology_susan_keenan,true,2026-06-19,true,approve
54cec8a0-bc09-4ec4-a252-37a3a8c7fdad,is-ai-making-it-harder-for-me-to-tolerate-emotiona-189142-012,david-k-gore-phd,"Kenneth W. Christian, PhD",samantha-bryant,Samantha Bryant,samantha-bryant,Samantha Bryant,Stress,anxiety-and-stress,Anxiety & Stress,anxiety-and-mood,Anxiety & Stress,100,high,exact_topic:anxiety-and-stress via Anxiety (w=1)|preferred_specialty_keyword:Anxiety|alt_topic:anxiety-and-stress via Depression (w=0.35)|exact_topic:anxiety-and-stress via Stress (w=1),,none,complete,true,false,Clinical contributor,specialty_matched_organizational_approval,peachtree_psychology_susan_keenan,true,2026-06-19,,
b0aac548-f970-404e-888b-d78b1aa16441,is-asking-ai-for-reassurance-making-anxiety-worse,david-k-gore-phd,"Kenneth W. Christian, PhD",michaela-hilburn,Michaela Hilburn,michaela-hilburn,Michaela Hilburn,Anxiety,anxiety-and-stress,Anxiety & Stress,anxiety-and-mood,Anxiety & Stress,100,high,exact_topic:anxiety-and-stress via Anxiety (w=1)|preferred_specialty_keyword:Anxiety|alt_topic:anxiety-and-stress via Depression (w=0.35),,none,complete,true,false,Clinical contributor,specialty_matched_organizational_approval,peachtree_psychology_susan_keenan,true,2026-06-19,,
859c3380-932d-4933-8070-d8d8b7447a9e,is-hustle-culture-toxic-and-how-do-i-esc-185387-023,david-k-gore-phd,"Kenneth W. Christian, PhD",laura-hilsen,Laura Hilsen,laura-hilsen,Laura Hilsen,Work/Life Balance,work-and-burnout,Work & Burnout,work-and-purpose,"Work, Stress & Burnout",100,high,alias_keyword:stress|alt_topic:work-and-burnout via Life Transitions (w=0.45)|exact_topic:work-and-burnout via Work/Life Balance (w=1),,none,complete,true,false,Clinical contributor,specialty_matched_organizational_approval,peachtree_psychology_susan_keenan,true,2026-06-19,,
0befbe52-ae75-43fa-9080-39ddc52d4143,is-it-bad-to-take-naps-when-im-depressed-181083-052,david-k-gore-phd,"Kenneth W. Christian, PhD",samantha-bryant,Samantha Bryant,samantha-bryant,Samantha Bryant,Depression,depression,Depression,anxiety-and-mood,Depression,100,high,parent_theme:anxiety-and-mood via Anxiety|exact_topic:depression via Depression (w=1)|preferred_specialty_keyword:Depression|alt_topic:depression via Mood Disorders (w=0.85),,none,complete,true,false,Clinical contributor,specialty_matched_organizational_approval,peachtree_psychology_susan_keenan,true,2026-06-19,,
33ae833a-0f8d-41f0-a2e2-0fd8b47d2c5a,is-it-my-responsibility-to-make-my-partn-185759-035,david-k-gore-phd,"Kenneth W. Christian, PhD",lexi-cooper,Lexi Cooper,lexi-cooper,Lexi Cooper,Familial Relationship Counseling,relationships-and-communication,Relationships & Communication,relationships-and-connection,Relationships & Communication,100,high,exact_topic:relationships-and-communication via Familial Relationship Counseling (w=1),,none,complete,true,false,Clinical contributor,specialty_matched_organizational_approval,peachtree_psychology_susan_keenan,true,2026-06-19,,
7f7bd4ee-eb43-4598-91b0-61766e0918ba,is-it-normal-to-be-scared-of-starting-ps-181083-066,david-k-gore-phd,"Kenneth W. Christian, PhD",meredith-price,Meredith Price,meredith-price,Meredith Price,Stress,anxiety-and-stress,Anxiety & Stress,anxiety-and-mood,Anxiety & Stress,100,high,"exact_topic:anxiety-and-stress via Pregnancy, Prenatal, Postpartum (w=0.5)|demoted_missing_keyword_support|exact_topic:anxiety-and-stress via Depression (w=0.35)|parent_theme:anxiety-and-mood via Depression|exact_topic:anxiety-and-stress via Anxiety (w=1)|preferred_specialty_keyword:Anxiety|alt_topic:anxiety-and-stress via Infertility (w=0.5)|demoted_missing_keyword_support|exact_topic:anxiety-and-stress via Stress (w=1)",,none,complete,true,false,Clinical contributor,specialty_matched_organizational_approval,peachtree_psychology_susan_keenan,true,2026-06-19,,
8f7b0a2c-c107-4a04-bb8b-fc848bdf6edb,is-it-normal-to-cry-for-no-apparent-reas-181288-002,david-k-gore-phd,"Kenneth W. Christian, PhD",kelsey-donahue,Kelsey Madsen (Donahue),kelsey-donahue,Kelsey Madsen (Donahue),Depression,depression,Depression,anxiety-and-mood,Depression,100,high,parent_theme:anxiety-and-mood via Anxiety|exact_topic:depression via Depression (w=1)|preferred_specialty_keyword:Depression,,none,complete,true,false,Clinical contributor,specialty_matched_organizational_approval,peachtree_psychology_susan_keenan,true,2026-06-19,,
8ce63a78-69cb-4b52-b2a1-396b73cb3bae,is-it-normal-to-dread-going-to-work-ever-181288-024,david-k-gore-phd,"Kenneth W. Christian, PhD",michaela-hilburn,Michaela Hilburn,michaela-hilburn,Michaela Hilburn,Work/Life Balance,work-and-burnout,Work & Burnout,work-and-purpose,Work & Burnout,100,high,exact_topic:work-and-burnout via Life Transitions (w=0.45)|exact_topic:work-and-burnout via Work/Life Balance (w=1),,none,complete,true,false,Clinical contributor,specialty_matched_organizational_approval,peachtree_psychology_susan_keenan,true,2026-06-19,,
9015689e-41c5-47f9-9e49-ab21e8fffdfa,is-it-normal-to-feel-angry-after-someone-dies,david-k-gore-phd,"Kenneth W. Christian, PhD",amanda-gaines,Amanda Gaines,amanda-gaines,Amanda Gaines,Grief & Loss,grief-and-loss,Grief & Loss,life-transitions-and-change,Grief & Loss,100,high,exact_topic:grief-and-loss via Grief & Loss (w=1),,none,complete,true,false,Clinical contributor,specialty_matched_organizational_approval,peachtree_psychology_susan_keenan,true,2026-06-19,,
19d37961-9646-45de-81d0-54fb4fcb2f0e,is-it-normal-to-feel-anxious-about-being-181288-009,david-k-gore-phd,"Kenneth W. Christian, PhD",susan-keenan,Susan L. Keenan,susan-keenan,Susan L. Keenan,Anxiety,anxiety-and-stress,Anxiety & Stress,anxiety-and-mood,Anxiety & Stress,100,high,exact_topic:anxiety-and-stress via Depression (w=0.35)|parent_theme:anxiety-and-mood via Depression|exact_topic:anxiety-and-stress via Anxiety (w=1)|preferred_specialty_keyword:Anxiety,,none,complete,true,false,Clinical contributor,specialty_matched_organizational_approval,peachtree_psychology_susan_keenan,true,2026-06-19,,
a0591b87-562a-4ff6-acde-2bb25edd0c70,is-it-normal-to-feel-bored-in-early-reco-181288-034,david-k-gore-phd,"Kenneth W. Christian, PhD",jackie-malone,Jackie Malone,jackie-malone,Jackie Malone,Substance Use,addiction-and-recovery,Addiction & Recovery,trauma-and-safety,Addiction & Recovery,100,high,exact_topic:addiction-and-recovery via Addiction (w=1)|preferred_specialty_keyword:Addiction|exact_topic:addiction-and-recovery via Alcohol Use (w=1)|exact_topic:addiction-and-recovery via Drug Abuse (w=1)|exact_topic:addiction-and-recovery via Substance Use (w=1),,none,complete,true,false,Clinical contributor,specialty_matched_organizational_approval,peachtree_psychology_susan_keenan,true,2026-06-19,,
06c9b672-6364-4b1f-8b43-9b2f7900d575,is-it-normal-to-feel-bored-or-empty-after-getting-sober,david-k-gore-phd,"Kenneth W. Christian, PhD",liz-webb,Liz Webb,liz-webb,Liz Webb,Substance Use,addiction-and-recovery,Addiction & Recovery,trauma-and-safety,Addiction & Recovery,100,high,exact_topic:addiction-and-recovery via Substance Use (w=1),,none,complete,true,false,Clinical contributor,specialty_matched_organizational_approval,peachtree_psychology_susan_keenan,true,2026-06-19,,
621b0ee7-c2a4-466d-be36-144b0ecb376d,is-it-normal-to-feel-guilty-about-spendi-181083-018,david-k-gore-phd,"Kenneth W. Christian, PhD",samantha-bryant,Samantha Bryant,samantha-bryant,Samantha Bryant,Self Esteem,identity-and-self-worth,Identity & Self-Worth,identity-and-self-worth,Identity & Self-Worth,100,high,exact_topic:identity-and-self-worth via Body Image (w=0.4)|demoted_missing_keyword_support|exact_topic:identity-and-self-worth via Life Transitions (w=0.4)|exact_topic:identity-and-self-worth via Self Esteem (w=1),,none,complete,true,false,Clinical contributor,specialty_matched_organizational_approval,peachtree_psychology_susan_keenan,true,2026-06-19,,
ccd0a267-9892-4fa6-b4df-1bbaa4f30ad0,is-it-normal-to-feel-jealous-of-people-w-181083-028,david-k-gore-phd,"Kenneth W. Christian, PhD",michaela-hilburn,Michaela Hilburn,michaela-hilburn,Michaela Hilburn,Self-Esteem,identity-and-self-worth,Identity & Self-Worth,identity-and-self-worth,Identity & Self-Worth,100,high,exact_topic:identity-and-self-worth via Life Transitions (w=0.4)|exact_topic:identity-and-self-worth via Self-Compassion (w=1)|exact_topic:identity-and-self-worth via Self-Esteem (w=1),,none,complete,true,false,Clinical contributor,specialty_matched_organizational_approval,peachtree_psychology_susan_keenan,true,2026-06-19,,
637ebed6-d1c4-4d52-8f76-7f1bae3a19ff,is-it-normal-to-feel-lonely-even-when-im-181083-068,david-k-gore-phd,"Kenneth W. Christian, PhD",lynn-lane,Lynn Lane,lynn-lane,Lynn Lane,Relationship Counseling,relationships-and-communication,Relationships & Communication,relationships-and-connection,Relationships & Divorce,100,high,exact_topic:relationships-and-communication via Relationship Counseling (w=1),,none,complete,true,false,Clinical contributor,specialty_matched_organizational_approval,peachtree_psychology_susan_keenan,true,2026-06-19,,
fd992a6a-f71c-4641-8fe0-a164c632b803,is-it-normal-to-feel-nauseous-when-im-re-181083-004,david-k-gore-phd,"Kenneth W. Christian, PhD",samantha-bryant,Samantha Bryant,samantha-bryant,Samantha Bryant,Stress,anxiety-and-stress,Anxiety & Stress,anxiety-and-mood,Anxiety & Stress,100,high,exact_topic:anxiety-and-stress via Anxiety (w=1)|preferred_specialty_keyword:Anxiety|alt_topic:anxiety-and-stress via Depression (w=0.35)|exact_topic:anxiety-and-stress via Stress (w=1),,none,complete,true,false,Clinical contributor,specialty_matched_organizational_approval,peachtree_psychology_susan_keenan,true,2026-06-19,true,approve
0b4555ce-ace3-410b-85aa-3cb6cb8e712c,is-it-normal-to-feel-nothing-after-someo-186032-004,david-k-gore-phd,"Kenneth W. Christian, PhD",lynn-lane,Lynn Lane,lynn-lane,Lynn Lane,Grief & Loss,grief-and-loss,Grief & Loss,life-transitions-and-change,Grief & Loss,100,high,alias_keyword:numbness|exact_topic:grief-and-loss via Grief & Loss (w=1),,none,complete,true,false,Clinical contributor,specialty_matched_organizational_approval,peachtree_psychology_susan_keenan,true,2026-06-19,,
36e622b1-4d72-4d76-9095-f2efb397e419,is-it-normal-to-feel-relief-when-someone-184729-003,david-k-gore-phd,"Kenneth W. Christian, PhD",liz-webb,Liz Webb,liz-webb,Liz Webb,Grief & Loss,grief-and-loss,Grief & Loss,life-transitions-and-change,Grief & Loss,100,high,parent_theme:life-transitions-and-change via Life Transitions|exact_topic:grief-and-loss via Grief & Loss (w=1),,none,complete,true,false,Clinical contributor,specialty_matched_organizational_approval,peachtree_psychology_susan_keenan,true,2026-06-19,,
145f90c0-b571-4e84-b9cb-f0c46a80bed0,is-it-normal-to-feel-scared-of-dating-ag-181083-081,david-k-gore-phd,"Kenneth W. Christian, PhD",meredith-price,Meredith Price,meredith-price,Meredith Price,Relationship Issues,relationships-and-communication,Relationships & Communication,relationships-and-connection,Relationships & Divorce,100,high,exact_topic:relationships-and-communication via Codependency (w=1)|exact_topic:relationships-and-communication via Marital and Premarital (w=1)|exact_topic:relationships-and-communication via Relationship Issues (w=1),"requires_keyword_support:Pregnancy, Prenatal, Postpartum|requires_keyword_support:Body Image",none,complete,true,false,Clinical contributor,specialty_matched_organizational_approval,peachtree_psychology_susan_keenan,true,2026-06-19,,
116c02be-b735-4f65-950a-c0f811253e5a,is-it-normal-to-feel-worse-before-i-feel-better-in-recovery,david-k-gore-phd,"Kenneth W. Christian, PhD",liz-webb,Liz Webb,liz-webb,Liz Webb,Substance Use,addiction-and-recovery,Addiction & Recovery,trauma-and-safety,Addiction & Recovery,100,high,exact_topic:addiction-and-recovery via Substance Use (w=1)|preferred_specialty_keyword:Substance Use,,none,complete,true,false,Clinical contributor,specialty_matched_organizational_approval,peachtree_psychology_susan_keenan,true,2026-06-19,true,approve
af928cc2-4ae7-48e3-a0ef-bf5f541aab3e,is-it-normal-to-grieve-the-loss-of-my-faith-like-a-death,david-k-gore-phd,"Kenneth W. Christian, PhD",lynn-lane,Lynn Lane,lynn-lane,Lynn Lane,Spiritual Issues,meaning-faith-and-existential-questions,"Meaning, Faith & Existential Questions",spirituality-and-meaning,Spiritual Doubt,85,high,alias_keyword:Grief|exact_topic:meaning-faith-and-existential-questions via Spiritual Issues (w=0.85),,none,complete,true,false,Clinical contributor,specialty_matched_organizational_approval,peachtree_psychology_susan_keenan,true,2026-06-27,true,approve
ffda7cfd-3b00-4a72-9dad-2b6e98a25bc2,is-it-normal-to-have-existential-thought-181083-046,david-k-gore-phd,"Kenneth W. Christian, PhD",susan-keenan,Susan L. Keenan,susan-keenan,Susan L. Keenan,Spirituality,meaning-faith-and-existential-questions,"Meaning, Faith & Existential Questions",spirituality-and-meaning,Existential,85,high,exact_topic:meaning-faith-and-existential-questions via Spirituality (w=0.85),,none,complete,true,false,Clinical contributor,specialty_matched_organizational_approval,peachtree_psychology_susan_keenan,true,2026-06-19,true,approve
a8e7dac4-292c-4cab-b405-8fa6233f85f1,is-it-normal-to-have-trust-issues-after-181083-089,david-k-gore-phd,"Kenneth W. Christian, PhD",lexi-cooper,Lexi Cooper,lexi-cooper,Lexi Cooper,Familial Relationship Counseling,relationships-and-communication,Relationships & Communication,relationships-and-connection,Relationships & Communication,100,high,exact_topic:relationships-and-communication via Familial Relationship Counseling (w=1),,none,complete,true,false,Clinical contributor,specialty_matched_organizational_approval,peachtree_psychology_susan_keenan,true,2026-06-19,true,approve
ce51cb42-3bc5-4823-bffc-8944099d3c34,is-it-normal-to-have-vivid-dreams-or-nightmares-in-recovery,david-k-gore-phd,"Kenneth W. Christian, PhD",liz-webb,Liz Webb,liz-webb,Liz Webb,Substance Use,addiction-and-recovery,Addiction & Recovery,trauma-and-safety,Addiction & Recovery,100,high,exact_topic:addiction-and-recovery via Substance Use (w=1)|preferred_specialty_keyword:Substance Use,,none,complete,true,false,Clinical contributor,specialty_matched_organizational_approval,peachtree_psychology_susan_keenan,true,2026-06-19,,
f0967d8a-8a50-48fb-9976-60dcd5ed5c57,is-it-normal-to-lose-sleep-over-money-wo-181083-022,david-k-gore-phd,"Kenneth W. Christian, PhD",meredith-price,Meredith Price,meredith-price,Meredith Price,Stress,anxiety-and-stress,Anxiety & Stress,anxiety-and-mood,Anxiety & Stress,100,high,"exact_topic:anxiety-and-stress via Pregnancy, Prenatal, Postpartum (w=0.5)|demoted_missing_keyword_support|exact_topic:anxiety-and-stress via Depression (w=0.35)|parent_theme:anxiety-and-mood via Depression|exact_topic:anxiety-and-stress via Anxiety (w=1)|preferred_specialty_keyword:Anxiety|alt_topic:anxiety-and-stress via Infertility (w=0.5)|demoted_missing_keyword_support|exact_topic:anxiety-and-stress via Stress (w=1)",,none,complete,true,false,Clinical contributor,specialty_matched_organizational_approval,peachtree_psychology_susan_keenan,true,2026-06-19,,
488cbec5-7be5-4726-b6ba-60b17439bc79,is-it-normal-to-not-remember-parts-of-my-181288-030,david-k-gore-phd,"Kenneth W. Christian, PhD",sarah-evers,Sarah Evers,sarah-evers,Sarah Evers,Developmental Wounds & Complex Trauma,trauma-and-safety,Trauma & Safety,trauma-and-safety,Trauma & Grief,100,high,alias_keyword:stress|exact_topic:trauma-and-safety via Developmental Wounds & Complex Trauma (w=1),requires_keyword_support:Chronic Illness & Disability|requires_keyword_support:Caregiver Stress,none,complete,true,false,Clinical contributor,specialty_matched_organizational_approval,peachtree_psychology_susan_keenan,true,2026-06-19,,
b74b065f-8dbd-472b-b7ce-82d3dcac6c8c,is-it-normal-to-prefer-being-alone-most-181083-076,david-k-gore-phd,"Kenneth W. Christian, PhD",michaela-hilburn,Michaela Hilburn,michaela-hilburn,Michaela Hilburn,Self-Esteem,identity-and-self-worth,Identity & Self-Worth,identity-and-self-worth,Identity & Self-Worth,100,high,alias_keyword:low mood|alt_topic:identity-and-self-worth via Life Transitions (w=0.4)|exact_topic:identity-and-self-worth via Self-Compassion (w=1)|exact_topic:identity-and-self-worth via Self-Esteem (w=1),,none,complete,true,false,Clinical contributor,specialty_matched_organizational_approval,peachtree_psychology_susan_keenan,true,2026-06-19,,
95cf5394-0ac4-48b7-bb14-a43083fdcc63,is-it-normal-to-question-your-sexual-orientation-l-186602-019,david-k-gore-phd,"Kenneth W. Christian, PhD",amanda-gaines,Amanda Gaines,amanda-gaines,Amanda Gaines,LGBTQIA+ Concerns,gender-sexuality-and-intimacy,"Gender, Sexuality & Intimacy",relationships-and-connection,"Sexuality, Gender Identity, and Intimacy",100,high,exact_topic:gender-sexuality-and-intimacy via LGBTQIA+ Concerns (w=1),,none,complete,true,false,Clinical contributor,specialty_matched_organizational_approval,peachtree_psychology_susan_keenan,true,2026-06-19,,
0e3de0c2-7639-4c1f-931a-b230fbc3c973,is-it-okay-to-date-someone-in-early-recovery,david-k-gore-phd,"Kenneth W. Christian, PhD",susan-keenan,Susan L. Keenan,susan-keenan,Susan L. Keenan,Alcohol Use,addiction-and-recovery,Addiction & Recovery,trauma-and-safety,Addiction & Recovery,100,high,alias_keyword:stress|parent_theme:trauma-and-safety via Trauma and PTSD|exact_topic:addiction-and-recovery via Alcohol Use (w=1),,none,complete,true,false,Clinical contributor,specialty_matched_organizational_approval,peachtree_psychology_susan_keenan,true,2026-06-19,,
dde08134-d890-487a-b8dd-c141ecec6442,is-it-okay-to-still-miss-my-ex-even-thou-181083-085,david-k-gore-phd,"Kenneth W. Christian, PhD",laura-hilsen,Laura Hilsen,laura-hilsen,Laura Hilsen,Infidelity,relationships-and-communication,Relationships & Communication,relationships-and-connection,Relationships & Divorce,100,high,alias_keyword:Grief|exact_topic:relationships-and-communication via Relationship Issues (w=1)|exact_topic:relationships-and-communication via Divorce (w=1)|preferred_specialty_keyword:divorce|exact_topic:relationships-and-communication via Infidelity (w=1),,none,complete,true,false,Clinical contributor,specialty_matched_organizational_approval,peachtree_psychology_susan_keenan,true,2026-06-19,,
c2c0ee45-43de-4cfa-b997-e4b976ef90da,is-it-okay-to-use-ai-to-talk-to-someone-who-died,david-k-gore-phd,"Kenneth W. Christian, PhD",michaela-hilburn,Michaela Hilburn,michaela-hilburn,Michaela Hilburn,Grief and Loss,grief-and-loss,Grief & Loss,life-transitions-and-change,Grief & Loss,100,high,exact_topic:grief-and-loss via Grief and Loss (w=1),,none,complete,true,false,Clinical contributor,specialty_matched_organizational_approval,peachtree_psychology_susan_keenan,true,2026-06-19,,
4aaaa7ef-81ac-47b5-9ce5-b435da019ce6,is-it-pathetic-to-eat-dinner-alone-every-181083-072,david-k-gore-phd,"Kenneth W. Christian, PhD",jackie-malone,Jackie Malone,jackie-malone,Jackie Malone,Self Esteem,identity-and-self-worth,Identity & Self-Worth,identity-and-self-worth,Identity & Self-Worth,100,high,exact_topic:identity-and-self-worth via Body Image (w=0.4)|demoted_missing_keyword_support|exact_topic:identity-and-self-worth via Life Transitions (w=0.4)|exact_topic:identity-and-self-worth via Self Esteem (w=1),,none,complete,true,false,Clinical contributor,specialty_matched_organizational_approval,peachtree_psychology_susan_keenan,true,2026-06-19,true,approve
a980fdfe-e9d7-471d-95dd-03f8dc7a0e25,is-it-possible-to-be-addicted-to-social-179301-005,david-k-gore-phd,"Kenneth W. Christian, PhD",lynn-lane,Lynn Lane,lynn-lane,Lynn Lane,Substance Abuse & Chemical Dependency,addiction-and-recovery,Addiction & Recovery,trauma-and-safety,Addiction & Recovery,100,high,alias_keyword:Anxiety|parent_theme:trauma-and-safety via PTSD|exact_topic:addiction-and-recovery via Substance Abuse & Chemical Dependency (w=1),,none,complete,true,false,Clinical contributor,specialty_matched_organizational_approval,peachtree_psychology_susan_keenan,true,2026-06-19,,
61cc947b-4993-4d63-b2e2-33fea903ed37,is-it-possible-to-fall-in-love-with-an-ai-189142-005,david-k-gore-phd,"Kenneth W. Christian, PhD",samantha-bryant,Samantha Bryant,samantha-bryant,Samantha Bryant,Marital and Premarital,relationships-and-communication,Relationships & Communication,relationships-and-connection,Relationships & Divorce,100,high,parent_theme:relationships-and-connection via Bisexual|exact_topic:relationships-and-communication via Codependency (w=1)|exact_topic:relationships-and-communication via Marital and Premarital (w=1),requires_keyword_support:Body Image,none,complete,true,false,Clinical contributor,specialty_matched_organizational_approval,peachtree_psychology_susan_keenan,true,2026-06-19,,
b1b2114a-20dc-4dd5-9006-7cdc0bb0ad1d,is-it-possible-to-use-substances-occasio-186032-028,david-k-gore-phd,"Kenneth W. Christian, PhD",jackie-malone,Jackie Malone,jackie-malone,Jackie Malone,Substance Use,addiction-and-recovery,Addiction & Recovery,trauma-and-safety,Addiction & Recovery,100,high,exact_topic:addiction-and-recovery via Addiction (w=1)|preferred_specialty_keyword:Addiction|exact_topic:addiction-and-recovery via Alcohol Use (w=1)|exact_topic:addiction-and-recovery via Drug Abuse (w=1)|exact_topic:addiction-and-recovery via Substance Use (w=1)|preferred_specialty_keyword:Substance Use,,none,complete,true,false,Clinical contributor,specialty_matched_organizational_approval,peachtree_psychology_susan_keenan,true,2026-06-19,,
d39b0457-e383-4e09-a05f-df997d14d518,is-it-unhealthy-to-prefer-talking-to-ai-over-friends,david-k-gore-phd,"Kenneth W. Christian, PhD",samantha-bryant,Samantha Bryant,samantha-bryant,Samantha Bryant,Marital and Premarital,relationships-and-communication,Relationships & Communication,relationships-and-connection,Relationships & Communication,100,high,parent_theme:relationships-and-connection via Bisexual|exact_topic:relationships-and-communication via Codependency (w=1)|exact_topic:relationships-and-communication via Marital and Premarital (w=1),requires_keyword_support:Body Image,none,complete,true,false,Clinical contributor,specialty_matched_organizational_approval,peachtree_psychology_susan_keenan,true,2026-06-19,,
f4e9c072-b715-4eef-97b3-cf8d7d20db9b,is-my-constant-need-to-talk-to-an-ai-a-form-of-emo-189142-003,david-k-gore-phd,"Kenneth W. Christian, PhD",alex-crenshaw-phd,Dr. Alex Crenshaw,alex-crenshaw-phd,Dr. Alex Crenshaw,Anxiety,anxiety-and-stress,Anxiety & Stress,anxiety-and-mood,Anxiety & Stress,100,high,exact_topic:anxiety-and-stress via Anxiety (w=1)|preferred_specialty_keyword:Anxiety|alt_topic:anxiety-and-stress via OCD (w=0.9)|alt_topic:anxiety-and-stress via Depression (w=0.35),,none,complete,true,false,Clinical contributor,specialty_matched_organizational_approval,peachtree_psychology_susan_keenan,true,2026-06-19,,
a7849da4-c401-49ca-9214-b44535b69a84,is-using-ai-at-work-making-me-feel-more-isolated-f-189142-015,david-k-gore-phd,"Kenneth W. Christian, PhD",laura-hilsen,Laura Hilsen,laura-hilsen,Laura Hilsen,Work/Life Balance,work-and-burnout,Work & Burnout,work-and-purpose,Work & Burnout,100,high,exact_topic:work-and-burnout via Life Transitions (w=0.45)|exact_topic:work-and-burnout via Work/Life Balance (w=1),,none,complete,true,false,Clinical contributor,specialty_matched_organizational_approval,peachtree_psychology_susan_keenan,true,2026-06-19,,
93bd5ee8-2bf3-4234-babb-df40195b8140,is-using-ai-to-check-if-im-a-bad-person-making-things-worse,david-k-gore-phd,"Kenneth W. Christian, PhD",meredith-price,Meredith Price,meredith-price,Meredith Price,Stress,anxiety-and-stress,Anxiety & Stress,anxiety-and-mood,Anxiety & Stress,100,high,"exact_topic:anxiety-and-stress via Pregnancy, Prenatal, Postpartum (w=0.5)|demoted_missing_keyword_support|exact_topic:anxiety-and-stress via Depression (w=0.35)|parent_theme:anxiety-and-mood via Depression|exact_topic:anxiety-and-stress via Anxiety (w=1)|preferred_specialty_keyword:Anxiety|alt_topic:anxiety-and-stress via Infertility (w=0.5)|demoted_missing_keyword_support|exact_topic:anxiety-and-stress via Stress (w=1)",,none,complete,true,false,Clinical contributor,specialty_matched_organizational_approval,peachtree_psychology_susan_keenan,true,2026-06-19,,
df506302-627c-4aca-8c62-7f1173d8aae3,make-time-for-myself-when-everyone-needs-something,david-k-gore-phd,"Kenneth W. Christian, PhD",michaela-hilburn,Michaela Hilburn,michaela-hilburn,Michaela Hilburn,Work/Life Balance,work-and-burnout,Work & Burnout,work-and-purpose,Work & Life Balance,100,high,exact_topic:work-and-burnout via Life Transitions (w=0.45)|exact_topic:work-and-burnout via Work/Life Balance (w=1),,none,complete,true,false,Clinical contributor,specialty_matched_organizational_approval,peachtree_psychology_susan_keenan,true,2026-06-27,,
9508f456-f55b-42a9-96b8-578dfab1c8ef,my-chest-tightens-whenever-someone-texts-me-unexpectedly,david-k-gore-phd,"Kenneth W. Christian, PhD",jackie-malone,Jackie Malone,jackie-malone,Jackie Malone,Stress,anxiety-and-stress,Anxiety & Stress,anxiety-and-mood,Anxiety & Stress,100,high,exact_topic:anxiety-and-stress via Anxiety (w=1)|preferred_specialty_keyword:Anxiety|alt_topic:anxiety-and-stress via Depression (w=0.35)|exact_topic:anxiety-and-stress via Stress (w=1),,none,complete,true,false,Clinical contributor,specialty_matched_organizational_approval,peachtree_psychology_susan_keenan,true,2026-06-19,,
eb18ded4-c8a6-4947-8583-712b27623e3b,my-mind-races-with-worst-case-scenarios-whenever-plans-change-unexpectedly,david-k-gore-phd,"Kenneth W. Christian, PhD",liz-webb,Liz Webb,liz-webb,Liz Webb,Anxiety,anxiety-and-stress,Anxiety & Stress,anxiety-and-mood,Anxiety & Stress,100,high,exact_topic:anxiety-and-stress via Anxiety (w=1)|preferred_specialty_keyword:Anxiety|alt_topic:anxiety-and-stress via Depression (w=0.35),,none,complete,true,false,Clinical contributor,specialty_matched_organizational_approval,peachtree_psychology_susan_keenan,true,2026-06-19,,
0b7fd8af-ffc5-4dda-af90-43212691679b,partner-refuses-to-talk-about-problems,david-k-gore-phd,"Kenneth W. Christian, PhD",alex-crenshaw-phd,Dr. Alex Crenshaw,alex-crenshaw-phd,Dr. Alex Crenshaw,Couples,relationships-and-communication,Relationships & Communication,relationships-and-connection,Relationships & Communication,100,high,exact_topic:relationships-and-communication via Couples (w=1),,none,complete,true,false,Clinical contributor,specialty_matched_organizational_approval,peachtree_psychology_susan_keenan,true,2026-06-27,,
5c77dde7-ae2d-4169-b8b8-e9f2a1592a71,repair-relationship-with-adult-child,david-k-gore-phd,"Kenneth W. Christian, PhD",kelsey-donahue,Kelsey Madsen (Donahue),kelsey-donahue,Kelsey Madsen (Donahue),Parenting,family-and-parenting,Family & Parenting,family-and-parenting,Family & Parenting,100,high,exact_topic:family-and-parenting via Child (w=1)|exact_topic:family-and-parenting via Family Conflict (w=1)|exact_topic:family-and-parenting via Parenting (w=1)|preferred_specialty_keyword:Parenting,requires_keyword_support:Eating Disorders,none,complete,true,false,Clinical contributor,specialty_matched_organizational_approval,peachtree_psychology_susan_keenan,true,2026-06-19,,
dddb528a-d0f0-4979-9915-18f60f06c31b,set-a-boundary-without-sounding-harsh,david-k-gore-phd,"Kenneth W. Christian, PhD",laura-hilsen,Laura Hilsen,laura-hilsen,Laura Hilsen,Infidelity,relationships-and-communication,Relationships & Communication,relationships-and-connection,Communication & Conflict,100,high,exact_topic:relationships-and-communication via Relationship Issues (w=1)|exact_topic:relationships-and-communication via Divorce (w=1)|exact_topic:relationships-and-communication via Infidelity (w=1),,none,complete,true,false,Clinical contributor,specialty_matched_organizational_approval,peachtree_psychology_susan_keenan,true,2026-06-19,,
df107d59-7239-4b8f-83cf-081b25545e4e,should-i-avoid-all-mood-altering-substances-in-recovery,david-k-gore-phd,"Kenneth W. Christian, PhD",susan-keenan,Susan L. Keenan,susan-keenan,Susan L. Keenan,Alcohol Use,addiction-and-recovery,Addiction & Recovery,trauma-and-safety,Addiction & Recovery,100,high,alias_keyword:loss|parent_theme:trauma-and-safety via Trauma and PTSD|exact_topic:addiction-and-recovery via Alcohol Use (w=1),,none,complete,true,false,Clinical contributor,specialty_matched_organizational_approval,peachtree_psychology_susan_keenan,true,2026-06-19,,
02cf3411-f1d7-425d-9d33-5a50faa8ed31,should-i-be-concerned-about-my-teenagers-relations-189142-019,david-k-gore-phd,"Kenneth W. Christian, PhD",jeannine-jannot,"Jeannine Jannot, Ph.D.",jeannine-jannot,"Jeannine Jannot, Ph.D.",Stress,family-and-parenting,Family & Parenting,family-and-parenting,Parenting,100,high,exact_topic:family-and-parenting via Parenting (w=1)|preferred_specialty_keyword:Parenting|exact_topic:family-and-parenting via Child (w=1)|preferred_specialty_keyword:stress,,none,complete,true,false,Clinical contributor,specialty_matched_organizational_approval,peachtree_psychology_susan_keenan,true,2026-06-19,,
7d8bc4cc-c8a5-4e88-8ee0-929f5fa493c6,should-i-give-my-addicted-family-member-money-for-basic-needs,david-k-gore-phd,"Kenneth W. Christian, PhD",jeannine-jannot,"Jeannine Jannot, Ph.D.",jeannine-jannot,"Jeannine Jannot, Ph.D.",Child,family-and-parenting,Family & Parenting,family-and-parenting,Family & Parenting,100,high,exact_topic:family-and-parenting via Parenting (w=1)|preferred_specialty_keyword:Parenting|exact_topic:family-and-parenting via Child (w=1),,none,complete,true,false,Clinical contributor,specialty_matched_organizational_approval,peachtree_psychology_susan_keenan,true,2026-06-19,,
8eb1d4f2-a815-497e-a206-523c3f467eeb,should-i-stay-in-a-relationship-where-my-partner-is-still-using-substances,david-k-gore-phd,"Kenneth W. Christian, PhD",alex-crenshaw-phd,Dr. Alex Crenshaw,alex-crenshaw-phd,Dr. Alex Crenshaw,Couples,relationships-and-communication,Relationships & Communication,relationships-and-connection,Relationships & Communication,100,high,exact_topic:relationships-and-communication via Couples (w=1),,none,complete,true,false,Clinical contributor,specialty_matched_organizational_approval,peachtree_psychology_susan_keenan,true,2026-06-19,,
8ff7ccc9-183a-443a-8ebf-c326d7403b9d,should-i-tell-my-employer-about-my-depression,david-k-gore-phd,"Kenneth W. Christian, PhD",jackie-malone,Jackie Malone,jackie-malone,Jackie Malone,Depression,depression,Depression,anxiety-and-mood,Depression,100,high,parent_theme:anxiety-and-mood via Anxiety|exact_topic:depression via Depression (w=1)|preferred_specialty_keyword:Depression,requires_keyword_support:Body Image,none,complete,true,false,Clinical contributor,specialty_matched_organizational_approval,peachtree_psychology_susan_keenan,true,2026-06-19,,
51c66bd3-0c81-4a47-b340-1c454ca88bb8,should-i-use-ai-to-analyze-my-partners-texts,david-k-gore-phd,"Kenneth W. Christian, PhD",lexi-cooper,Lexi Cooper,lexi-cooper,Lexi Cooper,Familial Relationship Counseling,relationships-and-communication,Relationships & Communication,relationships-and-connection,Relationships & Communication,100,high,alias_keyword:Anxiety|exact_topic:relationships-and-communication via Familial Relationship Counseling (w=1),,none,complete,true,false,Clinical contributor,specialty_matched_organizational_approval,peachtree_psychology_susan_keenan,true,2026-06-19,,
f278337a-b677-4289-9ebe-e97ef38b3f0a,stay-mentally-healthy-while-learning-ai-tools-for-work,david-k-gore-phd,"Kenneth W. Christian, PhD",samantha-bryant,Samantha Bryant,samantha-bryant,Samantha Bryant,Career Counseling,work-and-burnout,Work & Burnout,work-and-purpose,Work & Burnout,100,high,alias_keyword:Anxiety|exact_topic:work-and-burnout via Career Counseling (w=1)|alt_topic:work-and-burnout via Life Transitions (w=0.45)|alt_topic:work-and-burnout via School Issues (w=0.4),,none,complete,true,false,Clinical contributor,specialty_matched_organizational_approval,peachtree_psychology_susan_keenan,true,2026-06-19,,
8a835fbb-4ba6-4c4d-ae2b-90b0f8399bdd,support-someone-grieving-a-traumatic-death,david-k-gore-phd,"Kenneth W. Christian, PhD",samantha-bryant,Samantha Bryant,samantha-bryant,Samantha Bryant,Trauma and PTSD,trauma-and-safety,Trauma & Safety,trauma-and-safety,Trauma & Grief,100,high,alias_keyword:Grief|exact_topic:trauma-and-safety via Trauma and PTSD (w=1),requires_keyword_support:Body Image,none,complete,true,false,Clinical contributor,specialty_matched_organizational_approval,peachtree_psychology_susan_keenan,true,2026-06-27,,
71c72887-f87d-40c4-b005-c550b1caaee7,support-someone-with-addiction-without-enabling,david-k-gore-phd,"Kenneth W. Christian, PhD",lynn-lane,Lynn Lane,lynn-lane,Lynn Lane,Substance Abuse & Chemical Dependency,addiction-and-recovery,Addiction & Recovery,trauma-and-safety,Addiction & Recovery,100,high,parent_theme:trauma-and-safety via PTSD|exact_topic:addiction-and-recovery via Substance Abuse & Chemical Dependency (w=1),,none,complete,true,false,Clinical contributor,specialty_matched_organizational_approval,peachtree_psychology_susan_keenan,true,2026-06-19,,
0be1cca2-e0c1-44d9-a0c7-1cf4a455e625,tell-my-partner-i-feel-disconnected,david-k-gore-phd,"Kenneth W. Christian, PhD",jackie-malone,Jackie Malone,jackie-malone,Jackie Malone,Relationship Issues,relationships-and-communication,Relationships & Communication,relationships-and-connection,Relationships & Communication,100,high,parent_theme:relationships-and-connection via Bisexual|exact_topic:relationships-and-communication via Codependency (w=1)|exact_topic:relationships-and-communication via Relationship Issues (w=1),requires_keyword_support:Body Image,none,complete,true,false,Clinical contributor,specialty_matched_organizational_approval,peachtree_psychology_susan_keenan,true,2026-06-27,,
53d475f5-9ee0-4eca-a7ba-74a261eca590,what-are-healthy-ways-to-cope-with-flashbacks,david-k-gore-phd,"Kenneth W. Christian, PhD",susan-keenan,Susan L. Keenan,susan-keenan,Susan L. Keenan,Trauma and PTSD,trauma-and-safety,Trauma & Safety,trauma-and-safety,Trauma & Grief,100,high,alias_keyword:Grief|exact_topic:trauma-and-safety via Trauma and PTSD (w=1),,none,complete,true,false,Clinical contributor,specialty_matched_organizational_approval,peachtree_psychology_susan_keenan,true,2026-06-19,,
1690bbfa-603c-405d-955b-e963752bee46,what-are-healthy-ways-to-cope-with-stress,david-k-gore-phd,"Kenneth W. Christian, PhD",samantha-bryant,Samantha Bryant,samantha-bryant,Samantha Bryant,Stress,anxiety-and-stress,Anxiety & Stress,anxiety-and-mood,Anxiety & Stress,100,high,exact_topic:anxiety-and-stress via Anxiety (w=1)|preferred_specialty_keyword:Anxiety|alt_topic:anxiety-and-stress via Depression (w=0.35)|exact_topic:anxiety-and-stress via Stress (w=1),,none,complete,true,false,Clinical contributor,specialty_matched_organizational_approval,peachtree_psychology_susan_keenan,true,2026-06-19,,
2e19eb8a-1b5c-419a-944d-dc7c3265ea89,what-are-signs-that-my-parenting-style-might-be-too-strict-or-too-permissive,david-k-gore-phd,"Kenneth W. Christian, PhD",susan-keenan,Susan L. Keenan,susan-keenan,Susan L. Keenan,Parenting,family-and-parenting,Family & Parenting,family-and-parenting,Family & Parenting,100,high,exact_topic:family-and-parenting via Family Conflict (w=1)|exact_topic:family-and-parenting via Parenting (w=1)|preferred_specialty_keyword:Parenting,,none,complete,true,false,Clinical contributor,specialty_matched_organizational_approval,peachtree_psychology_susan_keenan,true,2026-06-19,,
f0aba38f-2a6c-4721-a536-e3d661f53433,what-are-some-healthy-ways-to-celebrate-milestones-in-recovery,david-k-gore-phd,"Kenneth W. Christian, PhD",susan-keenan,Susan L. Keenan,susan-keenan,Susan L. Keenan,Alcohol Use,addiction-and-recovery,Addiction & Recovery,trauma-and-safety,Addiction & Recovery,100,high,parent_theme:trauma-and-safety via Trauma and PTSD|exact_topic:addiction-and-recovery via Alcohol Use (w=1),,none,complete,true,false,Clinical contributor,specialty_matched_organizational_approval,peachtree_psychology_susan_keenan,true,2026-06-19,,
a5635b24-7170-4b81-921f-2b19df5af3ff,what-are-some-quick-techniques-to-calm-anxiety-in-the-moment,david-k-gore-phd,"Kenneth W. Christian, PhD",susan-keenan,Susan L. Keenan,susan-keenan,Susan L. Keenan,Anxiety,anxiety-and-stress,Anxiety & Stress,anxiety-and-mood,Anxiety & Stress,100,high,exact_topic:anxiety-and-stress via Depression (w=0.35)|parent_theme:anxiety-and-mood via Depression|exact_topic:anxiety-and-stress via Anxiety (w=1)|preferred_specialty_keyword:Anxiety,,none,complete,true,false,Clinical contributor,specialty_matched_organizational_approval,peachtree_psychology_susan_keenan,true,2026-06-19,,
5fb7de90-f7be-4583-88cc-681d31ee85c8,what-are-the-different-types-of-depression,david-k-gore-phd,"Kenneth W. Christian, PhD",lynn-lane,Lynn Lane,lynn-lane,Lynn Lane,Depression,depression,Depression,anxiety-and-mood,Depression,100,high,parent_theme:anxiety-and-mood via Anxiety|exact_topic:depression via Depression (w=1)|preferred_specialty_keyword:Depression,,none,complete,true,false,Clinical contributor,specialty_matched_organizational_approval,peachtree_psychology_susan_keenan,true,2026-06-19,,
8a4d00eb-a3df-4b13-ad4d-0579bff2e895,what-are-the-sexual-side-effects-of-antidepressants-and-what-can-i-do-about-them,david-k-gore-phd,"Kenneth W. Christian, PhD",susan-keenan,Susan L. Keenan,susan-keenan,Susan L. Keenan,Depression,depression,Depression,anxiety-and-mood,Depression,100,high,exact_topic:depression via Depression (w=1)|preferred_specialty_keyword:Depression,,none,complete,true,false,Clinical contributor,specialty_matched_organizational_approval,peachtree_psychology_susan_keenan,true,2026-06-19,,
a170a20e-cc84-4392-a6ff-7c4ab288af6b,what-are-the-signs-of-burnout-and-how-do-i-recover,david-k-gore-phd,"Kenneth W. Christian, PhD",samantha-bryant,Samantha Bryant,samantha-bryant,Samantha Bryant,Stress,work-and-burnout,Work & Burnout,work-and-purpose,Work & Life Balance,100,high,alias_keyword:stress|exact_topic:work-and-burnout via Career Counseling (w=1)|alt_topic:work-and-burnout via Life Transitions (w=0.45)|alt_topic:work-and-burnout via School Issues (w=0.4)|preferred_specialty_keyword:stress,,none,complete,true,false,Clinical contributor,specialty_matched_organizational_approval,peachtree_psychology_susan_keenan,true,2026-06-19,,
fc441d9a-c0d5-4af2-b0be-e268e4731483,what-are-the-signs-of-emotional-abuse-in-185759-032,david-k-gore-phd,"Kenneth W. Christian, PhD",samantha-bryant,Samantha Bryant,samantha-bryant,Samantha Bryant,Marital and Premarital,relationships-and-communication,Relationships & Communication,relationships-and-connection,Relationships & Communication,100,high,parent_theme:relationships-and-connection via Bisexual|exact_topic:relationships-and-communication via Codependency (w=1)|exact_topic:relationships-and-communication via Marital and Premarital (w=1),requires_keyword_support:Body Image,none,complete,true,false,Clinical contributor,specialty_matched_organizational_approval,peachtree_psychology_susan_keenan,true,2026-06-19,,
38655aae-423f-4483-94b3-e0ad941d9c9b,what-are-the-signs-that-someone-i-love-has-an-addiction,david-k-gore-phd,"Kenneth W. Christian, PhD",amanda-gaines,Amanda Gaines,amanda-gaines,Amanda Gaines,Addictive Behaviors,addiction-and-recovery,Addiction & Recovery,trauma-and-safety,Addiction & Recovery,100,high,parent_theme:trauma-and-safety via Trauma & PTSD|exact_topic:addiction-and-recovery via Substance Use (w=1)|exact_topic:addiction-and-recovery via Addictive Behaviors (w=1),requires_keyword_support:Chronic Illness,none,complete,true,false,Clinical contributor,specialty_matched_organizational_approval,peachtree_psychology_susan_keenan,true,2026-06-19,,
dce255af-e801-48c8-b15e-337211cba1d8,what-are-the-warning-signs-that-i-might-be-heading-toward-relapse,david-k-gore-phd,"Kenneth W. Christian, PhD",amanda-gaines,Amanda Gaines,amanda-gaines,Amanda Gaines,Addictive Behaviors,addiction-and-recovery,Addiction & Recovery,trauma-and-safety,Addiction & Recovery,100,high,parent_theme:trauma-and-safety via Trauma & PTSD|exact_topic:addiction-and-recovery via Substance Use (w=1)|preferred_specialty_keyword:Substance Use|exact_topic:addiction-and-recovery via Addictive Behaviors (w=1),requires_keyword_support:Chronic Illness,none,complete,true,false,Clinical contributor,specialty_matched_organizational_approval,peachtree_psychology_susan_keenan,true,2026-06-19,,
a323dc7f-e683-47cd-913f-1f711698a1d7,what-are-the-warning-signs-that-my-depression-is-getting-worse,david-k-gore-phd,"Kenneth W. Christian, PhD",michaela-hilburn,Michaela Hilburn,michaela-hilburn,Michaela Hilburn,Depression,depression,Depression,anxiety-and-mood,Depression,100,high,parent_theme:anxiety-and-mood via Anxiety|exact_topic:depression via Depression (w=1)|preferred_specialty_keyword:Depression,,none,complete,true,false,Clinical contributor,specialty_matched_organizational_approval,peachtree_psychology_susan_keenan,true,2026-06-19,,
7ed5cfc1-aa89-49c0-99fd-6e7a369beabf,what-does-it-mean-if-i-feel-more-at-peace-in-g7h1i4,david-k-gore-phd,"Kenneth W. Christian, PhD",laura-hilsen,Laura Hilsen,laura-hilsen,Laura Hilsen,Self-Esteem,identity-and-self-worth,Identity & Self-Worth,identity-and-self-worth,Identity & Self-Worth,100,high,exact_topic:identity-and-self-worth via Life Transitions (w=0.4)|exact_topic:identity-and-self-worth via Self-Compassion (w=1)|exact_topic:identity-and-self-worth via Self-Esteem (w=1),,none,complete,true,false,Clinical contributor,specialty_matched_organizational_approval,peachtree_psychology_susan_keenan,true,2026-06-19,,
18742ac5-1f9a-4fad-b447-5cc2c968f5bf,what-does-it-mean-if-i-feel-more-connected-to-t7u3v9,david-k-gore-phd,"Kenneth W. Christian, PhD",michaela-hilburn,Michaela Hilburn,michaela-hilburn,Michaela Hilburn,Self-Esteem,identity-and-self-worth,Identity & Self-Worth,identity-and-self-worth,Identity & Self-Worth,100,high,alias_keyword:Depression|alt_topic:identity-and-self-worth via Life Transitions (w=0.4)|exact_topic:identity-and-self-worth via Self-Compassion (w=1)|exact_topic:identity-and-self-worth via Self-Esteem (w=1),,none,complete,true,false,Clinical contributor,specialty_matched_organizational_approval,peachtree_psychology_susan_keenan,true,2026-06-19,,
8550a90c-f7b8-403c-9bc4-6e189a88e0cd,what-does-it-mean-to-be-a-dry-drunk-185759-027,david-k-gore-phd,"Kenneth W. Christian, PhD",susan-keenan,Susan L. Keenan,susan-keenan,Susan L. Keenan,Alcohol Use,addiction-and-recovery,Addiction & Recovery,trauma-and-safety,Addiction & Recovery,100,high,parent_theme:trauma-and-safety via Trauma and PTSD|exact_topic:addiction-and-recovery via Alcohol Use (w=1),,none,complete,true,false,Clinical contributor,specialty_matched_organizational_approval,peachtree_psychology_susan_keenan,true,2026-06-19,,
ef8af811-289c-46fa-8478-69aaec88176a,what-does-it-mean-to-be-autistic-as-an-adult,david-k-gore-phd,"Kenneth W. Christian, PhD",samantha-bryant,Samantha Bryant,samantha-bryant,Samantha Bryant,ADHD,neurodivergence-and-attention,Neurodivergence & Attention,care-and-therapy,Neurodivergence & Attention,100,high,exact_topic:neurodivergence-and-attention via ADHD (w=1)|alt_topic:neurodivergence-and-attention via School Issues (w=0.8),,none,complete,true,false,Clinical contributor,specialty_matched_organizational_approval,peachtree_psychology_susan_keenan,true,2026-06-19,,
c66be1dd-7903-4260-b29f-bc63ee0f206c,what-does-it-mean-to-grieve-a-relationsh-179301-002,david-k-gore-phd,"Kenneth W. Christian, PhD",michaela-hilburn,Michaela Hilburn,michaela-hilburn,Michaela Hilburn,Grief and Loss,grief-and-loss,Grief & Loss,life-transitions-and-change,Grief & Loss,100,high,exact_topic:grief-and-loss via Grief and Loss (w=1),,none,complete,true,false,Clinical contributor,specialty_matched_organizational_approval,peachtree_psychology_susan_keenan,true,2026-06-19,,
b5acbdcc-5c64-415d-9942-6e7db5fb4a56,what-do-i-do-if-i-think-my-child-is-questioning-th-187459-002,david-k-gore-phd,"Kenneth W. Christian, PhD",kelsey-donahue,Kelsey Madsen (Donahue),kelsey-donahue,Kelsey Madsen (Donahue),Parenting,teens-and-identity,Teens & Identity,family-and-parenting,Teen-Specific Questions,94,high,exact_topic:teens-and-identity via Child (w=0.7)|alias_keyword:child|alt_topic:teens-and-identity via Family Conflict (w=0.7)|alias_keyword:child|alt_topic:teens-and-identity via Parenting (w=0.7)|alias_keyword:child|alt_topic:teens-and-identity via School Issues (w=0.45),requires_keyword_support:Eating Disorders,none,complete,true,false,Clinical contributor,specialty_matched_organizational_approval,peachtree_psychology_susan_keenan,true,2026-06-19,true,approve
7c476ccf-cadc-47dc-81bd-8d9508e59979,what-do-i-do-if-my-teenager-is-self-harming-187459-010,david-k-gore-phd,"Kenneth W. Christian, PhD",jeannine-jannot,"Jeannine Jannot, Ph.D.",jeannine-jannot,"Jeannine Jannot, Ph.D.",Stress,teens-and-identity,Teens & Identity,family-and-parenting,Teen-Specific Questions,86,high,exact_topic:teens-and-identity via School Issues (w=0.45)|exact_topic:teens-and-identity via Parenting (w=0.7)|alias_keyword:panic|alt_topic:teens-and-identity via Child (w=0.7)|alt_topic:teens-and-identity via Education and Learning Disabilities (w=0.45)|alt_topic:teens-and-identity via Executive Functioning (w=0.45)|alt_topic:teens-and-identity via Productivity Coaching (w=0.45)|alias_keyword:panic,,none,complete,true,false,Clinical contributor,specialty_matched_organizational_approval,peachtree_psychology_susan_keenan,true,2026-06-19,,
8170cc2f-822b-4e29-baaa-9ddc91f7d719,what-do-i-do-when-i-cant-forgive-someone-177941-016,david-k-gore-phd,"Kenneth W. Christian, PhD",samantha-bryant,Samantha Bryant,samantha-bryant,Samantha Bryant,Marital and Premarital,relationships-and-communication,Relationships & Communication,relationships-and-connection,Forgiveness,100,high,parent_theme:relationships-and-connection via Bisexual|exact_topic:relationships-and-communication via Codependency (w=1)|preferred_specialty_keyword:Grief|exact_topic:relationships-and-communication via Marital and Premarital (w=1),requires_keyword_support:Body Image,none,complete,true,false,Clinical contributor,specialty_matched_organizational_approval,peachtree_psychology_susan_keenan,true,2026-06-19,,
13664d06-13ca-4b3b-883d-8f710d5ed606,what-do-i-do-when-i-feel-disconnected-from-m-177941-020,david-k-gore-phd,"Kenneth W. Christian, PhD",samantha-bryant,Samantha Bryant,samantha-bryant,Samantha Bryant,Stress,relationships-and-communication,Relationships & Communication,relationships-and-connection,Relationships,100,high,alias_keyword:stress|exact_topic:relationships-and-communication via Codependency (w=1)|exact_topic:relationships-and-communication via Marital and Premarital (w=1)|preferred_specialty_keyword:stress,,none,complete,true,false,Clinical contributor,specialty_matched_organizational_approval,peachtree_psychology_susan_keenan,true,2026-06-19,,
7234e644-46d1-49ed-9d41-dbc4d8b7ebc2,what-do-i-do-when-i-feel-like-everyone-h-177940-024,david-k-gore-phd,"Kenneth W. Christian, PhD",liz-webb,Liz Webb,liz-webb,Liz Webb,Anxiety,anxiety-and-stress,Anxiety & Stress,anxiety-and-mood,Social Anxiety,100,high,exact_topic:anxiety-and-stress via Anxiety (w=1)|preferred_specialty_keyword:Anxiety|alt_topic:anxiety-and-stress via Depression (w=0.35),,none,complete,true,false,Clinical contributor,specialty_matched_organizational_approval,peachtree_psychology_susan_keenan,true,2026-06-19,,
72aceb59-e179-4fca-81a5-efed01a66554,what-do-i-do-when-i-feel-like-giving-up-177940-012,david-k-gore-phd,"Kenneth W. Christian, PhD",lexi-cooper,Lexi Cooper,lexi-cooper,Lexi Cooper,Trauma,trauma-and-safety,Trauma & Safety,trauma-and-safety,Crisis Support,100,high,alias_keyword:stress|exact_topic:trauma-and-safety via Trauma (w=1),,none,complete,true,false,Clinical contributor,specialty_matched_organizational_approval,peachtree_psychology_susan_keenan,true,2026-06-19,,
8e170f51-d4c1-4da0-98e9-c4d995c05c66,what-do-i-do-when-i-feel-like-i-have-no-real-identity-of-my-own-d4e5f6,david-k-gore-phd,"Kenneth W. Christian, PhD",meredith-price,Meredith Price,meredith-price,Meredith Price,Self Esteem,identity-and-self-worth,Identity & Self-Worth,identity-and-self-worth,Identity & Self-Worth,100,high,exact_topic:identity-and-self-worth via Body Image (w=0.4)|demoted_missing_keyword_support|exact_topic:identity-and-self-worth via Life Transitions (w=0.4)|exact_topic:identity-and-self-worth via Self Esteem (w=1),"requires_keyword_support:Pregnancy, Prenatal, Postpartum",none,complete,true,false,Clinical contributor,specialty_matched_organizational_approval,peachtree_psychology_susan_keenan,true,2026-06-19,,
15bed19c-e563-4c46-91bf-404fa83408e3,what-do-i-do-when-i-feel-like-im-losing-myse-177941-032,david-k-gore-phd,"Kenneth W. Christian, PhD",laura-hilsen,Laura Hilsen,laura-hilsen,Laura Hilsen,Infidelity,relationships-and-communication,Relationships & Communication,relationships-and-connection,Relationship Identity,100,high,alias_keyword:loss|exact_topic:relationships-and-communication via Relationship Issues (w=1)|exact_topic:relationships-and-communication via Divorce (w=1)|exact_topic:relationships-and-communication via Infidelity (w=1),,none,complete,true,false,Clinical contributor,specialty_matched_organizational_approval,peachtree_psychology_susan_keenan,true,2026-06-19,,
5909ec3f-6c5a-4426-9f23-84edcf1a7e8f,what-do-i-do-when-i-feel-like-im-not-living-177941-028,david-k-gore-phd,"Kenneth W. Christian, PhD",samantha-bryant,Samantha Bryant,samantha-bryant,Samantha Bryant,Self Esteem,identity-and-self-worth,Identity & Self-Worth,identity-and-self-worth,Self-Actualization,100,high,alias_keyword:Anxiety|alt_topic:identity-and-self-worth via Body Image (w=0.4)|alt_topic:identity-and-self-worth via Life Transitions (w=0.4)|exact_topic:identity-and-self-worth via Self Esteem (w=1),,none,complete,true,false,Clinical contributor,specialty_matched_organizational_approval,peachtree_psychology_susan_keenan,true,2026-06-19,,
582734f6-2045-46f9-a273-a72d6c954134,what-do-i-do-when-my-anxiety-is-so-bad-i-177940-004,david-k-gore-phd,"Kenneth W. Christian, PhD",lynn-lane,Lynn Lane,lynn-lane,Lynn Lane,Anxiety,anxiety-and-stress,Anxiety & Stress,anxiety-and-mood,Anxiety & Stress,100,high,exact_topic:anxiety-and-stress via Anxiety (w=1)|preferred_specialty_keyword:Anxiety|alt_topic:anxiety-and-stress via Depression (w=0.35),,none,complete,true,false,Clinical contributor,specialty_matched_organizational_approval,peachtree_psychology_susan_keenan,true,2026-06-19,,
2965e169-63ec-46ab-9612-9d6fc4efedb4,what-if-antidepressants-change-who-i-am-181083-056,david-k-gore-phd,"Kenneth W. Christian, PhD",samantha-bryant,Samantha Bryant,samantha-bryant,Samantha Bryant,Depression,depression,Depression,anxiety-and-mood,Depression,100,high,parent_theme:anxiety-and-mood via Anxiety|exact_topic:depression via Depression (w=1)|preferred_specialty_keyword:Depression|alt_topic:depression via Mood Disorders (w=0.85),,none,complete,true,false,Clinical contributor,specialty_matched_organizational_approval,peachtree_psychology_susan_keenan,true,2026-06-19,,
57247ad9-d691-4c83-944b-5bb2c0a1db32,what-if-i-become-dependent-on-anxiety-me-181083-058,david-k-gore-phd,"Kenneth W. Christian, PhD",kelsey-donahue,Kelsey Madsen (Donahue),kelsey-donahue,Kelsey Madsen (Donahue),Stress,anxiety-and-stress,Anxiety & Stress,anxiety-and-mood,Anxiety & Stress,100,high,exact_topic:anxiety-and-stress via Anxiety (w=1)|preferred_specialty_keyword:Anxiety|alt_topic:anxiety-and-stress via Depression (w=0.35)|exact_topic:anxiety-and-stress via Stress (w=1),,none,complete,true,false,Clinical contributor,specialty_matched_organizational_approval,peachtree_psychology_susan_keenan,true,2026-06-19,,
b90965ad-cbda-4862-b656-d0098e5ceb2e,what-if-i-dont-believe-in-god-or-a-higher-power-for-12-step-programs,david-k-gore-phd,"Kenneth W. Christian, PhD",susan-keenan,Susan L. Keenan,susan-keenan,Susan L. Keenan,Spirituality,meaning-faith-and-existential-questions,"Meaning, Faith & Existential Questions",spirituality-and-meaning,Spiritual Doubt,85,high,alias_keyword:recovery|exact_topic:meaning-faith-and-existential-questions via Spirituality (w=0.85),,none,complete,true,false,Clinical contributor,specialty_matched_organizational_approval,peachtree_psychology_susan_keenan,true,2026-06-19,true,approve
2d4c71eb-70c6-4932-805b-a01402a047a0,what-if-i-dont-feel-like-i-fit-in-at-support-group-meetings,david-k-gore-phd,"Kenneth W. Christian, PhD",amanda-gaines,Amanda Gaines,amanda-gaines,Amanda Gaines,Addictive Behaviors,addiction-and-recovery,Addiction & Recovery,trauma-and-safety,Addiction & Recovery,100,high,parent_theme:trauma-and-safety via Trauma & PTSD|exact_topic:addiction-and-recovery via Substance Use (w=1)|exact_topic:addiction-and-recovery via Addictive Behaviors (w=1),requires_keyword_support:Chronic Illness,none,complete,true,false,Clinical contributor,specialty_matched_organizational_approval,peachtree_psychology_susan_keenan,true,2026-06-19,,
d5ec1afc-5a53-4167-bdfc-c1aa99e61e3e,what-if-i-lose-my-job-because-of-my-addiction,david-k-gore-phd,"Kenneth W. Christian, PhD",amanda-gaines,Amanda Gaines,amanda-gaines,Amanda Gaines,Addictive Behaviors,addiction-and-recovery,Addiction & Recovery,trauma-and-safety,Addiction & Recovery,100,high,alias_keyword:stress|parent_theme:trauma-and-safety via Trauma & PTSD|exact_topic:addiction-and-recovery via Substance Use (w=1)|preferred_specialty_keyword:Substance Use|exact_topic:addiction-and-recovery via Addictive Behaviors (w=1),requires_keyword_support:Chronic Illness,none,complete,true,false,Clinical contributor,specialty_matched_organizational_approval,peachtree_psychology_susan_keenan,true,2026-06-19,,
776c6d44-ed41-4f5f-b77c-031a105daa90,what-if-im-afraid-of-losing-my-identity-without-substances,david-k-gore-phd,"Kenneth W. Christian, PhD",liz-webb,Liz Webb,liz-webb,Liz Webb,Substance Use,addiction-and-recovery,Addiction & Recovery,trauma-and-safety,Addiction & Recovery,100,high,exact_topic:addiction-and-recovery via Substance Use (w=1)|preferred_specialty_keyword:Substance Use,,none,complete,true,false,Clinical contributor,specialty_matched_organizational_approval,peachtree_psychology_susan_keenan,true,2026-06-19,,
b0c62d27-167b-40e6-8a4f-1dd3ff9eede5,what-if-im-bored-and-that-makes-me-want-to-use,david-k-gore-phd,"Kenneth W. Christian, PhD",susan-keenan,Susan L. Keenan,susan-keenan,Susan L. Keenan,Alcohol Use,addiction-and-recovery,Addiction & Recovery,trauma-and-safety,Addiction & Recovery,100,high,parent_theme:trauma-and-safety via Trauma and PTSD|exact_topic:addiction-and-recovery via Alcohol Use (w=1),,none,complete,true,false,Clinical contributor,specialty_matched_organizational_approval,peachtree_psychology_susan_keenan,true,2026-06-19,,
e5bc002b-47e8-404f-9432-71eb82a7f65a,what-if-im-having-second-thoughts-about-getting-divorced,david-k-gore-phd,"Kenneth W. Christian, PhD",laura-hilsen,Laura Hilsen,laura-hilsen,Laura Hilsen,Infidelity,relationships-and-communication,Relationships & Communication,relationships-and-connection,Relationships & Communication,100,high,alias_keyword:Grief|exact_topic:relationships-and-communication via Relationship Issues (w=1)|exact_topic:relationships-and-communication via Divorce (w=1)|preferred_specialty_keyword:divorce|exact_topic:relationships-and-communication via Infidelity (w=1),,none,complete,true,false,Clinical contributor,specialty_matched_organizational_approval,peachtree_psychology_susan_keenan,true,2026-06-19,,
0184ad3c-ce17-4af3-9af7-4fe7ab6082cf,what-if-im-struggling-with-both-addiction-and-mental-health-issues,david-k-gore-phd,"Kenneth W. Christian, PhD",amanda-gaines,Amanda Gaines,amanda-gaines,Amanda Gaines,Addictive Behaviors,addiction-and-recovery,Addiction & Recovery,trauma-and-safety,Addiction & Recovery,100,high,parent_theme:trauma-and-safety via Trauma & PTSD|exact_topic:addiction-and-recovery via Substance Use (w=1)|preferred_specialty_keyword:Substance Use|exact_topic:addiction-and-recovery via Addictive Behaviors (w=1),requires_keyword_support:Chronic Illness,none,complete,true,false,Clinical contributor,specialty_matched_organizational_approval,peachtree_psychology_susan_keenan,true,2026-06-19,,
af662c2d-dc1a-4958-b6a1-caf551a80dcf,what-if-i-relapsed-and-im-too-ashamed-to-go-back-to-meetings,david-k-gore-phd,"Kenneth W. Christian, PhD",jackie-malone,Jackie Malone,jackie-malone,Jackie Malone,Substance Use,addiction-and-recovery,Addiction & Recovery,trauma-and-safety,Addiction & Recovery,100,high,exact_topic:addiction-and-recovery via Addiction (w=1)|preferred_specialty_keyword:Addiction|exact_topic:addiction-and-recovery via Alcohol Use (w=1)|exact_topic:addiction-and-recovery via Drug Abuse (w=1)|exact_topic:addiction-and-recovery via Substance Use (w=1),,none,complete,true,false,Clinical contributor,specialty_matched_organizational_approval,peachtree_psychology_susan_keenan,true,2026-06-19,,
c7263b4f-98af-412d-9d7b-253f29096e5b,what-if-i-relapse-during-recovery,david-k-gore-phd,"Kenneth W. Christian, PhD",liz-webb,Liz Webb,liz-webb,Liz Webb,Substance Use,addiction-and-recovery,Addiction & Recovery,trauma-and-safety,Addiction & Recovery,100,high,exact_topic:addiction-and-recovery via Substance Use (w=1),,none,complete,true,false,Clinical contributor,specialty_matched_organizational_approval,peachtree_psychology_susan_keenan,true,2026-06-19,,
4dbc3b02-1b8b-45f3-a8ac-37521ec8ee83,what-if-my-addiction-was-to-prescription-drugs-that-i-legitimately-needed,david-k-gore-phd,"Kenneth W. Christian, PhD",amanda-gaines,Amanda Gaines,amanda-gaines,Amanda Gaines,Addictive Behaviors,addiction-and-recovery,Addiction & Recovery,trauma-and-safety,Addiction & Recovery,100,high,alias_keyword:loss|parent_theme:trauma-and-safety via Trauma & PTSD|exact_topic:addiction-and-recovery via Substance Use (w=1)|exact_topic:addiction-and-recovery via Addictive Behaviors (w=1),requires_keyword_support:Chronic Illness,none,complete,true,false,Clinical contributor,specialty_matched_organizational_approval,peachtree_psychology_susan_keenan,true,2026-06-19,,
0daf3668-4678-483a-922a-faa3a7d8e9b9,what-if-my-child-does-not-want-to-talk-about-feelings,david-k-gore-phd,"Kenneth W. Christian, PhD",susan-keenan,Susan L. Keenan,susan-keenan,Susan L. Keenan,Parenting,family-and-parenting,Family & Parenting,family-and-parenting,Family & Parenting,100,high,exact_topic:family-and-parenting via Family Conflict (w=1)|exact_topic:family-and-parenting via Parenting (w=1)|preferred_specialty_keyword:Parenting,,none,complete,true,false,Clinical contributor,specialty_matched_organizational_approval,peachtree_psychology_susan_keenan,true,2026-06-19,,
c356d169-2775-439e-9c26-492b58349476,what-if-my-child-says-ai-is-their-best-friend,david-k-gore-phd,"Kenneth W. Christian, PhD",meredith-price,Meredith Price,meredith-price,Meredith Price,Parenting,family-and-parenting,Family & Parenting,family-and-parenting,Parenting,100,high,"exact_topic:family-and-parenting via Pregnancy, Prenatal, Postpartum (w=0.7)|demoted_missing_keyword_support|exact_topic:family-and-parenting via Family Conflict (w=1)|alt_topic:family-and-parenting via Infertility (w=0.7)|demoted_missing_keyword_support|exact_topic:family-and-parenting via Parenting (w=1)|preferred_specialty_keyword:Parenting",,none,complete,true,false,Clinical contributor,specialty_matched_organizational_approval,peachtree_psychology_susan_keenan,true,2026-06-19,,
7f66645d-c612-4ecb-8844-0d78ef1fe85b,what-if-my-family-doesnt-believe-im-really-in-recovery,david-k-gore-phd,"Kenneth W. Christian, PhD",susan-keenan,Susan L. Keenan,susan-keenan,Susan L. Keenan,Alcohol Use,addiction-and-recovery,Addiction & Recovery,trauma-and-safety,Addiction & Recovery,100,high,parent_theme:trauma-and-safety via Trauma and PTSD|exact_topic:addiction-and-recovery via Alcohol Use (w=1),,none,complete,true,false,Clinical contributor,specialty_matched_organizational_approval,peachtree_psychology_susan_keenan,true,2026-06-19,,
048fff98-2f6f-4eba-967c-4166890ef0a9,what-if-my-family-doesnt-support-my-recovery,david-k-gore-phd,"Kenneth W. Christian, PhD",lynn-lane,Lynn Lane,lynn-lane,Lynn Lane,Substance Abuse & Chemical Dependency,addiction-and-recovery,Addiction & Recovery,trauma-and-safety,Addiction & Recovery,100,high,parent_theme:trauma-and-safety via PTSD|exact_topic:addiction-and-recovery via Substance Abuse & Chemical Dependency (w=1),,none,complete,true,false,Clinical contributor,specialty_matched_organizational_approval,peachtree_psychology_susan_keenan,true,2026-06-19,,
75240bc8-ac37-4a8c-b8e1-2d806cf3d2ca,what-if-my-loved-one-is-using-substances-while-pregnant,david-k-gore-phd,"Kenneth W. Christian, PhD",lynn-lane,Lynn Lane,lynn-lane,Lynn Lane,Substance Abuse & Chemical Dependency,addiction-and-recovery,Addiction & Recovery,trauma-and-safety,Addiction & Recovery,100,high,parent_theme:trauma-and-safety via PTSD|exact_topic:addiction-and-recovery via Substance Abuse & Chemical Dependency (w=1),,none,complete,true,false,Clinical contributor,specialty_matched_organizational_approval,peachtree_psychology_susan_keenan,true,2026-06-19,true,approve
3581f502-04d1-40ac-aca7-8aae9e052102,what-if-my-partner-and-i-have-different-communication-styles,david-k-gore-phd,"Kenneth W. Christian, PhD",lexi-cooper,Lexi Cooper,lexi-cooper,Lexi Cooper,Familial Relationship Counseling,relationships-and-communication,Relationships & Communication,relationships-and-connection,Relationships & Communication,100,high,exact_topic:relationships-and-communication via Familial Relationship Counseling (w=1),,none,complete,true,false,Clinical contributor,specialty_matched_organizational_approval,peachtree_psychology_susan_keenan,true,2026-06-19,,
12acb25c-8960-4f5f-b1de-be96837c4523,what-if-my-partner-and-i-keep-having-the-same-fights-over-and-over,david-k-gore-phd,"Kenneth W. Christian, PhD",meredith-price,Meredith Price,meredith-price,Meredith Price,Relationship Issues,relationships-and-communication,Relationships & Communication,relationships-and-connection,Relationships & Communication,100,high,exact_topic:relationships-and-communication via Codependency (w=1)|exact_topic:relationships-and-communication via Marital and Premarital (w=1)|exact_topic:relationships-and-communication via Relationship Issues (w=1),"requires_keyword_support:Pregnancy, Prenatal, Postpartum|requires_keyword_support:Body Image",none,complete,true,false,Clinical contributor,specialty_matched_organizational_approval,peachtree_psychology_susan_keenan,true,2026-06-19,,
ccb7cc94-ceee-4e34-a4c0-6065b9e96c18,what-if-my-partner-doesnt-want-to-have-sex-as-much-as-i-do,david-k-gore-phd,"Kenneth W. Christian, PhD",alex-crenshaw-phd,Dr. Alex Crenshaw,alex-crenshaw-phd,Dr. Alex Crenshaw,Couples,relationships-and-communication,Relationships & Communication,relationships-and-connection,Relationships & Communication,100,high,exact_topic:relationships-and-communication via Couples (w=1)|preferred_specialty_keyword:couples,,none,complete,true,false,Clinical contributor,specialty_matched_organizational_approval,peachtree_psychology_susan_keenan,true,2026-06-19,,
5eb5897a-9644-40bc-aa0d-9fed2713a25a,what-if-my-partner-is-attached-to-an-ai-companion,david-k-gore-phd,"Kenneth W. Christian, PhD",sarah-evers,Sarah Evers,sarah-evers,Sarah Evers,Building Healthy Relationships,relationships-and-communication,Relationships & Communication,relationships-and-connection,Relationships & Divorce,100,high,exact_topic:relationships-and-communication via Building Healthy Relationships (w=1),requires_keyword_support:Chronic Illness & Disability|requires_keyword_support:Caregiver Stress,none,complete,true,false,Clinical contributor,specialty_matched_organizational_approval,peachtree_psychology_susan_keenan,true,2026-06-19,true,approve
830384fc-6f3d-49a0-b132-e32fe958c7ae,what-if-my-partners-family-doesnt-accept-me,david-k-gore-phd,"Kenneth W. Christian, PhD",jackie-malone,Jackie Malone,jackie-malone,Jackie Malone,Relationship Issues,relationships-and-communication,Relationships & Communication,relationships-and-connection,Relationships & Communication,100,high,parent_theme:relationships-and-connection via Bisexual|exact_topic:relationships-and-communication via Codependency (w=1)|exact_topic:relationships-and-communication via Relationship Issues (w=1),requires_keyword_support:Body Image,none,complete,true,false,Clinical contributor,specialty_matched_organizational_approval,peachtree_psychology_susan_keenan,true,2026-06-19,,
ba4aeb75-9142-4ade-9216-cff30a61ee4d,what-if-my-partner-wants-me-to-drink-or-use-substances-with-them,david-k-gore-phd,"Kenneth W. Christian, PhD",alex-crenshaw-phd,Dr. Alex Crenshaw,alex-crenshaw-phd,Dr. Alex Crenshaw,Couples,relationships-and-communication,Relationships & Communication,relationships-and-connection,Relationships & Communication,100,high,exact_topic:relationships-and-communication via Couples (w=1),,none,complete,true,false,Clinical contributor,specialty_matched_organizational_approval,peachtree_psychology_susan_keenan,true,2026-06-19,,
e785d3c1-5f4f-4179-a244-299df958f03a,what-if-psychiatric-medication-doesnt-wo-181083-060,david-k-gore-phd,"Kenneth W. Christian, PhD",susan-keenan,Susan L. Keenan,susan-keenan,Susan L. Keenan,Depression,depression,Depression,anxiety-and-mood,Depression,100,high,exact_topic:depression via Depression (w=1)|preferred_specialty_keyword:Depression,,none,complete,true,false,Clinical contributor,specialty_matched_organizational_approval,peachtree_psychology_susan_keenan,true,2026-06-19,,
09f03ea3-7b70-4f70-ac02-9555bcd33774,what-is-anticipatory-grief-and-how-do-i--185387-007,david-k-gore-phd,"Kenneth W. Christian, PhD",samantha-bryant,Samantha Bryant,samantha-bryant,Samantha Bryant,Grief,grief-and-loss,Grief & Loss,life-transitions-and-change,Grief & Loss,100,high,exact_topic:grief-and-loss via Grief (w=1)|preferred_specialty_keyword:Grief,requires_keyword_support:Body Image,none,complete,true,false,Clinical contributor,specialty_matched_organizational_approval,peachtree_psychology_susan_keenan,true,2026-06-19,,
0d7b8b7c-3037-4d73-b11c-f36f2a8a91d0,what-is-a-process-addiction-and-can-i-be-185759-023,david-k-gore-phd,"Kenneth W. Christian, PhD",liz-webb,Liz Webb,liz-webb,Liz Webb,Substance Use,addiction-and-recovery,Addiction & Recovery,trauma-and-safety,Addiction & Recovery,100,high,exact_topic:addiction-and-recovery via Substance Use (w=1),,none,complete,true,false,Clinical contributor,specialty_matched_organizational_approval,peachtree_psychology_susan_keenan,true,2026-06-19,,
76d09780-6201-4bcf-bf2c-57303df17de2,what-is-attachment-theory-and-how-does-i-184729-012,david-k-gore-phd,"Kenneth W. Christian, PhD",lexi-cooper,Lexi Cooper,lexi-cooper,Lexi Cooper,Familial Relationship Counseling,relationships-and-communication,Relationships & Communication,relationships-and-connection,Relationships & Communication,100,high,exact_topic:relationships-and-communication via Familial Relationship Counseling (w=1),,none,complete,true,false,Clinical contributor,specialty_matched_organizational_approval,peachtree_psychology_susan_keenan,true,2026-06-19,,
e95e87a6-186d-4475-8dff-17ee06ba5f47,what-is-codependency-and-how-does-it-rel-186032-022,david-k-gore-phd,"Kenneth W. Christian, PhD",susan-keenan,Susan L. Keenan,susan-keenan,Susan L. Keenan,Alcohol Use,addiction-and-recovery,Addiction & Recovery,trauma-and-safety,Addiction & Recovery,100,high,parent_theme:trauma-and-safety via Trauma and PTSD|exact_topic:addiction-and-recovery via Alcohol Use (w=1),,none,complete,true,false,Clinical contributor,specialty_matched_organizational_approval,peachtree_psychology_susan_keenan,true,2026-06-19,,
c877210e-fc2d-4a04-b17d-ba389f975288,what-is-compassion-fatigue-and-how-do-i--185759-040,david-k-gore-phd,"Kenneth W. Christian, PhD",samantha-bryant,Samantha Bryant,samantha-bryant,Samantha Bryant,Stress,work-and-burnout,Work & Burnout,work-and-purpose,"Work, Stress & Burnout",100,high,alias_keyword:stress|exact_topic:work-and-burnout via Career Counseling (w=1)|alt_topic:work-and-burnout via Life Transitions (w=0.45)|alt_topic:work-and-burnout via School Issues (w=0.4)|preferred_specialty_keyword:stress,,none,complete,true,false,Clinical contributor,specialty_matched_organizational_approval,peachtree_psychology_susan_keenan,true,2026-06-19,,
c301980c-d9db-4aef-9f3b-ddb00ab5ed8c,what-is-complex-ptsd-and-how-is-it-different-from-regular-ptsd,david-k-gore-phd,"Kenneth W. Christian, PhD",lynn-lane,Lynn Lane,lynn-lane,Lynn Lane,Trauma,trauma-and-safety,Trauma & Safety,trauma-and-safety,Trauma & Grief,100,high,alias_keyword:Grief|exact_topic:trauma-and-safety via PTSD (w=1)|preferred_specialty_keyword:PTSD|exact_topic:trauma-and-safety via Trauma (w=1)|preferred_specialty_keyword:Trauma,,none,complete,true,false,Clinical contributor,specialty_matched_organizational_approval,peachtree_psychology_susan_keenan,true,2026-06-19,,
e3d27e7c-b66a-47d8-816c-0ed4b47948d3,what-is-disenfranchised-grief-186032-008,david-k-gore-phd,"Kenneth W. Christian, PhD",samantha-bryant,Samantha Bryant,samantha-bryant,Samantha Bryant,Grief,grief-and-loss,Grief & Loss,life-transitions-and-change,Grief & Loss,100,high,exact_topic:grief-and-loss via Grief (w=1)|preferred_specialty_keyword:Grief,requires_keyword_support:Body Image,none,complete,true,false,Clinical contributor,specialty_matched_organizational_approval,peachtree_psychology_susan_keenan,true,2026-06-19,,
0093a9bc-a50e-4f33-9803-d86377c61721,what-is-gaslighting-and-how-do-i-recogni-186032-030,david-k-gore-phd,"Kenneth W. Christian, PhD",meredith-price,Meredith Price,meredith-price,Meredith Price,Relationship Issues,relationships-and-communication,Relationships & Communication,relationships-and-connection,Relationships & Communication,100,high,exact_topic:relationships-and-communication via Codependency (w=1)|exact_topic:relationships-and-communication via Marital and Premarital (w=1)|exact_topic:relationships-and-communication via Relationship Issues (w=1),"requires_keyword_support:Pregnancy, Prenatal, Postpartum|requires_keyword_support:Body Image",none,complete,true,false,Clinical contributor,specialty_matched_organizational_approval,peachtree_psychology_susan_keenan,true,2026-06-19,,
6df4e3ad-29d9-4cca-bb61-5e065675f1f0,what-is-grounding-and-how-can-it-help-with-anxiety,david-k-gore-phd,"Kenneth W. Christian, PhD",samantha-bryant,Samantha Bryant,samantha-bryant,Samantha Bryant,Stress,anxiety-and-stress,Anxiety & Stress,anxiety-and-mood,Anxiety & Stress,100,high,exact_topic:anxiety-and-stress via Anxiety (w=1)|preferred_specialty_keyword:Anxiety|alt_topic:anxiety-and-stress via Depression (w=0.35)|exact_topic:anxiety-and-stress via Stress (w=1),,none,complete,true,false,Clinical contributor,specialty_matched_organizational_approval,peachtree_psychology_susan_keenan,true,2026-06-19,,
a52e8913-fbf3-4aa0-ae3e-34ceb5c76dc0,what-is-group-therapy-for-depression-like,david-k-gore-phd,"Kenneth W. Christian, PhD",lexi-cooper,Lexi Cooper,lexi-cooper,Lexi Cooper,Depression,depression,Depression,anxiety-and-mood,Depression,100,high,parent_theme:anxiety-and-mood via Anxiety|exact_topic:depression via Depression (w=1)|preferred_specialty_keyword:Depression,,none,complete,true,false,Clinical contributor,specialty_matched_organizational_approval,peachtree_psychology_susan_keenan,true,2026-06-19,,
266a1469-8276-4c46-82a8-e33b0b905a56,what-is-paranoid-personality-disorder-and-how-does-it-affect-relationships,david-k-gore-phd,"Kenneth W. Christian, PhD",sarah-evers,Sarah Evers,sarah-evers,Sarah Evers,Building Healthy Relationships,relationships-and-communication,Relationships & Communication,relationships-and-connection,Relationships & Communication,100,high,exact_topic:relationships-and-communication via Building Healthy Relationships (w=1),requires_keyword_support:Chronic Illness & Disability|requires_keyword_support:Caregiver Stress,none,complete,true,false,Clinical contributor,specialty_matched_organizational_approval,peachtree_psychology_susan_keenan,true,2026-06-19,,
1ad7e61f-5b7d-4a12-9992-446596f52453,what-is-quiet-quitting-and-is-it-a-bad-t-185759-038,david-k-gore-phd,"Kenneth W. Christian, PhD",samantha-bryant,Samantha Bryant,samantha-bryant,Samantha Bryant,Stress,work-and-burnout,Work & Burnout,work-and-purpose,"Work, Stress & Burnout",100,high,alias_keyword:stress|exact_topic:work-and-burnout via Career Counseling (w=1)|alt_topic:work-and-burnout via Life Transitions (w=0.45)|alt_topic:work-and-burnout via School Issues (w=0.4)|preferred_specialty_keyword:stress,,none,complete,true,false,Clinical contributor,specialty_matched_organizational_approval,peachtree_psychology_susan_keenan,true,2026-06-19,,
b1be8274-bc62-4f18-9ffa-bcc52cbc489d,what-is-schizoid-personality-disorder-and-how-does-it-affect-daily-life,david-k-gore-phd,"Kenneth W. Christian, PhD",samantha-bryant,Samantha Bryant,samantha-bryant,Samantha Bryant,Stress,work-and-burnout,Work & Burnout,work-and-purpose,Work & Life Balance,100,high,alias_keyword:stress|exact_topic:work-and-burnout via Career Counseling (w=1)|alt_topic:work-and-burnout via Life Transitions (w=0.45)|alt_topic:work-and-burnout via School Issues (w=0.4)|preferred_specialty_keyword:stress,,none,complete,true,false,Clinical contributor,specialty_matched_organizational_approval,peachtree_psychology_susan_keenan,true,2026-06-19,,
edb24210-be4b-47ef-a617-1a993ab75926,what-is-seasonal-depression-and-how-do-i-treat-it,david-k-gore-phd,"Kenneth W. Christian, PhD",alex-crenshaw-phd,Dr. Alex Crenshaw,alex-crenshaw-phd,Dr. Alex Crenshaw,Depression,depression,Depression,anxiety-and-mood,Depression,100,high,parent_theme:anxiety-and-mood via Anxiety|exact_topic:depression via Depression (w=1)|preferred_specialty_keyword:Depression,,none,complete,true,false,Clinical contributor,specialty_matched_organizational_approval,peachtree_psychology_susan_keenan,true,2026-06-19,,
bfe2299f-e6a8-4e99-9ae0-2782c7130cb7,what-is-seasonal-depression-and-how-is-it-treated,david-k-gore-phd,"Kenneth W. Christian, PhD",susan-keenan,Susan L. Keenan,susan-keenan,Susan L. Keenan,Depression,depression,Depression,anxiety-and-mood,Depression,100,high,exact_topic:depression via Depression (w=1)|preferred_specialty_keyword:Depression,,none,complete,true,false,Clinical contributor,specialty_matched_organizational_approval,peachtree_psychology_susan_keenan,true,2026-06-19,,
c40f6f49-f410-4f88-ad1b-e1ebe7f87f83,what-is-social-anxiety-and-how-do-i-overcome-it,david-k-gore-phd,"Kenneth W. Christian, PhD",meredith-price,Meredith Price,meredith-price,Meredith Price,Stress,anxiety-and-stress,Anxiety & Stress,anxiety-and-mood,Anxiety & Stress,100,high,"exact_topic:anxiety-and-stress via Pregnancy, Prenatal, Postpartum (w=0.5)|demoted_missing_keyword_support|exact_topic:anxiety-and-stress via Depression (w=0.35)|parent_theme:anxiety-and-mood via Depression|exact_topic:anxiety-and-stress via Anxiety (w=1)|preferred_specialty_keyword:Anxiety|alt_topic:anxiety-and-stress via Infertility (w=0.5)|demoted_missing_keyword_support|exact_topic:anxiety-and-stress via Stress (w=1)",,none,complete,true,false,Clinical contributor,specialty_matched_organizational_approval,peachtree_psychology_susan_keenan,true,2026-06-19,,
350b1a57-5a04-415a-ae18-b1f5ee27ed84,what-is-the-connection-between-depression-and-chronic-pain,david-k-gore-phd,"Kenneth W. Christian, PhD",laura-hilsen,Laura Hilsen,laura-hilsen,Laura Hilsen,Depression,depression,Depression,anxiety-and-mood,Depression,100,high,parent_theme:anxiety-and-mood via Anxiety|exact_topic:depression via Depression (w=1)|preferred_specialty_keyword:Depression|alt_topic:depression via Mood Disorders (w=0.85),,none,complete,true,false,Clinical contributor,specialty_matched_organizational_approval,peachtree_psychology_susan_keenan,true,2026-06-19,,
740e7077-0f7c-4a94-a6c2-d2006d2a4fc8,what-is-the-difference-between-depression-and-grief,david-k-gore-phd,"Kenneth W. Christian, PhD",samantha-bryant,Samantha Bryant,samantha-bryant,Samantha Bryant,Grief,depression,Depression,anxiety-and-mood,Depression,100,high,parent_theme:anxiety-and-mood via Anxiety|exact_topic:depression via Depression (w=1)|preferred_specialty_keyword:Depression|preferred_specialty_keyword:Grief|alt_topic:depression via Mood Disorders (w=0.85),,none,complete,true,false,Clinical contributor,specialty_matched_organizational_approval,peachtree_psychology_susan_keenan,true,2026-06-19,,
88813172-969a-48ec-bd04-243e51722dde,what-is-the-difference-between-physical--186032-024,david-k-gore-phd,"Kenneth W. Christian, PhD",jackie-malone,Jackie Malone,jackie-malone,Jackie Malone,Substance Use,addiction-and-recovery,Addiction & Recovery,trauma-and-safety,Addiction & Recovery,100,high,exact_topic:addiction-and-recovery via Addiction (w=1)|preferred_specialty_keyword:Addiction|exact_topic:addiction-and-recovery via Alcohol Use (w=1)|exact_topic:addiction-and-recovery via Drug Abuse (w=1)|exact_topic:addiction-and-recovery via Substance Use (w=1),,none,complete,true,false,Clinical contributor,specialty_matched_organizational_approval,peachtree_psychology_susan_keenan,true,2026-06-19,,
ca37e352-a9bb-44d8-a004-941649e3859a,what-is-the-relationship-between-depression-and-substance-use,david-k-gore-phd,"Kenneth W. Christian, PhD",kelsey-donahue,Kelsey Madsen (Donahue),kelsey-donahue,Kelsey Madsen (Donahue),Depression,depression,Depression,anxiety-and-mood,Depression,100,high,parent_theme:anxiety-and-mood via Anxiety|exact_topic:depression via Depression (w=1)|preferred_specialty_keyword:Depression,,none,complete,true,false,Clinical contributor,specialty_matched_organizational_approval,peachtree_psychology_susan_keenan,true,2026-06-19,,
aed3a076-9424-49f0-aff4-597fd885f13f,what-is-treatment-resistant-depression-and-what-are-my-options,david-k-gore-phd,"Kenneth W. Christian, PhD",alex-crenshaw-phd,Dr. Alex Crenshaw,alex-crenshaw-phd,Dr. Alex Crenshaw,Depression,depression,Depression,anxiety-and-mood,Depression,100,high,parent_theme:anxiety-and-mood via Anxiety|exact_topic:depression via Depression (w=1)|preferred_specialty_keyword:Depression,,none,complete,true,false,Clinical contributor,specialty_matched_organizational_approval,peachtree_psychology_susan_keenan,true,2026-06-19,,
048a5561-4e45-4628-9f73-d1a7cf9fd9ea,what-is-workplace-anxiety-and-how-do-i-m-186032-041,david-k-gore-phd,"Kenneth W. Christian, PhD",michaela-hilburn,Michaela Hilburn,michaela-hilburn,Michaela Hilburn,Work/Life Balance,work-and-burnout,Work & Burnout,work-and-purpose,"Work, Stress & Burnout",100,high,alias_keyword:Anxiety|alt_topic:work-and-burnout via Life Transitions (w=0.45)|exact_topic:work-and-burnout via Work/Life Balance (w=1),,none,complete,true,false,Clinical contributor,specialty_matched_organizational_approval,peachtree_psychology_susan_keenan,true,2026-06-19,,
2ba8d472-f26d-4149-bd82-58ad3ccb637c,what-natural-remedies-help-with-seasonal-depression,david-k-gore-phd,"Kenneth W. Christian, PhD",kelsey-donahue,Kelsey Madsen (Donahue),kelsey-donahue,Kelsey Madsen (Donahue),Depression,depression,Depression,anxiety-and-mood,Depression,100,high,parent_theme:anxiety-and-mood via Anxiety|exact_topic:depression via Depression (w=1)|preferred_specialty_keyword:Depression,,none,complete,true,false,Clinical contributor,specialty_matched_organizational_approval,peachtree_psychology_susan_keenan,true,2026-06-19,,
01673722-dfb4-43b1-a346-1370fe0a90f7,what-role-does-exercise-play-in-treating-depression,david-k-gore-phd,"Kenneth W. Christian, PhD",amanda-gaines,Amanda Gaines,amanda-gaines,Amanda Gaines,Depression,depression,Depression,anxiety-and-mood,Depression,100,high,parent_theme:anxiety-and-mood via Anxiety|exact_topic:depression via Depression (w=1)|preferred_specialty_keyword:Depression,,none,complete,true,false,Clinical contributor,specialty_matched_organizational_approval,peachtree_psychology_susan_keenan,true,2026-06-19,true,approve
41b759c6-b7c0-4bfd-a3e0-2d4a4e92ad64,what-should-i-do-about-my-social-media-addiction,david-k-gore-phd,"Kenneth W. Christian, PhD",lynn-lane,Lynn Lane,lynn-lane,Lynn Lane,Substance Abuse & Chemical Dependency,addiction-and-recovery,Addiction & Recovery,trauma-and-safety,Addiction & Recovery,100,high,parent_theme:trauma-and-safety via PTSD|exact_topic:addiction-and-recovery via Substance Abuse & Chemical Dependency (w=1),,none,complete,true,false,Clinical contributor,specialty_matched_organizational_approval,peachtree_psychology_susan_keenan,true,2026-06-19,,
c98181c0-a736-496e-bb25-9b11fef85632,what-should-i-do-about-seasonal-depression,david-k-gore-phd,"Kenneth W. Christian, PhD",alex-crenshaw-phd,Dr. Alex Crenshaw,alex-crenshaw-phd,Dr. Alex Crenshaw,Depression,depression,Depression,anxiety-and-mood,Depression,100,high,parent_theme:anxiety-and-mood via Anxiety|exact_topic:depression via Depression (w=1)|preferred_specialty_keyword:Depression,,none,complete,true,false,Clinical contributor,specialty_matched_organizational_approval,peachtree_psychology_susan_keenan,true,2026-06-19,,
ed6ed102-f87e-4dc1-bca7-d927a8424ae7,what-should-i-do-after-a-relapse-in-recovery,david-k-gore-phd,"Kenneth W. Christian, PhD",lynn-lane,Lynn Lane,lynn-lane,Lynn Lane,Substance Abuse & Chemical Dependency,addiction-and-recovery,Addiction & Recovery,trauma-and-safety,Addiction & Recovery,100,high,parent_theme:trauma-and-safety via PTSD|exact_topic:addiction-and-recovery via Substance Abuse & Chemical Dependency (w=1),,none,complete,true,false,Clinical contributor,specialty_matched_organizational_approval,peachtree_psychology_susan_keenan,true,2026-06-19,,
368b3987-971c-4e0e-90bf-0918bd433643,what-should-i-do-during-a-panic-attack,david-k-gore-phd,"Kenneth W. Christian, PhD",laura-hilsen,Laura Hilsen,laura-hilsen,Laura Hilsen,Anxiety,anxiety-and-stress,Anxiety & Stress,anxiety-and-mood,Anxiety & Stress,100,high,exact_topic:anxiety-and-stress via Anxiety (w=1)|preferred_specialty_keyword:Anxiety|alt_topic:anxiety-and-stress via Depression (w=0.35),,none,complete,true,false,Clinical contributor,specialty_matched_organizational_approval,peachtree_psychology_susan_keenan,true,2026-06-19,,
9f185c7e-adfa-4cd8-87b7-6101fbf9d0b7,what-should-i-do-if-antidepressants-arent-working-for-me,david-k-gore-phd,"Kenneth W. Christian, PhD",laura-hilsen,Laura Hilsen,laura-hilsen,Laura Hilsen,Depression,depression,Depression,anxiety-and-mood,Depression,100,high,parent_theme:anxiety-and-mood via Anxiety|exact_topic:depression via Depression (w=1)|preferred_specialty_keyword:Depression|alt_topic:depression via Mood Disorders (w=0.85),,none,complete,true,false,Clinical contributor,specialty_matched_organizational_approval,peachtree_psychology_susan_keenan,true,2026-06-19,,
407ebbdc-fe58-4143-9245-6da554a4039a,what-should-i-do-if-i-cant-afford-depression-treatment,david-k-gore-phd,"Kenneth W. Christian, PhD",jackie-malone,Jackie Malone,jackie-malone,Jackie Malone,Depression,depression,Depression,anxiety-and-mood,Depression,100,high,parent_theme:anxiety-and-mood via Anxiety|exact_topic:depression via Depression (w=1)|preferred_specialty_keyword:Depression,requires_keyword_support:Body Image,none,complete,true,false,Clinical contributor,specialty_matched_organizational_approval,peachtree_psychology_susan_keenan,true,2026-06-19,,
df24fbaf-882f-4152-a2af-450798baf93d,what-should-i-do-if-i-caught-my-partner-cheating,david-k-gore-phd,"Kenneth W. Christian, PhD",lynn-lane,Lynn Lane,lynn-lane,Lynn Lane,Relationship Counseling,relationships-and-communication,Relationships & Communication,relationships-and-connection,Relationships & Communication,100,high,exact_topic:relationships-and-communication via Relationship Counseling (w=1),,none,complete,true,false,Clinical contributor,specialty_matched_organizational_approval,peachtree_psychology_susan_keenan,true,2026-06-19,true,approve
bceccff2-2a8b-48c6-92e9-57ee5fb9073e,what-should-i-do-if-i-feel-like-i-cant-keep-up-with-technological-changes-at-work,david-k-gore-phd,"Kenneth W. Christian, PhD",samantha-bryant,Samantha Bryant,samantha-bryant,Samantha Bryant,Career Counseling,work-and-burnout,Work & Burnout,work-and-purpose,Work & Life Balance,100,high,alias_keyword:Anxiety|exact_topic:work-and-burnout via Career Counseling (w=1)|alt_topic:work-and-burnout via Life Transitions (w=0.45)|alt_topic:work-and-burnout via School Issues (w=0.4),,none,complete,true,false,Clinical contributor,specialty_matched_organizational_approval,peachtree_psychology_susan_keenan,true,2026-06-19,,
b9283834-20f3-46d2-9d35-4570f5ac3661,what-should-i-do-if-i-hate-my-job-but-ca-186032-038,david-k-gore-phd,"Kenneth W. Christian, PhD",samantha-bryant,Samantha Bryant,samantha-bryant,Samantha Bryant,Stress,work-and-burnout,Work & Burnout,work-and-purpose,"Work, Stress & Burnout",100,high,alias_keyword:stress|exact_topic:work-and-burnout via Career Counseling (w=1)|alt_topic:work-and-burnout via Life Transitions (w=0.45)|alt_topic:work-and-burnout via School Issues (w=0.4)|preferred_specialty_keyword:stress,,none,complete,true,false,Clinical contributor,specialty_matched_organizational_approval,peachtree_psychology_susan_keenan,true,2026-06-19,,
eaa9e398-f6e8-4777-9e4d-6cb56a248f3d,what-should-i-do-if-i-have-a-slip-but-dont-want-to-have-a-full-relapse,david-k-gore-phd,"Kenneth W. Christian, PhD",amanda-gaines,Amanda Gaines,amanda-gaines,Amanda Gaines,Addictive Behaviors,addiction-and-recovery,Addiction & Recovery,trauma-and-safety,Addiction & Recovery,100,high,parent_theme:trauma-and-safety via Trauma & PTSD|exact_topic:addiction-and-recovery via Substance Use (w=1)|preferred_specialty_keyword:Substance Use|exact_topic:addiction-and-recovery via Addictive Behaviors (w=1),requires_keyword_support:Chronic Illness,none,complete,true,false,Clinical contributor,specialty_matched_organizational_approval,peachtree_psychology_susan_keenan,true,2026-06-19,,
0babfbe2-9c3b-4f84-a6cb-44c93903290d,what-should-i-do-if-i-have-legal-problems-related-to-my-addiction,david-k-gore-phd,"Kenneth W. Christian, PhD",susan-keenan,Susan L. Keenan,susan-keenan,Susan L. Keenan,Alcohol Use,addiction-and-recovery,Addiction & Recovery,trauma-and-safety,Addiction & Recovery,100,high,parent_theme:trauma-and-safety via Trauma and PTSD|exact_topic:addiction-and-recovery via Alcohol Use (w=1),,none,complete,true,false,Clinical contributor,specialty_matched_organizational_approval,peachtree_psychology_susan_keenan,true,2026-06-19,,
4bd18487-5ef8-4847-bc85-fe4294db56ac,what-should-i-do-if-im-afraid-my-job-will-be-automated-soon,david-k-gore-phd,"Kenneth W. Christian, PhD",michaela-hilburn,Michaela Hilburn,michaela-hilburn,Michaela Hilburn,Work/Life Balance,work-and-burnout,Work & Burnout,work-and-purpose,Work & Life Balance,100,high,alias_keyword:Anxiety|alt_topic:work-and-burnout via Life Transitions (w=0.45)|exact_topic:work-and-burnout via Work/Life Balance (w=1),,none,complete,true,false,Clinical contributor,specialty_matched_organizational_approval,peachtree_psychology_susan_keenan,true,2026-06-19,,
4ee4d626-b5a9-4ca9-853f-7ae0adb4f590,what-should-i-do-if-im-afraid-of-confrontation,david-k-gore-phd,"Kenneth W. Christian, PhD",michaela-hilburn,Michaela Hilburn,michaela-hilburn,Michaela Hilburn,Work/Life Balance,work-and-burnout,Work & Burnout,work-and-purpose,Work & Life Balance,100,high,exact_topic:work-and-burnout via Life Transitions (w=0.45)|exact_topic:work-and-burnout via Work/Life Balance (w=1),,none,complete,true,false,Clinical contributor,specialty_matched_organizational_approval,peachtree_psychology_susan_keenan,true,2026-06-19,,
840eda09-9faa-4e3e-b26e-38538217aed5,what-should-i-do-if-im-around-substances-unexpectedly,david-k-gore-phd,"Kenneth W. Christian, PhD",lynn-lane,Lynn Lane,lynn-lane,Lynn Lane,Substance Abuse & Chemical Dependency,addiction-and-recovery,Addiction & Recovery,trauma-and-safety,Addiction & Recovery,100,high,parent_theme:trauma-and-safety via PTSD|exact_topic:addiction-and-recovery via Substance Abuse & Chemical Dependency (w=1),,none,complete,true,false,Clinical contributor,specialty_matched_organizational_approval,peachtree_psychology_susan_keenan,true,2026-06-19,,
312c3ec8-2acc-46b9-905d-1448f6a337e6,what-should-i-do-if-im-experiencing-an-identity-crisis-because-my-profession-is-becoming-automated,david-k-gore-phd,"Kenneth W. Christian, PhD",samantha-bryant,Samantha Bryant,samantha-bryant,Samantha Bryant,Self Esteem,identity-and-self-worth,Identity & Self-Worth,identity-and-self-worth,Identity & Self-Worth,100,high,exact_topic:identity-and-self-worth via Body Image (w=0.4)|demoted_missing_keyword_support|alias_keyword:Grief|exact_topic:identity-and-self-worth via Life Transitions (w=0.4)|exact_topic:identity-and-self-worth via Self Esteem (w=1),,none,complete,true,false,Clinical contributor,specialty_matched_organizational_approval,peachtree_psychology_susan_keenan,true,2026-06-19,,
ec6c85b6-2f64-4073-b761-02a0c1cc402e,what-should-i-do-if-im-experiencing-anticipatory-grief,david-k-gore-phd,"Kenneth W. Christian, PhD",liz-webb,Liz Webb,liz-webb,Liz Webb,Grief & Loss,grief-and-loss,Grief & Loss,life-transitions-and-change,Grief & Loss,100,high,parent_theme:life-transitions-and-change via Life Transitions|exact_topic:grief-and-loss via Grief & Loss (w=1),,none,complete,true,false,Clinical contributor,specialty_matched_organizational_approval,peachtree_psychology_susan_keenan,true,2026-06-19,,
a642c74b-4e8a-476d-abb4-cd0452077abe,what-should-i-do-if-im-having-intense-cravings-that-wont-go-away,david-k-gore-phd,"Kenneth W. Christian, PhD",liz-webb,Liz Webb,liz-webb,Liz Webb,Substance Use,addiction-and-recovery,Addiction & Recovery,trauma-and-safety,Addiction & Recovery,100,high,exact_topic:addiction-and-recovery via Substance Use (w=1),,none,complete,true,false,Clinical contributor,specialty_matched_organizational_approval,peachtree_psychology_susan_keenan,true,2026-06-19,,
eb33c0fd-3ea2-4661-b09e-c4e0ae946126,what-should-i-do-if-im-having-thoughts-about-using-again,david-k-gore-phd,"Kenneth W. Christian, PhD",samantha-bryant,Samantha Bryant,samantha-bryant,Samantha Bryant,Career Counseling,work-and-burnout,Work & Burnout,work-and-purpose,Work & Life Balance,100,high,exact_topic:work-and-burnout via Career Counseling (w=1)|alt_topic:work-and-burnout via Life Transitions (w=0.45)|alt_topic:work-and-burnout via School Issues (w=0.4),requires_keyword_support:Body Image,none,complete,true,false,Clinical contributor,specialty_matched_organizational_approval,peachtree_psychology_susan_keenan,true,2026-06-19,,
96cd06e4-fd17-4eba-9d7a-e6d9925e095a,what-should-i-do-if-im-having-trouble-functioning-after-a-loss,david-k-gore-phd,"Kenneth W. Christian, PhD",liz-webb,Liz Webb,liz-webb,Liz Webb,Grief & Loss,grief-and-loss,Grief & Loss,life-transitions-and-change,Grief & Loss,100,high,alias_keyword:Depression|exact_topic:grief-and-loss via Grief & Loss (w=1),,none,complete,true,false,Clinical contributor,specialty_matched_organizational_approval,peachtree_psychology_susan_keenan,true,2026-06-19,,
59ce0963-4941-4f06-9c90-90982600ff42,what-should-i-do-if-im-having-trouble-sleeping-in-recovery,david-k-gore-phd,"Kenneth W. Christian, PhD",jackie-malone,Jackie Malone,jackie-malone,Jackie Malone,Substance Use,addiction-and-recovery,Addiction & Recovery,trauma-and-safety,Addiction & Recovery,100,high,exact_topic:addiction-and-recovery via Addiction (w=1)|preferred_specialty_keyword:Addiction|exact_topic:addiction-and-recovery via Alcohol Use (w=1)|exact_topic:addiction-and-recovery via Drug Abuse (w=1)|exact_topic:addiction-and-recovery via Substance Use (w=1),,none,complete,true,false,Clinical contributor,specialty_matched_organizational_approval,peachtree_psychology_susan_keenan,true,2026-06-19,,
5933b9cc-74a5-4d7c-80a9-14fa79889e8a,what-should-i-do-if-im-in-a-toxic-relationship,david-k-gore-phd,"Kenneth W. Christian, PhD",samantha-bryant,Samantha Bryant,samantha-bryant,Samantha Bryant,Marital and Premarital,relationships-and-communication,Relationships & Communication,relationships-and-connection,Relationships & Communication,100,high,parent_theme:relationships-and-connection via Bisexual|exact_topic:relationships-and-communication via Codependency (w=1)|exact_topic:relationships-and-communication via Marital and Premarital (w=1),requires_keyword_support:Body Image,none,complete,true,false,Clinical contributor,specialty_matched_organizational_approval,peachtree_psychology_susan_keenan,true,2026-06-19,,
49e9f64e-a88f-4b96-a349-ece613604206,what-should-i-do-if-i-miss-doses-of-my-p-181083-063,david-k-gore-phd,"Kenneth W. Christian, PhD",michaela-hilburn,Michaela Hilburn,michaela-hilburn,Michaela Hilburn,Depression,depression,Depression,anxiety-and-mood,Depression,100,high,parent_theme:anxiety-and-mood via Anxiety|exact_topic:depression via Depression (w=1)|preferred_specialty_keyword:Depression,,none,complete,true,false,Clinical contributor,specialty_matched_organizational_approval,peachtree_psychology_susan_keenan,true,2026-06-19,,
5622351a-bc0e-451e-8731-36d72708a6d9,what-should-i-do-if-im-prescribed-pain-medication-after-surgery,david-k-gore-phd,"Kenneth W. Christian, PhD",laura-hilsen,Laura Hilsen,laura-hilsen,Laura Hilsen,Work/Life Balance,work-and-burnout,Work & Burnout,work-and-purpose,Work & Life Balance,100,high,exact_topic:work-and-burnout via Life Transitions (w=0.45)|exact_topic:work-and-burnout via Work/Life Balance (w=1),,none,complete,true,false,Clinical contributor,specialty_matched_organizational_approval,peachtree_psychology_susan_keenan,true,2026-06-19,,
c7a05a48-4ece-455a-b30c-1497810b9590,what-should-i-do-if-im-struggling-financially-because-of-my-addiction,david-k-gore-phd,"Kenneth W. Christian, PhD",jackie-malone,Jackie Malone,jackie-malone,Jackie Malone,Substance Use,addiction-and-recovery,Addiction & Recovery,trauma-and-safety,Addiction & Recovery,100,high,exact_topic:addiction-and-recovery via Addiction (w=1)|preferred_specialty_keyword:Addiction|exact_topic:addiction-and-recovery via Alcohol Use (w=1)|exact_topic:addiction-and-recovery via Drug Abuse (w=1)|exact_topic:addiction-and-recovery via Substance Use (w=1)|preferred_specialty_keyword:Substance Use,,none,complete,true,false,Clinical contributor,specialty_matched_organizational_approval,peachtree_psychology_susan_keenan,true,2026-06-19,,
894752ff-df9f-4d85-a45f-f73f1be6ea95,what-should-i-do-if-im-struggling-financially-due-to-economic-changes-from-ai,david-k-gore-phd,"Kenneth W. Christian, PhD",michaela-hilburn,Michaela Hilburn,michaela-hilburn,Michaela Hilburn,Work/Life Balance,work-and-burnout,Work & Burnout,work-and-purpose,Work & Life Balance,100,high,alias_keyword:stress|alt_topic:work-and-burnout via Life Transitions (w=0.45)|exact_topic:work-and-burnout via Work/Life Balance (w=1),,none,complete,true,false,Clinical contributor,specialty_matched_organizational_approval,peachtree_psychology_susan_keenan,true,2026-06-19,,
b1b3e1b9-59cf-4c81-be55-6f9b9e7bea17,what-should-i-do-if-im-struggling-with-multiple-addictions,david-k-gore-phd,"Kenneth W. Christian, PhD",liz-webb,Liz Webb,liz-webb,Liz Webb,Substance Use,addiction-and-recovery,Addiction & Recovery,trauma-and-safety,Addiction & Recovery,100,high,exact_topic:addiction-and-recovery via Substance Use (w=1),,none,complete,true,false,Clinical contributor,specialty_matched_organizational_approval,peachtree_psychology_susan_keenan,true,2026-06-19,,
2cd3b62a-1e38-46d6-be06-e78b629b6146,what-should-i-do-if-im-struggling-with-my-sexual-identity-or-orientation,david-k-gore-phd,"Kenneth W. Christian, PhD",susan-keenan,Susan L. Keenan,susan-keenan,Susan L. Keenan,Self Esteem,identity-and-self-worth,Identity & Self-Worth,identity-and-self-worth,Identity & Self-Worth,100,high,alias_keyword:stress|exact_topic:identity-and-self-worth via Self Esteem (w=1),,none,complete,true,false,Clinical contributor,specialty_matched_organizational_approval,peachtree_psychology_susan_keenan,true,2026-06-19,,
d9eedcf9-cc48-45b1-a11a-1fd4f1fefe9d,what-should-i-do-if-i-suspect-my-employee-has-a-substance-abuse-problem,david-k-gore-phd,"Kenneth W. Christian, PhD",jackie-malone,Jackie Malone,jackie-malone,Jackie Malone,Substance Use,addiction-and-recovery,Addiction & Recovery,trauma-and-safety,Addiction & Recovery,100,high,exact_topic:addiction-and-recovery via Addiction (w=1)|preferred_specialty_keyword:Addiction|exact_topic:addiction-and-recovery via Alcohol Use (w=1)|exact_topic:addiction-and-recovery via Drug Abuse (w=1)|exact_topic:addiction-and-recovery via Substance Use (w=1),,none,complete,true,false,Clinical contributor,specialty_matched_organizational_approval,peachtree_psychology_susan_keenan,true,2026-06-19,,
4f85d162-a969-490b-8ec0-7e07317f0b6e,what-should-i-do-if-i-think-i-have-depression,david-k-gore-phd,"Kenneth W. Christian, PhD",michaela-hilburn,Michaela Hilburn,michaela-hilburn,Michaela Hilburn,Depression,depression,Depression,anxiety-and-mood,Depression,100,high,parent_theme:anxiety-and-mood via Anxiety|exact_topic:depression via Depression (w=1)|preferred_specialty_keyword:Depression,,none,complete,true,false,Clinical contributor,specialty_matched_organizational_approval,peachtree_psychology_susan_keenan,true,2026-06-19,,
d9955bb0-60ca-4b1e-8341-512740b4cd44,what-should-i-do-if-i-think-my-child-has-anxiety,david-k-gore-phd,"Kenneth W. Christian, PhD",amanda-gaines,Amanda Gaines,amanda-gaines,Amanda Gaines,Anxiety,anxiety-and-stress,Anxiety & Stress,anxiety-and-mood,Anxiety & Stress,100,high,exact_topic:anxiety-and-stress via Anxiety (w=1)|preferred_specialty_keyword:Anxiety|alt_topic:anxiety-and-stress via Depression (w=0.35),,none,complete,true,false,Clinical contributor,specialty_matched_organizational_approval,peachtree_psychology_susan_keenan,true,2026-06-19,,
be5c3153-7ab4-47f9-b312-bb191d45f542,what-should-i-do-if-i-think-my-friend-is-186032-033,david-k-gore-phd,"Kenneth W. Christian, PhD",susan-keenan,Susan L. Keenan,susan-keenan,Susan L. Keenan,Relationship Issues,relationships-and-communication,Relationships & Communication,relationships-and-connection,Relationships & Communication,100,high,parent_theme:relationships-and-connection via LGBTQ+|exact_topic:relationships-and-communication via Relationship Issues (w=1),,none,complete,true,false,Clinical contributor,specialty_matched_organizational_approval,peachtree_psychology_susan_keenan,true,2026-06-19,,
6fb3ddad-5dd4-4088-83e9-00238c59c6ec,what-should-i-do-if-i-think-my-partner-has-a-personality-disorder,david-k-gore-phd,"Kenneth W. Christian, PhD",samantha-bryant,Samantha Bryant,samantha-bryant,Samantha Bryant,Marital and Premarital,relationships-and-communication,Relationships & Communication,relationships-and-connection,Relationships & Communication,100,high,parent_theme:relationships-and-connection via Bisexual|exact_topic:relationships-and-communication via Codependency (w=1)|exact_topic:relationships-and-communication via Marital and Premarital (w=1),requires_keyword_support:Body Image,none,complete,true,false,Clinical contributor,specialty_matched_organizational_approval,peachtree_psychology_susan_keenan,true,2026-06-19,,
1e7fdcba-4c9f-4b55-8e8a-2090ab2fbd8a,what-should-i-do-if-my-adult-child-is-addicted-to-drugs,david-k-gore-phd,"Kenneth W. Christian, PhD",susan-keenan,Susan L. Keenan,susan-keenan,Susan L. Keenan,Parenting,family-and-parenting,Family & Parenting,family-and-parenting,Family & Parenting,100,high,alias_keyword:Grief|exact_topic:family-and-parenting via Family Conflict (w=1)|exact_topic:family-and-parenting via Parenting (w=1)|preferred_specialty_keyword:Parenting,,none,complete,true,false,Clinical contributor,specialty_matched_organizational_approval,peachtree_psychology_susan_keenan,true,2026-06-19,,
e6473b57-f0c6-459d-8477-9cef154a8c8e,what-should-i-do-if-my-antidepressants-arent-working,david-k-gore-phd,"Kenneth W. Christian, PhD",alex-crenshaw-phd,Dr. Alex Crenshaw,alex-crenshaw-phd,Dr. Alex Crenshaw,Depression,depression,Depression,anxiety-and-mood,Depression,100,high,parent_theme:anxiety-and-mood via Anxiety|exact_topic:depression via Depression (w=1)|preferred_specialty_keyword:Depression,,none,complete,true,false,Clinical contributor,specialty_matched_organizational_approval,peachtree_psychology_susan_keenan,true,2026-06-19,,
c7b87d8a-c07f-4ad3-9713-f40427209638,what-should-i-do-if-my-child-doesnt-want-to-visit-their-other-parent,david-k-gore-phd,"Kenneth W. Christian, PhD",susan-keenan,Susan L. Keenan,susan-keenan,Susan L. Keenan,Parenting,family-and-parenting,Family & Parenting,family-and-parenting,Family & Parenting,100,high,alias_keyword:Anxiety|exact_topic:family-and-parenting via Family Conflict (w=1)|exact_topic:family-and-parenting via Parenting (w=1)|preferred_specialty_keyword:Parenting,,none,complete,true,false,Clinical contributor,specialty_matched_organizational_approval,peachtree_psychology_susan_keenan,true,2026-06-19,,
94da44f5-dd78-46a4-b528-fab135c64410,what-should-i-do-if-my-child-is-being-bullied,david-k-gore-phd,"Kenneth W. Christian, PhD",meredith-price,Meredith Price,meredith-price,Meredith Price,Parenting,family-and-parenting,Family & Parenting,family-and-parenting,Family & Parenting,100,high,"exact_topic:family-and-parenting via Pregnancy, Prenatal, Postpartum (w=0.7)|demoted_missing_keyword_support|exact_topic:family-and-parenting via Family Conflict (w=1)|alt_topic:family-and-parenting via Infertility (w=0.7)|demoted_missing_keyword_support|exact_topic:family-and-parenting via Parenting (w=1)|preferred_specialty_keyword:Parenting",,none,complete,true,false,Clinical contributor,specialty_matched_organizational_approval,peachtree_psychology_susan_keenan,true,2026-06-19,,
2a1cc68e-3e34-4a4a-adc4-b36ed9b5405c,what-should-i-do-if-my-depression-medication-has-sexual-side-effects,david-k-gore-phd,"Kenneth W. Christian, PhD",lexi-cooper,Lexi Cooper,lexi-cooper,Lexi Cooper,Depression,depression,Depression,anxiety-and-mood,Depression,100,high,parent_theme:anxiety-and-mood via Anxiety|exact_topic:depression via Depression (w=1)|preferred_specialty_keyword:Depression,,none,complete,true,false,Clinical contributor,specialty_matched_organizational_approval,peachtree_psychology_susan_keenan,true,2026-06-19,,
d02373de-47a5-40b2-999b-3a9da9a01da7,what-should-i-do-if-my-depression-medication-isnt-working-after-several-weeks,david-k-gore-phd,"Kenneth W. Christian, PhD",jackie-malone,Jackie Malone,jackie-malone,Jackie Malone,Depression,depression,Depression,anxiety-and-mood,Depression,100,high,parent_theme:anxiety-and-mood via Anxiety|exact_topic:depression via Depression (w=1)|preferred_specialty_keyword:Depression,requires_keyword_support:Body Image,none,complete,true,false,Clinical contributor,specialty_matched_organizational_approval,peachtree_psychology_susan_keenan,true,2026-06-19,,
66a9add1-393e-4415-a648-0a2e3760071c,what-should-i-do-if-my-doctor-prescribed-addictive-medication,david-k-gore-phd,"Kenneth W. Christian, PhD",liz-webb,Liz Webb,liz-webb,Liz Webb,Anxiety,anxiety-and-stress,Anxiety & Stress,anxiety-and-mood,Anxiety & Stress,100,high,alias_keyword:Substance Use|exact_topic:anxiety-and-stress via Anxiety (w=1)|preferred_specialty_keyword:Anxiety|alt_topic:anxiety-and-stress via Depression (w=0.35),,none,complete,true,false,Clinical contributor,specialty_matched_organizational_approval,peachtree_psychology_susan_keenan,true,2026-06-19,,
a698ed17-242b-4f24-a55d-ad9c8f2a98e0,what-should-i-do-if-my-ex-is-undermining-my-parenting,david-k-gore-phd,"Kenneth W. Christian, PhD",susan-keenan,Susan L. Keenan,susan-keenan,Susan L. Keenan,Parenting,family-and-parenting,Family & Parenting,family-and-parenting,Family & Parenting,100,high,exact_topic:family-and-parenting via Family Conflict (w=1)|exact_topic:family-and-parenting via Parenting (w=1)|preferred_specialty_keyword:Parenting,,none,complete,true,false,Clinical contributor,specialty_matched_organizational_approval,peachtree_psychology_susan_keenan,true,2026-06-19,,
2b624c4a-de17-4e92-b433-c44fa0668371,what-should-i-do-if-my-ex-spouse-isnt-paying-child-support,david-k-gore-phd,"Kenneth W. Christian, PhD",jeannine-jannot,"Jeannine Jannot, Ph.D.",jeannine-jannot,"Jeannine Jannot, Ph.D.",Child,family-and-parenting,Family & Parenting,family-and-parenting,Family & Parenting,100,high,exact_topic:family-and-parenting via Parenting (w=1)|preferred_specialty_keyword:Parenting|exact_topic:family-and-parenting via Child (w=1),,none,complete,true,false,Clinical contributor,specialty_matched_organizational_approval,peachtree_psychology_susan_keenan,true,2026-06-19,true,approve
7c22eb03-d842-436b-940a-e83e060e9316,what-should-i-do-if-my-ex-spouse-is-turning-my-children-against-me,david-k-gore-phd,"Kenneth W. Christian, PhD",kelsey-donahue,Kelsey Madsen (Donahue),kelsey-donahue,Kelsey Madsen (Donahue),Parenting,family-and-parenting,Family & Parenting,family-and-parenting,Family & Parenting,100,high,exact_topic:family-and-parenting via Child (w=1)|exact_topic:family-and-parenting via Family Conflict (w=1)|exact_topic:family-and-parenting via Parenting (w=1)|preferred_specialty_keyword:Parenting,requires_keyword_support:Eating Disorders,none,complete,true,false,Clinical contributor,specialty_matched_organizational_approval,peachtree_psychology_susan_keenan,true,2026-06-19,,
ed667115-dcf5-4240-a8b3-59b1230f67b5,what-should-i-do-if-my-partner-always-takes-their-familys-side,david-k-gore-phd,"Kenneth W. Christian, PhD",lexi-cooper,Lexi Cooper,lexi-cooper,Lexi Cooper,Familial Relationship Counseling,relationships-and-communication,Relationships & Communication,relationships-and-connection,Relationships & Communication,100,high,exact_topic:relationships-and-communication via Familial Relationship Counseling (w=1),,none,complete,true,false,Clinical contributor,specialty_matched_organizational_approval,peachtree_psychology_susan_keenan,true,2026-06-19,,
b1be2977-63b7-489f-9780-680a503c041d,what-should-i-do-if-my-partner-and-i-have-different-love-languages,david-k-gore-phd,"Kenneth W. Christian, PhD",laura-hilsen,Laura Hilsen,laura-hilsen,Laura Hilsen,Infidelity,relationships-and-communication,Relationships & Communication,relationships-and-connection,Relationships & Communication,100,high,exact_topic:relationships-and-communication via Relationship Issues (w=1)|exact_topic:relationships-and-communication via Divorce (w=1)|exact_topic:relationships-and-communication via Infidelity (w=1),,none,complete,true,false,Clinical contributor,specialty_matched_organizational_approval,peachtree_psychology_susan_keenan,true,2026-06-19,,
e90b8a21-7430-4b85-a249-e8168a3260c5,what-should-i-do-if-my-partner-and-i-have-mismatched-libidos,david-k-gore-phd,"Kenneth W. Christian, PhD",lynn-lane,Lynn Lane,lynn-lane,Lynn Lane,Relationship Counseling,relationships-and-communication,Relationships & Communication,relationships-and-connection,Relationships & Communication,100,high,exact_topic:relationships-and-communication via Relationship Counseling (w=1),,none,complete,true,false,Clinical contributor,specialty_matched_organizational_approval,peachtree_psychology_susan_keenan,true,2026-06-19,,
f7dd82bc-8d63-41e8-8984-e7354e2f9fb4,what-should-i-do-if-my-partner-doesnt-listen-to-me,david-k-gore-phd,"Kenneth W. Christian, PhD",samantha-bryant,Samantha Bryant,samantha-bryant,Samantha Bryant,Marital and Premarital,relationships-and-communication,Relationships & Communication,relationships-and-connection,Relationships & Communication,100,high,parent_theme:relationships-and-connection via Bisexual|exact_topic:relationships-and-communication via Codependency (w=1)|exact_topic:relationships-and-communication via Marital and Premarital (w=1),requires_keyword_support:Body Image,none,complete,true,false,Clinical contributor,specialty_matched_organizational_approval,peachtree_psychology_susan_keenan,true,2026-06-19,,
af256806-a495-4971-9f82-580ac81d4532,what-should-i-do-if-my-partner-has-anger-issues,david-k-gore-phd,"Kenneth W. Christian, PhD",lynn-lane,Lynn Lane,lynn-lane,Lynn Lane,Relationship Counseling,relationships-and-communication,Relationships & Communication,relationships-and-connection,Relationships & Communication,100,high,exact_topic:relationships-and-communication via Relationship Counseling (w=1),,none,complete,true,false,Clinical contributor,specialty_matched_organizational_approval,peachtree_psychology_susan_keenan,true,2026-06-19,,
dcfd220c-c887-41ed-b375-d527141371dc,what-should-i-do-if-my-partner-is-emotionally-unavailable,david-k-gore-phd,"Kenneth W. Christian, PhD",lexi-cooper,Lexi Cooper,lexi-cooper,Lexi Cooper,Familial Relationship Counseling,relationships-and-communication,Relationships & Communication,relationships-and-connection,Relationships & Communication,100,high,exact_topic:relationships-and-communication via Familial Relationship Counseling (w=1),,none,complete,true,false,Clinical contributor,specialty_matched_organizational_approval,peachtree_psychology_susan_keenan,true,2026-06-19,,
af160f2b-b556-46ae-b7b9-2238534710b6,what-should-i-do-if-my-partner-shuts-down-during-arguments,david-k-gore-phd,"Kenneth W. Christian, PhD",samantha-bryant,Samantha Bryant,samantha-bryant,Samantha Bryant,Marital and Premarital,relationships-and-communication,Relationships & Communication,relationships-and-connection,Relationships & Communication,100,high,parent_theme:relationships-and-connection via Bisexual|exact_topic:relationships-and-communication via Codependency (w=1)|exact_topic:relationships-and-communication via Marital and Premarital (w=1),requires_keyword_support:Body Image,none,complete,true,false,Clinical contributor,specialty_matched_organizational_approval,peachtree_psychology_susan_keenan,true,2026-06-19,,
32be05b4-d8f3-4e37-8b36-596b8312a037,what-should-i-do-if-my-sponsor-relapses,david-k-gore-phd,"Kenneth W. Christian, PhD",lynn-lane,Lynn Lane,lynn-lane,Lynn Lane,Substance Abuse & Chemical Dependency,addiction-and-recovery,Addiction & Recovery,trauma-and-safety,Addiction & Recovery,100,high,parent_theme:trauma-and-safety via PTSD|exact_topic:addiction-and-recovery via Substance Abuse & Chemical Dependency (w=1),,none,complete,true,false,Clinical contributor,specialty_matched_organizational_approval,peachtree_psychology_susan_keenan,true,2026-06-19,,
f5843f2e-f654-4731-a2de-4421b037334f,what-should-i-do-if-talk-therapy-doesnt-seem-to-be-helping-my-depression,david-k-gore-phd,"Kenneth W. Christian, PhD",alex-crenshaw-phd,Dr. Alex Crenshaw,alex-crenshaw-phd,Dr. Alex Crenshaw,Depression,depression,Depression,anxiety-and-mood,Depression,100,high,parent_theme:anxiety-and-mood via Anxiety|exact_topic:depression via Depression (w=1)|preferred_specialty_keyword:Depression,,none,complete,true,false,Clinical contributor,specialty_matched_organizational_approval,peachtree_psychology_susan_keenan,true,2026-06-19,,
96072828-7f1b-401b-968d-39da154c770f,what-should-i-do-if-therapy-isnt-helping-l7m1n6,david-k-gore-phd,"Kenneth W. Christian, PhD",jackie-malone,Jackie Malone,jackie-malone,Jackie Malone,Self Esteem,identity-and-self-worth,Identity & Self-Worth,identity-and-self-worth,Identity & Self-Worth,100,high,exact_topic:identity-and-self-worth via Body Image (w=0.4)|demoted_missing_keyword_support|exact_topic:identity-and-self-worth via Life Transitions (w=0.4)|exact_topic:identity-and-self-worth via Self Esteem (w=1),,none,complete,true,false,Clinical contributor,specialty_matched_organizational_approval,peachtree_psychology_susan_keenan,true,2026-06-19,,
264b69b7-6a0b-4f19-bde4-287812796964,what-should-i-do-immediately-after-experiencing-a-traumatic-event,david-k-gore-phd,"Kenneth W. Christian, PhD",michaela-hilburn,Michaela Hilburn,michaela-hilburn,Michaela Hilburn,PTSD,trauma-and-safety,Trauma & Safety,trauma-and-safety,Trauma & Grief,100,high,alias_keyword:stress|exact_topic:trauma-and-safety via Trauma (w=1)|preferred_specialty_keyword:Trauma|exact_topic:trauma-and-safety via PTSD (w=1),,none,complete,true,false,Clinical contributor,specialty_matched_organizational_approval,peachtree_psychology_susan_keenan,true,2026-06-19,,
3336e6e1-f905-43bc-aca4-cacc4aead584,what-should-i-do-when-someone-is-gaslighting-me,david-k-gore-phd,"Kenneth W. Christian, PhD",lynn-lane,Lynn Lane,lynn-lane,Lynn Lane,Trauma,trauma-and-safety,Trauma & Safety,trauma-and-safety,Relationship Abuse,100,high,exact_topic:trauma-and-safety via PTSD (w=1)|exact_topic:trauma-and-safety via Trauma (w=1),,none,complete,true,false,Clinical contributor,specialty_matched_organizational_approval,peachtree_psychology_susan_keenan,true,2026-06-19,,
338e71f3-f4a3-4cd4-aa0a-4242b41a0ce2,what-should-i-expect-during-a-psychedelic-therapy-b9c2d5,david-k-gore-phd,"Kenneth W. Christian, PhD",laura-hilsen,Laura Hilsen,laura-hilsen,Laura Hilsen,Self-Esteem,identity-and-self-worth,Identity & Self-Worth,identity-and-self-worth,Identity & Self-Worth,100,high,exact_topic:identity-and-self-worth via Life Transitions (w=0.4)|exact_topic:identity-and-self-worth via Self-Compassion (w=1)|exact_topic:identity-and-self-worth via Self-Esteem (w=1),,none,complete,true,false,Clinical contributor,specialty_matched_organizational_approval,peachtree_psychology_susan_keenan,true,2026-06-19,,
5c7bd733-cc1c-480d-8fb9-6d68dd837775,what-should-i-expect-during-the-divorce-process,david-k-gore-phd,"Kenneth W. Christian, PhD",sarah-evers,Sarah Evers,sarah-evers,Sarah Evers,Building Healthy Relationships,relationships-and-communication,Relationships & Communication,relationships-and-connection,Relationships & Communication,100,high,exact_topic:relationships-and-communication via Building Healthy Relationships (w=1),requires_keyword_support:Chronic Illness & Disability|requires_keyword_support:Caregiver Stress,none,complete,true,false,Clinical contributor,specialty_matched_organizational_approval,peachtree_psychology_susan_keenan,true,2026-06-19,,
95771c30-9939-450f-9ae2-c1093949a876,what-should-i-expect-from-detox-and-withdrawal,david-k-gore-phd,"Kenneth W. Christian, PhD",lynn-lane,Lynn Lane,lynn-lane,Lynn Lane,Substance Abuse & Chemical Dependency,addiction-and-recovery,Addiction & Recovery,trauma-and-safety,Addiction & Recovery,100,high,parent_theme:trauma-and-safety via PTSD|exact_topic:addiction-and-recovery via Substance Abuse & Chemical Dependency (w=1),,none,complete,true,false,Clinical contributor,specialty_matched_organizational_approval,peachtree_psychology_susan_keenan,true,2026-06-19,,
78de166e-36c5-4126-99d5-10b9e6f7c01f,what-should-i-expect-from-my-first-aa-or-na-meeting,david-k-gore-phd,"Kenneth W. Christian, PhD",susan-keenan,Susan L. Keenan,susan-keenan,Susan L. Keenan,Alcohol Use,addiction-and-recovery,Addiction & Recovery,trauma-and-safety,Addiction & Recovery,100,high,parent_theme:trauma-and-safety via Trauma and PTSD|exact_topic:addiction-and-recovery via Alcohol Use (w=1),,none,complete,true,false,Clinical contributor,specialty_matched_organizational_approval,peachtree_psychology_susan_keenan,true,2026-06-19,,
ad8e12bf-b2f9-4094-8b46-0cb7913dc61e,what-should-i-expect-from-my-first-therapy-session-b8c4d7,david-k-gore-phd,"Kenneth W. Christian, PhD",sarah-evers,Sarah Evers,sarah-evers,Sarah Evers,Shame & Conditions of Worth,identity-and-self-worth,Identity & Self-Worth,identity-and-self-worth,Identity & Self-Worth,100,high,exact_topic:identity-and-self-worth via Life Events & Transitions (w=0.4)|exact_topic:identity-and-self-worth via Shame & Conditions of Worth (w=1),requires_keyword_support:Chronic Illness & Disability|requires_keyword_support:Caregiver Stress,none,complete,true,false,Clinical contributor,specialty_matched_organizational_approval,peachtree_psychology_susan_keenan,true,2026-06-19,,
94703dc5-1181-4aba-b000-ab21175bb1df,what-should-i-expect-in-addiction-treatm-186032-026,david-k-gore-phd,"Kenneth W. Christian, PhD",liz-webb,Liz Webb,liz-webb,Liz Webb,Substance Use,addiction-and-recovery,Addiction & Recovery,trauma-and-safety,Addiction & Recovery,100,high,exact_topic:addiction-and-recovery via Substance Use (w=1)|preferred_specialty_keyword:Substance Use,,none,complete,true,false,Clinical contributor,specialty_matched_organizational_approval,peachtree_psychology_susan_keenan,true,2026-06-19,,
80516d6d-46a9-4ad4-8138-a34aab4bd177,what-should-i-expect-in-my-first-30-days-of-sobriety,david-k-gore-phd,"Kenneth W. Christian, PhD",susan-keenan,Susan L. Keenan,susan-keenan,Susan L. Keenan,Alcohol Use,addiction-and-recovery,Addiction & Recovery,trauma-and-safety,Addiction & Recovery,100,high,parent_theme:trauma-and-safety via Trauma and PTSD|exact_topic:addiction-and-recovery via Alcohol Use (w=1),,none,complete,true,false,Clinical contributor,specialty_matched_organizational_approval,peachtree_psychology_susan_keenan,true,2026-06-19,,
87e94dee-8ffa-4613-9186-f1a2a5c2918e,what-should-i-know-about-depression-and-menopause,david-k-gore-phd,"Kenneth W. Christian, PhD",lynn-lane,Lynn Lane,lynn-lane,Lynn Lane,Depression,depression,Depression,anxiety-and-mood,Depression,100,high,parent_theme:anxiety-and-mood via Anxiety|alias_keyword:stress|exact_topic:depression via Depression (w=1)|preferred_specialty_keyword:Depression,,none,complete,true,false,Clinical contributor,specialty_matched_organizational_approval,peachtree_psychology_susan_keenan,true,2026-06-19,,
e66e94f9-b9b1-4e87-9fbd-d1c16918cd1f,what-should-i-know-about-depression-and-pregnancy,david-k-gore-phd,"Kenneth W. Christian, PhD",meredith-price,Meredith Price,meredith-price,Meredith Price,Stress,depression,Depression,anxiety-and-mood,Depression,100,high,"exact_topic:depression via Pregnancy, Prenatal, Postpartum (w=0.55)|alias_keyword:pregnancy|exact_topic:depression via Depression (w=1)|preferred_specialty_keyword:Depression|alt_topic:depression via Infertility (w=0.55)|alt_topic:depression via Mood Disorders (w=0.85)|preferred_specialty_keyword:stress",,none,complete,true,false,Clinical contributor,specialty_matched_organizational_approval,peachtree_psychology_susan_keenan,true,2026-06-19,,
01df0c80-db12-483d-807d-88b73931594f,what-should-i-know-about-depression-and-pregnancy-planning,david-k-gore-phd,"Kenneth W. Christian, PhD",susan-keenan,Susan L. Keenan,susan-keenan,Susan L. Keenan,Depression,depression,Depression,anxiety-and-mood,Depression,100,high,exact_topic:depression via Depression (w=1)|preferred_specialty_keyword:Depression,,none,complete,true,false,Clinical contributor,specialty_matched_organizational_approval,peachtree_psychology_susan_keenan,true,2026-06-19,,
832f2cbe-b041-4f88-8525-2d13bc294519,what-should-i-know-about-depression-in-men,david-k-gore-phd,"Kenneth W. Christian, PhD",jackie-malone,Jackie Malone,jackie-malone,Jackie Malone,Depression,depression,Depression,anxiety-and-mood,Depression,100,high,parent_theme:anxiety-and-mood via Anxiety|exact_topic:depression via Depression (w=1)|preferred_specialty_keyword:Depression,requires_keyword_support:Body Image,none,complete,true,false,Clinical contributor,specialty_matched_organizational_approval,peachtree_psychology_susan_keenan,true,2026-06-19,,
0a49ecfa-bc35-4955-a77c-96bf121e3cbd,what-should-i-know-about-depression-in-older-adults,david-k-gore-phd,"Kenneth W. Christian, PhD",susan-keenan,Susan L. Keenan,susan-keenan,Susan L. Keenan,Depression,depression,Depression,anxiety-and-mood,Depression,100,high,exact_topic:depression via Depression (w=1)|preferred_specialty_keyword:Depression,,none,complete,true,false,Clinical contributor,specialty_matched_organizational_approval,peachtree_psychology_susan_keenan,true,2026-06-19,,
1228297c-c260-47cd-b9e4-9b993fc8672e,what-should-i-know-about-introducing-my-children-to-a-new-partner,david-k-gore-phd,"Kenneth W. Christian, PhD",lexi-cooper,Lexi Cooper,lexi-cooper,Lexi Cooper,Familial Relationship Counseling,relationships-and-communication,Relationships & Communication,relationships-and-connection,Relationships & Communication,100,high,exact_topic:relationships-and-communication via Familial Relationship Counseling (w=1),,none,complete,true,false,Clinical contributor,specialty_matched_organizational_approval,peachtree_psychology_susan_keenan,true,2026-06-19,,
fdb318ba-5480-481f-a33d-0b6eba858350,what-should-parents-do-when-siblings-fight-constantly,david-k-gore-phd,"Kenneth W. Christian, PhD",meredith-price,Meredith Price,meredith-price,Meredith Price,Parenting,family-and-parenting,Family & Parenting,family-and-parenting,Family & Parenting,100,high,"exact_topic:family-and-parenting via Pregnancy, Prenatal, Postpartum (w=0.7)|demoted_missing_keyword_support|exact_topic:family-and-parenting via Family Conflict (w=1)|alt_topic:family-and-parenting via Infertility (w=0.7)|demoted_missing_keyword_support|exact_topic:family-and-parenting via Parenting (w=1)|preferred_specialty_keyword:Parenting",,none,complete,true,false,Clinical contributor,specialty_matched_organizational_approval,peachtree_psychology_susan_keenan,true,2026-06-19,,
f27f780a-6244-441b-bd9e-dd12d45d7021,whats-the-best-way-to-talk-to-my-child-about-difficult-topics,david-k-gore-phd,"Kenneth W. Christian, PhD",kelsey-donahue,Kelsey Madsen (Donahue),kelsey-donahue,Kelsey Madsen (Donahue),Parenting,family-and-parenting,Family & Parenting,family-and-parenting,Family & Parenting,100,high,exact_topic:family-and-parenting via Child (w=1)|exact_topic:family-and-parenting via Family Conflict (w=1)|exact_topic:family-and-parenting via Parenting (w=1)|preferred_specialty_keyword:Parenting,requires_keyword_support:Eating Disorders,none,complete,true,false,Clinical contributor,specialty_matched_organizational_approval,peachtree_psychology_susan_keenan,true,2026-06-19,,
03ebd011-4255-4b9c-852b-2cbc6df61053,whats-the-connection-between-depression-and-physical-health-problems,david-k-gore-phd,"Kenneth W. Christian, PhD",samantha-bryant,Samantha Bryant,samantha-bryant,Samantha Bryant,Depression,depression,Depression,anxiety-and-mood,Depression,100,high,parent_theme:anxiety-and-mood via Anxiety|exact_topic:depression via Depression (w=1)|preferred_specialty_keyword:Depression|alt_topic:depression via Mood Disorders (w=0.85),,none,complete,true,false,Clinical contributor,specialty_matched_organizational_approval,peachtree_psychology_susan_keenan,true,2026-06-19,,
a109b726-a170-4462-9436-9ceea7a44ba6,whats-the-difference-between-addiction-and-dependence,david-k-gore-phd,"Kenneth W. Christian, PhD",liz-webb,Liz Webb,liz-webb,Liz Webb,Substance Use,addiction-and-recovery,Addiction & Recovery,trauma-and-safety,Addiction & Recovery,100,high,exact_topic:addiction-and-recovery via Substance Use (w=1),,none,complete,true,false,Clinical contributor,specialty_matched_organizational_approval,peachtree_psychology_susan_keenan,true,2026-06-19,,
e8c3718d-da0d-48c0-bfbd-acef86e10874,whats-the-difference-between-being-intro-177940-008,david-k-gore-phd,"Kenneth W. Christian, PhD",samantha-bryant,Samantha Bryant,samantha-bryant,Samantha Bryant,Stress,anxiety-and-stress,Anxiety & Stress,anxiety-and-mood,Social Anxiety,100,high,exact_topic:anxiety-and-stress via Anxiety (w=1)|preferred_specialty_keyword:Anxiety|alt_topic:anxiety-and-stress via Depression (w=0.35)|exact_topic:anxiety-and-stress via Stress (w=1),,none,complete,true,false,Clinical contributor,specialty_matched_organizational_approval,peachtree_psychology_susan_keenan,true,2026-06-19,,
48f727ef-ef94-486a-85d5-dc04ba528fff,whats-the-difference-between-being-sober-and-being-in-recovery,david-k-gore-phd,"Kenneth W. Christian, PhD",liz-webb,Liz Webb,liz-webb,Liz Webb,Substance Use,addiction-and-recovery,Addiction & Recovery,trauma-and-safety,Addiction & Recovery,100,high,exact_topic:addiction-and-recovery via Substance Use (w=1)|preferred_specialty_keyword:Substance Use,,none,complete,true,false,Clinical contributor,specialty_matched_organizational_approval,peachtree_psychology_susan_keenan,true,2026-06-19,,
de8dc713-f10b-4212-a8eb-91e617074627,whats-the-difference-between-bipolar-disorder-and-regular-depression,david-k-gore-phd,"Kenneth W. Christian, PhD",laura-hilsen,Laura Hilsen,laura-hilsen,Laura Hilsen,Depression,depression,Depression,anxiety-and-mood,Depression,100,high,parent_theme:anxiety-and-mood via Anxiety|exact_topic:depression via Depression (w=1)|preferred_specialty_keyword:Depression|alt_topic:depression via Mood Disorders (w=0.85),,none,complete,true,false,Clinical contributor,specialty_matched_organizational_approval,peachtree_psychology_susan_keenan,true,2026-06-19,,
2db12b46-cf26-421e-92c7-3fb85ddeba73,whats-the-difference-between-cbt-and-other-types-of-therapy-for-depression,david-k-gore-phd,"Kenneth W. Christian, PhD",kelsey-donahue,Kelsey Madsen (Donahue),kelsey-donahue,Kelsey Madsen (Donahue),Depression,depression,Depression,anxiety-and-mood,Depression,100,high,parent_theme:anxiety-and-mood via Anxiety|exact_topic:depression via Depression (w=1)|preferred_specialty_keyword:Depression,,none,complete,true,false,Clinical contributor,specialty_matched_organizational_approval,peachtree_psychology_susan_keenan,true,2026-06-19,,
a50d9bc9-f71e-450a-961e-cd109480be2c,whats-the-difference-between-depression-and-bipolar-disorder,david-k-gore-phd,"Kenneth W. Christian, PhD",jackie-malone,Jackie Malone,jackie-malone,Jackie Malone,Depression,depression,Depression,anxiety-and-mood,Depression,100,high,parent_theme:anxiety-and-mood via Anxiety|exact_topic:depression via Depression (w=1)|preferred_specialty_keyword:Depression,requires_keyword_support:Body Image,none,complete,true,false,Clinical contributor,specialty_matched_organizational_approval,peachtree_psychology_susan_keenan,true,2026-06-19,,
82cacda1-15ee-4b23-a7e5-5e9b986f5e0b,whats-the-difference-between-depression-and-burnout,david-k-gore-phd,"Kenneth W. Christian, PhD",samantha-bryant,Samantha Bryant,samantha-bryant,Samantha Bryant,Stress,depression,Depression,anxiety-and-mood,Depression,100,high,parent_theme:anxiety-and-mood via Anxiety|alias_keyword:stress|exact_topic:depression via Depression (w=1)|preferred_specialty_keyword:Depression|alt_topic:depression via Mood Disorders (w=0.85)|preferred_specialty_keyword:stress,,none,complete,true,false,Clinical contributor,specialty_matched_organizational_approval,peachtree_psychology_susan_keenan,true,2026-06-19,,
3ec18352-06f0-475a-aabe-139223321e72,whats-the-difference-between-grief-and-depression,david-k-gore-phd,"Kenneth W. Christian, PhD",samantha-bryant,Samantha Bryant,samantha-bryant,Samantha Bryant,Grief,depression,Depression,anxiety-and-mood,Depression,100,high,parent_theme:anxiety-and-mood via Anxiety|exact_topic:depression via Depression (w=1)|preferred_specialty_keyword:Depression|preferred_specialty_keyword:Grief|alt_topic:depression via Mood Disorders (w=0.85),,none,complete,true,false,Clinical contributor,specialty_matched_organizational_approval,peachtree_psychology_susan_keenan,true,2026-06-19,,
0f83275d-c95c-47c7-8d8a-98368b705668,whats-the-difference-between-healthy-and-177940-028,david-k-gore-phd,"Kenneth W. Christian, PhD",amanda-gaines,Amanda Gaines,amanda-gaines,Amanda Gaines,LGBTQIA+ Concerns,gender-sexuality-and-intimacy,"Gender, Sexuality & Intimacy",relationships-and-connection,Gender Identity,100,high,exact_topic:gender-sexuality-and-intimacy via LGBTQIA+ Concerns (w=1),,none,complete,true,false,Clinical contributor,specialty_matched_organizational_approval,peachtree_psychology_susan_keenan,true,2026-06-19,,
ba61f02e-dff9-429e-99e6-8f2bb96bf72e,whats-the-difference-between-major-depression-and-persistent-depressive-disorder,david-k-gore-phd,"Kenneth W. Christian, PhD",michaela-hilburn,Michaela Hilburn,michaela-hilburn,Michaela Hilburn,Depression,depression,Depression,anxiety-and-mood,Depression,100,high,parent_theme:anxiety-and-mood via Anxiety|exact_topic:depression via Depression (w=1)|preferred_specialty_keyword:Depression,,none,complete,true,false,Clinical contributor,specialty_matched_organizational_approval,peachtree_psychology_susan_keenan,true,2026-06-19,,
491f6681-0d35-4c99-b99c-9be901efd415,whats-the-difference-between-physical-and-psychological-addiction,david-k-gore-phd,"Kenneth W. Christian, PhD",amanda-gaines,Amanda Gaines,amanda-gaines,Amanda Gaines,Addictive Behaviors,addiction-and-recovery,Addiction & Recovery,trauma-and-safety,Addiction & Recovery,100,high,parent_theme:trauma-and-safety via Trauma & PTSD|exact_topic:addiction-and-recovery via Substance Use (w=1)|exact_topic:addiction-and-recovery via Addictive Behaviors (w=1),requires_keyword_support:Chronic Illness,none,complete,true,false,Clinical contributor,specialty_matched_organizational_approval,peachtree_psychology_susan_keenan,true,2026-06-19,,
c5fbb039-ab90-4e00-98d4-04c3369964a3,whats-the-difference-between-sadness-and-177940-016,david-k-gore-phd,"Kenneth W. Christian, PhD",samantha-bryant,Samantha Bryant,samantha-bryant,Samantha Bryant,Grief,grief-and-loss,Grief & Loss,life-transitions-and-change,Grief & Loss,100,high,exact_topic:grief-and-loss via Grief (w=1)|preferred_specialty_keyword:Grief,requires_keyword_support:Body Image,none,complete,true,false,Clinical contributor,specialty_matched_organizational_approval,peachtree_psychology_susan_keenan,true,2026-06-19,,
baf0385d-67d2-4827-81f9-69103e364565,whats-the-difference-between-sadness-and-dep-177941-008,david-k-gore-phd,"Kenneth W. Christian, PhD",kelsey-donahue,Kelsey Madsen (Donahue),kelsey-donahue,Kelsey Madsen (Donahue),Depression,depression,Depression,anxiety-and-mood,Depression,100,high,parent_theme:anxiety-and-mood via Anxiety|exact_topic:depression via Depression (w=1)|preferred_specialty_keyword:Depression,,none,complete,true,false,Clinical contributor,specialty_matched_organizational_approval,peachtree_psychology_susan_keenan,true,2026-06-19,,
2ce52ca1-8e57-42b2-b6ce-527cb2baa68b,whats-the-difference-between-ssris-and-snris-for-depression,david-k-gore-phd,"Kenneth W. Christian, PhD",michaela-hilburn,Michaela Hilburn,michaela-hilburn,Michaela Hilburn,Depression,depression,Depression,anxiety-and-mood,Depression,100,high,parent_theme:anxiety-and-mood via Anxiety|exact_topic:depression via Depression (w=1)|preferred_specialty_keyword:Depression,,none,complete,true,false,Clinical contributor,specialty_matched_organizational_approval,peachtree_psychology_susan_keenan,true,2026-06-19,,
0df53126-62c8-4e04-8352-298e5c67a370,whats-the-difference-between-stress-and-anxiety,david-k-gore-phd,"Kenneth W. Christian, PhD",michaela-hilburn,Michaela Hilburn,michaela-hilburn,Michaela Hilburn,Anxiety,anxiety-and-stress,Anxiety & Stress,anxiety-and-mood,Anxiety & Stress,100,high,exact_topic:anxiety-and-stress via Anxiety (w=1)|preferred_specialty_keyword:Anxiety|alt_topic:anxiety-and-stress via Depression (w=0.35),,none,complete,true,false,Clinical contributor,specialty_matched_organizational_approval,peachtree_psychology_susan_keenan,true,2026-06-19,,
69e6f974-c39e-4e62-aaa5-09c212adf495,what-to-do-if-my-friend-is-depressed,david-k-gore-phd,"Kenneth W. Christian, PhD",amanda-gaines,Amanda Gaines,amanda-gaines,Amanda Gaines,Depression,depression,Depression,anxiety-and-mood,Depression,100,high,parent_theme:anxiety-and-mood via Anxiety|exact_topic:depression via Depression (w=1)|preferred_specialty_keyword:Depression,,none,complete,true,false,Clinical contributor,specialty_matched_organizational_approval,peachtree_psychology_susan_keenan,true,2026-06-19,,
72738b70-4264-48c5-8885-52a333069e8a,what-to-do-if-my-teen-says-they-hate-themselves,david-k-gore-phd,"Kenneth W. Christian, PhD",jeannine-jannot,"Jeannine Jannot, Ph.D.",jeannine-jannot,"Jeannine Jannot, Ph.D.",Stress,teens-and-identity,Teens & Identity,family-and-parenting,Teen-Specific Questions,94,high,exact_topic:teens-and-identity via School Issues (w=0.45)|exact_topic:teens-and-identity via Parenting (w=0.7)|alias_keyword:stress|alt_topic:teens-and-identity via Child (w=0.7)|alt_topic:teens-and-identity via Education and Learning Disabilities (w=0.45)|alt_topic:teens-and-identity via Executive Functioning (w=0.45)|alt_topic:teens-and-identity via Productivity Coaching (w=0.45)|alias_keyword:shame|alias_keyword:stress,,none,complete,true,false,Clinical contributor,specialty_matched_organizational_approval,peachtree_psychology_susan_keenan,true,2026-06-27,,
5f21556f-bd96-4e8a-9e6b-f56ca2111b17,what-to-do-if-someone-made-an-ai-deepfake-of-me,david-k-gore-phd,"Kenneth W. Christian, PhD",michaela-hilburn,Michaela Hilburn,michaela-hilburn,Michaela Hilburn,PTSD,trauma-and-safety,Trauma & Safety,trauma-and-safety,Trauma & Grief,100,high,exact_topic:trauma-and-safety via Trauma (w=1)|preferred_specialty_keyword:Trauma|exact_topic:trauma-and-safety via PTSD (w=1),,none,complete,true,false,Clinical contributor,specialty_matched_organizational_approval,peachtree_psychology_susan_keenan,true,2026-06-19,,
fcff0a85-13f3-465d-8906-18864178de8c,what-to-do-when-anxious-for-no-clear-reason,david-k-gore-phd,"Kenneth W. Christian, PhD",meredith-price,Meredith Price,meredith-price,Meredith Price,Stress,anxiety-and-stress,Anxiety & Stress,anxiety-and-mood,Anxiety & Stress,100,high,"exact_topic:anxiety-and-stress via Pregnancy, Prenatal, Postpartum (w=0.5)|demoted_missing_keyword_support|exact_topic:anxiety-and-stress via Depression (w=0.35)|parent_theme:anxiety-and-mood via Depression|exact_topic:anxiety-and-stress via Anxiety (w=1)|preferred_specialty_keyword:Anxiety|alt_topic:anxiety-and-stress via Infertility (w=0.5)|demoted_missing_keyword_support|exact_topic:anxiety-and-stress via Stress (w=1)",,none,complete,true,false,Clinical contributor,specialty_matched_organizational_approval,peachtree_psychology_susan_keenan,true,2026-06-19,,
feb92937-e514-4ad7-8dd2-47d3f206dcd2,what-to-do-when-someone-shuts-down-during-conflict,david-k-gore-phd,"Kenneth W. Christian, PhD",sarah-evers,Sarah Evers,sarah-evers,Sarah Evers,Building Healthy Relationships,relationships-and-communication,Relationships & Communication,relationships-and-connection,Communication & Conflict,100,high,alias_keyword:stress|exact_topic:relationships-and-communication via Building Healthy Relationships (w=1),requires_keyword_support:Chronic Illness & Disability|requires_keyword_support:Caregiver Stress,none,complete,true,false,Clinical contributor,specialty_matched_organizational_approval,peachtree_psychology_susan_keenan,true,2026-06-19,,
fda736ab-5fb3-422f-8317-b32afef5ba08,when-should-i-consider-switching-antidepressants,david-k-gore-phd,"Kenneth W. Christian, PhD",samantha-bryant,Samantha Bryant,samantha-bryant,Samantha Bryant,Depression,depression,Depression,anxiety-and-mood,Depression,100,high,parent_theme:anxiety-and-mood via Anxiety|exact_topic:depression via Depression (w=1)|preferred_specialty_keyword:Depression|alt_topic:depression via Mood Disorders (w=0.85),,none,complete,true,false,Clinical contributor,specialty_matched_organizational_approval,peachtree_psychology_susan_keenan,true,2026-06-19,,
be59f0cb-6170-4980-9a39-c971bfe5fbf8,when-to-get-help-for-grief,david-k-gore-phd,"Kenneth W. Christian, PhD",michaela-hilburn,Michaela Hilburn,michaela-hilburn,Michaela Hilburn,Grief and Loss,grief-and-loss,Grief & Loss,life-transitions-and-change,Grief & Loss,100,high,exact_topic:grief-and-loss via Grief and Loss (w=1),,none,complete,true,false,Clinical contributor,specialty_matched_organizational_approval,peachtree_psychology_susan_keenan,true,2026-06-27,,
37123b85-0215-4f2f-b16b-92b2152c4553,when-to-seek-professional-help-for-substance-use,david-k-gore-phd,"Kenneth W. Christian, PhD",susan-keenan,Susan L. Keenan,susan-keenan,Susan L. Keenan,Alcohol Use,addiction-and-recovery,Addiction & Recovery,trauma-and-safety,Addiction & Recovery,100,high,parent_theme:trauma-and-safety via Trauma and PTSD|exact_topic:addiction-and-recovery via Alcohol Use (w=1),,none,complete,true,false,Clinical contributor,specialty_matched_organizational_approval,peachtree_psychology_susan_keenan,true,2026-06-19,,
e449fadb-dc16-4a10-b676-164a795e1e31,why-ai-at-work-makes-me-feel-less-in-control,david-k-gore-phd,"Kenneth W. Christian, PhD",laura-hilsen,Laura Hilsen,laura-hilsen,Laura Hilsen,Work/Life Balance,work-and-burnout,Work & Burnout,work-and-purpose,Work & Burnout,100,high,exact_topic:work-and-burnout via Life Transitions (w=0.45)|alias_keyword:loss|exact_topic:work-and-burnout via Work/Life Balance (w=1),,none,complete,true,false,Clinical contributor,specialty_matched_organizational_approval,peachtree_psychology_susan_keenan,true,2026-06-19,,
1a23cd6b-4c42-408e-bdd3-2d3ab7b60519,why-ai-generated-images-make-me-feel-insecure-about-my-body,david-k-gore-phd,"Kenneth W. Christian, PhD",laura-hilsen,Laura Hilsen,laura-hilsen,Laura Hilsen,Self-Esteem,identity-and-self-worth,Identity & Self-Worth,identity-and-self-worth,Identity & Self-Worth,100,high,exact_topic:identity-and-self-worth via Life Transitions (w=0.4)|exact_topic:identity-and-self-worth via Self-Compassion (w=1)|exact_topic:identity-and-self-worth via Self-Esteem (w=1),,none,complete,true,false,Clinical contributor,specialty_matched_organizational_approval,peachtree_psychology_susan_keenan,true,2026-06-19,,
928e961e-fe6b-45c1-9420-6e5fe9b60f8b,why-ai-makes-me-question-what-makes-me-human,david-k-gore-phd,"Kenneth W. Christian, PhD",meredith-price,Meredith Price,meredith-price,Meredith Price,Self Esteem,identity-and-self-worth,Identity & Self-Worth,identity-and-self-worth,Identity & Self-Worth,100,high,alias_keyword:Anxiety|alt_topic:identity-and-self-worth via Body Image (w=0.4)|alt_topic:identity-and-self-worth via Life Transitions (w=0.4)|exact_topic:identity-and-self-worth via Self Esteem (w=1),"requires_keyword_support:Pregnancy, Prenatal, Postpartum",none,complete,true,false,Clinical contributor,specialty_matched_organizational_approval,peachtree_psychology_susan_keenan,true,2026-06-19,,
ad5ca418-e45d-48e6-a5da-675a747a6a0e,why-ai-makes-the-future-feel-scary,david-k-gore-phd,"Kenneth W. Christian, PhD",kelsey-donahue,Kelsey Madsen (Donahue),kelsey-donahue,Kelsey Madsen (Donahue),Stress,anxiety-and-stress,Anxiety & Stress,anxiety-and-mood,Anxiety & Stress,100,high,exact_topic:anxiety-and-stress via Anxiety (w=1)|preferred_specialty_keyword:Anxiety|alt_topic:anxiety-and-stress via Depression (w=0.35)|exact_topic:anxiety-and-stress via Stress (w=1),,none,complete,true,false,Clinical contributor,specialty_matched_organizational_approval,peachtree_psychology_susan_keenan,true,2026-06-19,,
eeb6ec3f-c62d-4a1e-91c0-a2fec9f6ddd8,why-am-i-anxious-about-ai-replacing-my-job,david-k-gore-phd,"Kenneth W. Christian, PhD",michaela-hilburn,Michaela Hilburn,michaela-hilburn,Michaela Hilburn,Work/Life Balance,work-and-burnout,Work & Burnout,work-and-purpose,Work & Burnout,100,high,alias_keyword:Anxiety|alt_topic:work-and-burnout via Life Transitions (w=0.45)|exact_topic:work-and-burnout via Work/Life Balance (w=1),,none,complete,true,false,Clinical contributor,specialty_matched_organizational_approval,peachtree_psychology_susan_keenan,true,2026-06-19,,
0ae0b3db-8b3b-4b31-b82a-dabee26b9dae,why-cant-i-just-stop-using-drugs-on-my-o-185387-019,david-k-gore-phd,"Kenneth W. Christian, PhD",amanda-gaines,Amanda Gaines,amanda-gaines,Amanda Gaines,Addictive Behaviors,addiction-and-recovery,Addiction & Recovery,trauma-and-safety,Addiction & Recovery,100,high,alias_keyword:stress|parent_theme:trauma-and-safety via Trauma & PTSD|exact_topic:addiction-and-recovery via Substance Use (w=1)|preferred_specialty_keyword:Substance Use|exact_topic:addiction-and-recovery via Addictive Behaviors (w=1),requires_keyword_support:Chronic Illness,none,complete,true,false,Clinical contributor,specialty_matched_organizational_approval,peachtree_psychology_susan_keenan,true,2026-06-19,,
cba254bb-e5ca-4652-8433-d09f96052358,why-do-bad-things-happen-to-good-people,david-k-gore-phd,"Kenneth W. Christian, PhD",samantha-bryant,Samantha Bryant,samantha-bryant,Samantha Bryant,Stress,meaning-faith-and-existential-questions,"Meaning, Faith & Existential Questions",spirituality-and-meaning,Spiritual Struggle / Existential Crisis,93,high,alias_keyword:stress|exact_topic:meaning-faith-and-existential-questions via Spirituality (w=0.85)|alias_keyword:stress,,none,complete,true,false,Clinical contributor,specialty_matched_organizational_approval,peachtree_psychology_susan_keenan,true,2026-06-27,,
5c642391-76bc-4e31-ba44-9072fae3a0af,why-do-certain-places-or-smells-suddenly-make-me-feel-panicked,david-k-gore-phd,"Kenneth W. Christian, PhD",amanda-gaines,Amanda Gaines,amanda-gaines,Amanda Gaines,Trauma & PTSD,trauma-and-safety,Trauma & Safety,trauma-and-safety,Trauma & Triggers,100,high,alias_keyword:panic|exact_topic:trauma-and-safety via Trauma & PTSD (w=1),,none,complete,true,false,Clinical contributor,specialty_matched_organizational_approval,peachtree_psychology_susan_keenan,true,2026-06-19,,
0269a0aa-d2a9-423a-842c-a6cb98f2c8c5,why-do-compliments-make-me-uncomfortable,david-k-gore-phd,"Kenneth W. Christian, PhD",michaela-hilburn,Michaela Hilburn,michaela-hilburn,Michaela Hilburn,Self-Esteem,identity-and-self-worth,Identity & Self-Worth,identity-and-self-worth,Identity & Self-Worth,100,high,exact_topic:identity-and-self-worth via Life Transitions (w=0.4)|exact_topic:identity-and-self-worth via Self-Compassion (w=1)|exact_topic:identity-and-self-worth via Self-Esteem (w=1),,none,complete,true,false,Clinical contributor,specialty_matched_organizational_approval,peachtree_psychology_susan_keenan,true,2026-06-27,,
cdfc1817-7c3f-41fa-a742-8ea171c5c131,why-does-depression-come-back-after-feeling-better,david-k-gore-phd,"Kenneth W. Christian, PhD",kelsey-donahue,Kelsey Madsen (Donahue),kelsey-donahue,Kelsey Madsen (Donahue),Depression,depression,Depression,anxiety-and-mood,Depression,100,high,parent_theme:anxiety-and-mood via Anxiety|alias_keyword:panic|exact_topic:depression via Depression (w=1)|preferred_specialty_keyword:Depression,,none,complete,true,false,Clinical contributor,specialty_matched_organizational_approval,peachtree_psychology_susan_keenan,true,2026-06-19,true,approve
708d5588-bb92-4bf0-856b-6c7c985b1b38,why-does-everyone-else-seem-to-have-their-career-figured-out,david-k-gore-phd,"Kenneth W. Christian, PhD",michaela-hilburn,Michaela Hilburn,michaela-hilburn,Michaela Hilburn,Work/Life Balance,work-and-burnout,Work & Burnout,work-and-purpose,Career & Purpose,100,high,alias_keyword:Anxiety|alt_topic:work-and-burnout via Life Transitions (w=0.45)|exact_topic:work-and-burnout via Work/Life Balance (w=1),,none,complete,true,false,Clinical contributor,specialty_matched_organizational_approval,peachtree_psychology_susan_keenan,true,2026-06-19,,
f76272e7-cf31-419f-983a-1c0725d62543,why-does-everyone-else-seem-to-move-on-w-186032-006,david-k-gore-phd,"Kenneth W. Christian, PhD",samantha-bryant,Samantha Bryant,samantha-bryant,Samantha Bryant,Grief,grief-and-loss,Grief & Loss,life-transitions-and-change,Grief & Loss,100,high,exact_topic:grief-and-loss via Grief (w=1)|preferred_specialty_keyword:Grief,requires_keyword_support:Body Image,none,complete,true,false,Clinical contributor,specialty_matched_organizational_approval,peachtree_psychology_susan_keenan,true,2026-06-19,,
8eb72ad5-ca9e-4fc8-be94-173483b1eb60,why-does-everything-feel-pointless-when-190648-012,david-k-gore-phd,"Kenneth W. Christian, PhD",michaela-hilburn,Michaela Hilburn,michaela-hilburn,Michaela Hilburn,Depression,depression,Depression,anxiety-and-mood,Depression,100,high,parent_theme:anxiety-and-mood via Anxiety|exact_topic:depression via Depression (w=1)|preferred_specialty_keyword:Depression,,none,complete,true,false,Clinical contributor,specialty_matched_organizational_approval,peachtree_psychology_susan_keenan,true,2026-06-19,,
f5bf947e-36e7-4b69-b11e-e65c5c0f1b2f,why-does-grief-come-in-waves,david-k-gore-phd,"Kenneth W. Christian, PhD",sarah-evers,Sarah Evers,sarah-evers,Sarah Evers,Grief & Loss,grief-and-loss,Grief & Loss,life-transitions-and-change,Grief & Loss,100,high,parent_theme:life-transitions-and-change via Chronic Illness & Disability|parent_theme:life-transitions-and-change via Life Events & Transitions|exact_topic:grief-and-loss via Grief & Loss (w=1),requires_keyword_support:Chronic Illness & Disability|requires_keyword_support:Caregiver Stress,none,complete,true,false,Clinical contributor,specialty_matched_organizational_approval,peachtree_psychology_susan_keenan,true,2026-06-19,true,approve
1f5d013d-afd4-4628-bcf8-69c924c42ec0,why-does-grief-feel-like-its-never-going-to-end,david-k-gore-phd,"Kenneth W. Christian, PhD",michaela-hilburn,Michaela Hilburn,michaela-hilburn,Michaela Hilburn,Grief and Loss,grief-and-loss,Grief & Loss,life-transitions-and-change,Grief & Loss,100,high,exact_topic:grief-and-loss via Grief and Loss (w=1),,none,complete,true,false,Clinical contributor,specialty_matched_organizational_approval,peachtree_psychology_susan_keenan,true,2026-06-19,,
4e116e1e-634c-4be5-a583-0aea25ecbf3e,why-does-grief-feel-physical-185387-009,david-k-gore-phd,"Kenneth W. Christian, PhD",samantha-bryant,Samantha Bryant,samantha-bryant,Samantha Bryant,Stress,grief-and-loss,Grief & Loss,life-transitions-and-change,Grief & Loss,100,high,alias_keyword:stress|exact_topic:grief-and-loss via Grief (w=1)|preferred_specialty_keyword:Grief|preferred_specialty_keyword:stress,,none,complete,true,false,Clinical contributor,specialty_matched_organizational_approval,peachtree_psychology_susan_keenan,true,2026-06-19,,
528f15e4-bc97-4af6-ad30-e24e8b6d57e3,why-does-my-anxiety-get-worse-at-night,david-k-gore-phd,"Kenneth W. Christian, PhD",samantha-bryant,Samantha Bryant,samantha-bryant,Samantha Bryant,Stress,anxiety-and-stress,Anxiety & Stress,anxiety-and-mood,Anxiety & Stress,100,high,exact_topic:anxiety-and-stress via Anxiety (w=1)|preferred_specialty_keyword:Anxiety|alt_topic:anxiety-and-stress via Depression (w=0.35)|exact_topic:anxiety-and-stress via Stress (w=1),,none,complete,true,false,Clinical contributor,specialty_matched_organizational_approval,peachtree_psychology_susan_keenan,true,2026-06-19,,
c8857b5a-4185-47d2-bbca-51b8bbcf51bf,why-does-my-chest-feel-tight-when-im-anx-181083-001,david-k-gore-phd,"Kenneth W. Christian, PhD",michaela-hilburn,Michaela Hilburn,michaela-hilburn,Michaela Hilburn,Anxiety,anxiety-and-stress,Anxiety & Stress,anxiety-and-mood,Anxiety & Stress,100,high,exact_topic:anxiety-and-stress via Anxiety (w=1)|preferred_specialty_keyword:Anxiety|alt_topic:anxiety-and-stress via Depression (w=0.35),,none,complete,true,false,Clinical contributor,specialty_matched_organizational_approval,peachtree_psychology_susan_keenan,true,2026-06-19,true,approve
4a9a4024-a6fe-41a2-bb49-0f499129ac80,why-does-my-face-feel-hot-and-flushed-wh-181083-012,david-k-gore-phd,"Kenneth W. Christian, PhD",samantha-bryant,Samantha Bryant,samantha-bryant,Samantha Bryant,Stress,anxiety-and-stress,Anxiety & Stress,anxiety-and-mood,Anxiety & Stress,100,high,exact_topic:anxiety-and-stress via Anxiety (w=1)|preferred_specialty_keyword:Anxiety|alt_topic:anxiety-and-stress via Depression (w=0.35)|exact_topic:anxiety-and-stress via Stress (w=1),,none,complete,true,false,Clinical contributor,specialty_matched_organizational_approval,peachtree_psychology_susan_keenan,true,2026-06-19,,
54ee114d-1c4f-418e-be7e-4d3143fd98a5,why-does-my-heart-race-even-when-im-just-181083-005,david-k-gore-phd,"Kenneth W. Christian, PhD",amanda-gaines,Amanda Gaines,amanda-gaines,Amanda Gaines,Anxiety,anxiety-and-stress,Anxiety & Stress,anxiety-and-mood,Anxiety & Stress,100,high,exact_topic:anxiety-and-stress via Anxiety (w=1)|preferred_specialty_keyword:Anxiety|alt_topic:anxiety-and-stress via Depression (w=0.35),,none,complete,true,false,Clinical contributor,specialty_matched_organizational_approval,peachtree_psychology_susan_keenan,true,2026-06-19,,
953a3316-7290-4a8f-b3fc-f60b8871c37e,why-does-my-throat-feel-tight-when-im-st-181083-008,david-k-gore-phd,"Kenneth W. Christian, PhD",jackie-malone,Jackie Malone,jackie-malone,Jackie Malone,Stress,anxiety-and-stress,Anxiety & Stress,anxiety-and-mood,Anxiety & Stress,100,high,exact_topic:anxiety-and-stress via Anxiety (w=1)|preferred_specialty_keyword:Anxiety|alt_topic:anxiety-and-stress via Depression (w=0.35)|exact_topic:anxiety-and-stress via Stress (w=1),,none,complete,true,false,Clinical contributor,specialty_matched_organizational_approval,peachtree_psychology_susan_keenan,true,2026-06-19,true,approve
b9f4e3eb-5136-4862-ac0c-1a763e586820,why-does-talking-to-ai-feel-easier-than-talking-to-189142-017,david-k-gore-phd,"Kenneth W. Christian, PhD",alex-crenshaw-phd,Dr. Alex Crenshaw,alex-crenshaw-phd,Dr. Alex Crenshaw,Depression,depression,Depression,anxiety-and-mood,Depression,100,high,parent_theme:anxiety-and-mood via Anxiety|exact_topic:depression via Depression (w=1)|preferred_specialty_keyword:Depression,,none,complete,true,false,Clinical contributor,specialty_matched_organizational_approval,peachtree_psychology_susan_keenan,true,2026-06-19,true,approve
5825ba04-5675-4029-93ac-11ee598a5881,why-do-i-always-end-up-with-partners-who-are-emoti-186602-012,david-k-gore-phd,"Kenneth W. Christian, PhD",susan-keenan,Susan L. Keenan,susan-keenan,Susan L. Keenan,Relationship Issues,relationships-and-communication,Relationships & Communication,relationships-and-connection,Attachment Styles & Relationship Dynamics,100,high,parent_theme:relationships-and-connection via LGBTQ+|exact_topic:relationships-and-communication via Relationship Issues (w=1),,none,complete,true,false,Clinical contributor,specialty_matched_organizational_approval,peachtree_psychology_susan_keenan,true,2026-06-19,,
3445b383-3195-468c-b45e-d8938d9ed349,why-do-i-always-spiral-at-2am-181083-043,david-k-gore-phd,"Kenneth W. Christian, PhD",lynn-lane,Lynn Lane,lynn-lane,Lynn Lane,Anxiety,anxiety-and-stress,Anxiety & Stress,anxiety-and-mood,Anxiety & Stress,100,high,exact_topic:anxiety-and-stress via Anxiety (w=1)|preferred_specialty_keyword:Anxiety|alt_topic:anxiety-and-stress via Depression (w=0.35),,none,complete,true,false,Clinical contributor,specialty_matched_organizational_approval,peachtree_psychology_susan_keenan,true,2026-06-19,,
b2d01be5-c7f6-44f2-b88b-c9c654036344,why-do-i-apologize-for-everything-even-w-181083-095,david-k-gore-phd,"Kenneth W. Christian, PhD",alex-crenshaw-phd,Dr. Alex Crenshaw,alex-crenshaw-phd,Dr. Alex Crenshaw,Anxiety,relationships-and-communication,Relationships & Communication,relationships-and-connection,Communication & Conflict,100,high,exact_topic:relationships-and-communication via Couples (w=1)|preferred_specialty_keyword:Anxiety,,none,complete,true,false,Clinical contributor,specialty_matched_organizational_approval,peachtree_psychology_susan_keenan,true,2026-06-19,,
ccc6c5f0-647c-4673-8c6b-0140296b43ab,why-do-i-attract-people-who-want-to-fix-me-186602-016,david-k-gore-phd,"Kenneth W. Christian, PhD",samantha-bryant,Samantha Bryant,samantha-bryant,Samantha Bryant,Marital and Premarital,relationships-and-communication,Relationships & Communication,relationships-and-connection,Attachment Styles & Relationship Dynamics,100,high,parent_theme:relationships-and-connection via Bisexual|exact_topic:relationships-and-communication via Codependency (w=1)|exact_topic:relationships-and-communication via Marital and Premarital (w=1),requires_keyword_support:Body Image,none,complete,true,false,Clinical contributor,specialty_matched_organizational_approval,peachtree_psychology_susan_keenan,true,2026-06-19,,
6f48e451-c32c-4464-ba72-702ba11ba16f,why-do-i-attract-the-same-type-of-proble-190219-008,david-k-gore-phd,"Kenneth W. Christian, PhD",jackie-malone,Jackie Malone,jackie-malone,Jackie Malone,Relationship Issues,relationships-and-communication,Relationships & Communication,relationships-and-connection,Relationships & Divorce,100,high,parent_theme:relationships-and-connection via Bisexual|exact_topic:relationships-and-communication via Codependency (w=1)|exact_topic:relationships-and-communication via Relationship Issues (w=1),requires_keyword_support:Body Image,none,complete,true,false,Clinical contributor,specialty_matched_organizational_approval,peachtree_psychology_susan_keenan,true,2026-06-19,,
b709dca7-c903-4a49-899e-19324747d027,why-do-i-attract-the-same-type-of-toxic-181288-014,david-k-gore-phd,"Kenneth W. Christian, PhD",lexi-cooper,Lexi Cooper,lexi-cooper,Lexi Cooper,Familial Relationship Counseling,relationships-and-communication,Relationships & Communication,relationships-and-connection,Relationships & Divorce,100,high,exact_topic:relationships-and-communication via Familial Relationship Counseling (w=1),,none,complete,true,false,Clinical contributor,specialty_matched_organizational_approval,peachtree_psychology_susan_keenan,true,2026-06-19,,
010c3808-ea3c-4dfa-89c9-8d7cd35ae95a,why-do-i-feel-addicted-to-social-media-validation-v7w2x5,david-k-gore-phd,"Kenneth W. Christian, PhD",lynn-lane,Lynn Lane,lynn-lane,Lynn Lane,Anxiety,anxiety-and-stress,Anxiety & Stress,anxiety-and-mood,Anxiety & Stress,100,high,exact_topic:anxiety-and-stress via Anxiety (w=1)|preferred_specialty_keyword:Anxiety|alt_topic:anxiety-and-stress via Depression (w=0.35),,none,complete,true,false,Clinical contributor,specialty_matched_organizational_approval,peachtree_psychology_susan_keenan,true,2026-06-19,,
da687806-8c71-4421-bb32-171948b44d83,why-do-i-feel-angry-at-the-person-who-di-184729-002,david-k-gore-phd,"Kenneth W. Christian, PhD",samantha-bryant,Samantha Bryant,samantha-bryant,Samantha Bryant,Grief,grief-and-loss,Grief & Loss,life-transitions-and-change,Grief & Loss,100,high,exact_topic:grief-and-loss via Grief (w=1)|preferred_specialty_keyword:Grief,requires_keyword_support:Body Image,none,complete,true,false,Clinical contributor,specialty_matched_organizational_approval,peachtree_psychology_susan_keenan,true,2026-06-19,,
69b1bdab-33ad-4839-a9e7-06448efa25a5,why-do-i-feel-anxious-about-good-things-happening-184730-023,david-k-gore-phd,"Kenneth W. Christian, PhD",lynn-lane,Lynn Lane,lynn-lane,Lynn Lane,Anxiety,anxiety-and-stress,Anxiety & Stress,anxiety-and-mood,Anxiety & Stress,100,high,exact_topic:anxiety-and-stress via Anxiety (w=1)|preferred_specialty_keyword:Anxiety|alt_topic:anxiety-and-stress via Depression (w=0.35),,none,complete,true,false,Clinical contributor,specialty_matched_organizational_approval,peachtree_psychology_susan_keenan,true,2026-06-19,,
55fd6f47-af3d-479f-882c-49be638e2531,why-do-i-feel-anxious-about-positive-life-changes--187459-025,david-k-gore-phd,"Kenneth W. Christian, PhD",jackie-malone,Jackie Malone,jackie-malone,Jackie Malone,Stress,general-mental-health,General Mental Health,life-transitions-and-change,Life Transitions,86,high,exact_topic:general-mental-health via Anxiety (w=0.45)|alias_keyword:Anxiety|exact_topic:general-mental-health via Body Image (w=0.55)|demoted_missing_keyword_support|exact_topic:general-mental-health via Life Transitions (w=0.7)|alias_keyword:Life Transitions|alt_topic:general-mental-health via Stress (w=0.45)|alias_keyword:Anxiety,,none,complete,true,false,Clinical contributor,specialty_matched_organizational_approval,peachtree_psychology_susan_keenan,true,2026-06-19,,
5dcd4648-ba1e-4d7b-a326-fc129360c1ae,why-do-i-feel-anxious-about-relaxing-or-taking-184730-048,david-k-gore-phd,"Kenneth W. Christian, PhD",amanda-gaines,Amanda Gaines,amanda-gaines,Amanda Gaines,Anxiety,anxiety-and-stress,Anxiety & Stress,anxiety-and-mood,Anxiety & Stress,100,high,exact_topic:anxiety-and-stress via Anxiety (w=1)|preferred_specialty_keyword:Anxiety|alt_topic:anxiety-and-stress via Depression (w=0.35),,none,complete,true,false,Clinical contributor,specialty_matched_organizational_approval,peachtree_psychology_susan_keenan,true,2026-06-19,,
6e7eb622-509e-40a1-b108-9c7a9f2cd455,why-do-i-feel-anxious-about-things-that-190219-006,david-k-gore-phd,"Kenneth W. Christian, PhD",samantha-bryant,Samantha Bryant,samantha-bryant,Samantha Bryant,Stress,anxiety-and-stress,Anxiety & Stress,anxiety-and-mood,Anxiety & Stress,100,high,exact_topic:anxiety-and-stress via Anxiety (w=1)|preferred_specialty_keyword:Anxiety|alt_topic:anxiety-and-stress via Depression (w=0.35)|exact_topic:anxiety-and-stress via Stress (w=1),,none,complete,true,false,Clinical contributor,specialty_matched_organizational_approval,peachtree_psychology_susan_keenan,true,2026-06-19,,
5976af80-445e-4c2e-a81f-704c45fe8bd4,why-do-i-feel-anxious-about-unplugging-from-l3m7n2,david-k-gore-phd,"Kenneth W. Christian, PhD",meredith-price,Meredith Price,meredith-price,Meredith Price,Stress,anxiety-and-stress,Anxiety & Stress,anxiety-and-mood,Anxiety & Stress,100,high,"exact_topic:anxiety-and-stress via Pregnancy, Prenatal, Postpartum (w=0.5)|demoted_missing_keyword_support|exact_topic:anxiety-and-stress via Depression (w=0.35)|parent_theme:anxiety-and-mood via Depression|exact_topic:anxiety-and-stress via Anxiety (w=1)|preferred_specialty_keyword:Anxiety|alt_topic:anxiety-and-stress via Infertility (w=0.5)|demoted_missing_keyword_support|exact_topic:anxiety-and-stress via Stress (w=1)",,none,complete,true,false,Clinical contributor,specialty_matched_organizational_approval,peachtree_psychology_susan_keenan,true,2026-06-19,,
800370b4-d584-44f0-bc22-812923d3616a,why-do-i-feel-anxious-even-when-nothing-bad-is-happening,david-k-gore-phd,"Kenneth W. Christian, PhD",amanda-gaines,Amanda Gaines,amanda-gaines,Amanda Gaines,Anxiety,anxiety-and-stress,Anxiety & Stress,anxiety-and-mood,Anxiety & Worry,100,high,exact_topic:anxiety-and-stress via Anxiety (w=1)|preferred_specialty_keyword:Anxiety|alt_topic:anxiety-and-stress via Depression (w=0.35),,none,complete,true,false,Clinical contributor,specialty_matched_organizational_approval,peachtree_psychology_susan_keenan,true,2026-06-19,,
b22d2a0d-e2ef-4f56-a389-fa8948dff8d8,why-do-i-feel-anxious-for-no-reason,david-k-gore-phd,"Kenneth W. Christian, PhD",laura-hilsen,Laura Hilsen,laura-hilsen,Laura Hilsen,Anxiety,anxiety-and-stress,Anxiety & Stress,anxiety-and-mood,Anxiety & Stress,100,high,exact_topic:anxiety-and-stress via Anxiety (w=1)|preferred_specialty_keyword:Anxiety|alt_topic:anxiety-and-stress via Depression (w=0.35),,none,complete,true,false,Clinical contributor,specialty_matched_organizational_approval,peachtree_psychology_susan_keenan,true,2026-06-19,,
7a3053e8-8055-4f1f-a653-368d78f6d503,why-do-i-feel-anxious-when-i-check-my-ba-181083-027,david-k-gore-phd,"Kenneth W. Christian, PhD",jackie-malone,Jackie Malone,jackie-malone,Jackie Malone,Stress,anxiety-and-stress,Anxiety & Stress,anxiety-and-mood,Anxiety & Stress,100,high,exact_topic:anxiety-and-stress via Anxiety (w=1)|preferred_specialty_keyword:Anxiety|alt_topic:anxiety-and-stress via Depression (w=0.35)|exact_topic:anxiety-and-stress via Stress (w=1),,none,complete,true,false,Clinical contributor,specialty_matched_organizational_approval,peachtree_psychology_susan_keenan,true,2026-06-19,,
0fe7f838-30e0-4b2c-a8a2-8dbb8bfff198,why-do-i-feel-anxious-when-i-have-nothing-to-177941-034,david-k-gore-phd,"Kenneth W. Christian, PhD",susan-keenan,Susan L. Keenan,susan-keenan,Susan L. Keenan,Anxiety,anxiety-and-stress,Anxiety & Stress,anxiety-and-mood,Generalized Anxiety,100,high,exact_topic:anxiety-and-stress via Depression (w=0.35)|parent_theme:anxiety-and-mood via Depression|exact_topic:anxiety-and-stress via Anxiety (w=1)|preferred_specialty_keyword:Anxiety,,none,complete,true,false,Clinical contributor,specialty_matched_organizational_approval,peachtree_psychology_susan_keenan,true,2026-06-19,,
9770c1a4-a520-497a-84ce-07541fe0a1ec,why-do-i-feel-anxious-when-nothing-is-wr-191368-001,david-k-gore-phd,"Kenneth W. Christian, PhD",kelsey-donahue,Kelsey Madsen (Donahue),kelsey-donahue,Kelsey Madsen (Donahue),Stress,anxiety-and-stress,Anxiety & Stress,anxiety-and-mood,Anxiety & Stress,100,high,exact_topic:anxiety-and-stress via Anxiety (w=1)|preferred_specialty_keyword:Anxiety|alt_topic:anxiety-and-stress via Depression (w=0.35)|exact_topic:anxiety-and-stress via Stress (w=1),,none,complete,true,false,Clinical contributor,specialty_matched_organizational_approval,peachtree_psychology_susan_keenan,true,2026-06-19,,
f6eab562-511b-406a-85d6-72c436f3f854,why-do-i-feel-anxious-when-things-are-go-189668-009,david-k-gore-phd,"Kenneth W. Christian, PhD",susan-keenan,Susan L. Keenan,susan-keenan,Susan L. Keenan,Anxiety,anxiety-and-stress,Anxiety & Stress,anxiety-and-mood,Anxiety & Stress,100,high,exact_topic:anxiety-and-stress via Depression (w=0.35)|parent_theme:anxiety-and-mood via Depression|exact_topic:anxiety-and-stress via Anxiety (w=1)|preferred_specialty_keyword:Anxiety,,none,complete,true,false,Clinical contributor,specialty_matched_organizational_approval,peachtree_psychology_susan_keenan,true,2026-06-19,,
f2faa128-ad30-42ce-bdd4-8dc904e89a9f,why-do-i-feel-anxious-when-things-are-going-177941-010,david-k-gore-phd,"Kenneth W. Christian, PhD",lynn-lane,Lynn Lane,lynn-lane,Lynn Lane,Anxiety,anxiety-and-stress,Anxiety & Stress,anxiety-and-mood,Anxiety & Stress,100,high,exact_topic:anxiety-and-stress via Anxiety (w=1)|preferred_specialty_keyword:Anxiety|alt_topic:anxiety-and-stress via Depression (w=0.35),,none,complete,true,false,Clinical contributor,specialty_matched_organizational_approval,peachtree_psychology_susan_keenan,true,2026-06-19,,
bc727552-b70c-4037-a6d2-33ec2824dac4,why-do-i-feel-ashamed-about-my-body-during-intimat-186602-021,david-k-gore-phd,"Kenneth W. Christian, PhD",liz-webb,Liz Webb,liz-webb,Liz Webb,LGBTQIA+ Issues,gender-sexuality-and-intimacy,"Gender, Sexuality & Intimacy",relationships-and-connection,"Sexuality, Gender Identity, and Intimacy",100,high,exact_topic:gender-sexuality-and-intimacy via LGBTQIA+ Issues (w=1),,none,complete,true,false,Clinical contributor,specialty_matched_organizational_approval,peachtree_psychology_susan_keenan,true,2026-06-19,,
4350e01a-84bb-4f23-8393-e9d06f5c409a,why-do-i-feel-ashamed-about-needing-help-for-my-addiction,david-k-gore-phd,"Kenneth W. Christian, PhD",susan-keenan,Susan L. Keenan,susan-keenan,Susan L. Keenan,Alcohol Use,addiction-and-recovery,Addiction & Recovery,trauma-and-safety,Addiction & Recovery,100,high,parent_theme:trauma-and-safety via Trauma and PTSD|exact_topic:addiction-and-recovery via Alcohol Use (w=1),,none,complete,true,false,Clinical contributor,specialty_matched_organizational_approval,peachtree_psychology_susan_keenan,true,2026-06-19,,
af36db8b-4ed3-4b01-be4e-d13b3e7fd13d,why-do-i-feel-ashamed-about-relying-on-ai,david-k-gore-phd,"Kenneth W. Christian, PhD",jackie-malone,Jackie Malone,jackie-malone,Jackie Malone,Self Esteem,identity-and-self-worth,Identity & Self-Worth,identity-and-self-worth,Identity & Self-Worth,100,high,exact_topic:identity-and-self-worth via Body Image (w=0.4)|demoted_missing_keyword_support|exact_topic:identity-and-self-worth via Life Transitions (w=0.4)|exact_topic:identity-and-self-worth via Self Esteem (w=1),,none,complete,true,false,Clinical contributor,specialty_matched_organizational_approval,peachtree_psychology_susan_keenan,true,2026-06-19,,
b5b14450-554d-4da0-b970-42b3f7ffab48,why-do-i-feel-ashamed-of-my-cultural-accent-or-d8e1f4,david-k-gore-phd,"Kenneth W. Christian, PhD",samantha-bryant,Samantha Bryant,samantha-bryant,Samantha Bryant,Self Esteem,identity-and-self-worth,Identity & Self-Worth,identity-and-self-worth,Identity & Self-Worth,100,high,exact_topic:identity-and-self-worth via Body Image (w=0.4)|demoted_missing_keyword_support|exact_topic:identity-and-self-worth via Life Transitions (w=0.4)|exact_topic:identity-and-self-worth via Self Esteem (w=1),,none,complete,true,false,Clinical contributor,specialty_matched_organizational_approval,peachtree_psychology_susan_keenan,true,2026-06-19,,
a3566a49-36e9-4399-9a29-801201ba59ea,why-do-i-feel-awkward-in-social-situatio-181083-074,david-k-gore-phd,"Kenneth W. Christian, PhD",lynn-lane,Lynn Lane,lynn-lane,Lynn Lane,Anxiety,anxiety-and-stress,Anxiety & Stress,anxiety-and-mood,Anxiety & Stress,100,high,exact_topic:anxiety-and-stress via Anxiety (w=1)|preferred_specialty_keyword:Anxiety|alt_topic:anxiety-and-stress via Depression (w=0.35),,none,complete,true,false,Clinical contributor,specialty_matched_organizational_approval,peachtree_psychology_susan_keenan,true,2026-06-19,,
429f4113-79bc-42d3-951c-898b2aa87c5f,why-do-i-feel-burned-out-even-in-a-job-i-181288-022,david-k-gore-phd,"Kenneth W. Christian, PhD",laura-hilsen,Laura Hilsen,laura-hilsen,Laura Hilsen,Work/Life Balance,work-and-burnout,Work & Burnout,work-and-purpose,Work & Burnout,100,high,alias_keyword:stress|alt_topic:work-and-burnout via Life Transitions (w=0.45)|exact_topic:work-and-burnout via Work/Life Balance (w=1),,none,complete,true,false,Clinical contributor,specialty_matched_organizational_approval,peachtree_psychology_susan_keenan,true,2026-06-19,,
3e650143-c578-4753-a748-f8c4345fd42a,why-do-i-feel-cold-and-shivery-when-im-a-181083-014,david-k-gore-phd,"Kenneth W. Christian, PhD",meredith-price,Meredith Price,meredith-price,Meredith Price,Stress,anxiety-and-stress,Anxiety & Stress,anxiety-and-mood,Anxiety & Stress,100,high,"exact_topic:anxiety-and-stress via Pregnancy, Prenatal, Postpartum (w=0.5)|demoted_missing_keyword_support|exact_topic:anxiety-and-stress via Depression (w=0.35)|parent_theme:anxiety-and-mood via Depression|exact_topic:anxiety-and-stress via Anxiety (w=1)|preferred_specialty_keyword:Anxiety|alt_topic:anxiety-and-stress via Infertility (w=0.5)|demoted_missing_keyword_support|exact_topic:anxiety-and-stress via Stress (w=1)",,none,complete,true,false,Clinical contributor,specialty_matched_organizational_approval,peachtree_psychology_susan_keenan,true,2026-06-19,,
5e18f52c-945f-4d93-b731-4950a1b9521c,why-do-i-feel-disconnected-from-my-cultural-a2b5c8,david-k-gore-phd,"Kenneth W. Christian, PhD",samantha-bryant,Samantha Bryant,samantha-bryant,Samantha Bryant,Self Esteem,identity-and-self-worth,Identity & Self-Worth,identity-and-self-worth,Identity & Self-Worth,100,high,exact_topic:identity-and-self-worth via Body Image (w=0.4)|demoted_missing_keyword_support|alias_keyword:Grief|exact_topic:identity-and-self-worth via Life Transitions (w=0.4)|exact_topic:identity-and-self-worth via Self Esteem (w=1),,none,complete,true,false,Clinical contributor,specialty_matched_organizational_approval,peachtree_psychology_susan_keenan,true,2026-06-19,,
6c5cb285-a8e3-4e62-b03f-5d4e42e06915,why-do-i-feel-disconnected-from-my-cultural-e7f2g5,david-k-gore-phd,"Kenneth W. Christian, PhD",meredith-price,Meredith Price,meredith-price,Meredith Price,Self Esteem,identity-and-self-worth,Identity & Self-Worth,identity-and-self-worth,Identity & Self-Worth,100,high,exact_topic:identity-and-self-worth via Body Image (w=0.4)|demoted_missing_keyword_support|exact_topic:identity-and-self-worth via Life Transitions (w=0.4)|exact_topic:identity-and-self-worth via Self Esteem (w=1),"requires_keyword_support:Pregnancy, Prenatal, Postpartum",none,complete,true,false,Clinical contributor,specialty_matched_organizational_approval,peachtree_psychology_susan_keenan,true,2026-06-19,,
b0a34086-913e-4007-9d22-6406078f923d,why-do-i-feel-disconnected-from-my-cultural-identity-p2q8r4,david-k-gore-phd,"Kenneth W. Christian, PhD",jackie-malone,Jackie Malone,jackie-malone,Jackie Malone,Self Esteem,identity-and-self-worth,Identity & Self-Worth,identity-and-self-worth,Identity & Self-Worth,100,high,exact_topic:identity-and-self-worth via Body Image (w=0.4)|demoted_missing_keyword_support|exact_topic:identity-and-self-worth via Life Transitions (w=0.4)|exact_topic:identity-and-self-worth via Self Esteem (w=1),,none,complete,true,false,Clinical contributor,specialty_matched_organizational_approval,peachtree_psychology_susan_keenan,true,2026-06-19,,
5ccd0ca8-bb59-48d4-bf34-c211f2a91097,why-do-i-feel-disconnected-from-my-emoti-189668-011,david-k-gore-phd,"Kenneth W. Christian, PhD",jackie-malone,Jackie Malone,jackie-malone,Jackie Malone,Self Esteem,identity-and-self-worth,Identity & Self-Worth,identity-and-self-worth,Identity & Self-Worth,100,high,exact_topic:identity-and-self-worth via Body Image (w=0.4)|demoted_missing_keyword_support|exact_topic:identity-and-self-worth via Life Transitions (w=0.4)|exact_topic:identity-and-self-worth via Self Esteem (w=1),,none,complete,true,false,Clinical contributor,specialty_matched_organizational_approval,peachtree_psychology_susan_keenan,true,2026-06-19,,
7d03f7e6-1f46-406e-b0c7-6c167b4bb8ea,why-do-i-feel-dizzy-when-im-overwhelmed-181083-006,david-k-gore-phd,"Kenneth W. Christian, PhD",michaela-hilburn,Michaela Hilburn,michaela-hilburn,Michaela Hilburn,Anxiety,anxiety-and-stress,Anxiety & Stress,anxiety-and-mood,Anxiety & Stress,100,high,exact_topic:anxiety-and-stress via Anxiety (w=1)|preferred_specialty_keyword:Anxiety|alt_topic:anxiety-and-stress via Depression (w=0.35),,none,complete,true,false,Clinical contributor,specialty_matched_organizational_approval,peachtree_psychology_susan_keenan,true,2026-06-19,,
f108a5d8-c8be-4b13-9dd9-834176c985e5,why-do-i-feel-empty-even-when-good-thing-181288-001,david-k-gore-phd,"Kenneth W. Christian, PhD",samantha-bryant,Samantha Bryant,samantha-bryant,Samantha Bryant,Depression,depression,Depression,anxiety-and-mood,Depression,100,high,parent_theme:anxiety-and-mood via Anxiety|exact_topic:depression via Depression (w=1)|preferred_specialty_keyword:Depression|alt_topic:depression via Mood Disorders (w=0.85),,none,complete,true,false,Clinical contributor,specialty_matched_organizational_approval,peachtree_psychology_susan_keenan,true,2026-06-19,,
da13180a-219a-4f0e-bf71-c4b6f18b91f8,why-do-i-feel-empty-even-when-my-life-lo-191368-007,david-k-gore-phd,"Kenneth W. Christian, PhD",liz-webb,Liz Webb,liz-webb,Liz Webb,Depression,depression,Depression,anxiety-and-mood,Depression,100,high,parent_theme:anxiety-and-mood via Anxiety|exact_topic:depression via Depression (w=1)|preferred_specialty_keyword:Depression,,none,complete,true,false,Clinical contributor,specialty_matched_organizational_approval,peachtree_psychology_susan_keenan,true,2026-06-19,,
56695d78-6fa3-4876-a849-f5116f722582,why-do-i-feel-empty-even-when-my-life-looks-good-on-paper-t2u3v4,david-k-gore-phd,"Kenneth W. Christian, PhD",samantha-bryant,Samantha Bryant,samantha-bryant,Samantha Bryant,Self Esteem,identity-and-self-worth,Identity & Self-Worth,identity-and-self-worth,Identity & Self-Worth,100,high,exact_topic:identity-and-self-worth via Body Image (w=0.4)|demoted_missing_keyword_support|exact_topic:identity-and-self-worth via Life Transitions (w=0.4)|exact_topic:identity-and-self-worth via Self Esteem (w=1),,none,complete,true,false,Clinical contributor,specialty_matched_organizational_approval,peachtree_psychology_susan_keenan,true,2026-06-19,,
8b083273-9a9b-4532-b204-8e4f9c7f17bb,why-do-i-feel-guilty-about-adapting-my-cultural-u4v7w1,david-k-gore-phd,"Kenneth W. Christian, PhD",susan-keenan,Susan L. Keenan,susan-keenan,Susan L. Keenan,Self Esteem,identity-and-self-worth,Identity & Self-Worth,identity-and-self-worth,Identity & Self-Worth,100,high,exact_topic:identity-and-self-worth via Self Esteem (w=1),,none,complete,true,false,Clinical contributor,specialty_matched_organizational_approval,peachtree_psychology_susan_keenan,true,2026-06-19,,
3eee27ff-adc3-4ef8-b189-ec603998253f,why-do-i-feel-guilty-about-being-depress-190219-003,david-k-gore-phd,"Kenneth W. Christian, PhD",jackie-malone,Jackie Malone,jackie-malone,Jackie Malone,Depression,depression,Depression,anxiety-and-mood,Depression,100,high,parent_theme:anxiety-and-mood via Anxiety|exact_topic:depression via Depression (w=1)|preferred_specialty_keyword:Depression,requires_keyword_support:Body Image,none,complete,true,false,Clinical contributor,specialty_matched_organizational_approval,peachtree_psychology_susan_keenan,true,2026-06-19,,
4f6c64b3-6119-42a2-8166-f1fc1f01be2c,why-do-i-feel-guilty-about-being-happy-when-184730-041,david-k-gore-phd,"Kenneth W. Christian, PhD",jackie-malone,Jackie Malone,jackie-malone,Jackie Malone,Self Esteem,identity-and-self-worth,Identity & Self-Worth,identity-and-self-worth,Identity & Self-Worth,100,high,exact_topic:identity-and-self-worth via Body Image (w=0.4)|demoted_missing_keyword_support|exact_topic:identity-and-self-worth via Life Transitions (w=0.4)|exact_topic:identity-and-self-worth via Self Esteem (w=1),,none,complete,true,false,Clinical contributor,specialty_matched_organizational_approval,peachtree_psychology_susan_keenan,true,2026-06-19,,
f3875840-d72f-4c5f-bcaa-ab305829c900,why-do-i-feel-guilty-about-losing-my-native-d9e4f7,david-k-gore-phd,"Kenneth W. Christian, PhD",sarah-evers,Sarah Evers,sarah-evers,Sarah Evers,Shame & Conditions of Worth,identity-and-self-worth,Identity & Self-Worth,identity-and-self-worth,Identity & Self-Worth,100,high,exact_topic:identity-and-self-worth via Life Events & Transitions (w=0.4)|exact_topic:identity-and-self-worth via Shame & Conditions of Worth (w=1),requires_keyword_support:Chronic Illness & Disability|requires_keyword_support:Caregiver Stress,none,complete,true,false,Clinical contributor,specialty_matched_organizational_approval,peachtree_psychology_susan_keenan,true,2026-06-19,,
91cdd05d-c563-417e-92dd-e80682bd766c,why-do-i-feel-guilty-about-my-privilege-as-a-passing-member-of-the-lgbtq-community,david-k-gore-phd,"Kenneth W. Christian, PhD",jackie-malone,Jackie Malone,jackie-malone,Jackie Malone,Transgender,gender-sexuality-and-intimacy,"Gender, Sexuality & Intimacy",relationships-and-connection,Gender & Sexuality,100,high,exact_topic:gender-sexuality-and-intimacy via Bisexual (w=1)|exact_topic:gender-sexuality-and-intimacy via Lesbian (w=1)|exact_topic:gender-sexuality-and-intimacy via LGBTQ+ (w=1)|preferred_specialty_keyword:LGBTQ+|exact_topic:gender-sexuality-and-intimacy via Transgender (w=1),,none,complete,true,false,Clinical contributor,specialty_matched_organizational_approval,peachtree_psychology_susan_keenan,true,2026-06-19,,
67eade3c-cb01-4c12-bb95-b0b13ad785ce,why-do-i-feel-guilty-about-my-trauma-181288-028,david-k-gore-phd,"Kenneth W. Christian, PhD",lynn-lane,Lynn Lane,lynn-lane,Lynn Lane,Trauma,trauma-and-safety,Trauma & Safety,trauma-and-safety,Trauma & Grief,100,high,alias_keyword:Grief|exact_topic:trauma-and-safety via PTSD (w=1)|exact_topic:trauma-and-safety via Trauma (w=1)|preferred_specialty_keyword:Trauma,,none,complete,true,false,Clinical contributor,specialty_matched_organizational_approval,peachtree_psychology_susan_keenan,true,2026-06-19,,
9c0161b7-373d-41de-bbda-7be215fd8abe,why-do-i-feel-guilty-about-my-trauma-when-it-wasnt-my-fault,david-k-gore-phd,"Kenneth W. Christian, PhD",lynn-lane,Lynn Lane,lynn-lane,Lynn Lane,Trauma,trauma-and-safety,Trauma & Safety,trauma-and-safety,Trauma & Triggers,100,high,exact_topic:trauma-and-safety via PTSD (w=1)|exact_topic:trauma-and-safety via Trauma (w=1)|preferred_specialty_keyword:Trauma,,none,complete,true,false,Clinical contributor,specialty_matched_organizational_approval,peachtree_psychology_susan_keenan,true,2026-06-19,,
0851206b-ac4e-455c-bf23-a7ae6581347f,why-do-i-feel-guilty-about-not-speaking-my-p7q1r4,david-k-gore-phd,"Kenneth W. Christian, PhD",laura-hilsen,Laura Hilsen,laura-hilsen,Laura Hilsen,Self-Esteem,identity-and-self-worth,Identity & Self-Worth,identity-and-self-worth,Identity & Self-Worth,100,high,exact_topic:identity-and-self-worth via Life Transitions (w=0.4)|alias_keyword:Grief|exact_topic:identity-and-self-worth via Self-Compassion (w=1)|exact_topic:identity-and-self-worth via Self-Esteem (w=1),,none,complete,true,false,Clinical contributor,specialty_matched_organizational_approval,peachtree_psychology_susan_keenan,true,2026-06-19,,
b234aa24-5f9c-4963-8ab2-6495281b80e1,why-do-i-feel-guilty-about-setting-bound-190219-013,david-k-gore-phd,"Kenneth W. Christian, PhD",michaela-hilburn,Michaela Hilburn,michaela-hilburn,Michaela Hilburn,Work/Life Balance,work-and-burnout,Work & Burnout,work-and-purpose,Work & Burnout,100,high,exact_topic:work-and-burnout via Life Transitions (w=0.45)|exact_topic:work-and-burnout via Work/Life Balance (w=1),,none,complete,true,false,Clinical contributor,specialty_matched_organizational_approval,peachtree_psychology_susan_keenan,true,2026-06-19,,
33f0eb54-465c-49d0-bc96-ebcc4c46e70f,why-do-i-feel-guilty-about-setting-boundarie-177941-026,david-k-gore-phd,"Kenneth W. Christian, PhD",kelsey-donahue,Kelsey Madsen (Donahue),kelsey-donahue,Kelsey Madsen (Donahue),Parenting,family-and-parenting,Family & Parenting,family-and-parenting,Family Boundaries,100,high,exact_topic:family-and-parenting via Child (w=1)|exact_topic:family-and-parenting via Family Conflict (w=1)|exact_topic:family-and-parenting via Parenting (w=1),requires_keyword_support:Eating Disorders,none,complete,true,false,Clinical contributor,specialty_matched_organizational_approval,peachtree_psychology_susan_keenan,true,2026-06-19,,
9a125876-9e40-41b1-8eab-329d5850471a,why-do-i-feel-guilty-about-spending-money-on-177941-014,david-k-gore-phd,"Kenneth W. Christian, PhD",susan-keenan,Susan L. Keenan,susan-keenan,Susan L. Keenan,Self Esteem,identity-and-self-worth,Identity & Self-Worth,identity-and-self-worth,Money & Self-Worth,100,high,alias_keyword:Anxiety|exact_topic:identity-and-self-worth via Self Esteem (w=1),,none,complete,true,false,Clinical contributor,specialty_matched_organizational_approval,peachtree_psychology_susan_keenan,true,2026-06-19,,
020e8d3f-241a-4979-99cf-af87657359fe,why-do-i-feel-guilty-about-taking-psychi-181083-059,david-k-gore-phd,"Kenneth W. Christian, PhD",laura-hilsen,Laura Hilsen,laura-hilsen,Laura Hilsen,Self-Esteem,identity-and-self-worth,Identity & Self-Worth,identity-and-self-worth,Identity & Self-Worth,100,high,exact_topic:identity-and-self-worth via Life Transitions (w=0.4)|exact_topic:identity-and-self-worth via Self-Compassion (w=1)|exact_topic:identity-and-self-worth via Self-Esteem (w=1),,none,complete,true,false,Clinical contributor,specialty_matched_organizational_approval,peachtree_psychology_susan_keenan,true,2026-06-19,,
aa8f23dc-c82e-4dfb-90ed-061e8b443fe4,why-do-i-feel-guilty-about-taking-sick-d-177940-026,david-k-gore-phd,"Kenneth W. Christian, PhD",michaela-hilburn,Michaela Hilburn,michaela-hilburn,Michaela Hilburn,Work/Life Balance,work-and-burnout,Work & Burnout,work-and-purpose,Workplace Mental Health,100,high,alias_keyword:stress|alt_topic:work-and-burnout via Life Transitions (w=0.45)|exact_topic:work-and-burnout via Work/Life Balance (w=1),,none,complete,true,false,Clinical contributor,specialty_matched_organizational_approval,peachtree_psychology_susan_keenan,true,2026-06-19,,
75dc1ae0-db4b-4a5e-9e78-c0dc59a36f06,why-do-i-feel-guilty-every-time-i-get-angry-186602-005,david-k-gore-phd,"Kenneth W. Christian, PhD",michaela-hilburn,Michaela Hilburn,michaela-hilburn,Michaela Hilburn,Self-Esteem,general-mental-health,General Mental Health,life-transitions-and-change,Anger & Emotional Regulation,86,high,exact_topic:general-mental-health via Anxiety (w=0.45)|parent_theme:life-transitions-and-change via Grief and Loss|exact_topic:general-mental-health via Life Transitions (w=0.7)|alias_keyword:shame|alias_keyword:shame,,none,complete,true,false,Clinical contributor,specialty_matched_organizational_approval,peachtree_psychology_susan_keenan,true,2026-06-19,,
bf4ed0c5-91bf-4306-bb13-2cf0c3347ede,why-do-i-feel-guilty-for-being-excited-about-chang-187459-021,david-k-gore-phd,"Kenneth W. Christian, PhD",laura-hilsen,Laura Hilsen,laura-hilsen,Laura Hilsen,Grief and Loss,general-mental-health,General Mental Health,life-transitions-and-change,Life Transitions,86,high,exact_topic:general-mental-health via Anxiety (w=0.45)|exact_topic:general-mental-health via Life Transitions (w=0.7)|alias_keyword:Life Transitions|alias_keyword:loss,,none,complete,true,false,Clinical contributor,specialty_matched_organizational_approval,peachtree_psychology_susan_keenan,true,2026-06-19,true,approve
7a4913e1-ff6a-4ac0-aa7d-b5cbc327cdea,why-do-i-feel-guilty-for-being-happy-aft-181083-087,david-k-gore-phd,"Kenneth W. Christian, PhD",susan-keenan,Susan L. Keenan,susan-keenan,Susan L. Keenan,Relationship Issues,relationships-and-communication,Relationships & Communication,relationships-and-connection,Relationships & Divorce,100,high,alias_keyword:Grief|exact_topic:relationships-and-communication via Relationship Issues (w=1),,none,complete,true,false,Clinical contributor,specialty_matched_organizational_approval,peachtree_psychology_susan_keenan,true,2026-06-19,,
6f91fca0-6e6e-4161-94b1-b1b557a4142b,why-do-i-feel-guilty-for-being-happy-aft-190219-010,david-k-gore-phd,"Kenneth W. Christian, PhD",susan-keenan,Susan L. Keenan,susan-keenan,Susan L. Keenan,Trauma and PTSD,trauma-and-safety,Trauma & Safety,trauma-and-safety,Trauma & Grief,100,high,alias_keyword:Grief|exact_topic:trauma-and-safety via Trauma and PTSD (w=1),,none,complete,true,false,Clinical contributor,specialty_matched_organizational_approval,peachtree_psychology_susan_keenan,true,2026-06-19,,
2c5f7df8-1f8d-4a0a-b65b-497406501aa6,why-do-i-feel-guilty-for-doubting-my-fai-181083-035,david-k-gore-phd,"Kenneth W. Christian, PhD",susan-keenan,Susan L. Keenan,susan-keenan,Susan L. Keenan,Self Esteem,identity-and-self-worth,Identity & Self-Worth,identity-and-self-worth,Identity & Self-Worth,100,high,exact_topic:identity-and-self-worth via Self Esteem (w=1),,none,complete,true,false,Clinical contributor,specialty_matched_organizational_approval,peachtree_psychology_susan_keenan,true,2026-06-19,,
0ef8e222-ea7a-4e8d-8907-b160f3cc6842,why-do-i-feel-guilty-for-having-anxiety-when-others-have-it-worse,david-k-gore-phd,"Kenneth W. Christian, PhD",meredith-price,Meredith Price,meredith-price,Meredith Price,Stress,anxiety-and-stress,Anxiety & Stress,anxiety-and-mood,Anxiety & Worry,100,high,"exact_topic:anxiety-and-stress via Pregnancy, Prenatal, Postpartum (w=0.5)|demoted_missing_keyword_support|exact_topic:anxiety-and-stress via Depression (w=0.35)|parent_theme:anxiety-and-mood via Depression|exact_topic:anxiety-and-stress via Anxiety (w=1)|preferred_specialty_keyword:Anxiety|alt_topic:anxiety-and-stress via Infertility (w=0.5)|demoted_missing_keyword_support|exact_topic:anxiety-and-stress via Stress (w=1)",,none,complete,true,false,Clinical contributor,specialty_matched_organizational_approval,peachtree_psychology_susan_keenan,true,2026-06-19,,
6256807c-286b-48e8-9389-b426ce915723,why-do-i-feel-guilty-for-having-moments--184729-005,david-k-gore-phd,"Kenneth W. Christian, PhD",samantha-bryant,Samantha Bryant,samantha-bryant,Samantha Bryant,Grief,grief-and-loss,Grief & Loss,life-transitions-and-change,Grief & Loss,100,high,exact_topic:grief-and-loss via Grief (w=1)|preferred_specialty_keyword:Grief,requires_keyword_support:Body Image,none,complete,true,false,Clinical contributor,specialty_matched_organizational_approval,peachtree_psychology_susan_keenan,true,2026-06-19,,
0d471d1f-74fb-4b60-812f-4d1117e01536,why-do-i-feel-guilty-for-laughing-or-hav-186032-010,david-k-gore-phd,"Kenneth W. Christian, PhD",susan-keenan,Susan L. Keenan,susan-keenan,Susan L. Keenan,Grief,grief-and-loss,Grief & Loss,life-transitions-and-change,Grief & Loss,100,high,exact_topic:grief-and-loss via Grief (w=1)|preferred_specialty_keyword:Grief,,none,complete,true,false,Clinical contributor,specialty_matched_organizational_approval,peachtree_psychology_susan_keenan,true,2026-06-19,,
c80827a7-f786-4c02-9a47-7910da1f3386,why-do-i-feel-guilty-for-moving-on-after-someone-died,david-k-gore-phd,"Kenneth W. Christian, PhD",meredith-price,Meredith Price,meredith-price,Meredith Price,Grief,grief-and-loss,Grief & Loss,life-transitions-and-change,Grief & Loss,100,high,exact_topic:grief-and-loss via Grief (w=1)|preferred_specialty_keyword:Grief,"requires_keyword_support:Pregnancy, Prenatal, Postpartum|requires_keyword_support:Body Image",none,complete,true,false,Clinical contributor,specialty_matched_organizational_approval,peachtree_psychology_susan_keenan,true,2026-06-19,,
06b8f0e7-2f7a-42a5-af90-23215279ea23,why-do-i-feel-guilty-for-taking-care-of-184730-001,david-k-gore-phd,"Kenneth W. Christian, PhD",laura-hilsen,Laura Hilsen,laura-hilsen,Laura Hilsen,Self-Esteem,identity-and-self-worth,Identity & Self-Worth,identity-and-self-worth,Identity & Self-Worth,100,high,exact_topic:identity-and-self-worth via Life Transitions (w=0.4)|exact_topic:identity-and-self-worth via Self-Compassion (w=1)|exact_topic:identity-and-self-worth via Self-Esteem (w=1),,none,complete,true,false,Clinical contributor,specialty_matched_organizational_approval,peachtree_psychology_susan_keenan,true,2026-06-19,,
780e6947-8178-44ae-a428-532403cc31e7,why-do-i-feel-guilty-for-taking-time-off-189668-007,david-k-gore-phd,"Kenneth W. Christian, PhD",samantha-bryant,Samantha Bryant,samantha-bryant,Samantha Bryant,Career Counseling,work-and-burnout,Work & Burnout,work-and-purpose,Work & Burnout,100,high,exact_topic:work-and-burnout via Career Counseling (w=1)|alt_topic:work-and-burnout via Life Transitions (w=0.45)|alt_topic:work-and-burnout via School Issues (w=0.4),requires_keyword_support:Body Image,none,complete,true,false,Clinical contributor,specialty_matched_organizational_approval,peachtree_psychology_susan_keenan,true,2026-06-19,,
f518b6b2-748a-4743-bb64-bf8be299d1dd,why-do-i-feel-guilty-when-im-happy-177941-002,david-k-gore-phd,"Kenneth W. Christian, PhD",laura-hilsen,Laura Hilsen,laura-hilsen,Laura Hilsen,Self-Esteem,general-mental-health,General Mental Health,life-transitions-and-change,Emotional Regulation,99,high,exact_topic:general-mental-health via Anxiety (w=0.45)|exact_topic:general-mental-health via Life Transitions (w=0.7)|alias_keyword:Grief|alias_keyword:Trauma|alias_keyword:shame|alias_keyword:shame,,none,complete,true,false,Clinical contributor,specialty_matched_organizational_approval,peachtree_psychology_susan_keenan,true,2026-06-19,,
9651ee6c-9dd3-4a17-8075-8e6d9f8f2095,why-do-i-feel-guilty-when-im-happy-i8j9k1,david-k-gore-phd,"Kenneth W. Christian, PhD",laura-hilsen,Laura Hilsen,laura-hilsen,Laura Hilsen,Self-Esteem,identity-and-self-worth,Identity & Self-Worth,identity-and-self-worth,Identity & Self-Worth,100,high,exact_topic:identity-and-self-worth via Life Transitions (w=0.4)|exact_topic:identity-and-self-worth via Self-Compassion (w=1)|exact_topic:identity-and-self-worth via Self-Esteem (w=1),,none,complete,true,false,Clinical contributor,specialty_matched_organizational_approval,peachtree_psychology_susan_keenan,true,2026-06-19,,
c5b61533-207f-4822-91a9-91eec43e8187,why-do-i-feel-guilty-when-i-rest,david-k-gore-phd,"Kenneth W. Christian, PhD",samantha-bryant,Samantha Bryant,samantha-bryant,Samantha Bryant,Career Counseling,work-and-burnout,Work & Burnout,work-and-purpose,Work & Life Balance,100,high,exact_topic:work-and-burnout via Career Counseling (w=1)|alt_topic:work-and-burnout via Life Transitions (w=0.45)|alt_topic:work-and-burnout via School Issues (w=0.4),requires_keyword_support:Body Image,none,complete,true,false,Clinical contributor,specialty_matched_organizational_approval,peachtree_psychology_susan_keenan,true,2026-06-27,,
fe2f8211-9d54-46f3-92a7-1d14b0a4683c,why-do-i-feel-guilty-when-i-say-no-184730-029,david-k-gore-phd,"Kenneth W. Christian, PhD",susan-keenan,Susan L. Keenan,susan-keenan,Susan L. Keenan,Relationship Issues,relationships-and-communication,Relationships & Communication,relationships-and-connection,Communication & Conflict,100,high,parent_theme:relationships-and-connection via LGBTQ+|exact_topic:relationships-and-communication via Relationship Issues (w=1),,none,complete,true,false,Clinical contributor,specialty_matched_organizational_approval,peachtree_psychology_susan_keenan,true,2026-06-19,,
d7d3a419-1483-438f-8334-243d6b6a713f,why-do-i-feel-guilty-when-i-set-boundari-189668-001,david-k-gore-phd,"Kenneth W. Christian, PhD",laura-hilsen,Laura Hilsen,laura-hilsen,Laura Hilsen,Infidelity,relationships-and-communication,Relationships & Communication,relationships-and-connection,Communication & Conflict,100,high,exact_topic:relationships-and-communication via Relationship Issues (w=1)|exact_topic:relationships-and-communication via Divorce (w=1)|exact_topic:relationships-and-communication via Infidelity (w=1),,none,complete,true,false,Clinical contributor,specialty_matched_organizational_approval,peachtree_psychology_susan_keenan,true,2026-06-19,,
ec0022d8-548d-4169-ad74-6cb4d7ee746d,why-do-i-feel-jealous-even-when-i-trust-my-partner-186602-014,david-k-gore-phd,"Kenneth W. Christian, PhD",meredith-price,Meredith Price,meredith-price,Meredith Price,Relationship Issues,relationships-and-communication,Relationships & Communication,relationships-and-connection,Attachment Styles & Relationship Dynamics,100,high,exact_topic:relationships-and-communication via Codependency (w=1)|exact_topic:relationships-and-communication via Marital and Premarital (w=1)|exact_topic:relationships-and-communication via Relationship Issues (w=1),"requires_keyword_support:Pregnancy, Prenatal, Postpartum|requires_keyword_support:Body Image",none,complete,true,false,Clinical contributor,specialty_matched_organizational_approval,peachtree_psychology_susan_keenan,true,2026-06-19,,
4e220ead-56c9-4191-bc57-c93744ce2b42,why-do-i-feel-like-a-fraud-even-when-im-181288-016,david-k-gore-phd,"Kenneth W. Christian, PhD",samantha-bryant,Samantha Bryant,samantha-bryant,Samantha Bryant,Self Esteem,identity-and-self-worth,Identity & Self-Worth,identity-and-self-worth,Identity & Self-Worth,100,high,exact_topic:identity-and-self-worth via Body Image (w=0.4)|demoted_missing_keyword_support|exact_topic:identity-and-self-worth via Life Transitions (w=0.4)|exact_topic:identity-and-self-worth via Self Esteem (w=1),,none,complete,true,false,Clinical contributor,specialty_matched_organizational_approval,peachtree_psychology_susan_keenan,true,2026-06-19,,
7464cb4d-3d2a-4cba-aba1-0f7ac207b604,why-do-i-feel-like-everything-has-to-be-perfect-be-187459-018,david-k-gore-phd,"Kenneth W. Christian, PhD",liz-webb,Liz Webb,liz-webb,Liz Webb,Anxiety,anxiety-and-stress,Anxiety & Stress,anxiety-and-mood,Perfectionism & Control Issues,100,high,exact_topic:anxiety-and-stress via Anxiety (w=1)|alt_topic:anxiety-and-stress via Depression (w=0.35),,none,complete,true,false,Clinical contributor,specialty_matched_organizational_approval,peachtree_psychology_susan_keenan,true,2026-06-19,,
70b97b0c-c0db-4f3d-8d3b-94dab5c25d2f,why-do-i-feel-like-i-addicted-to-my-phone-h3i7j4,david-k-gore-phd,"Kenneth W. Christian, PhD",alex-crenshaw-phd,Dr. Alex Crenshaw,alex-crenshaw-phd,Dr. Alex Crenshaw,Anxiety,anxiety-and-stress,Anxiety & Stress,anxiety-and-mood,Anxiety & Stress,100,high,exact_topic:anxiety-and-stress via Anxiety (w=1)|preferred_specialty_keyword:Anxiety|alt_topic:anxiety-and-stress via OCD (w=0.9)|alt_topic:anxiety-and-stress via Depression (w=0.35),,none,complete,true,false,Clinical contributor,specialty_matched_organizational_approval,peachtree_psychology_susan_keenan,true,2026-06-19,,
e825b838-4974-4b55-bc49-45ed135a24ec,why-do-i-feel-like-i-am-not-good-enough,david-k-gore-phd,"Kenneth W. Christian, PhD",jackie-malone,Jackie Malone,jackie-malone,Jackie Malone,Self Esteem,identity-and-self-worth,Identity & Self-Worth,identity-and-self-worth,Identity & Self-Worth,100,high,exact_topic:identity-and-self-worth via Body Image (w=0.4)|demoted_missing_keyword_support|exact_topic:identity-and-self-worth via Life Transitions (w=0.4)|exact_topic:identity-and-self-worth via Self Esteem (w=1),,none,complete,true,false,Clinical contributor,specialty_matched_organizational_approval,peachtree_psychology_susan_keenan,true,2026-06-27,,
ac2b925c-7bba-4c4f-af7b-76fb49292741,why-do-i-feel-like-i-cant-be-happy-when-others-z3a6b9,david-k-gore-phd,"Kenneth W. Christian, PhD",sarah-evers,Sarah Evers,sarah-evers,Sarah Evers,Shame & Conditions of Worth,identity-and-self-worth,Identity & Self-Worth,identity-and-self-worth,Identity & Self-Worth,100,high,exact_topic:identity-and-self-worth via Life Events & Transitions (w=0.4)|exact_topic:identity-and-self-worth via Shame & Conditions of Worth (w=1),requires_keyword_support:Chronic Illness & Disability|requires_keyword_support:Caregiver Stress,none,complete,true,false,Clinical contributor,specialty_matched_organizational_approval,peachtree_psychology_susan_keenan,true,2026-06-19,,
4b760eae-e734-461c-bc7f-a848381cb8ba,why-do-i-feel-like-i-cant-be-myself-around-184730-080,david-k-gore-phd,"Kenneth W. Christian, PhD",laura-hilsen,Laura Hilsen,laura-hilsen,Laura Hilsen,Infidelity,relationships-and-communication,Relationships & Communication,relationships-and-connection,Relationships & Divorce,100,high,exact_topic:relationships-and-communication via Relationship Issues (w=1)|exact_topic:relationships-and-communication via Divorce (w=1)|preferred_specialty_keyword:divorce|exact_topic:relationships-and-communication via Infidelity (w=1),,none,complete,true,false,Clinical contributor,specialty_matched_organizational_approval,peachtree_psychology_susan_keenan,true,2026-06-19,,
1dc840d3-c570-46cf-a698-dc8b5a91cfa9,why-do-i-feel-like-i-cant-handle-stress-like-184730-060,david-k-gore-phd,"Kenneth W. Christian, PhD",liz-webb,Liz Webb,liz-webb,Liz Webb,Anxiety,anxiety-and-stress,Anxiety & Stress,anxiety-and-mood,Anxiety & Stress,100,high,exact_topic:anxiety-and-stress via Anxiety (w=1)|preferred_specialty_keyword:Anxiety|alt_topic:anxiety-and-stress via Depression (w=0.35),,none,complete,true,false,Clinical contributor,specialty_matched_organizational_approval,peachtree_psychology_susan_keenan,true,2026-06-19,,
24d498f3-3b14-4a05-a409-e8ca55bedf8f,why-do-i-feel-like-i-cant-make-decisions-184730-070,david-k-gore-phd,"Kenneth W. Christian, PhD",lynn-lane,Lynn Lane,lynn-lane,Lynn Lane,Anxiety,anxiety-and-stress,Anxiety & Stress,anxiety-and-mood,Anxiety & Stress,100,high,exact_topic:anxiety-and-stress via Anxiety (w=1)|preferred_specialty_keyword:Anxiety|alt_topic:anxiety-and-stress via Depression (w=0.35),,none,complete,true,false,Clinical contributor,specialty_matched_organizational_approval,peachtree_psychology_susan_keenan,true,2026-06-19,,
28e25d7e-1872-4b99-a8c2-fc38f54c83d9,why-do-i-feel-like-i-cant-trust-anyone-184730-050,david-k-gore-phd,"Kenneth W. Christian, PhD",lexi-cooper,Lexi Cooper,lexi-cooper,Lexi Cooper,Familial Relationship Counseling,relationships-and-communication,Relationships & Communication,relationships-and-connection,Relationships & Divorce,100,high,exact_topic:relationships-and-communication via Familial Relationship Counseling (w=1),,none,complete,true,false,Clinical contributor,specialty_matched_organizational_approval,peachtree_psychology_susan_keenan,true,2026-06-19,,
05d5e7be-e56e-4e83-b4da-bba3d56b7104,why-do-i-feel-like-i-cant-trust-anyone-completely-g8h2j5,david-k-gore-phd,"Kenneth W. Christian, PhD",lynn-lane,Lynn Lane,lynn-lane,Lynn Lane,Relationship Counseling,relationships-and-communication,Relationships & Communication,relationships-and-connection,Relationships & Divorce,100,high,exact_topic:relationships-and-communication via Relationship Counseling (w=1),,none,complete,true,false,Clinical contributor,specialty_matched_organizational_approval,peachtree_psychology_susan_keenan,true,2026-06-19,,
3bc77f2a-16b7-4105-8162-f1354ad0db41,why-do-i-feel-like-i-cant-trust-my-own-184730-027,david-k-gore-phd,"Kenneth W. Christian, PhD",sarah-evers,Sarah Evers,sarah-evers,Sarah Evers,Shame & Conditions of Worth,identity-and-self-worth,Identity & Self-Worth,identity-and-self-worth,Identity & Self-Worth,100,high,alias_keyword:Anxiety|alt_topic:identity-and-self-worth via Life Events & Transitions (w=0.4)|exact_topic:identity-and-self-worth via Shame & Conditions of Worth (w=1),requires_keyword_support:Chronic Illness & Disability|requires_keyword_support:Caregiver Stress,none,complete,true,false,Clinical contributor,specialty_matched_organizational_approval,peachtree_psychology_susan_keenan,true,2026-06-19,,
70d21627-a2db-408a-965b-8798dcca7486,why-do-i-feel-like-i-cant-trust-my-own-184730-076,david-k-gore-phd,"Kenneth W. Christian, PhD",meredith-price,Meredith Price,meredith-price,Meredith Price,Self Esteem,identity-and-self-worth,Identity & Self-Worth,identity-and-self-worth,Identity & Self-Worth,100,high,exact_topic:identity-and-self-worth via Body Image (w=0.4)|demoted_missing_keyword_support|exact_topic:identity-and-self-worth via Life Transitions (w=0.4)|exact_topic:identity-and-self-worth via Self Esteem (w=1),"requires_keyword_support:Pregnancy, Prenatal, Postpartum",none,complete,true,false,Clinical contributor,specialty_matched_organizational_approval,peachtree_psychology_susan_keenan,true,2026-06-19,,
b6e25775-eb48-4672-b5ee-fa26bbd8441a,why-do-i-feel-like-i-cant-trust-my-own-184730-098,david-k-gore-phd,"Kenneth W. Christian, PhD",meredith-price,Meredith Price,meredith-price,Meredith Price,Self Esteem,identity-and-self-worth,Identity & Self-Worth,identity-and-self-worth,Identity & Self-Worth,100,high,exact_topic:identity-and-self-worth via Body Image (w=0.4)|demoted_missing_keyword_support|exact_topic:identity-and-self-worth via Life Transitions (w=0.4)|exact_topic:identity-and-self-worth via Self Esteem (w=1),"requires_keyword_support:Pregnancy, Prenatal, Postpartum",none,complete,true,false,Clinical contributor,specialty_matched_organizational_approval,peachtree_psychology_susan_keenan,true,2026-06-19,,
b1f35865-5ca4-4972-a45e-795722cddba8,why-do-i-feel-like-i-dont-belong-in-my-own-r8s3t6,david-k-gore-phd,"Kenneth W. Christian, PhD",laura-hilsen,Laura Hilsen,laura-hilsen,Laura Hilsen,Self-Esteem,identity-and-self-worth,Identity & Self-Worth,identity-and-self-worth,Identity & Self-Worth,100,high,exact_topic:identity-and-self-worth via Life Transitions (w=0.4)|exact_topic:identity-and-self-worth via Self-Compassion (w=1)|exact_topic:identity-and-self-worth via Self-Esteem (w=1),,none,complete,true,false,Clinical contributor,specialty_matched_organizational_approval,peachtree_psychology_susan_keenan,true,2026-06-19,,
477ef319-b5c1-4a92-a664-754f5ddd9171,why-do-i-feel-like-i-dont-deserve-financ-181083-030,david-k-gore-phd,"Kenneth W. Christian, PhD",susan-keenan,Susan L. Keenan,susan-keenan,Susan L. Keenan,Self Esteem,identity-and-self-worth,Identity & Self-Worth,identity-and-self-worth,Identity & Self-Worth,100,high,exact_topic:identity-and-self-worth via Self Esteem (w=1),,none,complete,true,false,Clinical contributor,specialty_matched_organizational_approval,peachtree_psychology_susan_keenan,true,2026-06-19,,
7860e9c6-12ca-4cb5-a28c-fd21e6c5daf0,why-do-i-feel-like-i-dont-deserve-good-t-181288-020,david-k-gore-phd,"Kenneth W. Christian, PhD",meredith-price,Meredith Price,meredith-price,Meredith Price,Self Esteem,identity-and-self-worth,Identity & Self-Worth,identity-and-self-worth,Identity & Self-Worth,100,high,exact_topic:identity-and-self-worth via Body Image (w=0.4)|demoted_missing_keyword_support|exact_topic:identity-and-self-worth via Life Transitions (w=0.4)|exact_topic:identity-and-self-worth via Self Esteem (w=1),"requires_keyword_support:Pregnancy, Prenatal, Postpartum",none,complete,true,false,Clinical contributor,specialty_matched_organizational_approval,peachtree_psychology_susan_keenan,true,2026-06-19,,
961f9d79-71df-4af0-9b2b-d1fdc0359ee9,why-do-i-feel-like-i-dont-deserve-good-things-happening-to-me-k2l3m4,david-k-gore-phd,"Kenneth W. Christian, PhD",jackie-malone,Jackie Malone,jackie-malone,Jackie Malone,Self Esteem,identity-and-self-worth,Identity & Self-Worth,identity-and-self-worth,Identity & Self-Worth,100,high,exact_topic:identity-and-self-worth via Body Image (w=0.4)|demoted_missing_keyword_support|exact_topic:identity-and-self-worth via Life Transitions (w=0.4)|exact_topic:identity-and-self-worth via Self Esteem (w=1),,none,complete,true,false,Clinical contributor,specialty_matched_organizational_approval,peachtree_psychology_susan_keenan,true,2026-06-19,,
d46fb0a6-84b9-4abe-9b42-1bb058c3a979,why-do-i-feel-like-i-dont-deserve-love-177940-022,david-k-gore-phd,"Kenneth W. Christian, PhD",laura-hilsen,Laura Hilsen,laura-hilsen,Laura Hilsen,Self-Esteem,identity-and-self-worth,Identity & Self-Worth,identity-and-self-worth,Self-Worth,100,high,exact_topic:identity-and-self-worth via Life Transitions (w=0.4)|exact_topic:identity-and-self-worth via Self-Compassion (w=1)|exact_topic:identity-and-self-worth via Self-Esteem (w=1),,none,complete,true,false,Clinical contributor,specialty_matched_organizational_approval,peachtree_psychology_susan_keenan,true,2026-06-19,,
94000a9e-4c08-4fc5-84df-9cfd3bc13c0f,why-do-i-feel-like-i-dont-deserve-success-in-my-career,david-k-gore-phd,"Kenneth W. Christian, PhD",laura-hilsen,Laura Hilsen,laura-hilsen,Laura Hilsen,Work/Life Balance,work-and-burnout,Work & Burnout,work-and-purpose,Career & Purpose,100,high,exact_topic:work-and-burnout via Life Transitions (w=0.45)|exact_topic:work-and-burnout via Work/Life Balance (w=1),,none,complete,true,false,Clinical contributor,specialty_matched_organizational_approval,peachtree_psychology_susan_keenan,true,2026-06-19,,
18d8084f-d00a-4be3-89a2-c5adee65ad6f,why-do-i-feel-like-i-dont-fit-in-anywhere-in-the-lgbtq-community,david-k-gore-phd,"Kenneth W. Christian, PhD",liz-webb,Liz Webb,liz-webb,Liz Webb,LGBTQIA+ Issues,gender-sexuality-and-intimacy,"Gender, Sexuality & Intimacy",relationships-and-connection,Gender & Sexuality,100,high,exact_topic:gender-sexuality-and-intimacy via LGBTQIA+ Issues (w=1),,none,complete,true,false,Clinical contributor,specialty_matched_organizational_approval,peachtree_psychology_susan_keenan,true,2026-06-19,,
e58ef28d-e344-44a3-bd80-0f92d83667fa,why-do-i-feel-like-i-dont-know-how-to-be-181083-078,david-k-gore-phd,"Kenneth W. Christian, PhD",lynn-lane,Lynn Lane,lynn-lane,Lynn Lane,Relationship Counseling,relationships-and-communication,Relationships & Communication,relationships-and-connection,Relationships & Divorce,100,high,alias_keyword:Anxiety|exact_topic:relationships-and-communication via Relationship Counseling (w=1),,none,complete,true,false,Clinical contributor,specialty_matched_organizational_approval,peachtree_psychology_susan_keenan,true,2026-06-19,,
c503e667-aae4-415d-b1a5-ae55dfa2959b,why-do-i-feel-like-i-dont-know-who-i-am-190648-001,david-k-gore-phd,"Kenneth W. Christian, PhD",sarah-evers,Sarah Evers,sarah-evers,Sarah Evers,Shame & Conditions of Worth,identity-and-self-worth,Identity & Self-Worth,identity-and-self-worth,Identity & Self-Worth,100,high,exact_topic:identity-and-self-worth via Life Events & Transitions (w=0.4)|alias_keyword:Life Transitions|exact_topic:identity-and-self-worth via Shame & Conditions of Worth (w=1),requires_keyword_support:Chronic Illness & Disability|requires_keyword_support:Caregiver Stress,none,complete,true,false,Clinical contributor,specialty_matched_organizational_approval,peachtree_psychology_susan_keenan,true,2026-06-19,,
a19d2cc7-5bea-45a4-a7a9-83b99d5465af,why-do-i-feel-like-i-have-to-be-perfect-all-184730-084,david-k-gore-phd,"Kenneth W. Christian, PhD",sarah-evers,Sarah Evers,sarah-evers,Sarah Evers,Shame & Conditions of Worth,identity-and-self-worth,Identity & Self-Worth,identity-and-self-worth,Identity & Self-Worth,100,high,exact_topic:identity-and-self-worth via Life Events & Transitions (w=0.4)|exact_topic:identity-and-self-worth via Shame & Conditions of Worth (w=1),requires_keyword_support:Chronic Illness & Disability|requires_keyword_support:Caregiver Stress,none,complete,true,false,Clinical contributor,specialty_matched_organizational_approval,peachtree_psychology_susan_keenan,true,2026-06-19,,
68541ebf-af2c-4f94-a246-024da46577ff,why-do-i-feel-like-i-have-to-be-the-best-at-everyt-187459-016,david-k-gore-phd,"Kenneth W. Christian, PhD",meredith-price,Meredith Price,meredith-price,Meredith Price,Stress,anxiety-and-stress,Anxiety & Stress,anxiety-and-mood,Perfectionism & Control Issues,100,high,"exact_topic:anxiety-and-stress via Pregnancy, Prenatal, Postpartum (w=0.5)|demoted_missing_keyword_support|exact_topic:anxiety-and-stress via Depression (w=0.35)|parent_theme:anxiety-and-mood via Depression|exact_topic:anxiety-and-stress via Anxiety (w=1)|alt_topic:anxiety-and-stress via Infertility (w=0.5)|demoted_missing_keyword_support|alias_keyword:perfectionism|exact_topic:anxiety-and-stress via Stress (w=1)",,none,complete,true,false,Clinical contributor,specialty_matched_organizational_approval,peachtree_psychology_susan_keenan,true,2026-06-19,,
dda7b0fd-0948-45a3-90b8-01ea001cc801,why-do-i-feel-like-i-have-to-choose-between-my-l7m4n8,david-k-gore-phd,"Kenneth W. Christian, PhD",michaela-hilburn,Michaela Hilburn,michaela-hilburn,Michaela Hilburn,Self-Esteem,identity-and-self-worth,Identity & Self-Worth,identity-and-self-worth,Identity & Self-Worth,100,high,exact_topic:identity-and-self-worth via Life Transitions (w=0.4)|exact_topic:identity-and-self-worth via Self-Compassion (w=1)|exact_topic:identity-and-self-worth via Self-Esteem (w=1),,none,complete,true,false,Clinical contributor,specialty_matched_organizational_approval,peachtree_psychology_susan_keenan,true,2026-06-19,,
2c6ce87c-f52c-4e68-bce0-bad29c627903,why-do-i-feel-like-i-have-to-earn-love-a-181083-099,david-k-gore-phd,"Kenneth W. Christian, PhD",sarah-evers,Sarah Evers,sarah-evers,Sarah Evers,Shame & Conditions of Worth,identity-and-self-worth,Identity & Self-Worth,identity-and-self-worth,Identity & Self-Worth,100,high,exact_topic:identity-and-self-worth via Life Events & Transitions (w=0.4)|exact_topic:identity-and-self-worth via Shame & Conditions of Worth (w=1),requires_keyword_support:Chronic Illness & Disability|requires_keyword_support:Caregiver Stress,none,complete,true,false,Clinical contributor,specialty_matched_organizational_approval,peachtree_psychology_susan_keenan,true,2026-06-19,,
2f9b0a90-2ed3-49af-82ce-159da8d35471,why-do-i-feel-like-ill-never-find-love-a-181083-083,david-k-gore-phd,"Kenneth W. Christian, PhD",sarah-evers,Sarah Evers,sarah-evers,Sarah Evers,Building Healthy Relationships,relationships-and-communication,Relationships & Communication,relationships-and-connection,Relationships & Divorce,100,high,alias_keyword:Grief|exact_topic:relationships-and-communication via Building Healthy Relationships (w=1),requires_keyword_support:Chronic Illness & Disability|requires_keyword_support:Caregiver Stress,none,complete,true,false,Clinical contributor,specialty_matched_organizational_approval,peachtree_psychology_susan_keenan,true,2026-06-19,,
93ffe948-43a1-4052-be74-a27ba84e1852,why-do-i-feel-like-im-always-apologizing-for-184730-058,david-k-gore-phd,"Kenneth W. Christian, PhD",laura-hilsen,Laura Hilsen,laura-hilsen,Laura Hilsen,Infidelity,relationships-and-communication,Relationships & Communication,relationships-and-connection,Communication & Conflict,100,high,exact_topic:relationships-and-communication via Relationship Issues (w=1)|exact_topic:relationships-and-communication via Divorce (w=1)|exact_topic:relationships-and-communication via Infidelity (w=1),,none,complete,true,false,Clinical contributor,specialty_matched_organizational_approval,peachtree_psychology_susan_keenan,true,2026-06-19,,
01fce86a-8951-407a-9de3-fa8a7712d41e,why-do-i-feel-like-im-always-apologizing-for-who-184730-094,david-k-gore-phd,"Kenneth W. Christian, PhD",samantha-bryant,Samantha Bryant,samantha-bryant,Samantha Bryant,Self Esteem,identity-and-self-worth,Identity & Self-Worth,identity-and-self-worth,Identity & Self-Worth,100,high,exact_topic:identity-and-self-worth via Body Image (w=0.4)|demoted_missing_keyword_support|exact_topic:identity-and-self-worth via Life Transitions (w=0.4)|exact_topic:identity-and-self-worth via Self Esteem (w=1),,none,complete,true,false,Clinical contributor,specialty_matched_organizational_approval,peachtree_psychology_susan_keenan,true,2026-06-19,,
316951cb-9ae5-4dcf-994b-1392751bc8a0,why-do-i-feel-like-im-always-explaining-myself-184730-082,david-k-gore-phd,"Kenneth W. Christian, PhD",sarah-evers,Sarah Evers,sarah-evers,Sarah Evers,Building Healthy Relationships,relationships-and-communication,Relationships & Communication,relationships-and-connection,Communication & Conflict,100,high,exact_topic:relationships-and-communication via Building Healthy Relationships (w=1),requires_keyword_support:Chronic Illness & Disability|requires_keyword_support:Caregiver Stress,none,complete,true,false,Clinical contributor,specialty_matched_organizational_approval,peachtree_psychology_susan_keenan,true,2026-06-19,,
cb4ff5ea-12ea-469c-89eb-5e72debeffed,why-do-i-feel-like-im-always-one-step-behind-184730-092,david-k-gore-phd,"Kenneth W. Christian, PhD",susan-keenan,Susan L. Keenan,susan-keenan,Susan L. Keenan,Self Esteem,identity-and-self-worth,Identity & Self-Worth,identity-and-self-worth,Identity & Self-Worth,100,high,exact_topic:identity-and-self-worth via Self Esteem (w=1),,none,complete,true,false,Clinical contributor,specialty_matched_organizational_approval,peachtree_psychology_susan_keenan,true,2026-06-19,,
f9791f94-f24d-4db0-bd3a-edc7e0697642,why-do-i-feel-like-im-always-performing-instead-184730-102,david-k-gore-phd,"Kenneth W. Christian, PhD",michaela-hilburn,Michaela Hilburn,michaela-hilburn,Michaela Hilburn,Self-Esteem,identity-and-self-worth,Identity & Self-Worth,identity-and-self-worth,Identity & Self-Worth,100,high,exact_topic:identity-and-self-worth via Life Transitions (w=0.4)|exact_topic:identity-and-self-worth via Self-Compassion (w=1)|exact_topic:identity-and-self-worth via Self-Esteem (w=1),,none,complete,true,false,Clinical contributor,specialty_matched_organizational_approval,peachtree_psychology_susan_keenan,true,2026-06-19,,
6d02385e-dd6e-410e-9e88-dc8f2dd54993,why-do-i-feel-like-im-always-pretending-to-be-x2y5z8,david-k-gore-phd,"Kenneth W. Christian, PhD",laura-hilsen,Laura Hilsen,laura-hilsen,Laura Hilsen,Self-Esteem,identity-and-self-worth,Identity & Self-Worth,identity-and-self-worth,Identity & Self-Worth,100,high,alias_keyword:stress|alt_topic:identity-and-self-worth via Life Transitions (w=0.4)|exact_topic:identity-and-self-worth via Self-Compassion (w=1)|exact_topic:identity-and-self-worth via Self-Esteem (w=1),,none,complete,true,false,Clinical contributor,specialty_matched_organizational_approval,peachtree_psychology_susan_keenan,true,2026-06-19,,
8985d25f-a271-4eb6-aa75-2a517af00a99,why-do-i-feel-like-im-always-the-one-reachin-177941-030,david-k-gore-phd,"Kenneth W. Christian, PhD",jackie-malone,Jackie Malone,jackie-malone,Jackie Malone,Relationship Issues,relationships-and-communication,Relationships & Communication,relationships-and-connection,Relationship Balance,100,high,alias_keyword:Anxiety|exact_topic:relationships-and-communication via Codependency (w=1)|exact_topic:relationships-and-communication via Relationship Issues (w=1),,none,complete,true,false,Clinical contributor,specialty_matched_organizational_approval,peachtree_psychology_susan_keenan,true,2026-06-19,,
7ae5de1d-dc5b-40cc-bfa4-bdc179cd925c,why-do-i-feel-like-im-always-the-one-reaching-184730-052,david-k-gore-phd,"Kenneth W. Christian, PhD",lynn-lane,Lynn Lane,lynn-lane,Lynn Lane,Relationship Counseling,relationships-and-communication,Relationships & Communication,relationships-and-connection,Relationships & Divorce,100,high,exact_topic:relationships-and-communication via Relationship Counseling (w=1),,none,complete,true,false,Clinical contributor,specialty_matched_organizational_approval,peachtree_psychology_susan_keenan,true,2026-06-19,,
28268c71-04ae-40fd-8e0a-2d2cdec76c4a,why-do-i-feel-like-im-always-the-one-who-cares-184730-078,david-k-gore-phd,"Kenneth W. Christian, PhD",laura-hilsen,Laura Hilsen,laura-hilsen,Laura Hilsen,Infidelity,relationships-and-communication,Relationships & Communication,relationships-and-connection,Relationships & Divorce,100,high,exact_topic:relationships-and-communication via Relationship Issues (w=1)|exact_topic:relationships-and-communication via Divorce (w=1)|preferred_specialty_keyword:divorce|exact_topic:relationships-and-communication via Infidelity (w=1),,none,complete,true,false,Clinical contributor,specialty_matched_organizational_approval,peachtree_psychology_susan_keenan,true,2026-06-19,,
fc41c121-7ac8-45cc-b5e8-d73db9c4c341,why-do-i-feel-like-im-always-the-one-who-has-184730-096,david-k-gore-phd,"Kenneth W. Christian, PhD",laura-hilsen,Laura Hilsen,laura-hilsen,Laura Hilsen,Infidelity,relationships-and-communication,Relationships & Communication,relationships-and-connection,Relationships & Divorce,100,high,exact_topic:relationships-and-communication via Relationship Issues (w=1)|exact_topic:relationships-and-communication via Divorce (w=1)|preferred_specialty_keyword:divorce|exact_topic:relationships-and-communication via Infidelity (w=1),,none,complete,true,false,Clinical contributor,specialty_matched_organizational_approval,peachtree_psychology_susan_keenan,true,2026-06-19,,
953b23ef-c3a9-42d6-808a-3301206dca7f,why-do-i-feel-like-im-always-the-problem-in-184730-033,david-k-gore-phd,"Kenneth W. Christian, PhD",jackie-malone,Jackie Malone,jackie-malone,Jackie Malone,Relationship Issues,relationships-and-communication,Relationships & Communication,relationships-and-connection,Relationships & Divorce,100,high,parent_theme:relationships-and-connection via Bisexual|exact_topic:relationships-and-communication via Codependency (w=1)|exact_topic:relationships-and-communication via Relationship Issues (w=1),requires_keyword_support:Body Image,none,complete,true,false,Clinical contributor,specialty_matched_organizational_approval,peachtree_psychology_susan_keenan,true,2026-06-19,,
6ca46fa6-725d-4b18-939b-3465841c9f8d,why-do-i-feel-like-im-always-waiting-for-184730-090,david-k-gore-phd,"Kenneth W. Christian, PhD",sarah-evers,Sarah Evers,sarah-evers,Sarah Evers,Shame & Conditions of Worth,identity-and-self-worth,Identity & Self-Worth,identity-and-self-worth,Identity & Self-Worth,100,high,exact_topic:identity-and-self-worth via Life Events & Transitions (w=0.4)|exact_topic:identity-and-self-worth via Shame & Conditions of Worth (w=1),requires_keyword_support:Chronic Illness & Disability|requires_keyword_support:Caregiver Stress,none,complete,true,false,Clinical contributor,specialty_matched_organizational_approval,peachtree_psychology_susan_keenan,true,2026-06-19,,
9a4997dd-250a-4969-ba35-eaf28f42610e,why-do-i-feel-like-im-always-waiting-for-189668-015,david-k-gore-phd,"Kenneth W. Christian, PhD",sarah-evers,Sarah Evers,sarah-evers,Sarah Evers,Shame & Conditions of Worth,identity-and-self-worth,Identity & Self-Worth,identity-and-self-worth,Identity & Self-Worth,100,high,exact_topic:identity-and-self-worth via Life Events & Transitions (w=0.4)|exact_topic:identity-and-self-worth via Shame & Conditions of Worth (w=1),requires_keyword_support:Chronic Illness & Disability|requires_keyword_support:Caregiver Stress,none,complete,true,false,Clinical contributor,specialty_matched_organizational_approval,peachtree_psychology_susan_keenan,true,2026-06-19,,
6e70c5bb-94c7-40d9-ad89-660f327babfc,why-do-i-feel-like-im-always-waiting-for-something-184730-104,david-k-gore-phd,"Kenneth W. Christian, PhD",amanda-gaines,Amanda Gaines,amanda-gaines,Amanda Gaines,Anxiety,anxiety-and-stress,Anxiety & Stress,anxiety-and-mood,Anxiety & Stress,100,high,exact_topic:anxiety-and-stress via Anxiety (w=1)|preferred_specialty_keyword:Anxiety|alt_topic:anxiety-and-stress via Depression (w=0.35),,none,complete,true,false,Clinical contributor,specialty_matched_organizational_approval,peachtree_psychology_susan_keenan,true,2026-06-19,,
bfa922c5-c5b1-4f8c-898a-0771e7a04143,why-do-i-feel-like-im-always-waiting-for-the-r8s3t6,david-k-gore-phd,"Kenneth W. Christian, PhD",laura-hilsen,Laura Hilsen,laura-hilsen,Laura Hilsen,Anxiety,anxiety-and-stress,Anxiety & Stress,anxiety-and-mood,Anxiety & Stress,100,high,exact_topic:anxiety-and-stress via Anxiety (w=1)|preferred_specialty_keyword:Anxiety|alt_topic:anxiety-and-stress via Depression (w=0.35),,none,complete,true,false,Clinical contributor,specialty_matched_organizational_approval,peachtree_psychology_susan_keenan,true,2026-06-19,,
27c3f3e2-65d6-43fd-bf8c-02829b1c1559,why-do-i-feel-like-im-always-walking-on-eggshells-d4e7f1,david-k-gore-phd,"Kenneth W. Christian, PhD",sarah-evers,Sarah Evers,sarah-evers,Sarah Evers,Building Healthy Relationships,relationships-and-communication,Relationships & Communication,relationships-and-connection,Communication & Conflict,100,high,alias_keyword:Anxiety|exact_topic:relationships-and-communication via Building Healthy Relationships (w=1),requires_keyword_support:Chronic Illness & Disability|requires_keyword_support:Caregiver Stress,none,complete,true,false,Clinical contributor,specialty_matched_organizational_approval,peachtree_psychology_susan_keenan,true,2026-06-19,,
b0610508-444f-41b3-b20c-ac812ad2e3bd,why-do-i-feel-like-im-behind-everyone-el-181083-024,david-k-gore-phd,"Kenneth W. Christian, PhD",samantha-bryant,Samantha Bryant,samantha-bryant,Samantha Bryant,Self Esteem,identity-and-self-worth,Identity & Self-Worth,identity-and-self-worth,Identity & Self-Worth,100,high,alias_keyword:Anxiety|alt_topic:identity-and-self-worth via Body Image (w=0.4)|alt_topic:identity-and-self-worth via Life Transitions (w=0.4)|exact_topic:identity-and-self-worth via Self Esteem (w=1),,none,complete,true,false,Clinical contributor,specialty_matched_organizational_approval,peachtree_psychology_susan_keenan,true,2026-06-19,,
ce80d961-e4ab-469a-aff7-2db76e607709,why-do-i-feel-like-im-behind-everyone-el-189668-017,david-k-gore-phd,"Kenneth W. Christian, PhD",sarah-evers,Sarah Evers,sarah-evers,Sarah Evers,Shame & Conditions of Worth,identity-and-self-worth,Identity & Self-Worth,identity-and-self-worth,Identity & Self-Worth,100,high,exact_topic:identity-and-self-worth via Life Events & Transitions (w=0.4)|exact_topic:identity-and-self-worth via Shame & Conditions of Worth (w=1),requires_keyword_support:Chronic Illness & Disability|requires_keyword_support:Caregiver Stress,none,complete,true,false,Clinical contributor,specialty_matched_organizational_approval,peachtree_psychology_susan_keenan,true,2026-06-19,,
f8bb7b0d-ae2c-4299-a6a5-78b4e1f15484,why-do-i-feel-like-im-betraying-my-family-by-p5q8r2,david-k-gore-phd,"Kenneth W. Christian, PhD",jackie-malone,Jackie Malone,jackie-malone,Jackie Malone,Self Esteem,identity-and-self-worth,Identity & Self-Worth,identity-and-self-worth,Identity & Self-Worth,100,high,exact_topic:identity-and-self-worth via Body Image (w=0.4)|demoted_missing_keyword_support|exact_topic:identity-and-self-worth via Life Transitions (w=0.4)|exact_topic:identity-and-self-worth via Self Esteem (w=1),,none,complete,true,false,Clinical contributor,specialty_matched_organizational_approval,peachtree_psychology_susan_keenan,true,2026-06-19,,
8a22e065-26bb-4e1c-83c9-6cfbda52f1de,why-do-i-feel-like-im-constantly-disappointing-people-184730-045,david-k-gore-phd,"Kenneth W. Christian, PhD",meredith-price,Meredith Price,meredith-price,Meredith Price,Self Esteem,identity-and-self-worth,Identity & Self-Worth,identity-and-self-worth,Identity & Self-Worth,100,high,alias_keyword:Anxiety|alt_topic:identity-and-self-worth via Body Image (w=0.4)|alt_topic:identity-and-self-worth via Life Transitions (w=0.4)|exact_topic:identity-and-self-worth via Self Esteem (w=1),"requires_keyword_support:Pregnancy, Prenatal, Postpartum",none,complete,true,false,Clinical contributor,specialty_matched_organizational_approval,peachtree_psychology_susan_keenan,true,2026-06-19,,
f688be18-0acc-4442-a2a1-faccbf93028a,why-do-i-feel-like-im-failing-as-a-parent-177941-006,david-k-gore-phd,"Kenneth W. Christian, PhD",kelsey-donahue,Kelsey Madsen (Donahue),kelsey-donahue,Kelsey Madsen (Donahue),Parenting,family-and-parenting,Family & Parenting,family-and-parenting,Parenting,100,high,exact_topic:family-and-parenting via Child (w=1)|exact_topic:family-and-parenting via Family Conflict (w=1)|exact_topic:family-and-parenting via Parenting (w=1)|preferred_specialty_keyword:Parenting,requires_keyword_support:Eating Disorders,none,complete,true,false,Clinical contributor,specialty_matched_organizational_approval,peachtree_psychology_susan_keenan,true,2026-06-19,,
93205f1f-5ea1-4183-8cb0-8f8e7e7e9932,why-do-i-feel-like-im-failing-at-everyth-177940-030,david-k-gore-phd,"Kenneth W. Christian, PhD",laura-hilsen,Laura Hilsen,laura-hilsen,Laura Hilsen,Self-Esteem,identity-and-self-worth,Identity & Self-Worth,identity-and-self-worth,Self-Worth,100,high,exact_topic:identity-and-self-worth via Life Transitions (w=0.4)|exact_topic:identity-and-self-worth via Self-Compassion (w=1)|exact_topic:identity-and-self-worth via Self-Esteem (w=1),,none,complete,true,false,Clinical contributor,specialty_matched_organizational_approval,peachtree_psychology_susan_keenan,true,2026-06-19,,
f975c1cf-9654-4b2c-8449-7b2f9bde2739,why-do-i-feel-like-im-failing-at-everything-b2c3d4,david-k-gore-phd,"Kenneth W. Christian, PhD",michaela-hilburn,Michaela Hilburn,michaela-hilburn,Michaela Hilburn,Self-Esteem,identity-and-self-worth,Identity & Self-Worth,identity-and-self-worth,Identity & Self-Worth,100,high,exact_topic:identity-and-self-worth via Life Transitions (w=0.4)|exact_topic:identity-and-self-worth via Self-Compassion (w=1)|exact_topic:identity-and-self-worth via Self-Esteem (w=1),,none,complete,true,false,Clinical contributor,specialty_matched_organizational_approval,peachtree_psychology_susan_keenan,true,2026-06-19,,
eb20c817-eea2-4159-912a-0c2cb28a556c,why-do-i-feel-like-im-living-in-a-fog-all-the-time-t8u1v4,david-k-gore-phd,"Kenneth W. Christian, PhD",liz-webb,Liz Webb,liz-webb,Liz Webb,Depression,depression,Depression,anxiety-and-mood,Depression,100,high,parent_theme:anxiety-and-mood via Anxiety|exact_topic:depression via Depression (w=1)|preferred_specialty_keyword:Depression,,none,complete,true,false,Clinical contributor,specialty_matched_organizational_approval,peachtree_psychology_susan_keenan,true,2026-06-19,,
76dd5b08-db42-42ea-8d64-98b828c28f92,why-do-i-feel-like-im-living-someone-els-177940-010,david-k-gore-phd,"Kenneth W. Christian, PhD",michaela-hilburn,Michaela Hilburn,michaela-hilburn,Michaela Hilburn,Self-Esteem,identity-and-self-worth,Identity & Self-Worth,identity-and-self-worth,Identity & Self-Worth,100,high,exact_topic:identity-and-self-worth via Life Transitions (w=0.4)|exact_topic:identity-and-self-worth via Self-Compassion (w=1)|exact_topic:identity-and-self-worth via Self-Esteem (w=1),,none,complete,true,false,Clinical contributor,specialty_matched_organizational_approval,peachtree_psychology_susan_keenan,true,2026-06-19,,
cc90f4a4-845d-48c6-a80c-648ff1de8b71,why-do-i-feel-like-im-losing-my-cultural-identity-t7u1v6,david-k-gore-phd,"Kenneth W. Christian, PhD",susan-keenan,Susan L. Keenan,susan-keenan,Susan L. Keenan,Self Esteem,identity-and-self-worth,Identity & Self-Worth,identity-and-self-worth,Identity & Self-Worth,100,high,alias_keyword:loss|exact_topic:identity-and-self-worth via Self Esteem (w=1),,none,complete,true,false,Clinical contributor,specialty_matched_organizational_approval,peachtree_psychology_susan_keenan,true,2026-06-19,,
c9146266-93c9-4c03-a25c-bf6a10c86bb2,why-do-i-feel-like-im-losing-my-cultural-z5a8b4,david-k-gore-phd,"Kenneth W. Christian, PhD",jackie-malone,Jackie Malone,jackie-malone,Jackie Malone,Self Esteem,identity-and-self-worth,Identity & Self-Worth,identity-and-self-worth,Identity & Self-Worth,100,high,exact_topic:identity-and-self-worth via Body Image (w=0.4)|demoted_missing_keyword_support|exact_topic:identity-and-self-worth via Life Transitions (w=0.4)|exact_topic:identity-and-self-worth via Self Esteem (w=1),,none,complete,true,false,Clinical contributor,specialty_matched_organizational_approval,peachtree_psychology_susan_keenan,true,2026-06-19,,
38562c52-9759-445d-9c73-8c631eacb43a,why-do-i-feel-like-im-losing-my-native-language-i8j2k5,david-k-gore-phd,"Kenneth W. Christian, PhD",laura-hilsen,Laura Hilsen,laura-hilsen,Laura Hilsen,Self-Esteem,identity-and-self-worth,Identity & Self-Worth,identity-and-self-worth,Identity & Self-Worth,100,high,exact_topic:identity-and-self-worth via Life Transitions (w=0.4)|exact_topic:identity-and-self-worth via Self-Compassion (w=1)|exact_topic:identity-and-self-worth via Self-Esteem (w=1),,none,complete,true,false,Clinical contributor,specialty_matched_organizational_approval,peachtree_psychology_susan_keenan,true,2026-06-19,,
bb52a5a4-47f2-4d21-a1b9-0e6727109afe,why-do-i-feel-like-im-losing-myself-in-184730-046,david-k-gore-phd,"Kenneth W. Christian, PhD",susan-keenan,Susan L. Keenan,susan-keenan,Susan L. Keenan,Relationship Issues,relationships-and-communication,Relationships & Communication,relationships-and-connection,Relationships & Divorce,100,high,alias_keyword:loss|exact_topic:relationships-and-communication via Relationship Issues (w=1),,none,complete,true,false,Clinical contributor,specialty_matched_organizational_approval,peachtree_psychology_susan_keenan,true,2026-06-19,,
b29b1a4f-d36a-47f9-83b9-0d43e32b556c,why-do-i-feel-like-im-never-enough-for-anyone-l6m9n3,david-k-gore-phd,"Kenneth W. Christian, PhD",meredith-price,Meredith Price,meredith-price,Meredith Price,Self Esteem,identity-and-self-worth,Identity & Self-Worth,identity-and-self-worth,Identity & Self-Worth,100,high,exact_topic:identity-and-self-worth via Body Image (w=0.4)|demoted_missing_keyword_support|exact_topic:identity-and-self-worth via Life Transitions (w=0.4)|exact_topic:identity-and-self-worth via Self Esteem (w=1),"requires_keyword_support:Pregnancy, Prenatal, Postpartum",none,complete,true,false,Clinical contributor,specialty_matched_organizational_approval,peachtree_psychology_susan_keenan,true,2026-06-19,,
bb65ff3f-b06a-45c6-b62c-d122a527574a,why-do-i-feel-like-im-never-going-to-hav-181083-020,david-k-gore-phd,"Kenneth W. Christian, PhD",michaela-hilburn,Michaela Hilburn,michaela-hilburn,Michaela Hilburn,Work/Life Balance,work-and-burnout,Work & Burnout,work-and-purpose,Work & Burnout,100,high,alias_keyword:Anxiety|alt_topic:work-and-burnout via Life Transitions (w=0.45)|exact_topic:work-and-burnout via Work/Life Balance (w=1),,none,complete,true,false,Clinical contributor,specialty_matched_organizational_approval,peachtree_psychology_susan_keenan,true,2026-06-19,,
345e4795-bd55-4368-bc34-1e1bb93a3a67,why-do-i-feel-like-im-not-allowed-to-be-angry-184730-100,david-k-gore-phd,"Kenneth W. Christian, PhD",michaela-hilburn,Michaela Hilburn,michaela-hilburn,Michaela Hilburn,Self-Esteem,identity-and-self-worth,Identity & Self-Worth,identity-and-self-worth,Identity & Self-Worth,100,high,exact_topic:identity-and-self-worth via Life Transitions (w=0.4)|exact_topic:identity-and-self-worth via Self-Compassion (w=1)|exact_topic:identity-and-self-worth via Self-Esteem (w=1),,none,complete,true,false,Clinical contributor,specialty_matched_organizational_approval,peachtree_psychology_susan_keenan,true,2026-06-19,,
437cb7fe-778e-41ca-bb9c-9c7476f1b61f,why-do-i-feel-like-im-not-allowed-to-be-happy-184730-062,david-k-gore-phd,"Kenneth W. Christian, PhD",meredith-price,Meredith Price,meredith-price,Meredith Price,Self Esteem,identity-and-self-worth,Identity & Self-Worth,identity-and-self-worth,Identity & Self-Worth,100,high,exact_topic:identity-and-self-worth via Body Image (w=0.4)|demoted_missing_keyword_support|alias_keyword:loss|exact_topic:identity-and-self-worth via Life Transitions (w=0.4)|exact_topic:identity-and-self-worth via Self Esteem (w=1),"requires_keyword_support:Pregnancy, Prenatal, Postpartum",none,complete,true,false,Clinical contributor,specialty_matched_organizational_approval,peachtree_psychology_susan_keenan,true,2026-06-19,,
ad5c9c10-d2ca-4269-979a-64b92da83a27,why-do-i-feel-like-im-not-allowed-to-have-problems-f8g1h4,david-k-gore-phd,"Kenneth W. Christian, PhD",laura-hilsen,Laura Hilsen,laura-hilsen,Laura Hilsen,Self-Esteem,identity-and-self-worth,Identity & Self-Worth,identity-and-self-worth,Identity & Self-Worth,100,high,exact_topic:identity-and-self-worth via Life Transitions (w=0.4)|exact_topic:identity-and-self-worth via Self-Compassion (w=1)|exact_topic:identity-and-self-worth via Self-Esteem (w=1),,none,complete,true,false,Clinical contributor,specialty_matched_organizational_approval,peachtree_psychology_susan_keenan,true,2026-06-19,,
79c0ab08-0922-4907-a70e-0d8043825fa6,why-do-i-feel-like-im-not-good-at-anything-184730-056,david-k-gore-phd,"Kenneth W. Christian, PhD",samantha-bryant,Samantha Bryant,samantha-bryant,Samantha Bryant,Self Esteem,identity-and-self-worth,Identity & Self-Worth,identity-and-self-worth,Identity & Self-Worth,100,high,alias_keyword:Depression|alt_topic:identity-and-self-worth via Body Image (w=0.4)|alt_topic:identity-and-self-worth via Life Transitions (w=0.4)|exact_topic:identity-and-self-worth via Self Esteem (w=1),,none,complete,true,false,Clinical contributor,specialty_matched_organizational_approval,peachtree_psychology_susan_keenan,true,2026-06-19,,
57a4bea1-8f87-43a8-9554-b44f85829d07,why-do-i-feel-like-im-not-good-enough-184730-021,david-k-gore-phd,"Kenneth W. Christian, PhD",michaela-hilburn,Michaela Hilburn,michaela-hilburn,Michaela Hilburn,Self-Esteem,identity-and-self-worth,Identity & Self-Worth,identity-and-self-worth,Identity & Self-Worth,100,high,exact_topic:identity-and-self-worth via Life Transitions (w=0.4)|exact_topic:identity-and-self-worth via Self-Compassion (w=1)|exact_topic:identity-and-self-worth via Self-Esteem (w=1),,none,complete,true,false,Clinical contributor,specialty_matched_organizational_approval,peachtree_psychology_susan_keenan,true,2026-06-19,,
fe9ccdb9-17dd-4169-a138-2548f6941e7a,why-do-i-feel-like-im-performing-my-own-184730-005,david-k-gore-phd,"Kenneth W. Christian, PhD",sarah-evers,Sarah Evers,sarah-evers,Sarah Evers,Shame & Conditions of Worth,identity-and-self-worth,Identity & Self-Worth,identity-and-self-worth,Identity & Self-Worth,100,high,exact_topic:identity-and-self-worth via Life Events & Transitions (w=0.4)|exact_topic:identity-and-self-worth via Shame & Conditions of Worth (w=1),requires_keyword_support:Chronic Illness & Disability|requires_keyword_support:Caregiver Stress,none,complete,true,false,Clinical contributor,specialty_matched_organizational_approval,peachtree_psychology_susan_keenan,true,2026-06-19,,
9c652cd9-f40f-4909-983f-2d29ccd8f928,why-do-i-feel-like-im-pretending-to-be-an-adult-184730-072,david-k-gore-phd,"Kenneth W. Christian, PhD",samantha-bryant,Samantha Bryant,samantha-bryant,Samantha Bryant,Self Esteem,identity-and-self-worth,Identity & Self-Worth,identity-and-self-worth,Identity & Self-Worth,100,high,exact_topic:identity-and-self-worth via Body Image (w=0.4)|demoted_missing_keyword_support|exact_topic:identity-and-self-worth via Life Transitions (w=0.4)|exact_topic:identity-and-self-worth via Self Esteem (w=1),,none,complete,true,false,Clinical contributor,specialty_matched_organizational_approval,peachtree_psychology_susan_keenan,true,2026-06-19,,
bcbf383b-a50d-4c5c-b337-225945327456,why-do-i-feel-like-im-pretending-to-be-s-177940-018,david-k-gore-phd,"Kenneth W. Christian, PhD",laura-hilsen,Laura Hilsen,laura-hilsen,Laura Hilsen,Self-Esteem,identity-and-self-worth,Identity & Self-Worth,identity-and-self-worth,Identity & Self-Worth,100,high,exact_topic:identity-and-self-worth via Life Transitions (w=0.4)|exact_topic:identity-and-self-worth via Self-Compassion (w=1)|exact_topic:identity-and-self-worth via Self-Esteem (w=1),,none,complete,true,false,Clinical contributor,specialty_matched_organizational_approval,peachtree_psychology_susan_keenan,true,2026-06-19,,
4572d91a-fe2e-4fe2-90ff-d1bdbb91e67a,why-do-i-feel-like-im-pretending-to-be-s-189668-003,david-k-gore-phd,"Kenneth W. Christian, PhD",michaela-hilburn,Michaela Hilburn,michaela-hilburn,Michaela Hilburn,Work/Life Balance,work-and-burnout,Work & Burnout,work-and-purpose,Work & Burnout,100,high,exact_topic:work-and-burnout via Life Transitions (w=0.45)|exact_topic:work-and-burnout via Work/Life Balance (w=1),,none,complete,true,false,Clinical contributor,specialty_matched_organizational_approval,peachtree_psychology_susan_keenan,true,2026-06-19,,
0fb51651-4bc3-42a1-829d-76f85c10e6e7,why-do-i-feel-like-im-pretending-to-be-someone-im-not-r8s9t1,david-k-gore-phd,"Kenneth W. Christian, PhD",sarah-evers,Sarah Evers,sarah-evers,Sarah Evers,Shame & Conditions of Worth,identity-and-self-worth,Identity & Self-Worth,identity-and-self-worth,Identity & Self-Worth,100,high,exact_topic:identity-and-self-worth via Life Events & Transitions (w=0.4)|exact_topic:identity-and-self-worth via Shame & Conditions of Worth (w=1),requires_keyword_support:Chronic Illness & Disability|requires_keyword_support:Caregiver Stress,none,complete,true,false,Clinical contributor,specialty_matched_organizational_approval,peachtree_psychology_susan_keenan,true,2026-06-19,,
e755a445-0016-4702-af6f-9fc1cdd0041d,why-do-i-feel-like-im-too-much-for-peopl-181083-093,david-k-gore-phd,"Kenneth W. Christian, PhD",jackie-malone,Jackie Malone,jackie-malone,Jackie Malone,Self Esteem,identity-and-self-worth,Identity & Self-Worth,identity-and-self-worth,Identity & Self-Worth,100,high,exact_topic:identity-and-self-worth via Body Image (w=0.4)|demoted_missing_keyword_support|exact_topic:identity-and-self-worth via Life Transitions (w=0.4)|exact_topic:identity-and-self-worth via Self Esteem (w=1),,none,complete,true,false,Clinical contributor,specialty_matched_organizational_approval,peachtree_psychology_susan_keenan,true,2026-06-19,,
3eb29e6f-410f-424b-a437-1cee503315a9,why-do-i-feel-like-i-need-constant-validation-184730-054,david-k-gore-phd,"Kenneth W. Christian, PhD",jackie-malone,Jackie Malone,jackie-malone,Jackie Malone,Self Esteem,identity-and-self-worth,Identity & Self-Worth,identity-and-self-worth,Identity & Self-Worth,100,high,exact_topic:identity-and-self-worth via Body Image (w=0.4)|demoted_missing_keyword_support|exact_topic:identity-and-self-worth via Life Transitions (w=0.4)|exact_topic:identity-and-self-worth via Self Esteem (w=1),,none,complete,true,false,Clinical contributor,specialty_matched_organizational_approval,peachtree_psychology_susan_keenan,true,2026-06-19,,
cb473940-d144-4b3f-acee-df5032d4a776,why-do-i-feel-like-i-need-everyone-to-like-184730-019,david-k-gore-phd,"Kenneth W. Christian, PhD",samantha-bryant,Samantha Bryant,samantha-bryant,Samantha Bryant,Self Esteem,identity-and-self-worth,Identity & Self-Worth,identity-and-self-worth,Identity & Self-Worth,100,high,exact_topic:identity-and-self-worth via Body Image (w=0.4)|demoted_missing_keyword_support|exact_topic:identity-and-self-worth via Life Transitions (w=0.4)|exact_topic:identity-and-self-worth via Self Esteem (w=1),,none,complete,true,false,Clinical contributor,specialty_matched_organizational_approval,peachtree_psychology_susan_keenan,true,2026-06-19,,
e5e69e60-6696-448e-8986-b08ff0d573d5,why-do-i-feel-like-i-need-to-earn-love-and-184730-064,david-k-gore-phd,"Kenneth W. Christian, PhD",laura-hilsen,Laura Hilsen,laura-hilsen,Laura Hilsen,Self-Esteem,identity-and-self-worth,Identity & Self-Worth,identity-and-self-worth,Identity & Self-Worth,100,high,exact_topic:identity-and-self-worth via Life Transitions (w=0.4)|exact_topic:identity-and-self-worth via Self-Compassion (w=1)|exact_topic:identity-and-self-worth via Self-Esteem (w=1),,none,complete,true,false,Clinical contributor,specialty_matched_organizational_approval,peachtree_psychology_susan_keenan,true,2026-06-19,,
9c790b5d-1136-4cb6-9bab-e073a24ab3ae,why-do-i-feel-like-i-need-to-fix-everyones-184730-037,david-k-gore-phd,"Kenneth W. Christian, PhD",jackie-malone,Jackie Malone,jackie-malone,Jackie Malone,Relationship Issues,relationships-and-communication,Relationships & Communication,relationships-and-connection,Communication & Conflict,100,high,alias_keyword:Anxiety|exact_topic:relationships-and-communication via Codependency (w=1)|exact_topic:relationships-and-communication via Relationship Issues (w=1),,none,complete,true,false,Clinical contributor,specialty_matched_organizational_approval,peachtree_psychology_susan_keenan,true,2026-06-19,,
e8dcd44e-34f3-4edb-b9db-c7e88f0972f0,why-do-i-feel-like-life-has-no-meaning-or-purpose-v6w2x8,david-k-gore-phd,"Kenneth W. Christian, PhD",lynn-lane,Lynn Lane,lynn-lane,Lynn Lane,Spiritual Issues,meaning-faith-and-existential-questions,"Meaning, Faith & Existential Questions",spirituality-and-meaning,Life Purpose,85,high,alias_keyword:Depression|exact_topic:meaning-faith-and-existential-questions via Spiritual Issues (w=0.85),,none,complete,true,false,Clinical contributor,specialty_matched_organizational_approval,peachtree_psychology_susan_keenan,true,2026-06-19,true,approve
b3304e89-be3e-44a6-bd08-fe48f656f28b,why-do-i-feel-lonelier-after-spending-time-with-ai-189142-013,david-k-gore-phd,"Kenneth W. Christian, PhD",kelsey-donahue,Kelsey Madsen (Donahue),kelsey-donahue,Kelsey Madsen (Donahue),Depression,depression,Depression,anxiety-and-mood,Depression,100,high,parent_theme:anxiety-and-mood via Anxiety|exact_topic:depression via Depression (w=1)|preferred_specialty_keyword:Depression,,none,complete,true,false,Clinical contributor,specialty_matched_organizational_approval,peachtree_psychology_susan_keenan,true,2026-06-19,,
b43eb5d6-2e22-444e-b886-f1171bdea62a,why-do-i-feel-lonely-even-when-im-around-184730-017,david-k-gore-phd,"Kenneth W. Christian, PhD",susan-keenan,Susan L. Keenan,susan-keenan,Susan L. Keenan,Relationship Issues,relationships-and-communication,Relationships & Communication,relationships-and-connection,Relationships & Divorce,100,high,parent_theme:relationships-and-connection via LGBTQ+|exact_topic:relationships-and-communication via Relationship Issues (w=1),,none,complete,true,false,Clinical contributor,specialty_matched_organizational_approval,peachtree_psychology_susan_keenan,true,2026-06-19,,
1153a9fc-324f-4f51-909a-403a22848a79,why-do-i-feel-lonely-even-when-im-in-a-r-190648-009,david-k-gore-phd,"Kenneth W. Christian, PhD",jackie-malone,Jackie Malone,jackie-malone,Jackie Malone,Relationship Issues,relationships-and-communication,Relationships & Communication,relationships-and-connection,Relationships & Divorce,100,high,parent_theme:relationships-and-connection via Bisexual|exact_topic:relationships-and-communication via Codependency (w=1)|exact_topic:relationships-and-communication via Relationship Issues (w=1),requires_keyword_support:Body Image,none,complete,true,false,Clinical contributor,specialty_matched_organizational_approval,peachtree_psychology_susan_keenan,true,2026-06-19,,
6a65c8dd-133a-4272-965d-ab116b7a8f50,why-do-i-feel-lonely-in-my-relationship-191368-010,david-k-gore-phd,"Kenneth W. Christian, PhD",lexi-cooper,Lexi Cooper,lexi-cooper,Lexi Cooper,Familial Relationship Counseling,relationships-and-communication,Relationships & Communication,relationships-and-connection,Relationships & Divorce,100,high,exact_topic:relationships-and-communication via Familial Relationship Counseling (w=1),,none,complete,true,false,Clinical contributor,specialty_matched_organizational_approval,peachtree_psychology_susan_keenan,true,2026-06-19,,
00efe394-abac-431b-b6ef-e836230becfc,why-do-i-feel-more-anxious-after-using-social-f9g3h7,david-k-gore-phd,"Kenneth W. Christian, PhD",jackie-malone,Jackie Malone,jackie-malone,Jackie Malone,Stress,anxiety-and-stress,Anxiety & Stress,anxiety-and-mood,Anxiety & Stress,100,high,exact_topic:anxiety-and-stress via Anxiety (w=1)|preferred_specialty_keyword:Anxiety|alt_topic:anxiety-and-stress via Depression (w=0.35)|exact_topic:anxiety-and-stress via Stress (w=1),,none,complete,true,false,Clinical contributor,specialty_matched_organizational_approval,peachtree_psychology_susan_keenan,true,2026-06-19,,
4cf2e8c1-8115-4ec0-9d3c-f667dfba3e7b,why-do-i-feel-more-anxious-when-i-try-to-191368-003,david-k-gore-phd,"Kenneth W. Christian, PhD",meredith-price,Meredith Price,meredith-price,Meredith Price,Stress,anxiety-and-stress,Anxiety & Stress,anxiety-and-mood,Anxiety & Stress,100,high,"exact_topic:anxiety-and-stress via Pregnancy, Prenatal, Postpartum (w=0.5)|demoted_missing_keyword_support|exact_topic:anxiety-and-stress via Depression (w=0.35)|parent_theme:anxiety-and-mood via Depression|exact_topic:anxiety-and-stress via Anxiety (w=1)|preferred_specialty_keyword:Anxiety|alt_topic:anxiety-and-stress via Infertility (w=0.5)|demoted_missing_keyword_support|exact_topic:anxiety-and-stress via Stress (w=1)",,none,complete,true,false,Clinical contributor,specialty_matched_organizational_approval,peachtree_psychology_susan_keenan,true,2026-06-19,,
558b5859-c1cc-4d72-a47f-2d1580576e39,why-do-i-feel-more-comfortable-with-onli-189668-013,david-k-gore-phd,"Kenneth W. Christian, PhD",samantha-bryant,Samantha Bryant,samantha-bryant,Samantha Bryant,Marital and Premarital,relationships-and-communication,Relationships & Communication,relationships-and-connection,Relationships & Divorce,100,high,parent_theme:relationships-and-connection via Bisexual|exact_topic:relationships-and-communication via Codependency (w=1)|exact_topic:relationships-and-communication via Marital and Premarital (w=1),requires_keyword_support:Body Image,none,complete,true,false,Clinical contributor,specialty_matched_organizational_approval,peachtree_psychology_susan_keenan,true,2026-06-19,,
ab76904d-e95e-4f40-89bc-da1c1e7ac32b,why-do-i-feel-more-depressed-in-the-morn-181083-054,david-k-gore-phd,"Kenneth W. Christian, PhD",laura-hilsen,Laura Hilsen,laura-hilsen,Laura Hilsen,Depression,depression,Depression,anxiety-and-mood,Depression,100,high,parent_theme:anxiety-and-mood via Anxiety|exact_topic:depression via Depression (w=1)|preferred_specialty_keyword:Depression|alt_topic:depression via Mood Disorders (w=0.85),,none,complete,true,false,Clinical contributor,specialty_matched_organizational_approval,peachtree_psychology_susan_keenan,true,2026-06-19,,
9952dc2c-b098-4fe4-8076-9cb57226b226,why-do-i-feel-more-like-myself-when-interacting-wi-189142-009,david-k-gore-phd,"Kenneth W. Christian, PhD",meredith-price,Meredith Price,meredith-price,Meredith Price,Self Esteem,identity-and-self-worth,Identity & Self-Worth,identity-and-self-worth,Identity & Self-Worth,100,high,exact_topic:identity-and-self-worth via Body Image (w=0.4)|demoted_missing_keyword_support|exact_topic:identity-and-self-worth via Life Transitions (w=0.4)|exact_topic:identity-and-self-worth via Self Esteem (w=1),"requires_keyword_support:Pregnancy, Prenatal, Postpartum",none,complete,true,false,Clinical contributor,specialty_matched_organizational_approval,peachtree_psychology_susan_keenan,true,2026-06-19,,
1c5a662c-92b8-49ac-94d5-d832f11db6d4,why-do-i-feel-more-lonely-after-spending-181083-070,david-k-gore-phd,"Kenneth W. Christian, PhD",alex-crenshaw-phd,Dr. Alex Crenshaw,alex-crenshaw-phd,Dr. Alex Crenshaw,Couples,relationships-and-communication,Relationships & Communication,relationships-and-connection,Relationships & Divorce,100,high,exact_topic:relationships-and-communication via Couples (w=1),,none,complete,true,false,Clinical contributor,specialty_matched_organizational_approval,peachtree_psychology_susan_keenan,true,2026-06-19,,
2c9bd6df-44af-4679-afcb-378985808f36,why-do-i-feel-more-seen-and-understood-by-ai-than--189142-002,david-k-gore-phd,"Kenneth W. Christian, PhD",jackie-malone,Jackie Malone,jackie-malone,Jackie Malone,Self Esteem,identity-and-self-worth,Identity & Self-Worth,identity-and-self-worth,Identity & Self-Worth,100,high,exact_topic:identity-and-self-worth via Body Image (w=0.4)|demoted_missing_keyword_support|exact_topic:identity-and-self-worth via Life Transitions (w=0.4)|exact_topic:identity-and-self-worth via Self Esteem (w=1),,none,complete,true,false,Clinical contributor,specialty_matched_organizational_approval,peachtree_psychology_susan_keenan,true,2026-06-19,,
27c7afc3-193c-4296-a190-34a913794de5,why-do-i-feel-numb-instead-of-sad,david-k-gore-phd,"Kenneth W. Christian, PhD",samantha-bryant,Samantha Bryant,samantha-bryant,Samantha Bryant,Depression,depression,Depression,anxiety-and-mood,Depression,100,high,parent_theme:anxiety-and-mood via Anxiety|exact_topic:depression via Depression (w=1)|preferred_specialty_keyword:Depression|alt_topic:depression via Mood Disorders (w=0.85),,none,complete,true,false,Clinical contributor,specialty_matched_organizational_approval,peachtree_psychology_susan_keenan,true,2026-06-19,,
5ef60c9a-18b1-48d0-b881-ec3b889bae5a,why-do-i-feel-overwhelmed-by-simple-tasks-184730-031,david-k-gore-phd,"Kenneth W. Christian, PhD",liz-webb,Liz Webb,liz-webb,Liz Webb,Depression,anxiety-and-stress,Anxiety & Stress,anxiety-and-mood,Anxiety & Stress,100,high,exact_topic:anxiety-and-stress via Anxiety (w=1)|preferred_specialty_keyword:Anxiety|alt_topic:anxiety-and-stress via Depression (w=0.35)|preferred_specialty_keyword:Depression,,none,complete,true,false,Clinical contributor,specialty_matched_organizational_approval,peachtree_psychology_susan_keenan,true,2026-06-19,,
0a74a1f4-2f77-49fe-a93b-523554f67bb2,why-do-i-feel-safer-being-vulnerable-with-ai-than--189142-006,david-k-gore-phd,"Kenneth W. Christian, PhD",samantha-bryant,Samantha Bryant,samantha-bryant,Samantha Bryant,Marital and Premarital,relationships-and-communication,Relationships & Communication,relationships-and-connection,Relationships & Divorce,100,high,parent_theme:relationships-and-connection via Bisexual|exact_topic:relationships-and-communication via Codependency (w=1)|exact_topic:relationships-and-communication via Marital and Premarital (w=1),requires_keyword_support:Body Image,none,complete,true,false,Clinical contributor,specialty_matched_organizational_approval,peachtree_psychology_susan_keenan,true,2026-06-19,,
04a90d35-637d-4a50-b72a-0016b169551b,why-do-i-feel-so-anxious-about-what-my-f-184729-006,david-k-gore-phd,"Kenneth W. Christian, PhD",jeannine-jannot,"Jeannine Jannot, Ph.D.",jeannine-jannot,"Jeannine Jannot, Ph.D.",Stress,teens-and-identity,Teens & Identity,family-and-parenting,Teens & Identity,86,high,exact_topic:teens-and-identity via School Issues (w=0.45)|exact_topic:teens-and-identity via Parenting (w=0.7)|alias_keyword:Anxiety|alt_topic:teens-and-identity via Child (w=0.7)|alt_topic:teens-and-identity via Education and Learning Disabilities (w=0.45)|alt_topic:teens-and-identity via Executive Functioning (w=0.45)|alt_topic:teens-and-identity via Productivity Coaching (w=0.45)|alias_keyword:Anxiety,,none,complete,true,false,Clinical contributor,specialty_matched_organizational_approval,peachtree_psychology_susan_keenan,true,2026-06-19,,
e71edc2a-ddeb-484a-a0a3-8fe8db480a29,why-do-i-feel-so-emotional-all-the-time-185759-019,david-k-gore-phd,"Kenneth W. Christian, PhD",jeannine-jannot,"Jeannine Jannot, Ph.D.",jeannine-jannot,"Jeannine Jannot, Ph.D.",Stress,teens-and-identity,Teens & Identity,family-and-parenting,Teens & Identity,86,high,exact_topic:teens-and-identity via School Issues (w=0.45)|exact_topic:teens-and-identity via Parenting (w=0.7)|alias_keyword:stress|alt_topic:teens-and-identity via Child (w=0.7)|alt_topic:teens-and-identity via Education and Learning Disabilities (w=0.45)|alt_topic:teens-and-identity via Executive Functioning (w=0.45)|alt_topic:teens-and-identity via Productivity Coaching (w=0.45)|alias_keyword:stress,,none,complete,true,false,Clinical contributor,specialty_matched_organizational_approval,peachtree_psychology_susan_keenan,true,2026-06-19,,
ea431c76-38ea-4df7-a7fb-ad3cbf115616,why-do-i-feel-so-lonely-even-when-im-surrounded-by-people-p7q8r9,david-k-gore-phd,"Kenneth W. Christian, PhD",susan-keenan,Susan L. Keenan,susan-keenan,Susan L. Keenan,Relationship Issues,relationships-and-communication,Relationships & Communication,relationships-and-connection,Relationships & Divorce,100,high,parent_theme:relationships-and-connection via LGBTQ+|exact_topic:relationships-and-communication via Relationship Issues (w=1),,none,complete,true,false,Clinical contributor,specialty_matched_organizational_approval,peachtree_psychology_susan_keenan,true,2026-06-19,,
4a1faf5b-26b5-4dce-935b-b60ebeda7f7e,why-do-i-feel-stuck-in-a-job-thats-slowly-killing-my-soul,david-k-gore-phd,"Kenneth W. Christian, PhD",laura-hilsen,Laura Hilsen,laura-hilsen,Laura Hilsen,Work/Life Balance,work-and-burnout,Work & Burnout,work-and-purpose,Career & Purpose,100,high,exact_topic:work-and-burnout via Life Transitions (w=0.45)|exact_topic:work-and-burnout via Work/Life Balance (w=1),,none,complete,true,false,Clinical contributor,specialty_matched_organizational_approval,peachtree_psychology_susan_keenan,true,2026-06-19,,
6a2f77a4-0064-4004-9b80-75f5cbb9295c,why-do-i-feel-worse-after-good-days-when-i-have-depression,david-k-gore-phd,"Kenneth W. Christian, PhD",jackie-malone,Jackie Malone,jackie-malone,Jackie Malone,Depression,depression,Depression,anxiety-and-mood,Depression & Numbness,100,high,parent_theme:anxiety-and-mood via Anxiety|exact_topic:depression via Depression (w=1)|preferred_specialty_keyword:Depression,requires_keyword_support:Body Image,none,complete,true,false,Clinical contributor,specialty_matched_organizational_approval,peachtree_psychology_susan_keenan,true,2026-06-19,,
69235617-ff7f-4406-aaca-64e7017277ff,why-do-i-feel-worse-after-talking-to-my-184730-003,david-k-gore-phd,"Kenneth W. Christian, PhD",lexi-cooper,Lexi Cooper,lexi-cooper,Lexi Cooper,Familial Relationship Counseling,relationships-and-communication,Relationships & Communication,relationships-and-connection,Communication & Conflict,100,high,exact_topic:relationships-and-communication via Familial Relationship Counseling (w=1),,none,complete,true,false,Clinical contributor,specialty_matched_organizational_approval,peachtree_psychology_susan_keenan,true,2026-06-19,,
83719a77-dfc3-4e99-8515-f1c960345976,why-do-i-feel-worse-after-therapy-sessions-184730-066,david-k-gore-phd,"Kenneth W. Christian, PhD",sarah-evers,Sarah Evers,sarah-evers,Sarah Evers,Shame & Conditions of Worth,identity-and-self-worth,Identity & Self-Worth,identity-and-self-worth,Identity & Self-Worth,100,high,exact_topic:identity-and-self-worth via Life Events & Transitions (w=0.4)|exact_topic:identity-and-self-worth via Shame & Conditions of Worth (w=1),requires_keyword_support:Chronic Illness & Disability|requires_keyword_support:Caregiver Stress,none,complete,true,false,Clinical contributor,specialty_matched_organizational_approval,peachtree_psychology_susan_keenan,true,2026-06-19,,
4e85a3ed-c8fa-46f5-b707-1e54e615c50f,why-do-i-feel-worse-after-venting-to-fri-189668-005,david-k-gore-phd,"Kenneth W. Christian, PhD",lexi-cooper,Lexi Cooper,lexi-cooper,Lexi Cooper,Familial Relationship Counseling,relationships-and-communication,Relationships & Communication,relationships-and-connection,Communication & Conflict,100,high,alias_keyword:stress|exact_topic:relationships-and-communication via Familial Relationship Counseling (w=1),,none,complete,true,false,Clinical contributor,specialty_matched_organizational_approval,peachtree_psychology_susan_keenan,true,2026-06-19,,
95189976-a308-497f-b459-da82bd6871f8,why-do-i-feel-worse-in-the-winter-months-181288-004,david-k-gore-phd,"Kenneth W. Christian, PhD",alex-crenshaw-phd,Dr. Alex Crenshaw,alex-crenshaw-phd,Dr. Alex Crenshaw,Depression,depression,Depression,anxiety-and-mood,Depression,100,high,parent_theme:anxiety-and-mood via Anxiety|exact_topic:depression via Depression (w=1)|preferred_specialty_keyword:Depression,,none,complete,true,false,Clinical contributor,specialty_matched_organizational_approval,peachtree_psychology_susan_keenan,true,2026-06-19,,
906ac635-22ee-4be2-ad09-7c24f67bbd95,why-do-i-get-anxious-when-good-things-ha-191368-005,david-k-gore-phd,"Kenneth W. Christian, PhD",laura-hilsen,Laura Hilsen,laura-hilsen,Laura Hilsen,Anxiety,anxiety-and-stress,Anxiety & Stress,anxiety-and-mood,Anxiety & Stress,100,high,exact_topic:anxiety-and-stress via Anxiety (w=1)|preferred_specialty_keyword:Anxiety|alt_topic:anxiety-and-stress via Depression (w=0.35),,none,complete,true,false,Clinical contributor,specialty_matched_organizational_approval,peachtree_psychology_susan_keenan,true,2026-06-19,,
9a554bec-b175-4bd3-b3a0-12ac00e9ecdf,why-do-i-get-defensive-even-when-they-have-a-point,david-k-gore-phd,"Kenneth W. Christian, PhD",lexi-cooper,Lexi Cooper,lexi-cooper,Lexi Cooper,Familial Relationship Counseling,relationships-and-communication,Relationships & Communication,relationships-and-connection,Communication & Conflict,100,high,exact_topic:relationships-and-communication via Familial Relationship Counseling (w=1),,none,complete,true,false,Clinical contributor,specialty_matched_organizational_approval,peachtree_psychology_susan_keenan,true,2026-06-19,,
2bbb0405-77a1-450e-b4ea-6ca61d0ef2a1,why-do-i-get-headaches-when-im-stressed-181083-003,david-k-gore-phd,"Kenneth W. Christian, PhD",michaela-hilburn,Michaela Hilburn,michaela-hilburn,Michaela Hilburn,Anxiety,anxiety-and-stress,Anxiety & Stress,anxiety-and-mood,Anxiety & Stress,100,high,exact_topic:anxiety-and-stress via Anxiety (w=1)|preferred_specialty_keyword:Anxiety|alt_topic:anxiety-and-stress via Depression (w=0.35),,none,complete,true,false,Clinical contributor,specialty_matched_organizational_approval,peachtree_psychology_susan_keenan,true,2026-06-19,,
2c1e1a1a-89dd-4a02-b730-50657d841272,why-do-i-get-so-upset-when-things-dont-go-accordin-187459-014,david-k-gore-phd,"Kenneth W. Christian, PhD",laura-hilsen,Laura Hilsen,laura-hilsen,Laura Hilsen,Anxiety,anxiety-and-stress,Anxiety & Stress,anxiety-and-mood,Perfectionism & Control Issues,100,high,exact_topic:anxiety-and-stress via Anxiety (w=1)|alt_topic:anxiety-and-stress via Depression (w=0.35),,none,complete,true,false,Clinical contributor,specialty_matched_organizational_approval,peachtree_psychology_susan_keenan,true,2026-06-19,true,approve
204e4b32-f9f5-4fc4-b8fd-9353541776f2,why-do-i-get-trembling-hands-when-im-ner-181083-010,david-k-gore-phd,"Kenneth W. Christian, PhD",amanda-gaines,Amanda Gaines,amanda-gaines,Amanda Gaines,Anxiety,anxiety-and-stress,Anxiety & Stress,anxiety-and-mood,Anxiety & Stress,100,high,exact_topic:anxiety-and-stress via Anxiety (w=1)|preferred_specialty_keyword:Anxiety|alt_topic:anxiety-and-stress via Depression (w=0.35),,none,complete,true,false,Clinical contributor,specialty_matched_organizational_approval,peachtree_psychology_susan_keenan,true,2026-06-19,,
f9b3d91a-a259-480f-a882-6326908e4e8b,why-do-i-get-triggered-by-things-that-se-181288-026,david-k-gore-phd,"Kenneth W. Christian, PhD",samantha-bryant,Samantha Bryant,samantha-bryant,Samantha Bryant,Trauma and PTSD,trauma-and-safety,Trauma & Safety,trauma-and-safety,Trauma & Grief,100,high,alias_keyword:Grief|exact_topic:trauma-and-safety via Trauma and PTSD (w=1),requires_keyword_support:Body Image,none,complete,true,false,Clinical contributor,specialty_matched_organizational_approval,peachtree_psychology_susan_keenan,true,2026-06-19,,
649a4f34-65fb-4f3f-96a8-f009bca2f0ef,why-do-i-have-memory-gaps-from-a-traumat-179301-003,david-k-gore-phd,"Kenneth W. Christian, PhD",susan-keenan,Susan L. Keenan,susan-keenan,Susan L. Keenan,Trauma and PTSD,trauma-and-safety,Trauma & Safety,trauma-and-safety,Trauma & Grief,100,high,alias_keyword:Grief|exact_topic:trauma-and-safety via Trauma and PTSD (w=1),,none,complete,true,false,Clinical contributor,specialty_matched_organizational_approval,peachtree_psychology_susan_keenan,true,2026-06-19,,
a5f9fea2-dfd5-485d-8347-4b32d6b35c9b,why-do-i-have-such-a-hard-time-trusting-181083-097,david-k-gore-phd,"Kenneth W. Christian, PhD",samantha-bryant,Samantha Bryant,samantha-bryant,Samantha Bryant,Self Esteem,identity-and-self-worth,Identity & Self-Worth,identity-and-self-worth,Identity & Self-Worth,100,high,exact_topic:identity-and-self-worth via Body Image (w=0.4)|demoted_missing_keyword_support|exact_topic:identity-and-self-worth via Life Transitions (w=0.4)|exact_topic:identity-and-self-worth via Self Esteem (w=1),,none,complete,true,false,Clinical contributor,specialty_matched_organizational_approval,peachtree_psychology_susan_keenan,true,2026-06-19,,
a35deec8-c56d-4015-bd70-8eebe2b15c57,why-do-i-have-vivid-disturbing-dreams-wh-181083-051,david-k-gore-phd,"Kenneth W. Christian, PhD",meredith-price,Meredith Price,meredith-price,Meredith Price,Stress,anxiety-and-stress,Anxiety & Stress,anxiety-and-mood,Anxiety & Stress,100,high,"exact_topic:anxiety-and-stress via Pregnancy, Prenatal, Postpartum (w=0.5)|demoted_missing_keyword_support|exact_topic:anxiety-and-stress via Depression (w=0.35)|parent_theme:anxiety-and-mood via Depression|exact_topic:anxiety-and-stress via Anxiety (w=1)|preferred_specialty_keyword:Anxiety|alt_topic:anxiety-and-stress via Infertility (w=0.5)|demoted_missing_keyword_support|exact_topic:anxiety-and-stress via Stress (w=1)",,none,complete,true,false,Clinical contributor,specialty_matched_organizational_approval,peachtree_psychology_susan_keenan,true,2026-06-19,,
948d3afb-2935-4412-af68-fd4a39a6ed20,why-do-i-keep-having-dreams-about-the-pe-186032-002,david-k-gore-phd,"Kenneth W. Christian, PhD",michaela-hilburn,Michaela Hilburn,michaela-hilburn,Michaela Hilburn,Grief and Loss,grief-and-loss,Grief & Loss,life-transitions-and-change,Grief & Loss,100,high,exact_topic:grief-and-loss via Grief and Loss (w=1),,none,complete,true,false,Clinical contributor,specialty_matched_organizational_approval,peachtree_psychology_susan_keenan,true,2026-06-19,,
98edea60-916d-42cb-ab56-8d3c665aaccf,why-do-i-keep-relapsing-even-though-i-want-to-stay-sober,david-k-gore-phd,"Kenneth W. Christian, PhD",lynn-lane,Lynn Lane,lynn-lane,Lynn Lane,Substance Abuse & Chemical Dependency,addiction-and-recovery,Addiction & Recovery,trauma-and-safety,Addiction & Recovery,100,high,parent_theme:trauma-and-safety via PTSD|exact_topic:addiction-and-recovery via Substance Abuse & Chemical Dependency (w=1),,none,complete,true,false,Clinical contributor,specialty_matched_organizational_approval,peachtree_psychology_susan_keenan,true,2026-06-19,,
2968bc74-7dc4-443c-95b3-3a8b380d325f,why-do-i-keep-thinking-about-my-ex-even-181083-080,david-k-gore-phd,"Kenneth W. Christian, PhD",sarah-evers,Sarah Evers,sarah-evers,Sarah Evers,Building Healthy Relationships,relationships-and-communication,Relationships & Communication,relationships-and-connection,Relationships & Divorce,100,high,alias_keyword:Grief|exact_topic:relationships-and-communication via Building Healthy Relationships (w=1),requires_keyword_support:Chronic Illness & Disability|requires_keyword_support:Caregiver Stress,none,complete,true,false,Clinical contributor,specialty_matched_organizational_approval,peachtree_psychology_susan_keenan,true,2026-06-19,,
e33ea7e3-e543-46b6-bddd-fb00186f5d9e,why-do-i-lose-myself-in-romantic-relatio-181288-012,david-k-gore-phd,"Kenneth W. Christian, PhD",lynn-lane,Lynn Lane,lynn-lane,Lynn Lane,Relationship Counseling,relationships-and-communication,Relationships & Communication,relationships-and-connection,Relationships & Divorce,100,high,alias_keyword:loss|exact_topic:relationships-and-communication via Relationship Counseling (w=1),,none,complete,true,false,Clinical contributor,specialty_matched_organizational_approval,peachtree_psychology_susan_keenan,true,2026-06-19,,
65513460-88fb-4dcb-8742-cfa7713034b6,why-do-i-miss-someone-who-treated-me-badly,david-k-gore-phd,"Kenneth W. Christian, PhD",jackie-malone,Jackie Malone,jackie-malone,Jackie Malone,Relationship Issues,relationships-and-communication,Relationships & Communication,relationships-and-connection,Relationships & Divorce,100,high,parent_theme:relationships-and-connection via Bisexual|exact_topic:relationships-and-communication via Codependency (w=1)|exact_topic:relationships-and-communication via Relationship Issues (w=1),requires_keyword_support:Body Image,none,complete,true,false,Clinical contributor,specialty_matched_organizational_approval,peachtree_psychology_susan_keenan,true,2026-06-27,,
d7349158-c02f-4995-834e-7775e2ede438,why-do-i-need-everyones-approval-to-feel-190648-003,david-k-gore-phd,"Kenneth W. Christian, PhD",michaela-hilburn,Michaela Hilburn,michaela-hilburn,Michaela Hilburn,Self-Esteem,identity-and-self-worth,Identity & Self-Worth,identity-and-self-worth,Identity & Self-Worth,100,high,exact_topic:identity-and-self-worth via Life Transitions (w=0.4)|exact_topic:identity-and-self-worth via Self-Compassion (w=1)|exact_topic:identity-and-self-worth via Self-Esteem (w=1),,none,complete,true,false,Clinical contributor,specialty_matched_organizational_approval,peachtree_psychology_susan_keenan,true,2026-06-19,,
dd85515c-4a63-4365-86b9-da213398f071,why-do-i-need-everyone-to-like-me-191368-011,david-k-gore-phd,"Kenneth W. Christian, PhD",meredith-price,Meredith Price,meredith-price,Meredith Price,Self Esteem,identity-and-self-worth,Identity & Self-Worth,identity-and-self-worth,Identity & Self-Worth,100,high,exact_topic:identity-and-self-worth via Body Image (w=0.4)|demoted_missing_keyword_support|exact_topic:identity-and-self-worth via Life Transitions (w=0.4)|exact_topic:identity-and-self-worth via Self Esteem (w=1),"requires_keyword_support:Pregnancy, Prenatal, Postpartum",none,complete,true,false,Clinical contributor,specialty_matched_organizational_approval,peachtree_psychology_susan_keenan,true,2026-06-19,,
249709bb-6b3c-41cd-b83e-824d08479255,why-do-i-need-to-control-everything-and-everyone-a-187459-012,david-k-gore-phd,"Kenneth W. Christian, PhD",lynn-lane,Lynn Lane,lynn-lane,Lynn Lane,Anxiety,anxiety-and-stress,Anxiety & Stress,anxiety-and-mood,Perfectionism & Control Issues,100,high,exact_topic:anxiety-and-stress via Anxiety (w=1)|preferred_specialty_keyword:Anxiety|alt_topic:anxiety-and-stress via Depression (w=0.35),,none,complete,true,false,Clinical contributor,specialty_matched_organizational_approval,peachtree_psychology_susan_keenan,true,2026-06-19,true,approve
bff2668f-11d9-448a-a229-4ca93508a637,why-do-i-overthink-every-conversation-after-it-happens,david-k-gore-phd,"Kenneth W. Christian, PhD",kelsey-donahue,Kelsey Madsen (Donahue),kelsey-donahue,Kelsey Madsen (Donahue),Stress,anxiety-and-stress,Anxiety & Stress,anxiety-and-mood,Anxiety & Stress,100,high,exact_topic:anxiety-and-stress via Anxiety (w=1)|preferred_specialty_keyword:Anxiety|alt_topic:anxiety-and-stress via Depression (w=0.35)|exact_topic:anxiety-and-stress via Stress (w=1),,none,complete,true,false,Clinical contributor,specialty_matched_organizational_approval,peachtree_psychology_susan_keenan,true,2026-06-19,,
232093f7-a0ae-4f68-b220-d743c3ce721e,why-do-i-panic-when-i-think-about-money-181083-017,david-k-gore-phd,"Kenneth W. Christian, PhD",samantha-bryant,Samantha Bryant,samantha-bryant,Samantha Bryant,Career Counseling,work-and-burnout,Work & Burnout,work-and-purpose,Work & Burnout,100,high,alias_keyword:Anxiety|exact_topic:work-and-burnout via Career Counseling (w=1)|alt_topic:work-and-burnout via Life Transitions (w=0.45)|alt_topic:work-and-burnout via School Issues (w=0.4),,none,complete,true,false,Clinical contributor,specialty_matched_organizational_approval,peachtree_psychology_susan_keenan,true,2026-06-19,,
d8cbc469-69ea-4550-9bf7-8320afb7c69c,why-do-i-parent-the-way-i-was-parented-even-when-i-swore-i-wouldnt,david-k-gore-phd,"Kenneth W. Christian, PhD",kelsey-donahue,Kelsey Madsen (Donahue),kelsey-donahue,Kelsey Madsen (Donahue),Stress,family-and-parenting,Family & Parenting,family-and-parenting,Inner Child & Parenting,100,high,alias_keyword:stress|exact_topic:family-and-parenting via Child (w=1)|exact_topic:family-and-parenting via Family Conflict (w=1)|exact_topic:family-and-parenting via Parenting (w=1)|preferred_specialty_keyword:Parenting|preferred_specialty_keyword:stress,,none,complete,true,false,Clinical contributor,specialty_matched_organizational_approval,peachtree_psychology_susan_keenan,true,2026-06-19,,
22fa4934-92a2-47d3-bc41-94e764e3c1c1,why-do-i-push-people-away-when-they-get-181083-091,david-k-gore-phd,"Kenneth W. Christian, PhD",lexi-cooper,Lexi Cooper,lexi-cooper,Lexi Cooper,Familial Relationship Counseling,relationships-and-communication,Relationships & Communication,relationships-and-connection,Relationships & Divorce,100,high,exact_topic:relationships-and-communication via Familial Relationship Counseling (w=1),,none,complete,true,false,Clinical contributor,specialty_matched_organizational_approval,peachtree_psychology_susan_keenan,true,2026-06-19,true,approve
9234f8f0-484c-4fb9-b267-5f00e982aa2d,why-do-i-push-people-away-when-they-get-too-close--186602-010,david-k-gore-phd,"Kenneth W. Christian, PhD",sarah-evers,Sarah Evers,sarah-evers,Sarah Evers,Building Healthy Relationships,relationships-and-communication,Relationships & Communication,relationships-and-connection,Attachment Styles & Relationship Dynamics,100,high,exact_topic:relationships-and-communication via Building Healthy Relationships (w=1),requires_keyword_support:Chronic Illness & Disability|requires_keyword_support:Caregiver Stress,none,complete,true,false,Clinical contributor,specialty_matched_organizational_approval,peachtree_psychology_susan_keenan,true,2026-06-19,,
bf777fa1-7e3d-41d2-b207-f8229fd0135b,why-do-i-shut-down-during-arguments-190974-008,david-k-gore-phd,"Kenneth W. Christian, PhD",samantha-bryant,Samantha Bryant,samantha-bryant,Samantha Bryant,Marital and Premarital,relationships-and-communication,Relationships & Communication,relationships-and-connection,Communication & Conflict,100,high,parent_theme:relationships-and-connection via Bisexual|exact_topic:relationships-and-communication via Codependency (w=1)|exact_topic:relationships-and-communication via Marital and Premarital (w=1),requires_keyword_support:Body Image,none,complete,true,false,Clinical contributor,specialty_matched_organizational_approval,peachtree_psychology_susan_keenan,true,2026-06-19,,
d230f7cd-5e7b-4412-ba93-5fa7ab54d402,why-do-i-shut-down-during-intimacy-even-when-i-wan-186602-017,david-k-gore-phd,"Kenneth W. Christian, PhD",amanda-gaines,Amanda Gaines,amanda-gaines,Amanda Gaines,LGBTQIA+ Concerns,gender-sexuality-and-intimacy,"Gender, Sexuality & Intimacy",relationships-and-connection,"Sexuality, Gender Identity, and Intimacy",100,high,exact_topic:gender-sexuality-and-intimacy via LGBTQIA+ Concerns (w=1),,none,complete,true,false,Clinical contributor,specialty_matched_organizational_approval,peachtree_psychology_susan_keenan,true,2026-06-19,,
09d5d4f9-0419-4bca-ae44-3152bb333de5,why-do-i-wake-up-at-3am-with-anxiety-eve-181083-045,david-k-gore-phd,"Kenneth W. Christian, PhD",amanda-gaines,Amanda Gaines,amanda-gaines,Amanda Gaines,Anxiety,anxiety-and-stress,Anxiety & Stress,anxiety-and-mood,Anxiety & Stress,100,high,exact_topic:anxiety-and-stress via Anxiety (w=1)|preferred_specialty_keyword:Anxiety|alt_topic:anxiety-and-stress via Depression (w=0.35),,none,complete,true,false,Clinical contributor,specialty_matched_organizational_approval,peachtree_psychology_susan_keenan,true,2026-06-19,,
6b80e64e-8032-4708-af98-63978f96c318,why-do-i-worry-about-things-that-havent-181288-006,david-k-gore-phd,"Kenneth W. Christian, PhD",meredith-price,Meredith Price,meredith-price,Meredith Price,Stress,anxiety-and-stress,Anxiety & Stress,anxiety-and-mood,Anxiety & Stress,100,high,"exact_topic:anxiety-and-stress via Pregnancy, Prenatal, Postpartum (w=0.5)|demoted_missing_keyword_support|exact_topic:anxiety-and-stress via Depression (w=0.35)|parent_theme:anxiety-and-mood via Depression|exact_topic:anxiety-and-stress via Anxiety (w=1)|preferred_specialty_keyword:Anxiety|alt_topic:anxiety-and-stress via Infertility (w=0.5)|demoted_missing_keyword_support|exact_topic:anxiety-and-stress via Stress (w=1)",,none,complete,true,false,Clinical contributor,specialty_matched_organizational_approval,peachtree_psychology_susan_keenan,true,2026-06-19,true,approve
c7e683e2-b239-4277-94b5-622280fe2cca,why-do-my-partner-and-i-have-the-same-fi-185759-033,david-k-gore-phd,"Kenneth W. Christian, PhD",susan-keenan,Susan L. Keenan,susan-keenan,Susan L. Keenan,Relationship Issues,relationships-and-communication,Relationships & Communication,relationships-and-connection,Relationships & Communication,100,high,parent_theme:relationships-and-connection via LGBTQ+|exact_topic:relationships-and-communication via Relationship Issues (w=1),,none,complete,true,false,Clinical contributor,specialty_matched_organizational_approval,peachtree_psychology_susan_keenan,true,2026-06-19,,
45d772ee-4713-46f9-b416-3b1b17ccb45a,why-dont-i-feel-anything-anymore-even-about-things-i-used-to-care-about,david-k-gore-phd,"Kenneth W. Christian, PhD",liz-webb,Liz Webb,liz-webb,Liz Webb,Depression,depression,Depression,anxiety-and-mood,Depression & Numbness,100,high,parent_theme:anxiety-and-mood via Anxiety|alias_keyword:stress|exact_topic:depression via Depression (w=1)|preferred_specialty_keyword:Depression,,none,complete,true,false,Clinical contributor,specialty_matched_organizational_approval,peachtree_psychology_susan_keenan,true,2026-06-19,true,approve
45d50601-72a6-4d4c-9178-24af508353bd,why-do-small-problems-feel-huge-at-night-181083-048,david-k-gore-phd,"Kenneth W. Christian, PhD",susan-keenan,Susan L. Keenan,susan-keenan,Susan L. Keenan,Anxiety,anxiety-and-stress,Anxiety & Stress,anxiety-and-mood,Anxiety & Stress,100,high,exact_topic:anxiety-and-stress via Depression (w=0.35)|parent_theme:anxiety-and-mood via Depression|exact_topic:anxiety-and-stress via Anxiety (w=1)|preferred_specialty_keyword:Anxiety,,none,complete,true,false,Clinical contributor,specialty_matched_organizational_approval,peachtree_psychology_susan_keenan,true,2026-06-19,,
4c90a855-1740-44b7-8f63-c794c165a258,why-is-it-so-hard-to-make-friends-as-an-181083-067,david-k-gore-phd,"Kenneth W. Christian, PhD",susan-keenan,Susan L. Keenan,susan-keenan,Susan L. Keenan,Relationship Issues,relationships-and-communication,Relationships & Communication,relationships-and-connection,Relationships & Divorce,100,high,parent_theme:relationships-and-connection via LGBTQ+|exact_topic:relationships-and-communication via Relationship Issues (w=1),,none,complete,true,false,Clinical contributor,specialty_matched_organizational_approval,peachtree_psychology_susan_keenan,true,2026-06-19,true,approve
ae120bcd-ca42-4e8e-b020-5fd3f0f76a75,why-keep-going-back-to-ai-even-when-it-feels-worse,david-k-gore-phd,"Kenneth W. Christian, PhD",amanda-gaines,Amanda Gaines,amanda-gaines,Amanda Gaines,Anxiety,anxiety-and-stress,Anxiety & Stress,anxiety-and-mood,Anxiety & Stress,100,high,exact_topic:anxiety-and-stress via Anxiety (w=1)|preferred_specialty_keyword:Anxiety|alt_topic:anxiety-and-stress via Depression (w=0.35),,none,complete,true,false,Clinical contributor,specialty_matched_organizational_approval,peachtree_psychology_susan_keenan,true,2026-06-19,true,approve
03446300-9523-43d6-8fe0-bee9596b4b7e,why-work-stress-makes-me-irritable-at-home,david-k-gore-phd,"Kenneth W. Christian, PhD",samantha-bryant,Samantha Bryant,samantha-bryant,Samantha Bryant,Stress,work-and-burnout,Work & Burnout,work-and-purpose,"Work, Stress & Burnout",100,high,alias_keyword:stress|exact_topic:work-and-burnout via Career Counseling (w=1)|alt_topic:work-and-burnout via Life Transitions (w=0.45)|alt_topic:work-and-burnout via School Issues (w=0.4)|preferred_specialty_keyword:stress,,none,complete,true,false,Clinical contributor,specialty_matched_organizational_approval,peachtree_psychology_susan_keenan,true,2026-06-27,true,approve
9debf278-e4ba-4616-8dbf-988b81f6552c,can-ai-chatbots-make-delusional-thoughts-worse,david-k-gore-phd,"Kenneth W. Christian, PhD",,,jackie-malone,Jackie Malone,Life Transitions,general-mental-health,General Mental Health,life-transitions-and-change,General Mental Health,70,medium,exact_topic:general-mental-health via Anxiety (w=0.45)|exact_topic:general-mental-health via Body Image (w=0.55)|demoted_missing_keyword_support|exact_topic:general-mental-health via Life Transitions (w=0.7)|alt_topic:general-mental-health via Stress (w=0.45),,none,complete,true,false,,,,true,2026-06-19,,
586965a5-afa8-4f2f-9084-5e1ef40d6cfb,can-ai-companions-be-risky-for-lonely-teens,david-k-gore-phd,"Kenneth W. Christian, PhD",,,susan-keenan,Susan L. Keenan,Self Esteem,teens-and-identity,Teens & Identity,family-and-parenting,Teen-Specific Questions,78,medium,exact_topic:teens-and-identity via Family Conflict (w=0.7)|tied_topic:teens-and-identity via Parenting (w=0.7)|alias_keyword:shame,,none,complete,true,false,,,,true,2026-06-19,,
d71e60f0-ee8d-4f4c-a9da-d074fdc66430,can-ai-companions-reduce-loneliness-or-make-it-worse,david-k-gore-phd,"Kenneth W. Christian, PhD",,,sarah-evers,Sarah Evers,Building Healthy Relationships,loneliness-and-belonging,Loneliness & Belonging,relationships-and-connection,Loneliness & Isolation,56,medium,exact_topic:loneliness-and-belonging via Building Healthy Relationships (w=0.45)|parent_theme:relationships-and-connection via Building Healthy Relationships,requires_keyword_support:Chronic Illness & Disability|requires_keyword_support:Caregiver Stress|requires_keyword_support:Motherhood|requires_keyword_support:Reproductive Mental Health,none,complete,true,false,,,,true,2026-06-19,,
5b536e8b-8b7d-4125-98e6-cbc35886eba5,can-ai-give-bad-mental-health-advice,david-k-gore-phd,"Kenneth W. Christian, PhD",,,alex-crenshaw-phd,Dr. Alex Crenshaw,Psychological Testing,therapy-and-care-navigation,Therapy & Care Navigation,care-and-therapy,Therapy & Mental Health,65,medium,parent_theme:care-and-therapy via Adult ADHD Testing|exact_topic:therapy-and-care-navigation via Psychological Testing (w=0.65)|tied_topic:therapy-and-care-navigation via Diagnostic Evaluation (w=0.65),,none,complete,true,false,,,,true,2026-06-19,,
3c079123-82a7-446a-8180-80f01f822411,can-ai-make-isolation-feel-normal,david-k-gore-phd,"Kenneth W. Christian, PhD",,,susan-keenan,Susan L. Keenan,Relationship Issues,loneliness-and-belonging,Loneliness & Belonging,relationships-and-connection,Loneliness & Isolation,56,medium,parent_theme:relationships-and-connection via LGBTQ+|exact_topic:loneliness-and-belonging via Relationship Issues (w=0.45)|parent_theme:relationships-and-connection via Relationship Issues,,none,complete,true,false,,,,true,2026-06-19,,
6134da23-54c3-4cf9-a909-f719581d1e41,can-ai-reinforce-mania-or-grandiose-thinking,david-k-gore-phd,"Kenneth W. Christian, PhD",,,jackie-malone,Jackie Malone,Life Transitions,general-mental-health,General Mental Health,life-transitions-and-change,General Mental Health,70,medium,exact_topic:general-mental-health via Anxiety (w=0.45)|exact_topic:general-mental-health via Body Image (w=0.55)|demoted_missing_keyword_support|exact_topic:general-mental-health via Life Transitions (w=0.7)|alt_topic:general-mental-health via Stress (w=0.45),,none,complete,true,false,,,,true,2026-06-19,,
d7d2cd1f-00d8-4c37-83ea-9673b3d79c82,can-ai-therapy-apps-replace-a-licensed-therapist,david-k-gore-phd,"Kenneth W. Christian, PhD",,,alex-crenshaw-phd,Dr. Alex Crenshaw,Psychological Testing,therapy-and-care-navigation,Therapy & Care Navigation,care-and-therapy,Therapy Navigation,65,medium,parent_theme:care-and-therapy via Adult ADHD Testing|exact_topic:therapy-and-care-navigation via Psychological Testing (w=0.65)|tied_topic:therapy-and-care-navigation via Diagnostic Evaluation (w=0.65),,none,complete,true,false,,,,true,2026-06-19,,
6b850fb6-f074-4bb1-937a-93ba2be70a0d,can-an-ai-chatbot-make-suicidal-thoughts-worse,david-k-gore-phd,"Kenneth W. Christian, PhD",,,lexi-cooper,Lexi Cooper,Life Transitions,general-mental-health,General Mental Health,life-transitions-and-change,General Mental Health,70,medium,exact_topic:general-mental-health via Anxiety (w=0.45)|alias_keyword:hopeless|exact_topic:general-mental-health via Life Transitions (w=0.7),,none,complete,true,false,,,,true,2026-06-19,,
ead2df35-3972-404b-bd29-485ceb8da0c3,can-loneliness-affect-my-mental-health,david-k-gore-phd,"Kenneth W. Christian, PhD",,,susan-keenan,Susan L. Keenan,Relationship Issues,loneliness-and-belonging,Loneliness & Belonging,relationships-and-connection,Loneliness & Isolation,56,medium,alias_keyword:Depression|alt_topic:loneliness-and-belonging via Relationship Issues (w=0.45)|parent_theme:relationships-and-connection via Relationship Issues,,none,complete,true,false,,,,true,2026-06-27,,
88542f02-b4b1-4ddb-b4d6-0ee73d09df3a,can-mental-health-symptoms-be-physical,david-k-gore-phd,"Kenneth W. Christian, PhD",,,jackie-malone,Jackie Malone,Stress,general-mental-health,General Mental Health,life-transitions-and-change,General Mental Health,78,medium,exact_topic:general-mental-health via Anxiety (w=0.45)|alias_keyword:Anxiety|exact_topic:general-mental-health via Body Image (w=0.55)|demoted_missing_keyword_support|alias_keyword:Depression|exact_topic:general-mental-health via Life Transitions (w=0.7)|alt_topic:general-mental-health via Stress (w=0.45)|alias_keyword:Anxiety,,none,complete,true,false,,,,true,2026-06-19,,
8dacdab8-37b3-4455-869a-75fe0cdfbaa6,how-can-i-help-my-teenager-who-seems-depressed,david-k-gore-phd,"Kenneth W. Christian, PhD",,,kelsey-donahue,Kelsey Madsen (Donahue),Child,teens-and-identity,Teens & Identity,family-and-parenting,Teens & Identity,70,medium,alias_keyword:Depression|exact_topic:teens-and-identity via Child (w=0.7)|tied_topic:teens-and-identity via Family Conflict (w=0.7)|tied_topic:teens-and-identity via Parenting (w=0.7)|alt_topic:teens-and-identity via School Issues (w=0.45),,none,complete,true,false,,,,true,2026-06-19,,
091b1651-4080-4a45-9890-c07d55e7d3e8,how-can-i-improve-communication-with-my-teenager,david-k-gore-phd,"Kenneth W. Christian, PhD",,,lauren-sanders,Lauren Sanders,Parenting,teens-and-identity,Teens & Identity,family-and-parenting,Teens & Identity,70,medium,exact_topic:teens-and-identity via Parenting (w=0.7)|tied_topic:teens-and-identity via Child (w=0.7),,none,complete,true,false,,,,true,2026-06-19,,
5039a740-3fe5-4133-bd7d-e7df58a40fc0,how-can-i-use-breathing-exercises-to-calm-down,david-k-gore-phd,"Kenneth W. Christian, PhD",,,meredith-price,Meredith Price,Stress,general-mental-health,General Mental Health,life-transitions-and-change,General Mental Health,78,medium,exact_topic:general-mental-health via Anxiety (w=0.45)|alias_keyword:Anxiety|exact_topic:general-mental-health via Body Image (w=0.55)|demoted_missing_keyword_support|parent_theme:life-transitions-and-change via Grief|exact_topic:general-mental-health via Life Transitions (w=0.7)|alt_topic:general-mental-health via Stress (w=0.45)|alias_keyword:Anxiety,"requires_keyword_support:Pregnancy, Prenatal, Postpartum|requires_keyword_support:Infertility",none,complete,true,false,,,,true,2026-06-19,,
5771310f-3bfb-45e0-a42c-4bd29ecd328c,how-can-teens-build-confidence-without-pretending,david-k-gore-phd,"Kenneth W. Christian, PhD",,,kelsey-donahue,Kelsey Madsen (Donahue),Child,teens-and-identity,Teens & Identity,family-and-parenting,Teens & Identity,70,medium,exact_topic:teens-and-identity via Child (w=0.7)|tied_topic:teens-and-identity via Family Conflict (w=0.7)|tied_topic:teens-and-identity via Parenting (w=0.7)|alt_topic:teens-and-identity via School Issues (w=0.45),requires_keyword_support:Eating Disorders,none,complete,true,false,,,,true,2026-06-27,,
1de1b7a4-fa75-499e-b490-60e912c8595f,how-do-i-come-out-to-my-parents-185759-018,david-k-gore-phd,"Kenneth W. Christian, PhD",,,meredith-price,Meredith Price,Family Conflict,teens-and-identity,Teens & Identity,family-and-parenting,Teens & Identity,70,medium,"parent_theme:family-and-parenting via Pregnancy, Prenatal, Postpartum|exact_topic:teens-and-identity via Family Conflict (w=0.7)|tied_topic:teens-and-identity via Parenting (w=0.7)|alt_topic:teens-and-identity via School Issues (w=0.45)","requires_keyword_support:Pregnancy, Prenatal, Postpartum|requires_keyword_support:Body Image",none,complete,true,false,,,,true,2026-06-19,,
7498eae2-8d76-481d-b2df-932f51c8d181,how-do-i-deal-with-anxiety-about-my-firs-185759-044,david-k-gore-phd,"Kenneth W. Christian, PhD",,,alex-crenshaw-phd,Dr. Alex Crenshaw,Psychological Testing,therapy-and-care-navigation,Therapy & Care Navigation,care-and-therapy,Therapy Navigation,65,medium,alias_keyword:Anxiety|exact_topic:therapy-and-care-navigation via Psychological Testing (w=0.65)|tied_topic:therapy-and-care-navigation via Diagnostic Evaluation (w=0.65),,none,complete,true,false,,,,true,2026-06-19,,
781c97dd-ebe2-452e-aba9-fec6a2e8377f,how-do-i-deal-with-body-image-issues-186032-015,david-k-gore-phd,"Kenneth W. Christian, PhD",,,kelsey-donahue,Kelsey Madsen (Donahue),Disordered Eating,teens-and-identity,Teens & Identity,family-and-parenting,Teens & Identity,78,medium,alias_keyword:body image|exact_topic:teens-and-identity via Child (w=0.7)|tied_topic:teens-and-identity via Family Conflict (w=0.7)|tied_topic:teens-and-identity via Parenting (w=0.7)|alt_topic:teens-and-identity via School Issues (w=0.45)|alias_keyword:body image,,none,complete,true,false,,,,true,2026-06-19,,
f94ce3d0-75ec-44cf-8c66-18fb7a19001e,how-do-i-deal-with-difficult-in-laws,david-k-gore-phd,"Kenneth W. Christian, PhD",,,jackie-malone,Jackie Malone,Stress,general-mental-health,General Mental Health,life-transitions-and-change,General Mental Health,78,medium,exact_topic:general-mental-health via Anxiety (w=0.45)|alias_keyword:stress|exact_topic:general-mental-health via Body Image (w=0.55)|demoted_missing_keyword_support|exact_topic:general-mental-health via Life Transitions (w=0.7)|alt_topic:general-mental-health via Stress (w=0.45)|alias_keyword:stress,,none,complete,true,false,,,,true,2026-06-19,,
00509ab5-e831-43b6-8893-7f5baa8396f5,how-do-i-deal-with-feeling-like-i-dont-have-anyone-who-really-gets-me,david-k-gore-phd,"Kenneth W. Christian, PhD",,,meredith-price,Meredith Price,Codependency,loneliness-and-belonging,Loneliness & Belonging,relationships-and-connection,Loneliness & Isolation,56,medium,exact_topic:loneliness-and-belonging via Codependency (w=0.45)|parent_theme:relationships-and-connection via Codependency|alt_topic:loneliness-and-belonging via Marital and Premarital (w=0.45)|alt_topic:loneliness-and-belonging via Relationship Issues (w=0.45),"requires_keyword_support:Pregnancy, Prenatal, Postpartum|requires_keyword_support:Body Image|requires_keyword_support:Infertility",none,complete,true,false,,,,true,2026-06-19,,
c9f9a331-242e-4eb1-8e49-cb1fa437a963,how-do-i-deal-with-feeling-misunderstood-by-e-177941-029,david-k-gore-phd,"Kenneth W. Christian, PhD",,,lexi-cooper,Lexi Cooper,Familial Relationship Counseling,loneliness-and-belonging,Loneliness & Belonging,relationships-and-connection,Social Connection,56,medium,exact_topic:loneliness-and-belonging via Familial Relationship Counseling (w=0.45)|parent_theme:relationships-and-connection via Familial Relationship Counseling,requires_keyword_support:Student Athletic Challenges,none,complete,true,false,,,,true,2026-06-19,,
86a571b5-7e23-456f-8eaa-9f057563c63b,how-do-i-deal-with-peer-pressure-185759-020,david-k-gore-phd,"Kenneth W. Christian, PhD",,,jeannine-jannot,"Jeannine Jannot, Ph.D.",Parenting,teens-and-identity,Teens & Identity,family-and-parenting,Teens & Identity,70,medium,exact_topic:teens-and-identity via School Issues (w=0.45)|exact_topic:teens-and-identity via Parenting (w=0.7)|tied_topic:teens-and-identity via Child (w=0.7)|alt_topic:teens-and-identity via Education and Learning Disabilities (w=0.45)|alt_topic:teens-and-identity via Executive Functioning (w=0.45)|alt_topic:teens-and-identity via Productivity Coaching (w=0.45),,none,complete,true,false,,,,true,2026-06-19,,
f93e5cd1-7f3e-48bc-8289-22f70fbdab2d,how-do-i-deal-with-social-media-affecting-my-mental-health,david-k-gore-phd,"Kenneth W. Christian, PhD",,,samantha-bryant,Samantha Bryant,Codependency,loneliness-and-belonging,Loneliness & Belonging,relationships-and-connection,Loneliness & Isolation,56,medium,alias_keyword:Anxiety|alt_topic:loneliness-and-belonging via Codependency (w=0.45)|parent_theme:relationships-and-connection via Codependency|alt_topic:loneliness-and-belonging via Marital and Premarital (w=0.45),,none,complete,true,false,,,,true,2026-06-19,,
9633b132-b90e-4de9-a1a1-1feda0949b90,how-do-i-deal-with-someone-who-uses-anger-to-contr-186602-006,david-k-gore-phd,"Kenneth W. Christian, PhD",,,michaela-hilburn,Michaela Hilburn,Life Transitions,general-mental-health,General Mental Health,life-transitions-and-change,Anger & Emotional Regulation,70,medium,exact_topic:general-mental-health via Anxiety (w=0.45)|parent_theme:life-transitions-and-change via Grief and Loss|exact_topic:general-mental-health via Life Transitions (w=0.7),,none,complete,true,false,,,,true,2026-06-19,,
318a038c-d981-40fe-9847-d0dfef19d292,how-do-i-deal-with-someone-who-wont-stop-interrupting-me,david-k-gore-phd,"Kenneth W. Christian, PhD",,,liz-webb,Liz Webb,Life Transitions,general-mental-health,General Mental Health,life-transitions-and-change,General Mental Health,70,medium,exact_topic:general-mental-health via Anxiety (w=0.45)|exact_topic:general-mental-health via Life Transitions (w=0.7),,none,complete,true,false,,,,true,2026-06-19,,
d2cb6214-c485-40db-b10d-e9c572fab02e,how-do-i-express-anger-in-healthy-ways-without-bot-186602-004,david-k-gore-phd,"Kenneth W. Christian, PhD",,,samantha-bryant,Samantha Bryant,Life Transitions,general-mental-health,General Mental Health,life-transitions-and-change,Anger & Emotional Regulation,70,medium,exact_topic:general-mental-health via Anxiety (w=0.45)|exact_topic:general-mental-health via Body Image (w=0.55)|demoted_missing_keyword_support|parent_theme:life-transitions-and-change via Grief|exact_topic:general-mental-health via Life Transitions (w=0.7)|alt_topic:general-mental-health via Stress (w=0.45),,none,complete,true,false,,,,true,2026-06-19,,
457e7fee-f258-474e-af21-ee4b1fa42476,how-do-i-express-my-needs-without-sounding-demanding,david-k-gore-phd,"Kenneth W. Christian, PhD",,,jackie-malone,Jackie Malone,Life Transitions,general-mental-health,General Mental Health,life-transitions-and-change,General Mental Health,70,medium,exact_topic:general-mental-health via Anxiety (w=0.45)|exact_topic:general-mental-health via Body Image (w=0.55)|demoted_missing_keyword_support|exact_topic:general-mental-health via Life Transitions (w=0.7)|alt_topic:general-mental-health via Stress (w=0.45),,none,complete,true,false,,,,true,2026-06-19,,
8612dadc-77ad-4057-9fda-ae81631bd2e0,how-do-i-find-a-good-therapist-for-addiction-recovery,david-k-gore-phd,"Kenneth W. Christian, PhD",,,alex-crenshaw-phd,Dr. Alex Crenshaw,Depression,therapy-and-care-navigation,Therapy & Care Navigation,care-and-therapy,Therapy & Mental Health,73,medium,alias_keyword:Trauma|exact_topic:therapy-and-care-navigation via Psychological Testing (w=0.65)|tied_topic:therapy-and-care-navigation via Diagnostic Evaluation (w=0.65)|alias_keyword:Depression,,none,complete,true,false,,,,true,2026-06-19,,
4c923dae-ebbe-4ede-85e0-e0bdb136cc9d,how-do-i-find-a-therapist-thats-right-fo-184729-014,david-k-gore-phd,"Kenneth W. Christian, PhD",,,alex-crenshaw-phd,Dr. Alex Crenshaw,Psychological Testing,therapy-and-care-navigation,Therapy & Care Navigation,care-and-therapy,Therapy Navigation,65,medium,parent_theme:care-and-therapy via Adult ADHD Testing|exact_topic:therapy-and-care-navigation via Psychological Testing (w=0.65)|tied_topic:therapy-and-care-navigation via Diagnostic Evaluation (w=0.65),,none,complete,true,false,,,,true,2026-06-19,,
61b0504a-5e85-4157-807a-9db12cdff9f9,how-do-i-get-over-someone-who-doesnt-want-me-back,david-k-gore-phd,"Kenneth W. Christian, PhD",,,liz-webb,Liz Webb,Grief & Loss,general-mental-health,General Mental Health,life-transitions-and-change,General Mental Health,78,medium,exact_topic:general-mental-health via Anxiety (w=0.45)|exact_topic:general-mental-health via Life Transitions (w=0.7)|alias_keyword:Grief,,none,complete,true,false,,,,true,2026-06-19,,
8e8abc81-1589-4dd1-ad5f-e43d0c425e8a,how-do-i-handle-anniversary-dates-and-holidays-after-losing-someone,david-k-gore-phd,"Kenneth W. Christian, PhD",,,liz-webb,Liz Webb,Grief & Loss,general-mental-health,General Mental Health,life-transitions-and-change,General Mental Health,78,medium,exact_topic:general-mental-health via Anxiety (w=0.45)|exact_topic:general-mental-health via Life Transitions (w=0.7)|alias_keyword:Grief,,none,complete,true,false,,,,true,2026-06-19,,
c09bd0f9-9a0a-4a07-a025-a6b4f5cd4e6b,how-do-i-handle-being-around-my-old-using-friends,david-k-gore-phd,"Kenneth W. Christian, PhD",,,samantha-bryant,Samantha Bryant,Codependency,loneliness-and-belonging,Loneliness & Belonging,relationships-and-connection,Loneliness & Isolation,56,medium,parent_theme:relationships-and-connection via Bisexual|exact_topic:loneliness-and-belonging via Codependency (w=0.45)|parent_theme:relationships-and-connection via Codependency|alt_topic:loneliness-and-belonging via Marital and Premarital (w=0.45),requires_keyword_support:Body Image,none,complete,true,false,,,,true,2026-06-19,,
14e3d823-596b-4593-9123-993e4ba905e0,how-do-i-handle-having-a-crush-on-someon-186032-017,david-k-gore-phd,"Kenneth W. Christian, PhD",,,susan-keenan,Susan L. Keenan,Family Conflict,teens-and-identity,Teens & Identity,family-and-parenting,Teens & Identity,70,medium,exact_topic:teens-and-identity via Family Conflict (w=0.7)|tied_topic:teens-and-identity via Parenting (w=0.7),,none,complete,true,false,,,,true,2026-06-19,,
8d8623ea-ab03-4485-852d-c9465b58c32c,how-do-i-handle-social-situations-where-everyone-is-drinking,david-k-gore-phd,"Kenneth W. Christian, PhD",,,alex-crenshaw-phd,Dr. Alex Crenshaw,Couples,loneliness-and-belonging,Loneliness & Belonging,relationships-and-connection,Loneliness & Isolation,56,medium,exact_topic:loneliness-and-belonging via Couples (w=0.45)|parent_theme:relationships-and-connection via Couples,,none,complete,true,false,,,,true,2026-06-19,,
b43aceaa-f85a-4336-9f7f-892b9a8df48f,how-do-i-handle-work-or-school-while-in-treatment,david-k-gore-phd,"Kenneth W. Christian, PhD",,,alex-crenshaw-phd,Dr. Alex Crenshaw,Psychological Testing,therapy-and-care-navigation,Therapy & Care Navigation,care-and-therapy,Therapy & Mental Health,65,medium,parent_theme:care-and-therapy via Adult ADHD Testing|exact_topic:therapy-and-care-navigation via Psychological Testing (w=0.65)|tied_topic:therapy-and-care-navigation via Diagnostic Evaluation (w=0.65),,none,complete,true,false,,,,true,2026-06-19,,
350ecc6c-b219-4030-b78c-d9c5284c64ce,how-do-i-handle-work-while-in-addiction-treatment,david-k-gore-phd,"Kenneth W. Christian, PhD",,,alex-crenshaw-phd,Dr. Alex Crenshaw,Psychological Testing,therapy-and-care-navigation,Therapy & Care Navigation,care-and-therapy,Therapy & Mental Health,65,medium,parent_theme:care-and-therapy via Adult ADHD Testing|exact_topic:therapy-and-care-navigation via Psychological Testing (w=0.65)|tied_topic:therapy-and-care-navigation via Diagnostic Evaluation (w=0.65),,none,complete,true,false,,,,true,2026-06-19,,
ec3a16dc-8d1c-4d17-a1b6-a4b59247a88b,how-do-i-help-a-family-member-who-has-a-personality-disorder-but-wont-get-treatment,david-k-gore-phd,"Kenneth W. Christian, PhD",,,alex-crenshaw-phd,Dr. Alex Crenshaw,Psychological Testing,therapy-and-care-navigation,Therapy & Care Navigation,care-and-therapy,Therapy & Mental Health,65,medium,parent_theme:care-and-therapy via Adult ADHD Testing|exact_topic:therapy-and-care-navigation via Psychological Testing (w=0.65)|tied_topic:therapy-and-care-navigation via Diagnostic Evaluation (w=0.65),,none,complete,true,false,,,,true,2026-06-19,,
d955eaa0-906a-4e04-aa20-aad1e344ee98,how-do-i-help-my-teen-build-healthy-relationships--187459-007,david-k-gore-phd,"Kenneth W. Christian, PhD",,,lauren-sanders,Lauren Sanders,Parenting,teens-and-identity,Teens & Identity,family-and-parenting,Teen-Specific Questions,70,medium,exact_topic:teens-and-identity via Parenting (w=0.7)|tied_topic:teens-and-identity via Child (w=0.7),,none,complete,true,false,,,,true,2026-06-19,,
a535bb73-1b37-4e58-ae19-e8d31d4a26d4,how-do-i-know-if-a-treatment-program-is-right-for-me,david-k-gore-phd,"Kenneth W. Christian, PhD",,,alex-crenshaw-phd,Dr. Alex Crenshaw,Psychological Testing,therapy-and-care-navigation,Therapy & Care Navigation,care-and-therapy,Therapy & Mental Health,65,medium,parent_theme:care-and-therapy via Adult ADHD Testing|exact_topic:therapy-and-care-navigation via Psychological Testing (w=0.65)|tied_topic:therapy-and-care-navigation via Diagnostic Evaluation (w=0.65),,none,complete,true,false,,,,true,2026-06-19,,
2f1911d5-7a71-436a-94ee-935108ecefe7,how-do-i-know-if-i-have-antisocial-personality-disorder,david-k-gore-phd,"Kenneth W. Christian, PhD",,,samantha-bryant,Samantha Bryant,Codependency,loneliness-and-belonging,Loneliness & Belonging,relationships-and-connection,Loneliness & Isolation,56,medium,parent_theme:relationships-and-connection via Bisexual|exact_topic:loneliness-and-belonging via Codependency (w=0.45)|parent_theme:relationships-and-connection via Codependency|alt_topic:loneliness-and-belonging via Marital and Premarital (w=0.45),requires_keyword_support:Body Image,none,complete,true,false,,,,true,2026-06-19,,
b61be7c2-a15e-4a17-baf8-d02182fe9eb4,how-do-i-know-if-im-gay-straight-or-some-186032-013,david-k-gore-phd,"Kenneth W. Christian, PhD",,,jeannine-jannot,"Jeannine Jannot, Ph.D.",Parenting,teens-and-identity,Teens & Identity,family-and-parenting,Teens & Identity,70,medium,exact_topic:teens-and-identity via School Issues (w=0.45)|exact_topic:teens-and-identity via Parenting (w=0.7)|tied_topic:teens-and-identity via Child (w=0.7)|alt_topic:teens-and-identity via Education and Learning Disabilities (w=0.45)|alt_topic:teens-and-identity via Executive Functioning (w=0.45)|alt_topic:teens-and-identity via Productivity Coaching (w=0.45),,none,complete,true,false,,,,true,2026-06-19,,
a5835bd3-2699-4587-93b3-8348cf22242b,how-do-i-know-if-im-transgender-or-just--184729-007,david-k-gore-phd,"Kenneth W. Christian, PhD",,,kelsey-donahue,Kelsey Madsen (Donahue),Child,teens-and-identity,Teens & Identity,family-and-parenting,Teens & Identity,70,medium,exact_topic:teens-and-identity via Child (w=0.7)|tied_topic:teens-and-identity via Family Conflict (w=0.7)|tied_topic:teens-and-identity via Parenting (w=0.7)|alt_topic:teens-and-identity via School Issues (w=0.45),requires_keyword_support:Eating Disorders,none,complete,true,false,,,,true,2026-06-19,,
71e29f1c-b0bb-420d-90d6-5b174733a6ce,how-do-i-know-if-i-need-medication-for-m-177940-017,david-k-gore-phd,"Kenneth W. Christian, PhD",,,alex-crenshaw-phd,Dr. Alex Crenshaw,Psychological Testing,therapy-and-care-navigation,Therapy & Care Navigation,care-and-therapy,Mental Health Treatment,65,medium,parent_theme:care-and-therapy via Adult ADHD Testing|exact_topic:therapy-and-care-navigation via Psychological Testing (w=0.65)|tied_topic:therapy-and-care-navigation via Diagnostic Evaluation (w=0.65),,none,complete,true,false,,,,true,2026-06-19,,
39d5c801-bbca-4088-88aa-3106ae613b52,how-do-i-know-if-i-need-therapy,david-k-gore-phd,"Kenneth W. Christian, PhD",,,alex-crenshaw-phd,Dr. Alex Crenshaw,Psychological Testing,therapy-and-care-navigation,Therapy & Care Navigation,care-and-therapy,Therapy & Mental Health,65,medium,parent_theme:care-and-therapy via Adult ADHD Testing|exact_topic:therapy-and-care-navigation via Psychological Testing (w=0.65)|tied_topic:therapy-and-care-navigation via Diagnostic Evaluation (w=0.65),,none,complete,true,false,,,,true,2026-06-19,,
03c852cc-7b70-4fd2-8bb9-df740820a4fa,how-do-i-know-if-therapy-is-working-186032-042,david-k-gore-phd,"Kenneth W. Christian, PhD",,,alex-crenshaw-phd,Dr. Alex Crenshaw,Psychological Testing,therapy-and-care-navigation,Therapy & Care Navigation,care-and-therapy,Therapy Navigation,65,medium,alias_keyword:stress|exact_topic:therapy-and-care-navigation via Psychological Testing (w=0.65)|tied_topic:therapy-and-care-navigation via Diagnostic Evaluation (w=0.65),,none,complete,true,false,,,,true,2026-06-19,,
2e0e6cd2-fa3c-4c30-83b2-fa2b6f328589,how-do-i-know-when-its-time-to-make-a-major-life-c-187459-022,david-k-gore-phd,"Kenneth W. Christian, PhD",,,sarah-evers,Sarah Evers,Life Events & Transitions,general-mental-health,General Mental Health,life-transitions-and-change,Life Transitions,78,medium,exact_topic:general-mental-health via Chronic Illness & Disability (w=0.65)|demoted_missing_keyword_support|exact_topic:general-mental-health via Caregiver Stress (w=0.65)|demoted_missing_keyword_support|exact_topic:general-mental-health via Medical Trauma & Health Anxiety (w=0.45)|exact_topic:general-mental-health via Life Events & Transitions (w=0.7)|alias_keyword:Life Transitions,,none,complete,true,false,,,,true,2026-06-19,,
ff13c859-fa00-45a6-81d5-41677fa204cb,how-do-i-maintain-friendships-when-im-depressed,david-k-gore-phd,"Kenneth W. Christian, PhD",,,alex-crenshaw-phd,Dr. Alex Crenshaw,Couples,loneliness-and-belonging,Loneliness & Belonging,relationships-and-connection,Loneliness & Isolation,56,medium,exact_topic:loneliness-and-belonging via Couples (w=0.45)|parent_theme:relationships-and-connection via Couples,,none,complete,true,false,,,,true,2026-06-19,,
10da97d4-5d19-416f-8f07-76200c59e951,how-do-i-make-friends-as-an-adult-when-it-feels-impossible,david-k-gore-phd,"Kenneth W. Christian, PhD",,,laura-hilsen,Laura Hilsen,Relationship Issues,loneliness-and-belonging,Loneliness & Belonging,relationships-and-connection,Loneliness & Isolation,56,medium,exact_topic:loneliness-and-belonging via Relationship Issues (w=0.45)|parent_theme:relationships-and-connection via Relationship Issues|alt_topic:loneliness-and-belonging via Divorce (w=0.45)|alt_topic:loneliness-and-belonging via Infidelity (w=0.45),,none,complete,true,false,,,,true,2026-06-19,,
71de95b5-0238-4a2c-a1bc-b8728c22f31c,how-do-i-manage-stress-when-i-cant-change-my-situation,david-k-gore-phd,"Kenneth W. Christian, PhD",,,jackie-malone,Jackie Malone,Stress,general-mental-health,General Mental Health,life-transitions-and-change,General Mental Health,78,medium,exact_topic:general-mental-health via Anxiety (w=0.45)|alias_keyword:stress|exact_topic:general-mental-health via Body Image (w=0.55)|demoted_missing_keyword_support|exact_topic:general-mental-health via Life Transitions (w=0.7)|alt_topic:general-mental-health via Stress (w=0.45)|alias_keyword:stress,,none,complete,true,false,,,,true,2026-06-19,,
0cf60da1-84cb-4005-a0c5-7e9a354e9bd1,how-do-i-overcome-imposter-syndrome,david-k-gore-phd,"Kenneth W. Christian, PhD",,,lauren-sanders,Lauren Sanders,Life Transitions,general-mental-health,General Mental Health,life-transitions-and-change,General Mental Health,70,medium,exact_topic:general-mental-health via Anxiety (w=0.45)|exact_topic:general-mental-health via Body Dysmorphic Disorder (w=0.55)|demoted_missing_keyword_support|exact_topic:general-mental-health via Cancer (w=0.65)|demoted_missing_keyword_support|exact_topic:general-mental-health via Chronic Illness (w=0.65)|demoted_missing_keyword_support|parent_theme:life-transitions-and-change via Grief|exact_topic:general-mental-health via Life Transitions (w=0.7),,none,complete,true,false,,,,true,2026-06-19,,
ce46404f-e3af-4949-8960-d39275488e95,how-do-i-prepare-for-my-first-therapy-se-186032-047,david-k-gore-phd,"Kenneth W. Christian, PhD",,,alex-crenshaw-phd,Dr. Alex Crenshaw,Psychological Testing,therapy-and-care-navigation,Therapy & Care Navigation,care-and-therapy,Therapy Navigation,65,medium,parent_theme:care-and-therapy via Adult ADHD Testing|exact_topic:therapy-and-care-navigation via Psychological Testing (w=0.65)|tied_topic:therapy-and-care-navigation via Diagnostic Evaluation (w=0.65),,none,complete,true,false,,,,true,2026-06-19,,
5a20c1f9-c907-451b-be4b-2fb9ccf4a252,how-do-i-rebuild-emotional-intimacy-after-a-betrayal,david-k-gore-phd,"Kenneth W. Christian, PhD",,,jackie-malone,Jackie Malone,Life Transitions,general-mental-health,General Mental Health,life-transitions-and-change,General Mental Health,70,medium,exact_topic:general-mental-health via Anxiety (w=0.45)|exact_topic:general-mental-health via Body Image (w=0.55)|demoted_missing_keyword_support|exact_topic:general-mental-health via Life Transitions (w=0.7)|alt_topic:general-mental-health via Stress (w=0.45),,none,complete,true,false,,,,true,2026-06-19,,
b9f3b0be-4f7a-4294-af29-be6ad7f4a1d7,how-do-i-set-boundaries-to-reduce-stress,david-k-gore-phd,"Kenneth W. Christian, PhD",,,samantha-bryant,Samantha Bryant,Stress,general-mental-health,General Mental Health,life-transitions-and-change,General Mental Health,78,medium,exact_topic:general-mental-health via Anxiety (w=0.45)|alias_keyword:stress|exact_topic:general-mental-health via Body Image (w=0.55)|demoted_missing_keyword_support|parent_theme:life-transitions-and-change via Grief|exact_topic:general-mental-health via Life Transitions (w=0.7)|alt_topic:general-mental-health via Stress (w=0.45)|alias_keyword:stress,,none,complete,true,false,,,,true,2026-06-19,,
45df558b-917f-471b-9528-f21dd08fb53a,how-do-i-set-boundaries-with-someone-who-has-borderline-personality-disorder,david-k-gore-phd,"Kenneth W. Christian, PhD",,,jackie-malone,Jackie Malone,Life Transitions,general-mental-health,General Mental Health,life-transitions-and-change,General Mental Health,70,medium,exact_topic:general-mental-health via Anxiety (w=0.45)|exact_topic:general-mental-health via Body Image (w=0.55)|demoted_missing_keyword_support|exact_topic:general-mental-health via Life Transitions (w=0.7)|alt_topic:general-mental-health via Stress (w=0.45),,none,complete,true,false,,,,true,2026-06-19,,
a1ebaad0-988e-41e3-9c02-6207ac29c24d,how-do-i-start-practicing-mindfulness,david-k-gore-phd,"Kenneth W. Christian, PhD",,,samantha-bryant,Samantha Bryant,Life Transitions,general-mental-health,General Mental Health,life-transitions-and-change,General Mental Health,70,medium,exact_topic:general-mental-health via Anxiety (w=0.45)|exact_topic:general-mental-health via Body Image (w=0.55)|demoted_missing_keyword_support|parent_theme:life-transitions-and-change via Grief|exact_topic:general-mental-health via Life Transitions (w=0.7)|alt_topic:general-mental-health via Stress (w=0.45),,none,complete,true,false,,,,true,2026-06-19,,
762476ae-ab91-4adb-85ea-1878c8485a5c,how-do-i-stop-being-a-people-pleaser,david-k-gore-phd,"Kenneth W. Christian, PhD",,,liz-webb,Liz Webb,Life Transitions,general-mental-health,General Mental Health,life-transitions-and-change,General Mental Health,70,medium,exact_topic:general-mental-health via Anxiety (w=0.45)|exact_topic:general-mental-health via Life Transitions (w=0.7),,none,complete,true,false,,,,true,2026-06-19,,
7494aa17-37cd-4ad1-9ead-3e6bb1744e2d,how-do-i-stop-comparing-myself-to-others-on-177941-011,david-k-gore-phd,"Kenneth W. Christian, PhD",,,jackie-malone,Jackie Malone,Life Transitions,general-mental-health,General Mental Health,life-transitions-and-change,Social Media,70,medium,exact_topic:general-mental-health via Anxiety (w=0.45)|exact_topic:general-mental-health via Body Image (w=0.55)|demoted_missing_keyword_support|exact_topic:general-mental-health via Life Transitions (w=0.7)|alt_topic:general-mental-health via Stress (w=0.45),,none,complete,true,false,,,,true,2026-06-19,,
f4c9f6a1-5955-4a7b-aa0a-7390912366aa,how-do-i-stop-myself-from-saying-hurtful-things-wh-186602-002,david-k-gore-phd,"Kenneth W. Christian, PhD",,,lynn-lane,Lynn Lane,Life Transitions,general-mental-health,General Mental Health,life-transitions-and-change,Anger & Emotional Regulation,70,medium,exact_topic:general-mental-health via Anxiety (w=0.45)|parent_theme:life-transitions-and-change via Grief & Loss|exact_topic:general-mental-health via Life Transitions (w=0.7),,none,complete,true,false,,,,true,2026-06-19,,
8fac9054-a620-4046-ad91-f957f4b1303d,how-do-i-stop-overthinking-everything,david-k-gore-phd,"Kenneth W. Christian, PhD",,,jackie-malone,Jackie Malone,Life Transitions,general-mental-health,General Mental Health,life-transitions-and-change,General Mental Health,70,medium,exact_topic:general-mental-health via Anxiety (w=0.45)|exact_topic:general-mental-health via Body Image (w=0.55)|demoted_missing_keyword_support|exact_topic:general-mental-health via Life Transitions (w=0.7)|alt_topic:general-mental-health via Stress (w=0.45),,none,complete,true,false,,,,true,2026-06-19,,
62ee69b3-f28d-4f2b-bd0d-843216b1532f,how-do-i-stop-replaying-arguments-and-angry-moment-186602-008,david-k-gore-phd,"Kenneth W. Christian, PhD",,,lauren-sanders,Lauren Sanders,Life Transitions,general-mental-health,General Mental Health,life-transitions-and-change,Anger & Emotional Regulation,70,medium,exact_topic:general-mental-health via Anxiety (w=0.45)|exact_topic:general-mental-health via Body Dysmorphic Disorder (w=0.55)|demoted_missing_keyword_support|exact_topic:general-mental-health via Cancer (w=0.65)|demoted_missing_keyword_support|exact_topic:general-mental-health via Chronic Illness (w=0.65)|demoted_missing_keyword_support|parent_theme:life-transitions-and-change via Grief|exact_topic:general-mental-health via Life Transitions (w=0.7),,none,complete,true,false,,,,true,2026-06-19,,
7bb1627b-769b-4e45-9cc7-e2f91f023774,how-do-i-stop-ruminating-about-past-mist-177940-021,david-k-gore-phd,"Kenneth W. Christian, PhD",,,jackie-malone,Jackie Malone,Stress,general-mental-health,General Mental Health,life-transitions-and-change,Mental Health,78,medium,exact_topic:general-mental-health via Anxiety (w=0.45)|alias_keyword:stress|exact_topic:general-mental-health via Body Image (w=0.55)|demoted_missing_keyword_support|exact_topic:general-mental-health via Life Transitions (w=0.7)|alt_topic:general-mental-health via Stress (w=0.45)|alias_keyword:stress,,none,complete,true,false,,,,true,2026-06-19,,
4fc33b7d-9985-4c30-b287-b6205ff5ad8d,how-do-i-stop-seeking-validation-from-others,david-k-gore-phd,"Kenneth W. Christian, PhD",,,lauren-sanders,Lauren Sanders,Life Transitions,general-mental-health,General Mental Health,life-transitions-and-change,General Mental Health,70,medium,exact_topic:general-mental-health via Anxiety (w=0.45)|exact_topic:general-mental-health via Body Dysmorphic Disorder (w=0.55)|demoted_missing_keyword_support|exact_topic:general-mental-health via Cancer (w=0.65)|demoted_missing_keyword_support|exact_topic:general-mental-health via Chronic Illness (w=0.65)|demoted_missing_keyword_support|parent_theme:life-transitions-and-change via Grief|exact_topic:general-mental-health via Life Transitions (w=0.7),,none,complete,true,false,,,,true,2026-06-19,,
7437dd73-3378-4489-93f4-3c64f1d15f3f,how-do-i-support-a-friend-who-is-depressed-but-wont-seek-help,david-k-gore-phd,"Kenneth W. Christian, PhD",,,jackie-malone,Jackie Malone,Life Transitions,general-mental-health,General Mental Health,life-transitions-and-change,General Mental Health,70,medium,alias_keyword:recovery|alt_topic:general-mental-health via Anxiety (w=0.45)|exact_topic:general-mental-health via Body Image (w=0.55)|demoted_missing_keyword_support|alias_keyword:Depression|alias_keyword:recovery|exact_topic:general-mental-health via Life Transitions (w=0.7)|alt_topic:general-mental-health via Stress (w=0.45),,none,complete,true,false,,,,true,2026-06-19,,
84a3bb12-4e79-4702-afeb-e3ac5debea48,how-do-i-support-my-teen-through-social-media-dram-187459-005,david-k-gore-phd,"Kenneth W. Christian, PhD",,,jeannine-jannot,"Jeannine Jannot, Ph.D.",Parenting,teens-and-identity,Teens & Identity,family-and-parenting,Teen-Specific Questions,70,medium,exact_topic:teens-and-identity via School Issues (w=0.45)|exact_topic:teens-and-identity via Parenting (w=0.7)|tied_topic:teens-and-identity via Child (w=0.7)|alt_topic:teens-and-identity via Education and Learning Disabilities (w=0.45)|alt_topic:teens-and-identity via Executive Functioning (w=0.45)|alt_topic:teens-and-identity via Productivity Coaching (w=0.45),,none,complete,true,false,,,,true,2026-06-19,,
12af1636-4b2f-4160-987d-4d2f28ee5ad7,how-do-i-talk-to-my-teen-about-academic-pressure-a-187459-009,david-k-gore-phd,"Kenneth W. Christian, PhD",,,susan-keenan,Susan L. Keenan,Self Esteem,teens-and-identity,Teens & Identity,family-and-parenting,Teen-Specific Questions,78,medium,exact_topic:teens-and-identity via Family Conflict (w=0.7)|tied_topic:teens-and-identity via Parenting (w=0.7)|alias_keyword:perfectionism,,none,complete,true,false,,,,true,2026-06-19,,
b2586818-c80c-422a-b945-5446a5fc9553,how-do-i-talk-to-my-teen-about-depression-without--187459-003,david-k-gore-phd,"Kenneth W. Christian, PhD",,,jeannine-jannot,"Jeannine Jannot, Ph.D.",Parenting,teens-and-identity,Teens & Identity,family-and-parenting,Teen-Specific Questions,70,medium,exact_topic:teens-and-identity via School Issues (w=0.45)|exact_topic:teens-and-identity via Parenting (w=0.7)|tied_topic:teens-and-identity via Child (w=0.7)|alt_topic:teens-and-identity via Education and Learning Disabilities (w=0.45)|alt_topic:teens-and-identity via Executive Functioning (w=0.45)|alt_topic:teens-and-identity via Productivity Coaching (w=0.45),,none,complete,true,false,,,,true,2026-06-19,,
a60be08f-c0c7-4298-b5ab-0c9ce42acaac,how-do-i-tell-if-my-social-media-use-is--185387-016,david-k-gore-phd,"Kenneth W. Christian, PhD",,,meredith-price,Meredith Price,Family Conflict,teens-and-identity,Teens & Identity,family-and-parenting,Teens & Identity,70,medium,"parent_theme:family-and-parenting via Pregnancy, Prenatal, Postpartum|exact_topic:teens-and-identity via Family Conflict (w=0.7)|tied_topic:teens-and-identity via Parenting (w=0.7)|alt_topic:teens-and-identity via School Issues (w=0.45)","requires_keyword_support:Pregnancy, Prenatal, Postpartum|requires_keyword_support:Body Image",none,complete,true,false,,,,true,2026-06-19,,
ca3333c7-13ed-495f-8aaf-bb0571649e09,how-do-i-tell-my-family-im-going-to-treatment,david-k-gore-phd,"Kenneth W. Christian, PhD",,,alex-crenshaw-phd,Dr. Alex Crenshaw,Psychological Testing,therapy-and-care-navigation,Therapy & Care Navigation,care-and-therapy,Therapy & Mental Health,65,medium,parent_theme:care-and-therapy via Adult ADHD Testing|exact_topic:therapy-and-care-navigation via Psychological Testing (w=0.65)|tied_topic:therapy-and-care-navigation via Diagnostic Evaluation (w=0.65),,none,complete,true,false,,,,true,2026-06-19,,
4eb9ccd2-d05e-4177-9bf7-7c43ef80ad34,how-long-does-therapy-typically-take-186032-044,david-k-gore-phd,"Kenneth W. Christian, PhD",,,alex-crenshaw-phd,Dr. Alex Crenshaw,Psychological Testing,therapy-and-care-navigation,Therapy & Care Navigation,care-and-therapy,Therapy Navigation,65,medium,parent_theme:care-and-therapy via Adult ADHD Testing|exact_topic:therapy-and-care-navigation via Psychological Testing (w=0.65)|tied_topic:therapy-and-care-navigation via Diagnostic Evaluation (w=0.65),,none,complete,true,false,,,,true,2026-06-19,,
426a67cd-df90-4dd0-b153-6ceb0020d16b,how-to-know-if-ai-is-helping-therapy-or-replacing-it,david-k-gore-phd,"Kenneth W. Christian, PhD",,,alex-crenshaw-phd,Dr. Alex Crenshaw,Psychological Testing,therapy-and-care-navigation,Therapy & Care Navigation,care-and-therapy,Therapy Navigation,65,medium,parent_theme:care-and-therapy via Adult ADHD Testing|exact_topic:therapy-and-care-navigation via Psychological Testing (w=0.65)|tied_topic:therapy-and-care-navigation via Diagnostic Evaluation (w=0.65),,none,complete,true,false,,,,true,2026-06-19,,
510dce1e-0e0d-4d13-8c31-862273e821aa,how-to-know-if-teenager-is-too-attached-to-ai,david-k-gore-phd,"Kenneth W. Christian, PhD",,,susan-keenan,Susan L. Keenan,Family Conflict,teens-and-identity,Teens & Identity,family-and-parenting,Teen-Specific Questions,70,medium,exact_topic:teens-and-identity via Family Conflict (w=0.7)|tied_topic:teens-and-identity via Parenting (w=0.7),,none,complete,true,false,,,,true,2026-06-19,,
6ddee526-19c3-41d3-bd25-d26949b680b0,how-to-set-boundaries-with-ai-tools,david-k-gore-phd,"Kenneth W. Christian, PhD",,,lexi-cooper,Lexi Cooper,Life Transitions,general-mental-health,General Mental Health,life-transitions-and-change,General Mental Health,70,medium,exact_topic:general-mental-health via Anxiety (w=0.45)|exact_topic:general-mental-health via Life Transitions (w=0.7),,none,complete,true,false,,,,true,2026-06-19,,
31c3f339-73cc-4704-bb99-1ca3955bc2f8,how-to-talk-to-teenager-about-ai-relationships,david-k-gore-phd,"Kenneth W. Christian, PhD",,,jeannine-jannot,"Jeannine Jannot, Ph.D.",Parenting,teens-and-identity,Teens & Identity,family-and-parenting,Teen-Specific Questions,70,medium,exact_topic:teens-and-identity via School Issues (w=0.45)|exact_topic:teens-and-identity via Parenting (w=0.7)|tied_topic:teens-and-identity via Child (w=0.7)|alt_topic:teens-and-identity via Education and Learning Disabilities (w=0.45)|alt_topic:teens-and-identity via Executive Functioning (w=0.45)|alt_topic:teens-and-identity via Productivity Coaching (w=0.45),,none,complete,true,false,,,,true,2026-06-19,,
72a0b719-6e5d-4e96-b579-51dd3c4b68a2,im-having-thoughts-of-suicide---what-should-i-do-right-now,david-k-gore-phd,"Kenneth W. Christian, PhD",,,michaela-hilburn,Michaela Hilburn,Life Transitions,general-mental-health,General Mental Health,life-transitions-and-change,General Mental Health,70,medium,exact_topic:general-mental-health via Anxiety (w=0.45)|parent_theme:life-transitions-and-change via Grief and Loss|exact_topic:general-mental-health via Life Transitions (w=0.7),,none,complete,true,false,,,,true,2026-06-19,,
69a55c7a-b40a-4b6e-815f-25e60081252b,is-it-okay-to-self-diagnose-with-informa-185759-046,david-k-gore-phd,"Kenneth W. Christian, PhD",,,alex-crenshaw-phd,Dr. Alex Crenshaw,Psychological Testing,therapy-and-care-navigation,Therapy & Care Navigation,care-and-therapy,Therapy Navigation,65,medium,parent_theme:care-and-therapy via Adult ADHD Testing|exact_topic:therapy-and-care-navigation via Psychological Testing (w=0.65)|tied_topic:therapy-and-care-navigation via Diagnostic Evaluation (w=0.65),,none,complete,true,false,,,,true,2026-06-19,,
ddfb8676-7c1f-4694-bd0f-b648ec55ee9f,need-therapy-or-more-support-from-friends,david-k-gore-phd,"Kenneth W. Christian, PhD",,,lynn-lane,Lynn Lane,Life Transitions,general-mental-health,General Mental Health,life-transitions-and-change,General Mental Health,70,medium,exact_topic:general-mental-health via Anxiety (w=0.45)|parent_theme:life-transitions-and-change via Grief & Loss|exact_topic:general-mental-health via Life Transitions (w=0.7),,none,complete,true,false,,,,true,2026-06-19,,
0f22d2f7-c6bc-4948-83d2-e602c80294d3,rebuild-real-world-connection-after-relying-on-ai,david-k-gore-phd,"Kenneth W. Christian, PhD",,,samantha-bryant,Samantha Bryant,Codependency,loneliness-and-belonging,Loneliness & Belonging,relationships-and-connection,Loneliness & Isolation,56,medium,parent_theme:relationships-and-connection via Bisexual|exact_topic:loneliness-and-belonging via Codependency (w=0.45)|parent_theme:relationships-and-connection via Codependency|alt_topic:loneliness-and-belonging via Marital and Premarital (w=0.45),requires_keyword_support:Body Image,none,complete,true,false,,,,true,2026-06-19,,
b0ec04a2-1f07-438b-9694-dd37e901b7cf,should-i-tell-my-employer-about-going-to-treatment,david-k-gore-phd,"Kenneth W. Christian, PhD",,,alex-crenshaw-phd,Dr. Alex Crenshaw,Psychological Testing,therapy-and-care-navigation,Therapy & Care Navigation,care-and-therapy,Therapy & Mental Health,65,medium,parent_theme:care-and-therapy via Adult ADHD Testing|exact_topic:therapy-and-care-navigation via Psychological Testing (w=0.65)|tied_topic:therapy-and-care-navigation via Diagnostic Evaluation (w=0.65),,none,complete,true,false,,,,true,2026-06-19,,
2c9ae41d-48f9-43f1-8af0-a401c1eb830f,should-i-tell-my-therapist-everything-186032-046,david-k-gore-phd,"Kenneth W. Christian, PhD",,,alex-crenshaw-phd,Dr. Alex Crenshaw,Psychological Testing,therapy-and-care-navigation,Therapy & Care Navigation,care-and-therapy,Therapy Navigation,65,medium,parent_theme:care-and-therapy via Adult ADHD Testing|exact_topic:therapy-and-care-navigation via Psychological Testing (w=0.65)|tied_topic:therapy-and-care-navigation via Diagnostic Evaluation (w=0.65),,none,complete,true,false,,,,true,2026-06-19,,
4933c4cb-3dab-4fe1-bb5c-e6d1dd086c41,should-i-tell-my-therapist-how-much-i-use-ai,david-k-gore-phd,"Kenneth W. Christian, PhD",,,alex-crenshaw-phd,Dr. Alex Crenshaw,Psychological Testing,therapy-and-care-navigation,Therapy & Care Navigation,care-and-therapy,Therapy Navigation,65,medium,parent_theme:care-and-therapy via Adult ADHD Testing|exact_topic:therapy-and-care-navigation via Psychological Testing (w=0.65)|tied_topic:therapy-and-care-navigation via Diagnostic Evaluation (w=0.65),,none,complete,true,false,,,,true,2026-06-19,,
34a9b274-f36d-4674-88a9-a39e94378ba0,should-parents-limit-ai-companion-use-for-teens,david-k-gore-phd,"Kenneth W. Christian, PhD",,,susan-keenan,Susan L. Keenan,Family Conflict,teens-and-identity,Teens & Identity,family-and-parenting,Teen-Specific Questions,70,medium,exact_topic:teens-and-identity via Family Conflict (w=0.7)|tied_topic:teens-and-identity via Parenting (w=0.7),,none,complete,true,false,,,,true,2026-06-19,,
86143b60-7204-4dae-9389-1cc055129eb9,take-a-break-from-ai-without-feeling-abandoned,david-k-gore-phd,"Kenneth W. Christian, PhD",,,samantha-bryant,Samantha Bryant,Codependency,loneliness-and-belonging,Loneliness & Belonging,relationships-and-connection,Loneliness & Isolation,56,medium,alias_keyword:stress|alt_topic:loneliness-and-belonging via Codependency (w=0.45)|parent_theme:relationships-and-connection via Codependency|alt_topic:loneliness-and-belonging via Marital and Premarital (w=0.45),,none,complete,true,false,,,,true,2026-06-19,,
0abb94ef-b473-48c1-af40-68d4632138c8,warning-signs-ai-use-is-hurting-my-mental-health,david-k-gore-phd,"Kenneth W. Christian, PhD",,,laura-hilsen,Laura Hilsen,Life Transitions,general-mental-health,General Mental Health,life-transitions-and-change,General Mental Health,70,medium,exact_topic:general-mental-health via Anxiety (w=0.45)|exact_topic:general-mental-health via Life Transitions (w=0.7),,none,complete,true,false,,,,true,2026-06-19,,
86f3fde7-5b9e-4e91-994c-88edc63bb3e0,what-are-body-scan-meditations-and-how-do-they-help,david-k-gore-phd,"Kenneth W. Christian, PhD",,,meredith-price,Meredith Price,Stress,general-mental-health,General Mental Health,life-transitions-and-change,General Mental Health,78,medium,exact_topic:general-mental-health via Anxiety (w=0.45)|alias_keyword:stress|exact_topic:general-mental-health via Body Image (w=0.55)|demoted_missing_keyword_support|parent_theme:life-transitions-and-change via Grief|exact_topic:general-mental-health via Life Transitions (w=0.7)|alt_topic:general-mental-health via Stress (w=0.45)|alias_keyword:stress,"requires_keyword_support:Pregnancy, Prenatal, Postpartum|requires_keyword_support:Infertility",none,complete,true,false,,,,true,2026-06-19,,
e2062f48-19b0-41b3-a5e5-6b0efdc799f1,what-are-some-simple-relaxation-techniques-i-can-do-anywhere,david-k-gore-phd,"Kenneth W. Christian, PhD",,,jackie-malone,Jackie Malone,Stress,general-mental-health,General Mental Health,life-transitions-and-change,General Mental Health,78,medium,exact_topic:general-mental-health via Anxiety (w=0.45)|alias_keyword:stress|exact_topic:general-mental-health via Body Image (w=0.55)|demoted_missing_keyword_support|exact_topic:general-mental-health via Life Transitions (w=0.7)|alt_topic:general-mental-health via Stress (w=0.45)|alias_keyword:stress,,none,complete,true,false,,,,true,2026-06-19,,
5b4dc2bd-7445-441f-948d-e47415368526,what-are-the-signs-of-borderline-personality-disorder,david-k-gore-phd,"Kenneth W. Christian, PhD",,,meredith-price,Meredith Price,Stress,general-mental-health,General Mental Health,life-transitions-and-change,General Mental Health,78,medium,exact_topic:general-mental-health via Anxiety (w=0.45)|alias_keyword:stress|exact_topic:general-mental-health via Body Image (w=0.55)|demoted_missing_keyword_support|parent_theme:life-transitions-and-change via Grief|exact_topic:general-mental-health via Life Transitions (w=0.7)|alt_topic:general-mental-health via Stress (w=0.45)|alias_keyword:stress,"requires_keyword_support:Pregnancy, Prenatal, Postpartum|requires_keyword_support:Infertility",none,complete,true,false,,,,true,2026-06-19,,
8254311a-a711-4a7c-989a-c9d54b3056ec,what-are-the-signs-that-my-child-needs-counseling-after-divorce,david-k-gore-phd,"Kenneth W. Christian, PhD",,,alex-crenshaw-phd,Dr. Alex Crenshaw,Psychological Testing,therapy-and-care-navigation,Therapy & Care Navigation,care-and-therapy,Therapy & Mental Health,65,medium,alias_keyword:divorce|exact_topic:therapy-and-care-navigation via Psychological Testing (w=0.65)|tied_topic:therapy-and-care-navigation via Diagnostic Evaluation (w=0.65),,none,complete,true,false,,,,true,2026-06-19,,
042d9590-19d9-4fa8-a58a-9a85cba40ea2,what-does-it-mean-to-take-care-of-your-mental-health,david-k-gore-phd,"Kenneth W. Christian, PhD",,,lynn-lane,Lynn Lane,Life Transitions,general-mental-health,General Mental Health,life-transitions-and-change,General Mental Health,70,medium,exact_topic:general-mental-health via Anxiety (w=0.45)|parent_theme:life-transitions-and-change via Grief & Loss|exact_topic:general-mental-health via Life Transitions (w=0.7),,none,complete,true,false,,,,true,2026-06-19,,
be0e0311-efe4-4a74-b4b4-137027462670,what-do-i-do-if-i-think-i-have-depressio-186032-018,david-k-gore-phd,"Kenneth W. Christian, PhD",,,lauren-sanders,Lauren Sanders,Parenting,teens-and-identity,Teens & Identity,family-and-parenting,Teens & Identity,70,medium,exact_topic:teens-and-identity via Parenting (w=0.7)|tied_topic:teens-and-identity via Child (w=0.7),,none,complete,true,false,,,,true,2026-06-19,,
702fddc2-fa33-4f11-848f-692d726987ec,what-do-i-do-when-i-cant-afford-therapy-177940-020,david-k-gore-phd,"Kenneth W. Christian, PhD",,,alex-crenshaw-phd,Dr. Alex Crenshaw,Psychological Testing,therapy-and-care-navigation,Therapy & Care Navigation,care-and-therapy,Mental Health Access,65,medium,parent_theme:care-and-therapy via Adult ADHD Testing|exact_topic:therapy-and-care-navigation via Psychological Testing (w=0.65)|tied_topic:therapy-and-care-navigation via Diagnostic Evaluation (w=0.65),,none,complete,true,false,,,,true,2026-06-19,,
25ca7e2a-3ca1-4981-b996-f2daa7711a42,what-do-i-do-when-i-cant-stop-crying-177941-004,david-k-gore-phd,"Kenneth W. Christian, PhD",,,meredith-price,Meredith Price,Stress,general-mental-health,General Mental Health,life-transitions-and-change,Emotional Regulation,78,medium,alias_keyword:Depression|alt_topic:general-mental-health via Anxiety (w=0.45)|exact_topic:general-mental-health via Body Image (w=0.55)|demoted_missing_keyword_support|parent_theme:life-transitions-and-change via Grief|alias_keyword:Grief|exact_topic:general-mental-health via Life Transitions (w=0.7)|alt_topic:general-mental-health via Stress (w=0.45)|alias_keyword:Anxiety,"requires_keyword_support:Pregnancy, Prenatal, Postpartum",none,complete,true,false,,,,true,2026-06-19,,
fd1f9f6d-bd16-4bab-b56b-8f3931be6822,what-do-i-do-when-i-feel-like-i-dont-fit-in-177941-024,david-k-gore-phd,"Kenneth W. Christian, PhD",,,sarah-evers,Sarah Evers,Building Healthy Relationships,loneliness-and-belonging,Loneliness & Belonging,relationships-and-connection,Social Belonging,56,medium,exact_topic:loneliness-and-belonging via Building Healthy Relationships (w=0.45)|parent_theme:relationships-and-connection via Building Healthy Relationships,requires_keyword_support:Chronic Illness & Disability|requires_keyword_support:Caregiver Stress|requires_keyword_support:Motherhood|requires_keyword_support:Reproductive Mental Health,none,complete,true,false,,,,true,2026-06-19,,
1634696c-9082-41a7-b190-c9dfbf5e899d,what-if-ai-chatbot-says-i-have-a-special-mission,david-k-gore-phd,"Kenneth W. Christian, PhD",,,michaela-hilburn,Michaela Hilburn,Life Transitions,general-mental-health,General Mental Health,life-transitions-and-change,General Mental Health,70,medium,exact_topic:general-mental-health via Anxiety (w=0.45)|parent_theme:life-transitions-and-change via Grief and Loss|exact_topic:general-mental-health via Life Transitions (w=0.7),,none,complete,true,false,,,,true,2026-06-19,,
78f168aa-6421-4582-8881-66ebc8ef1a6e,what-if-i-dont-like-my-therapist-185759-047,david-k-gore-phd,"Kenneth W. Christian, PhD",,,alex-crenshaw-phd,Dr. Alex Crenshaw,Psychological Testing,therapy-and-care-navigation,Therapy & Care Navigation,care-and-therapy,Therapy Navigation,65,medium,parent_theme:care-and-therapy via Adult ADHD Testing|exact_topic:therapy-and-care-navigation via Psychological Testing (w=0.65)|tied_topic:therapy-and-care-navigation via Diagnostic Evaluation (w=0.65),,none,complete,true,false,,,,true,2026-06-19,,
26b682ea-6856-4fd6-b42b-7ff26685aa48,what-if-i-think-an-ai-chatbot-is-sentient,david-k-gore-phd,"Kenneth W. Christian, PhD",,,liz-webb,Liz Webb,Life Transitions,general-mental-health,General Mental Health,life-transitions-and-change,General Mental Health,70,medium,exact_topic:general-mental-health via Anxiety (w=0.45)|exact_topic:general-mental-health via Life Transitions (w=0.7),,none,complete,true,false,,,,true,2026-06-19,,
4939a867-f3de-4bca-bfa3-3363e97c8b9f,what-is-ai-psychosis-and-is-it-a-real-diagnosis,david-k-gore-phd,"Kenneth W. Christian, PhD",,,lexi-cooper,Lexi Cooper,Life Transitions,general-mental-health,General Mental Health,life-transitions-and-change,General Mental Health,70,medium,exact_topic:general-mental-health via Anxiety (w=0.45)|exact_topic:general-mental-health via Life Transitions (w=0.7),,none,complete,true,false,,,,true,2026-06-19,,
4e1b1f9d-5c57-4a97-a497-eb6ee8fafacc,what-is-dependent-personality-disorder-and-how-is-it-different-from-being-needy,david-k-gore-phd,"Kenneth W. Christian, PhD",,,meredith-price,Meredith Price,Life Transitions,general-mental-health,General Mental Health,life-transitions-and-change,General Mental Health,70,medium,exact_topic:general-mental-health via Anxiety (w=0.45)|exact_topic:general-mental-health via Body Image (w=0.55)|demoted_missing_keyword_support|parent_theme:life-transitions-and-change via Grief|exact_topic:general-mental-health via Life Transitions (w=0.7)|alt_topic:general-mental-health via Stress (w=0.45),"requires_keyword_support:Pregnancy, Prenatal, Postpartum|requires_keyword_support:Infertility",none,complete,true,false,,,,true,2026-06-19,,
85794365-761e-47f6-b6be-af395fddf0be,what-is-histrionic-personality-disorder-and-how-is-it-treated,david-k-gore-phd,"Kenneth W. Christian, PhD",,,lexi-cooper,Lexi Cooper,Life Transitions,general-mental-health,General Mental Health,life-transitions-and-change,General Mental Health,70,medium,exact_topic:general-mental-health via Anxiety (w=0.45)|exact_topic:general-mental-health via Life Transitions (w=0.7),,none,complete,true,false,,,,true,2026-06-19,,
6d62d965-b609-4440-a6a5-f220cb81a18d,what-is-progressive-muscle-relaxation-and-how-do-i-do-it,david-k-gore-phd,"Kenneth W. Christian, PhD",,,jackie-malone,Jackie Malone,Stress,general-mental-health,General Mental Health,life-transitions-and-change,General Mental Health,78,medium,exact_topic:general-mental-health via Anxiety (w=0.45)|alias_keyword:Anxiety|exact_topic:general-mental-health via Body Image (w=0.55)|demoted_missing_keyword_support|exact_topic:general-mental-health via Life Transitions (w=0.7)|alt_topic:general-mental-health via Stress (w=0.45)|alias_keyword:Anxiety,,none,complete,true,false,,,,true,2026-06-19,,
dff339f7-efc4-4624-8043-0e8584a7ee29,what-is-the-difference-between-mindfulness-and-meditation,david-k-gore-phd,"Kenneth W. Christian, PhD",,,michaela-hilburn,Michaela Hilburn,Life Transitions,general-mental-health,General Mental Health,life-transitions-and-change,General Mental Health,70,medium,exact_topic:general-mental-health via Anxiety (w=0.45)|parent_theme:life-transitions-and-change via Grief and Loss|exact_topic:general-mental-health via Life Transitions (w=0.7),,none,complete,true,false,,,,true,2026-06-19,,
b967c16c-3117-4343-9a59-93fafde76ad0,what-should-i-do-if-i-feel-like-my-skills-are-becoming-obsolete,david-k-gore-phd,"Kenneth W. Christian, PhD",,,jackie-malone,Jackie Malone,Stress,general-mental-health,General Mental Health,life-transitions-and-change,General Mental Health,78,medium,exact_topic:general-mental-health via Anxiety (w=0.45)|alias_keyword:Anxiety|exact_topic:general-mental-health via Body Image (w=0.55)|demoted_missing_keyword_support|exact_topic:general-mental-health via Life Transitions (w=0.7)|alt_topic:general-mental-health via Stress (w=0.45)|alias_keyword:Anxiety,,none,complete,true,false,,,,true,2026-06-19,,
35ce4d44-f382-4b09-9f99-aa50a7cfa667,what-should-i-do-if-i-feel-overwhelmed-by-information-and-constant-connectivity,david-k-gore-phd,"Kenneth W. Christian, PhD",,,lexi-cooper,Lexi Cooper,Life Transitions,general-mental-health,General Mental Health,life-transitions-and-change,General Mental Health,70,medium,exact_topic:general-mental-health via Anxiety (w=0.45)|exact_topic:general-mental-health via Life Transitions (w=0.7),,none,complete,true,false,,,,true,2026-06-19,,
4dba34a6-69e1-4845-b963-906edfd8ac65,what-should-i-do-if-im-being-pressured-t-186032-014,david-k-gore-phd,"Kenneth W. Christian, PhD",,,lauren-sanders,Lauren Sanders,Parenting,teens-and-identity,Teens & Identity,family-and-parenting,Teens & Identity,70,medium,exact_topic:teens-and-identity via Parenting (w=0.7)|tied_topic:teens-and-identity via Child (w=0.7),,none,complete,true,false,,,,true,2026-06-19,,
29bc882e-efce-4c81-be42-85f359691064,what-should-i-do-if-im-having-suicidal-thoughts,david-k-gore-phd,"Kenneth W. Christian, PhD",,,laura-hilsen,Laura Hilsen,Life Transitions,general-mental-health,General Mental Health,life-transitions-and-change,General Mental Health,70,medium,exact_topic:general-mental-health via Anxiety (w=0.45)|exact_topic:general-mental-health via Life Transitions (w=0.7),,none,complete,true,false,,,,true,2026-06-19,,
5720586b-4ceb-493b-a702-473938d11213,what-should-i-do-if-im-having-thoughts-of-suicide,david-k-gore-phd,"Kenneth W. Christian, PhD",,,sarah-evers,Sarah Evers,Life Events & Transitions,general-mental-health,General Mental Health,life-transitions-and-change,General Mental Health,70,medium,exact_topic:general-mental-health via Chronic Illness & Disability (w=0.65)|demoted_missing_keyword_support|exact_topic:general-mental-health via Caregiver Stress (w=0.65)|demoted_missing_keyword_support|exact_topic:general-mental-health via Medical Trauma & Health Anxiety (w=0.45)|exact_topic:general-mental-health via Life Events & Transitions (w=0.7),,none,complete,true,false,,,,true,2026-06-19,,
ebcd909a-7df4-49b9-ae47-011ce58c0eb2,what-should-i-do-if-i-think-im-being-bul-185387-017,david-k-gore-phd,"Kenneth W. Christian, PhD",,,meredith-price,Meredith Price,Family Conflict,teens-and-identity,Teens & Identity,family-and-parenting,Teens & Identity,70,medium,"parent_theme:family-and-parenting via Pregnancy, Prenatal, Postpartum|exact_topic:teens-and-identity via Family Conflict (w=0.7)|tied_topic:teens-and-identity via Parenting (w=0.7)|alt_topic:teens-and-identity via School Issues (w=0.45)","requires_keyword_support:Pregnancy, Prenatal, Postpartum|requires_keyword_support:Body Image",none,complete,true,false,,,,true,2026-06-19,,
53e97672-edeb-4af7-a4f5-759f5d8f2506,what-should-i-do-if-my-loved-one-refuses-treatment,david-k-gore-phd,"Kenneth W. Christian, PhD",,,alex-crenshaw-phd,Dr. Alex Crenshaw,Psychological Testing,therapy-and-care-navigation,Therapy & Care Navigation,care-and-therapy,Therapy & Mental Health,65,medium,parent_theme:care-and-therapy via Adult ADHD Testing|exact_topic:therapy-and-care-navigation via Psychological Testing (w=0.65)|tied_topic:therapy-and-care-navigation via Diagnostic Evaluation (w=0.65),,none,complete,true,false,,,,true,2026-06-19,,
9b525ebb-44bd-4483-880e-aaa6246b4c09,what-should-i-do-if-my-teenager-is-experimenting-w-187459-006,david-k-gore-phd,"Kenneth W. Christian, PhD",,,kelsey-donahue,Kelsey Madsen (Donahue),Child,teens-and-identity,Teens & Identity,family-and-parenting,Teen-Specific Questions,70,medium,exact_topic:teens-and-identity via Child (w=0.7)|tied_topic:teens-and-identity via Family Conflict (w=0.7)|tied_topic:teens-and-identity via Parenting (w=0.7)|alt_topic:teens-and-identity via School Issues (w=0.45),requires_keyword_support:Eating Disorders,none,complete,true,false,,,,true,2026-06-19,,
2263f362-91b8-4013-be00-25a9296fe13c,what-should-i-do-if-someone-is-giving-me-the-silent-treatment,david-k-gore-phd,"Kenneth W. Christian, PhD",,,alex-crenshaw-phd,Dr. Alex Crenshaw,Psychological Testing,therapy-and-care-navigation,Therapy & Care Navigation,care-and-therapy,Therapy & Mental Health,65,medium,parent_theme:care-and-therapy via Adult ADHD Testing|exact_topic:therapy-and-care-navigation via Psychological Testing (w=0.65)|tied_topic:therapy-and-care-navigation via Diagnostic Evaluation (w=0.65),,none,complete,true,false,,,,true,2026-06-19,,
d0d92fce-629b-450c-a4d8-06c92b3752f4,what-should-i-do-when-i-feel-like-i-cant-handle-stress-anymore,david-k-gore-phd,"Kenneth W. Christian, PhD",,,meredith-price,Meredith Price,Stress,general-mental-health,General Mental Health,life-transitions-and-change,General Mental Health,78,medium,exact_topic:general-mental-health via Anxiety (w=0.45)|alias_keyword:stress|exact_topic:general-mental-health via Body Image (w=0.55)|demoted_missing_keyword_support|parent_theme:life-transitions-and-change via Grief|exact_topic:general-mental-health via Life Transitions (w=0.7)|alt_topic:general-mental-health via Stress (w=0.45)|alias_keyword:stress,"requires_keyword_support:Pregnancy, Prenatal, Postpartum|requires_keyword_support:Infertility",none,complete,true,false,,,,true,2026-06-19,,
8b4e1063-b358-4b19-93ff-b8cb8d229e38,what-should-i-do-when-i-feel-like-i-dont-know-who-i-am-anymore,david-k-gore-phd,"Kenneth W. Christian, PhD",,,sarah-evers,Sarah Evers,Grief & Loss,general-mental-health,General Mental Health,life-transitions-and-change,General Mental Health,78,medium,exact_topic:general-mental-health via Chronic Illness & Disability (w=0.65)|demoted_missing_keyword_support|exact_topic:general-mental-health via Caregiver Stress (w=0.65)|demoted_missing_keyword_support|exact_topic:general-mental-health via Medical Trauma & Health Anxiety (w=0.45)|exact_topic:general-mental-health via Life Events & Transitions (w=0.7)|alias_keyword:loss,,none,complete,true,false,,,,true,2026-06-19,,
081a7fd9-bb0a-4f75-a55d-963ecf06efa3,what-should-i-expect-if-my-loved-one-goes-to-treatment,david-k-gore-phd,"Kenneth W. Christian, PhD",,,alex-crenshaw-phd,Dr. Alex Crenshaw,Psychological Testing,therapy-and-care-navigation,Therapy & Care Navigation,care-and-therapy,Therapy & Mental Health,65,medium,parent_theme:care-and-therapy via Adult ADHD Testing|exact_topic:therapy-and-care-navigation via Psychological Testing (w=0.65)|tied_topic:therapy-and-care-navigation via Diagnostic Evaluation (w=0.65),,none,complete,true,false,,,,true,2026-06-19,,
681747c2-9fcd-4d4c-b125-44a6752e4dae,whats-the-difference-between-a-psycholog-186032-045,david-k-gore-phd,"Kenneth W. Christian, PhD",,,alex-crenshaw-phd,Dr. Alex Crenshaw,Psychological Testing,therapy-and-care-navigation,Therapy & Care Navigation,care-and-therapy,Therapy Navigation,65,medium,parent_theme:care-and-therapy via Adult ADHD Testing|exact_topic:therapy-and-care-navigation via Psychological Testing (w=0.65)|tied_topic:therapy-and-care-navigation via Diagnostic Evaluation (w=0.65),,none,complete,true,false,,,,true,2026-06-19,,
076b4b79-7750-4f55-be64-2202513acc6c,whats-the-difference-between-a-sponsor-and-a-therapist,david-k-gore-phd,"Kenneth W. Christian, PhD",,,alex-crenshaw-phd,Dr. Alex Crenshaw,Psychological Testing,therapy-and-care-navigation,Therapy & Care Navigation,care-and-therapy,Therapy & Mental Health,65,medium,parent_theme:care-and-therapy via Adult ADHD Testing|exact_topic:therapy-and-care-navigation via Psychological Testing (w=0.65)|tied_topic:therapy-and-care-navigation via Diagnostic Evaluation (w=0.65),,none,complete,true,false,,,,true,2026-06-19,,
e4641b6b-2ed1-4691-b4cf-5c29c45a4f82,whats-the-difference-between-being-shy-and-having-avoidant-personality-disorder,david-k-gore-phd,"Kenneth W. Christian, PhD",,,michaela-hilburn,Michaela Hilburn,Life Transitions,general-mental-health,General Mental Health,life-transitions-and-change,General Mental Health,70,medium,exact_topic:general-mental-health via Anxiety (w=0.45)|parent_theme:life-transitions-and-change via Grief and Loss|exact_topic:general-mental-health via Life Transitions (w=0.7),,none,complete,true,false,,,,true,2026-06-19,,
0a756a7a-378b-466f-a2e6-d377f6681cbe,whats-the-difference-between-feeling-sad-and-being-clinically-depressed,david-k-gore-phd,"Kenneth W. Christian, PhD",,,lexi-cooper,Lexi Cooper,Life Transitions,general-mental-health,General Mental Health,life-transitions-and-change,General Mental Health,70,medium,exact_topic:general-mental-health via Anxiety (w=0.45)|alias_keyword:Depression|exact_topic:general-mental-health via Life Transitions (w=0.7),,none,complete,true,false,,,,true,2026-06-19,,
686794d6-e23b-471d-ad26-231164dc9f19,whats-the-difference-between-inpatient-and-outpatient-treatment,david-k-gore-phd,"Kenneth W. Christian, PhD",,,alex-crenshaw-phd,Dr. Alex Crenshaw,Psychological Testing,therapy-and-care-navigation,Therapy & Care Navigation,care-and-therapy,Therapy & Mental Health,65,medium,parent_theme:care-and-therapy via Adult ADHD Testing|exact_topic:therapy-and-care-navigation via Psychological Testing (w=0.65)|tied_topic:therapy-and-care-navigation via Diagnostic Evaluation (w=0.65),,none,complete,true,false,,,,true,2026-06-19,,
434a9399-07d5-4415-92f8-1f7a566be552,whats-the-difference-between-narcissistic-personality-disorder-and-just-being-self-centered,david-k-gore-phd,"Kenneth W. Christian, PhD",,,lynn-lane,Lynn Lane,Life Transitions,general-mental-health,General Mental Health,life-transitions-and-change,General Mental Health,70,medium,exact_topic:general-mental-health via Anxiety (w=0.45)|parent_theme:life-transitions-and-change via Grief & Loss|exact_topic:general-mental-health via Life Transitions (w=0.7),,none,complete,true,false,,,,true,2026-06-19,,
6567e82c-9fcd-4f1e-8001-9008ef273e38,whats-the-difference-between-therapy-typ-185387-025,david-k-gore-phd,"Kenneth W. Christian, PhD",,,alex-crenshaw-phd,Dr. Alex Crenshaw,Psychological Testing,therapy-and-care-navigation,Therapy & Care Navigation,care-and-therapy,Therapy Navigation,65,medium,parent_theme:care-and-therapy via Adult ADHD Testing|exact_topic:therapy-and-care-navigation via Psychological Testing (w=0.65)|tied_topic:therapy-and-care-navigation via Diagnostic Evaluation (w=0.65),,none,complete,true,false,,,,true,2026-06-19,,
d890589f-d823-48c1-b8a4-ce97a007d14f,what-to-do-if-i-feel-different-from-everyone-at-school,david-k-gore-phd,"Kenneth W. Christian, PhD",,,kelsey-donahue,Kelsey Madsen (Donahue),Child,teens-and-identity,Teens & Identity,family-and-parenting,Teens & Identity,70,medium,exact_topic:teens-and-identity via Child (w=0.7)|tied_topic:teens-and-identity via Family Conflict (w=0.7)|tied_topic:teens-and-identity via Parenting (w=0.7)|alt_topic:teens-and-identity via School Issues (w=0.45),requires_keyword_support:Eating Disorders,none,complete,true,false,,,,true,2026-06-27,,
7cc17ad3-adfa-4815-a2ed-4cb4d8558b01,what-to-do-if-i-have-no-one-to-talk-to,david-k-gore-phd,"Kenneth W. Christian, PhD",,,samantha-bryant,Samantha Bryant,Codependency,loneliness-and-belonging,Loneliness & Belonging,relationships-and-connection,Loneliness & Isolation,56,medium,parent_theme:relationships-and-connection via Bisexual|exact_topic:loneliness-and-belonging via Codependency (w=0.45)|parent_theme:relationships-and-connection via Codependency|alt_topic:loneliness-and-belonging via Marital and Premarital (w=0.45),requires_keyword_support:Body Image,none,complete,true,false,,,,true,2026-06-27,,
3535038e-d7c2-4650-8fc6-f018cd76c39b,when-are-ai-related-beliefs-a-mental-health-emergency,david-k-gore-phd,"Kenneth W. Christian, PhD",,,samantha-bryant,Samantha Bryant,Life Transitions,general-mental-health,General Mental Health,life-transitions-and-change,General Mental Health,70,medium,exact_topic:general-mental-health via Anxiety (w=0.45)|exact_topic:general-mental-health via Body Image (w=0.55)|demoted_missing_keyword_support|parent_theme:life-transitions-and-change via Grief|exact_topic:general-mental-health via Life Transitions (w=0.7)|alt_topic:general-mental-health via Stress (w=0.45),,none,complete,true,false,,,,true,2026-06-19,,
6ef9469b-db6f-4c5c-951f-ea886fef5278,when-should-i-stop-using-ai-and-talk-to-a-real-person,david-k-gore-phd,"Kenneth W. Christian, PhD",,,alex-crenshaw-phd,Dr. Alex Crenshaw,Psychological Testing,therapy-and-care-navigation,Therapy & Care Navigation,care-and-therapy,Therapy Navigation,65,medium,parent_theme:care-and-therapy via Adult ADHD Testing|exact_topic:therapy-and-care-navigation via Psychological Testing (w=0.65)|tied_topic:therapy-and-care-navigation via Diagnostic Evaluation (w=0.65),,none,complete,true,false,,,,true,2026-06-19,,
17b0e8de-eeaa-4d69-9bac-0a42dc98e2d4,when-should-i-talk-to-someone-about-my-mental-health,david-k-gore-phd,"Kenneth W. Christian, PhD",,,meredith-price,Meredith Price,Life Transitions,general-mental-health,General Mental Health,life-transitions-and-change,General Mental Health,70,medium,exact_topic:general-mental-health via Anxiety (w=0.45)|exact_topic:general-mental-health via Body Image (w=0.55)|demoted_missing_keyword_support|parent_theme:life-transitions-and-change via Grief|exact_topic:general-mental-health via Life Transitions (w=0.7)|alt_topic:general-mental-health via Stress (w=0.45),"requires_keyword_support:Pregnancy, Prenatal, Postpartum|requires_keyword_support:Infertility",none,complete,true,false,,,,true,2026-06-19,,
b88a3917-dce4-4820-a740-707a7835144b,why-ai-companion-feels-more-comforting-than-real-people,david-k-gore-phd,"Kenneth W. Christian, PhD",,,lynn-lane,Lynn Lane,Relationship Counseling,loneliness-and-belonging,Loneliness & Belonging,relationships-and-connection,Loneliness & Isolation,56,medium,exact_topic:loneliness-and-belonging via Relationship Counseling (w=0.45)|parent_theme:relationships-and-connection via Relationship Counseling,,none,complete,true,false,,,,true,2026-06-19,,
7644ec1a-fc69-4fb2-a1c1-60953096dfc3,why-does-my-teenager-seem-to-hate-spending-time-wi-187459-008,david-k-gore-phd,"Kenneth W. Christian, PhD",,,lauren-sanders,Lauren Sanders,Grief,teens-and-identity,Teens & Identity,family-and-parenting,Teen-Specific Questions,78,medium,exact_topic:teens-and-identity via Parenting (w=0.7)|tied_topic:teens-and-identity via Child (w=0.7)|alias_keyword:loss,,none,complete,true,false,,,,true,2026-06-19,,
82bc0af7-b994-4a77-8148-9d17c3860168,why-does-social-media-make-me-feel-worse-about-myself,david-k-gore-phd,"Kenneth W. Christian, PhD",,,kelsey-donahue,Kelsey Madsen (Donahue),Self Esteem,teens-and-identity,Teens & Identity,family-and-parenting,Teens & Identity,78,medium,exact_topic:teens-and-identity via Child (w=0.7)|tied_topic:teens-and-identity via Family Conflict (w=0.7)|tied_topic:teens-and-identity via Parenting (w=0.7)|alt_topic:teens-and-identity via School Issues (w=0.45)|alias_keyword:Self Esteem,requires_keyword_support:Eating Disorders,none,complete,true,false,,,,true,2026-06-27,,
5e4db9a7-353b-4c91-8421-ea0a347476c0,why-do-i-constantly-compare-myself-to-others,david-k-gore-phd,"Kenneth W. Christian, PhD",,,jackie-malone,Jackie Malone,Stress,general-mental-health,General Mental Health,life-transitions-and-change,General Mental Health,78,medium,exact_topic:general-mental-health via Anxiety (w=0.45)|alias_keyword:stress|exact_topic:general-mental-health via Body Image (w=0.55)|demoted_missing_keyword_support|exact_topic:general-mental-health via Life Transitions (w=0.7)|alt_topic:general-mental-health via Stress (w=0.45)|alias_keyword:stress,,none,complete,true,false,,,,true,2026-06-19,,
22d72845-5534-4f53-b78a-1fb54eb32cb4,why-do-i-feel-angry-all-the-time-lately-177940-006,david-k-gore-phd,"Kenneth W. Christian, PhD",,,jackie-malone,Jackie Malone,Stress,general-mental-health,General Mental Health,life-transitions-and-change,Emotional Regulation,78,medium,exact_topic:general-mental-health via Anxiety (w=0.45)|alias_keyword:stress|exact_topic:general-mental-health via Body Image (w=0.55)|demoted_missing_keyword_support|exact_topic:general-mental-health via Life Transitions (w=0.7)|alt_topic:general-mental-health via Stress (w=0.45)|alias_keyword:stress,,none,complete,true,false,,,,true,2026-06-19,,
a220dc51-5ce7-4ef4-b1bf-db0d6e700dee,why-do-i-feel-depressed-even-when-my-life-is-going-well,david-k-gore-phd,"Kenneth W. Christian, PhD",,,sarah-evers,Sarah Evers,Life Events & Transitions,general-mental-health,General Mental Health,life-transitions-and-change,General Mental Health,70,medium,exact_topic:general-mental-health via Chronic Illness & Disability (w=0.65)|demoted_missing_keyword_support|exact_topic:general-mental-health via Caregiver Stress (w=0.65)|demoted_missing_keyword_support|exact_topic:general-mental-health via Medical Trauma & Health Anxiety (w=0.45)|exact_topic:general-mental-health via Life Events & Transitions (w=0.7),,none,complete,true,false,,,,true,2026-06-19,,
6f2af34c-432e-4886-b692-f43c371b6796,why-do-i-feel-disconnected-from-my-emoti-177940-014,david-k-gore-phd,"Kenneth W. Christian, PhD",,,samantha-bryant,Samantha Bryant,Life Transitions,general-mental-health,General Mental Health,life-transitions-and-change,Emotional Regulation,70,medium,exact_topic:general-mental-health via Anxiety (w=0.45)|exact_topic:general-mental-health via Body Image (w=0.55)|demoted_missing_keyword_support|parent_theme:life-transitions-and-change via Grief|exact_topic:general-mental-health via Life Transitions (w=0.7)|alt_topic:general-mental-health via Stress (w=0.45),,none,complete,true,false,,,,true,2026-06-19,,
736bf9b9-4cd2-4f34-a6b8-67b91401fcef,why-do-i-feel-emotionally-exhausted-all-the-time,david-k-gore-phd,"Kenneth W. Christian, PhD",,,meredith-price,Meredith Price,Stress,general-mental-health,General Mental Health,life-transitions-and-change,General Mental Health,78,medium,exact_topic:general-mental-health via Anxiety (w=0.45)|alias_keyword:stress|exact_topic:general-mental-health via Body Image (w=0.55)|demoted_missing_keyword_support|parent_theme:life-transitions-and-change via Grief|exact_topic:general-mental-health via Life Transitions (w=0.7)|alt_topic:general-mental-health via Stress (w=0.45)|alias_keyword:stress,"requires_keyword_support:Pregnancy, Prenatal, Postpartum|requires_keyword_support:Infertility",none,complete,true,false,,,,true,2026-06-19,,
e20a9f6f-eea9-4cd4-9a05-357b3aad3af1,why-do-i-feel-exhausted-all-the-time-eve-177940-002,david-k-gore-phd,"Kenneth W. Christian, PhD",,,meredith-price,Meredith Price,Mood Disorders,general-mental-health,General Mental Health,life-transitions-and-change,Physical Health,78,medium,exact_topic:general-mental-health via Anxiety (w=0.45)|exact_topic:general-mental-health via Body Image (w=0.55)|demoted_missing_keyword_support|parent_theme:life-transitions-and-change via Grief|exact_topic:general-mental-health via Life Transitions (w=0.7)|alias_keyword:mood disorder|alt_topic:general-mental-health via Stress (w=0.45),"requires_keyword_support:Pregnancy, Prenatal, Postpartum|requires_keyword_support:Infertility",none,complete,true,false,,,,true,2026-06-19,,
f6c563e7-d3ce-48c8-aee4-76cb9b572de9,why-do-i-feel-furious-over-small-things-that-shoul-186602-001,david-k-gore-phd,"Kenneth W. Christian, PhD",,,meredith-price,Meredith Price,Stress,general-mental-health,General Mental Health,life-transitions-and-change,Anger & Emotional Regulation,78,medium,exact_topic:general-mental-health via Anxiety (w=0.45)|alias_keyword:stress|exact_topic:general-mental-health via Body Image (w=0.55)|demoted_missing_keyword_support|parent_theme:life-transitions-and-change via Grief|exact_topic:general-mental-health via Life Transitions (w=0.7)|alt_topic:general-mental-health via Stress (w=0.45)|alias_keyword:stress,"requires_keyword_support:Pregnancy, Prenatal, Postpartum|requires_keyword_support:Infertility",none,complete,true,false,,,,true,2026-06-19,,
989e712a-ba3c-4ad2-9e8e-be351947c8c6,why-do-i-feel-guilty-when-i-put-myself-first,david-k-gore-phd,"Kenneth W. Christian, PhD",,,samantha-bryant,Samantha Bryant,Life Transitions,general-mental-health,General Mental Health,life-transitions-and-change,General Mental Health,70,medium,exact_topic:general-mental-health via Anxiety (w=0.45)|exact_topic:general-mental-health via Body Image (w=0.55)|demoted_missing_keyword_support|parent_theme:life-transitions-and-change via Grief|exact_topic:general-mental-health via Life Transitions (w=0.7)|alt_topic:general-mental-health via Stress (w=0.45),,none,complete,true,false,,,,true,2026-06-19,,
14674ade-4e23-46c4-bc1e-ffa99b060730,why-do-i-feel-like-i-dont-fit-in-anywher-184729-008,david-k-gore-phd,"Kenneth W. Christian, PhD",,,lauren-sanders,Lauren Sanders,ADHD,teens-and-identity,Teens & Identity,family-and-parenting,Teens & Identity,78,medium,exact_topic:teens-and-identity via Parenting (w=0.7)|alias_keyword:neurodiversity|alt_topic:teens-and-identity via Child (w=0.7),,none,complete,true,false,,,,true,2026-06-19,,
0b21d842-c733-48d0-8c58-c13128727de1,why-do-i-feel-like-im-faking-my-personal-186032-012,david-k-gore-phd,"Kenneth W. Christian, PhD",,,jeannine-jannot,"Jeannine Jannot, Ph.D.",Parenting,teens-and-identity,Teens & Identity,family-and-parenting,Teens & Identity,70,medium,exact_topic:teens-and-identity via School Issues (w=0.45)|exact_topic:teens-and-identity via Parenting (w=0.7)|tied_topic:teens-and-identity via Child (w=0.7)|alt_topic:teens-and-identity via Education and Learning Disabilities (w=0.45)|alt_topic:teens-and-identity via Executive Functioning (w=0.45)|alt_topic:teens-and-identity via Productivity Coaching (w=0.45),,none,complete,true,false,,,,true,2026-06-19,,
24d93f30-d908-4cea-8450-d0c0e9f4039e,why-do-i-feel-lonely-even-around-people,david-k-gore-phd,"Kenneth W. Christian, PhD",,,laura-hilsen,Laura Hilsen,Relationship Issues,loneliness-and-belonging,Loneliness & Belonging,relationships-and-connection,Loneliness & Isolation,56,medium,exact_topic:loneliness-and-belonging via Relationship Issues (w=0.45)|parent_theme:relationships-and-connection via Relationship Issues|alt_topic:loneliness-and-belonging via Divorce (w=0.45)|alt_topic:loneliness-and-belonging via Infidelity (w=0.45),,none,complete,true,false,,,,true,2026-06-27,,
2cf2aa9d-d3ae-438e-a93e-79353dc14c94,why-do-i-feel-more-irritable-and-angry-during-cert-186602-007,david-k-gore-phd,"Kenneth W. Christian, PhD",,,laura-hilsen,Laura Hilsen,Life Transitions,general-mental-health,General Mental Health,life-transitions-and-change,Anger & Emotional Regulation,70,medium,exact_topic:general-mental-health via Anxiety (w=0.45)|exact_topic:general-mental-health via Life Transitions (w=0.7),,none,complete,true,false,,,,true,2026-06-19,,
9d60b488-3389-4fc9-b819-a2f7048fcf10,why-do-i-feel-so-angry-all-the-time-186032-020,david-k-gore-phd,"Kenneth W. Christian, PhD",,,jeannine-jannot,"Jeannine Jannot, Ph.D.",Parenting,teens-and-identity,Teens & Identity,family-and-parenting,Teens & Identity,70,medium,exact_topic:teens-and-identity via School Issues (w=0.45)|exact_topic:teens-and-identity via Parenting (w=0.7)|tied_topic:teens-and-identity via Child (w=0.7)|alt_topic:teens-and-identity via Education and Learning Disabilities (w=0.45)|alt_topic:teens-and-identity via Executive Functioning (w=0.45)|alt_topic:teens-and-identity via Productivity Coaching (w=0.45),,none,complete,true,false,,,,true,2026-06-19,,
f4241a47-1cfa-495f-8d2c-2b5075952286,why-do-i-feel-so-different-from-my-paren-184729-010,david-k-gore-phd,"Kenneth W. Christian, PhD",,,lauren-sanders,Lauren Sanders,Grief,teens-and-identity,Teens & Identity,family-and-parenting,Teens & Identity,78,medium,exact_topic:teens-and-identity via Parenting (w=0.7)|tied_topic:teens-and-identity via Child (w=0.7)|alias_keyword:Grief,,none,complete,true,false,,,,true,2026-06-19,,
56060eeb-fb79-40f3-a475-99890a068f4d,why-do-i-feel-so-lonely-even-when-im-surrounded-by-people,david-k-gore-phd,"Kenneth W. Christian, PhD",,,lexi-cooper,Lexi Cooper,Familial Relationship Counseling,loneliness-and-belonging,Loneliness & Belonging,relationships-and-connection,Loneliness & Isolation,56,medium,exact_topic:loneliness-and-belonging via Familial Relationship Counseling (w=0.45)|parent_theme:relationships-and-connection via Familial Relationship Counseling,requires_keyword_support:Student Athletic Challenges,none,complete,true,false,,,,true,2026-06-19,,
4e265b95-99f7-4bb4-81f7-b1847786cfae,why-do-i-isolate-myself-when-im-struggling-even-though-i-know-i-need-support,david-k-gore-phd,"Kenneth W. Christian, PhD",,,lynn-lane,Lynn Lane,Relationship Counseling,loneliness-and-belonging,Loneliness & Belonging,relationships-and-connection,Loneliness & Isolation,56,medium,alias_keyword:stress|alt_topic:loneliness-and-belonging via Relationship Counseling (w=0.45)|parent_theme:relationships-and-connection via Relationship Counseling,,none,complete,true,false,,,,true,2026-06-19,,
c0355aa4-dde2-474f-b630-5755fff03c89,why-do-i-isolate-myself-when-struggling,david-k-gore-phd,"Kenneth W. Christian, PhD",,,alex-crenshaw-phd,Dr. Alex Crenshaw,Couples,loneliness-and-belonging,Loneliness & Belonging,relationships-and-connection,Loneliness & Isolation,56,medium,exact_topic:loneliness-and-belonging via Couples (w=0.45)|parent_theme:relationships-and-connection via Couples,,none,complete,true,false,,,,true,2026-06-27,,
a87fb407-8c70-499a-ae29-7db1404f8e6d,why-do-i-shut-down-emotionally-when-conflict-start-186602-003,david-k-gore-phd,"Kenneth W. Christian, PhD",,,meredith-price,Meredith Price,Life Transitions,general-mental-health,General Mental Health,life-transitions-and-change,Anger & Emotional Regulation,70,medium,exact_topic:general-mental-health via Anxiety (w=0.45)|exact_topic:general-mental-health via Body Image (w=0.55)|demoted_missing_keyword_support|parent_theme:life-transitions-and-change via Grief|exact_topic:general-mental-health via Life Transitions (w=0.7)|alt_topic:general-mental-health via Stress (w=0.45),"requires_keyword_support:Pregnancy, Prenatal, Postpartum|requires_keyword_support:Infertility",none,complete,true,false,,,,true,2026-06-19,,
207ee5dc-b0e9-4470-a99d-de7c7ee5ef4f,why-is-my-teenager-so-angry-and-hostile-toward-me--187459-004,david-k-gore-phd,"Kenneth W. Christian, PhD",,,jeannine-jannot,"Jeannine Jannot, Ph.D.",Parenting,teens-and-identity,Teens & Identity,family-and-parenting,Teen-Specific Questions,70,medium,exact_topic:teens-and-identity via School Issues (w=0.45)|exact_topic:teens-and-identity via Parenting (w=0.7)|tied_topic:teens-and-identity via Child (w=0.7)|alt_topic:teens-and-identity via Education and Learning Disabilities (w=0.45)|alt_topic:teens-and-identity via Executive Functioning (w=0.45)|alt_topic:teens-and-identity via Productivity Coaching (w=0.45),,none,complete,true,false,,,,true,2026-06-19,,
