answer_title,answer_slug,answer_url,answer_id,proposed_clinician_id,proposed_clinician_name,clinician_credentials,clinician_professional_title,verified_specialties,matched_specialty,deeper_topic,deeper_topic_name,deeper_category,deeper_theme,exact_match_reason,assignment_score,confidence,confidence_threshold_margin,match_type,other_eligible_clinicians,why_selected_won,reviewer_share_before_pct,reviewer_share_after_pct,sample_inclusion_reasons,ymyl_flag,human_qa_decision,human_qa_replacement_clinician_id,human_qa_notes
Can AI Make Me Feel Emotionally Numb?,can-ai-make-me-feel-emotionally-numb,https://www.deeper.global/answers/can-ai-make-me-feel-emotionally-numb/,6a251591-4c65-4e7c-b142-fcca29d18353,alex-crenshaw-phd,Dr. Alex Crenshaw,PhD,"Licensed Psychologist, PhD",Adults|Couples|Anxiety|Trauma|PTSD|CBT|ACT|DBT|Adult ADHD Testing|Psychological Testing|Diagnostic Evaluation|OCD|Depression|Evidence-Based Psychotherapy,Depression,depression,Depression,Depression,anxiety-and-mood,parent_theme:anxiety-and-mood via Anxiety|exact_topic:depression via Depression (w=1)|preferred_specialty_keyword:Depression,100,high,20.00,exact_topic_plus_alias,kelsey-donahue(topic_volume:13)|susan-keenan(topic_volume:12)|michaela-hilburn(topic_volume:11)|laura-hilsen(topic_volume:10)|jackie-malone(topic_volume:10),score=100; confidence=high; match_type=exact_topic_plus_alias; deterministic_tie_break_among_equals,0.00,4.40,every_clinician_lowest|top10_lowest|alias_match,no,approve,,
How Chronic Stress Can Wear Down Your Mental Health,can-chronic-stress-affect-my-mental-health,https://www.deeper.global/answers/can-chronic-stress-affect-my-mental-health/,a3625f49-195a-4cc5-9c4b-42e8c499d879,alex-crenshaw-phd,Dr. Alex Crenshaw,PhD,"Licensed Psychologist, PhD",Adults|Couples|Anxiety|Trauma|PTSD|CBT|ACT|DBT|Adult ADHD Testing|Psychological Testing|Diagnostic Evaluation|OCD|Depression|Evidence-Based Psychotherapy,Depression,anxiety-and-stress,Anxiety & Stress,Anxiety & Stress,anxiety-and-mood,exact_topic:anxiety-and-stress via Anxiety (w=1)|preferred_specialty_keyword:Anxiety|alt_topic:anxiety-and-stress via OCD (w=0.9)|alt_topic:anxiety-and-stress via Depression (w=0.35)|preferred_specialty_keyword:Depression,100,high,20.00,exact_topic_plus_alias,meredith-price(topic_volume:20)|samantha-bryant(topic_volume:16)|amanda-gaines(topic_volume:14)|lynn-lane(topic_volume:13)|kelsey-donahue(topic_volume:12),score=100; confidence=high; match_type=exact_topic_plus_alias; deterministic_tie_break_among_equals,0.00,4.40,alias_match|ymyl_chronic,yes,approve,,
Can You Change Your Attachment Style?,can-you-actually-change-your-attachment-style-or-a-186602-009,https://www.deeper.global/answers/can-you-actually-change-your-attachment-style-or-a-186602-009/,dd0d953b-f0a1-41bd-89be-a059e490d9fa,alex-crenshaw-phd,Dr. Alex Crenshaw,PhD,"Licensed Psychologist, PhD",Adults|Couples|Anxiety|Trauma|PTSD|CBT|ACT|DBT|Adult ADHD Testing|Psychological Testing|Diagnostic Evaluation|OCD|Depression|Evidence-Based Psychotherapy,Couples,relationships-and-communication,Relationships & Communication,Attachment Styles & Relationship Dynamics,relationships-and-connection,exact_topic:relationships-and-communication via Couples (w=1),100,high,20.00,exact_topic,samantha-bryant(topic_volume:25)|lexi-cooper(topic_volume:24)|lynn-lane(topic_volume:20)|laura-hilsen(topic_volume:19)|sarah-evers(topic_volume:17),score=100; confidence=high; match_type=exact_topic; deterministic_tie_break_among_equals,0.00,4.40,top10_extra,no,approve,,
Signs Someone May Be Manipulating You,how-can-i-tell-if-someone-is-manipulating-me,https://www.deeper.global/answers/how-can-i-tell-if-someone-is-manipulating-me/,59a58c2a-2fda-40fc-a326-8909dacbb89c,alex-crenshaw-phd,Dr. Alex Crenshaw,PhD,"Licensed Psychologist, PhD",Adults|Couples|Anxiety|Trauma|PTSD|CBT|ACT|DBT|Adult ADHD Testing|Psychological Testing|Diagnostic Evaluation|OCD|Depression|Evidence-Based Psychotherapy,PTSD,trauma-and-safety,Trauma & Safety,Relationship Abuse,trauma-and-safety,exact_topic:trauma-and-safety via Trauma (w=1)|exact_topic:trauma-and-safety via PTSD (w=1),100,high,20.00,exact_topic,susan-keenan(topic_volume:5)|lynn-lane(topic_volume:5)|samantha-bryant(topic_volume:5)|lexi-cooper(topic_volume:4)|michaela-hilburn(topic_volume:4),score=100; confidence=high; match_type=exact_topic; deterministic_tie_break_among_equals,0.00,4.40,ymyl_abuse,yes,approve,,
Coping With Depression When You Have a Chronic Illness,how-do-i-cope-with-depression-when-i-have-a-chronic-illness,https://www.deeper.global/answers/how-do-i-cope-with-depression-when-i-have-a-chronic-illness/,c7c9790d-dc28-4419-8b71-c1d9f592756f,alex-crenshaw-phd,Dr. Alex Crenshaw,PhD,"Licensed Psychologist, PhD",Adults|Couples|Anxiety|Trauma|PTSD|CBT|ACT|DBT|Adult ADHD Testing|Psychological Testing|Diagnostic Evaluation|OCD|Depression|Evidence-Based Psychotherapy,Depression,depression,Depression,Depression,anxiety-and-mood,parent_theme:anxiety-and-mood via Anxiety|exact_topic:depression via Depression (w=1)|preferred_specialty_keyword:Depression,100,high,20.00,exact_topic_plus_alias,kelsey-donahue(topic_volume:13)|susan-keenan(topic_volume:12)|michaela-hilburn(topic_volume:11)|laura-hilsen(topic_volume:10)|jackie-malone(topic_volume:10),score=100; confidence=high; match_type=exact_topic_plus_alias; deterministic_tie_break_among_equals,0.00,4.40,alias_match|ymyl_chronic,yes,approve,,
Dealing With Intrusive Sexual Thoughts,how-do-i-deal-with-intrusive-sexual-thou-177940-031,https://www.deeper.global/answers/how-do-i-deal-with-intrusive-sexual-thou-177940-031/,774db48c-d30f-414f-a2c4-edafc24d898e,alex-crenshaw-phd,Dr. Alex Crenshaw,PhD,"Licensed Psychologist, PhD",Adults|Couples|Anxiety|Trauma|PTSD|CBT|ACT|DBT|Adult ADHD Testing|Psychological Testing|Diagnostic Evaluation|OCD|Depression|Evidence-Based Psychotherapy,Anxiety,anxiety-and-stress,Anxiety & Stress,Intrusive Thoughts,anxiety-and-mood,exact_topic:anxiety-and-stress via Anxiety (w=1)|alt_topic:anxiety-and-stress via OCD (w=0.9)|alt_topic:anxiety-and-stress via Depression (w=0.35),100,high,20.00,exact_topic,meredith-price(topic_volume:20)|samantha-bryant(topic_volume:16)|amanda-gaines(topic_volume:14)|lynn-lane(topic_volume:13)|kelsey-donahue(topic_volume:12),score=100; confidence=high; match_type=exact_topic; deterministic_tie_break_among_equals,0.00,4.40,ymyl_ocd,no,approve,,
How to Tell If What You’re Feeling Might Be Depression,how-do-i-know-if-i-might-be-depressed,https://www.deeper.global/answers/how-do-i-know-if-i-might-be-depressed/,3e63f5c1-2dec-4f72-800a-a2c56abd7275,alex-crenshaw-phd,Dr. Alex Crenshaw,PhD,"Licensed Psychologist, PhD",Adults|Couples|Anxiety|Trauma|PTSD|CBT|ACT|DBT|Adult ADHD Testing|Psychological Testing|Diagnostic Evaluation|OCD|Depression|Evidence-Based Psychotherapy,Depression,depression,Depression,Depression,anxiety-and-mood,parent_theme:anxiety-and-mood via Anxiety|exact_topic:depression via Depression (w=1)|preferred_specialty_keyword:Depression,100,high,20.00,exact_topic_plus_alias,kelsey-donahue(topic_volume:13)|susan-keenan(topic_volume:12)|michaela-hilburn(topic_volume:11)|laura-hilsen(topic_volume:10)|jackie-malone(topic_volume:10),score=100; confidence=high; match_type=exact_topic_plus_alias; deterministic_tie_break_among_equals,0.00,4.40,every_clinician_mid,no,approve,,
AI Easier Than Therapist,why-does-talking-to-ai-feel-easier-than-talking-to-189142-017,https://www.deeper.global/answers/why-does-talking-to-ai-feel-easier-than-talking-to-189142-017/,b9f4e3eb-5136-4862-ac0c-1a763e586820,alex-crenshaw-phd,Dr. Alex Crenshaw,PhD,"Licensed Psychologist, PhD",Adults|Couples|Anxiety|Trauma|PTSD|CBT|ACT|DBT|Adult ADHD Testing|Psychological Testing|Diagnostic Evaluation|OCD|Depression|Evidence-Based Psychotherapy,Depression,depression,Depression,Depression,anxiety-and-mood,parent_theme:anxiety-and-mood via Anxiety|exact_topic:depression via Depression (w=1)|preferred_specialty_keyword:Depression,100,high,20.00,exact_topic_plus_alias,kelsey-donahue(topic_volume:13)|susan-keenan(topic_volume:12)|michaela-hilburn(topic_volume:11)|laura-hilsen(topic_volume:10)|jackie-malone(topic_volume:10),score=100; confidence=high; match_type=exact_topic_plus_alias; deterministic_tie_break_among_equals,0.00,4.40,every_clinician_highest,no,approve,,
Can AI Make Health Anxiety Worse?,can-ai-make-health-anxiety-worse,https://www.deeper.global/answers/can-ai-make-health-anxiety-worse/,5d8b2f8d-f3ca-40fa-af8c-0b18cb6f8218,amanda-gaines,Amanda Gaines,,Master Social Worker,Anxiety|Depression|ADHD|LGBTQIA+ Concerns|Grief & Loss|Life Transitions|Trauma & PTSD|Chronic Illness|Substance Use|Addictive Behaviors,Anxiety,anxiety-and-stress,Anxiety & Stress,Anxiety & Stress,anxiety-and-mood,exact_topic:anxiety-and-stress via Anxiety (w=1)|preferred_specialty_keyword:Anxiety|alt_topic:anxiety-and-stress via Depression (w=0.35),100,high,20.00,exact_topic_plus_alias,meredith-price(topic_volume:20)|samantha-bryant(topic_volume:16)|lynn-lane(topic_volume:13)|kelsey-donahue(topic_volume:12)|liz-webb(topic_volume:12),score=100; confidence=high; match_type=exact_topic_plus_alias; deterministic_tie_break_among_equals,0.00,4.78,every_clinician_lowest|top10_lowest|alias_match,no,approve,,
Can You Drink Alcohol While on Psychiatric Medication?,can-i-drink-alcohol-while-taking-psychia-181083-061,https://www.deeper.global/answers/can-i-drink-alcohol-while-taking-psychia-181083-061/,2a4e5d5d-3a21-4529-917a-bb4716cfb944,amanda-gaines,Amanda Gaines,,Master Social Worker,Anxiety|Depression|ADHD|LGBTQIA+ Concerns|Grief & Loss|Life Transitions|Trauma & PTSD|Chronic Illness|Substance Use|Addictive Behaviors,Addictive Behaviors,addiction-and-recovery,Addiction & Recovery,Addiction & Recovery,trauma-and-safety,parent_theme:trauma-and-safety via Trauma & PTSD|exact_topic:addiction-and-recovery via Substance Use (w=1)|exact_topic:addiction-and-recovery via Addictive Behaviors (w=1),100,high,20.00,exact_topic,lynn-lane(topic_volume:30)|susan-keenan(topic_volume:22)|liz-webb(topic_volume:20)|jackie-malone(topic_volume:14),score=100; confidence=high; match_type=exact_topic; deterministic_tie_break_among_equals,0.00,4.78,top10_extra|ymyl_addiction|theme_trauma-and-safety,yes,approve,,
Postpartum Depression vs. Baby Blues,how-do-i-know-if-i-have-postpartum-depression-versus-baby-blues,https://www.deeper.global/answers/how-do-i-know-if-i-have-postpartum-depression-versus-baby-blues/,f2449ae9-2637-4f89-81cd-432a15596208,amanda-gaines,Amanda Gaines,,Master Social Worker,Anxiety|Depression|ADHD|LGBTQIA+ Concerns|Grief & Loss|Life Transitions|Trauma & PTSD|Chronic Illness|Substance Use|Addictive Behaviors,Depression,depression,Depression,Depression,anxiety-and-mood,parent_theme:anxiety-and-mood via Anxiety|exact_topic:depression via Depression (w=1)|preferred_specialty_keyword:Depression,100,high,20.00,exact_topic_plus_alias,alex-crenshaw-phd(topic_volume:18)|kelsey-donahue(topic_volume:13)|susan-keenan(topic_volume:12)|michaela-hilburn(topic_volume:11)|laura-hilsen(topic_volume:10),score=100; confidence=high; match_type=exact_topic_plus_alias; deterministic_tie_break_among_equals,0.00,4.78,ymyl_postpartum,yes,approve,,
Overthinking Everything You Say and Do,how-do-i-stop-overthinking-everything-i-say-and-184730-036,https://www.deeper.global/answers/how-do-i-stop-overthinking-everything-i-say-and-184730-036/,a6eb9e75-05b4-40bd-b675-1436fde5d458,amanda-gaines,Amanda Gaines,,Master Social Worker,Anxiety|Depression|ADHD|LGBTQIA+ Concerns|Grief & Loss|Life Transitions|Trauma & PTSD|Chronic Illness|Substance Use|Addictive Behaviors,Anxiety,anxiety-and-stress,Anxiety & Stress,Anxiety & Stress,anxiety-and-mood,exact_topic:anxiety-and-stress via Anxiety (w=1)|preferred_specialty_keyword:Anxiety|alt_topic:anxiety-and-stress via Depression (w=0.35),100,high,20.00,exact_topic_plus_alias,meredith-price(topic_volume:20)|samantha-bryant(topic_volume:16)|lynn-lane(topic_volume:13)|kelsey-donahue(topic_volume:12)|liz-webb(topic_volume:12),score=100; confidence=high; match_type=exact_topic_plus_alias; deterministic_tie_break_among_equals,0.00,4.78,every_clinician_mid,no,approve,,
Exercise for Depression,what-role-does-exercise-play-in-treating-depression,https://www.deeper.global/answers/what-role-does-exercise-play-in-treating-depression/,01673722-dfb4-43b1-a346-1370fe0a90f7,amanda-gaines,Amanda Gaines,,Master Social Worker,Anxiety|Depression|ADHD|LGBTQIA+ Concerns|Grief & Loss|Life Transitions|Trauma & PTSD|Chronic Illness|Substance Use|Addictive Behaviors,Depression,depression,Depression,Depression,anxiety-and-mood,parent_theme:anxiety-and-mood via Anxiety|exact_topic:depression via Depression (w=1)|preferred_specialty_keyword:Depression,100,high,20.00,exact_topic_plus_alias,alex-crenshaw-phd(topic_volume:18)|kelsey-donahue(topic_volume:13)|susan-keenan(topic_volume:12)|michaela-hilburn(topic_volume:11)|laura-hilsen(topic_volume:10),score=100; confidence=high; match_type=exact_topic_plus_alias; deterministic_tie_break_among_equals,0.00,4.78,ymyl_eating,yes,approve,,
Why Do I Keep Going Back to AI Even When It Makes Me Feel Worse?,why-keep-going-back-to-ai-even-when-it-feels-worse,https://www.deeper.global/answers/why-keep-going-back-to-ai-even-when-it-feels-worse/,ae120bcd-ca42-4e8e-b020-5fd3f0f76a75,amanda-gaines,Amanda Gaines,,Master Social Worker,Anxiety|Depression|ADHD|LGBTQIA+ Concerns|Grief & Loss|Life Transitions|Trauma & PTSD|Chronic Illness|Substance Use|Addictive Behaviors,Anxiety,anxiety-and-stress,Anxiety & Stress,Anxiety & Stress,anxiety-and-mood,exact_topic:anxiety-and-stress via Anxiety (w=1)|preferred_specialty_keyword:Anxiety|alt_topic:anxiety-and-stress via Depression (w=0.35),100,high,20.00,exact_topic_plus_alias,meredith-price(topic_volume:20)|samantha-bryant(topic_volume:16)|lynn-lane(topic_volume:13)|kelsey-donahue(topic_volume:12)|liz-webb(topic_volume:12),score=100; confidence=high; match_type=exact_topic_plus_alias; deterministic_tie_break_among_equals,0.00,4.78,every_clinician_highest,no,approve,,
Can AI Companionship Replace Human Intimacy?,can-ai-companionship-replace-human-intimacy-189142-007,https://www.deeper.global/answers/can-ai-companionship-replace-human-intimacy-189142-007/,8eff8c5f-438a-4be4-a671-6855f1eb6fb0,jackie-malone,Jackie Malone,"LAPC, CRC",Certified Rehabilitation Counselor (CRC),Addiction|ADHD|Alcohol Use|Anxiety|Bisexual|Body Image|Codependency|Depression|Drug Abuse|Dual Diagnosis|Lesbian|LGBTQ+|Life Transitions|Relationship Issues|Self Esteem|Stress|Substance Use|Transgender|Women's Issues,Relationship Issues,relationships-and-communication,Relationships & Communication,Relationships & Divorce,relationships-and-connection,parent_theme:relationships-and-connection via Bisexual|exact_topic:relationships-and-communication via Codependency (w=1)|exact_topic:relationships-and-communication via Relationship Issues (w=1),100,high,20.00,exact_topic,samantha-bryant(topic_volume:25)|lexi-cooper(topic_volume:24)|lynn-lane(topic_volume:20)|laura-hilsen(topic_volume:19)|alex-crenshaw-phd(topic_volume:18),score=100; confidence=high; match_type=exact_topic; deterministic_tie_break_among_equals,0.00,7.30,theme_relationships-and-connection|broad_generalist_topic_cluster,no,approve,,
Can AI Make Intrusive Thoughts Worse?,can-ai-make-intrusive-thoughts-worse,https://www.deeper.global/answers/can-ai-make-intrusive-thoughts-worse/,ddd629ef-e12a-49c9-ab49-8ff93e4eca64,jackie-malone,Jackie Malone,"LAPC, CRC",Certified Rehabilitation Counselor (CRC),Addiction|ADHD|Alcohol Use|Anxiety|Bisexual|Body Image|Codependency|Depression|Drug Abuse|Dual Diagnosis|Lesbian|LGBTQ+|Life Transitions|Relationship Issues|Self Esteem|Stress|Substance Use|Transgender|Women's Issues,Stress,anxiety-and-stress,Anxiety & Stress,Anxiety & Stress,anxiety-and-mood,exact_topic:anxiety-and-stress via Anxiety (w=1)|preferred_specialty_keyword:Anxiety|alt_topic:anxiety-and-stress via Depression (w=0.35)|exact_topic:anxiety-and-stress via Stress (w=1),100,high,20.00,exact_topic_plus_alias,meredith-price(topic_volume:20)|samantha-bryant(topic_volume:16)|amanda-gaines(topic_volume:14)|lynn-lane(topic_volume:13)|kelsey-donahue(topic_volume:12),score=100; confidence=high; match_type=exact_topic_plus_alias; deterministic_tie_break_among_equals,0.00,7.30,alias_match|ymyl_ocd,no,approve,,
Can AI Make Me Feel Like My Creativity Does Not Matter?,can-ai-make-me-feel-like-my-creativity-does-not-matter,https://www.deeper.global/answers/can-ai-make-me-feel-like-my-creativity-does-not-matter/,ed688936-062f-4d4c-b76f-8720104fcd48,jackie-malone,Jackie Malone,"LAPC, CRC",Certified Rehabilitation Counselor (CRC),Addiction|ADHD|Alcohol Use|Anxiety|Bisexual|Body Image|Codependency|Depression|Drug Abuse|Dual Diagnosis|Lesbian|LGBTQ+|Life Transitions|Relationship Issues|Self Esteem|Stress|Substance Use|Transgender|Women's Issues,Stress,identity-and-self-worth,Identity & Self-Worth,Identity & Self-Worth,identity-and-self-worth,alias_keyword:stress|alt_topic:identity-and-self-worth via Body Image (w=0.4)|alt_topic:identity-and-self-worth via Life Transitions (w=0.4)|exact_topic:identity-and-self-worth via Self Esteem (w=1)|preferred_specialty_keyword:stress,100,high,20.00,exact_topic_plus_alias,michaela-hilburn(topic_volume:26)|meredith-price(topic_volume:25)|samantha-bryant(topic_volume:24)|laura-hilsen(topic_volume:23)|sarah-evers(topic_volume:23),score=100; confidence=high; match_type=exact_topic_plus_alias; deterministic_tie_break_among_equals,0.00,7.30,alias_match|theme_identity-and-self-worth|broad_generalist_topic_cluster,no,approve,,
Can Using AI for Emotional Support Become Addictive?,can-using-ai-for-emotional-support-become-addictive,https://www.deeper.global/answers/can-using-ai-for-emotional-support-become-addictive/,ff370296-02ed-44c2-911c-626894387fe2,jackie-malone,Jackie Malone,"LAPC, CRC",Certified Rehabilitation Counselor (CRC),Addiction|ADHD|Alcohol Use|Anxiety|Bisexual|Body Image|Codependency|Depression|Drug Abuse|Dual Diagnosis|Lesbian|LGBTQ+|Life Transitions|Relationship Issues|Self Esteem|Stress|Substance Use|Transgender|Women's Issues,Substance Use,addiction-and-recovery,Addiction & Recovery,Addiction & Recovery,trauma-and-safety,exact_topic:addiction-and-recovery via Addiction (w=1)|preferred_specialty_keyword:Addiction|exact_topic:addiction-and-recovery via Alcohol Use (w=1)|exact_topic:addiction-and-recovery via Drug Abuse (w=1)|exact_topic:addiction-and-recovery via Substance Use (w=1),100,high,20.00,exact_topic_plus_alias,lynn-lane(topic_volume:30)|susan-keenan(topic_volume:22)|liz-webb(topic_volume:20)|amanda-gaines(topic_volume:17),score=100; confidence=high; match_type=exact_topic_plus_alias; deterministic_tie_break_among_equals,0.00,7.30,alias_match|ymyl_addiction|broad_generalist_topic_cluster,yes,approve,,
How to Create a Calming Environment at Home,how-can-i-create-a-calming-environment-at-home,https://www.deeper.global/answers/how-can-i-create-a-calming-environment-at-home/,1a6c77d0-1568-46a6-bbb6-0942dbd5d0b7,jackie-malone,Jackie Malone,"LAPC, CRC",Certified Rehabilitation Counselor (CRC),Addiction|ADHD|Alcohol Use|Anxiety|Bisexual|Body Image|Codependency|Depression|Drug Abuse|Dual Diagnosis|Lesbian|LGBTQ+|Life Transitions|Relationship Issues|Self Esteem|Stress|Substance Use|Transgender|Women's Issues,Stress,general-mental-health,General Mental Health,General Mental Health,life-transitions-and-change,exact_topic:general-mental-health via Anxiety (w=0.45)|alias_keyword:stress|exact_topic:general-mental-health via Body Image (w=0.55)|demoted_missing_keyword_support|exact_topic:general-mental-health via Life Transitions (w=0.7)|alias_keyword:adjustment|alt_topic:general-mental-health via Stress (w=0.45)|alias_keyword:stress,86,high,6.00,exact_topic_plus_alias,laura-hilsen(topic_volume:8)|michaela-hilburn(topic_volume:2),score=86; confidence=high; match_type=exact_topic_plus_alias; deterministic_tie_break_among_equals,0.00,7.30,every_clinician_lowest|top10_lowest|alias_match|theme_life-transitions-and-change,no,approve,,
Feeling Lost During a Major Life Transition,how-do-i-cope-with-feeling-lost-and-uncertain-duri-187459-019,https://www.deeper.global/answers/how-do-i-cope-with-feeling-lost-and-uncertain-duri-187459-019/,a402ef0e-9611-4c26-ae83-62281a56536f,jackie-malone,Jackie Malone,"LAPC, CRC",Certified Rehabilitation Counselor (CRC),Addiction|ADHD|Alcohol Use|Anxiety|Bisexual|Body Image|Codependency|Depression|Drug Abuse|Dual Diagnosis|Lesbian|LGBTQ+|Life Transitions|Relationship Issues|Self Esteem|Stress|Substance Use|Transgender|Women's Issues,Stress,general-mental-health,General Mental Health,Life Transitions,life-transitions-and-change,exact_topic:general-mental-health via Anxiety (w=0.45)|alias_keyword:stress|exact_topic:general-mental-health via Body Image (w=0.55)|demoted_missing_keyword_support|exact_topic:general-mental-health via Life Transitions (w=0.7)|alias_keyword:Life Transitions|alt_topic:general-mental-health via Stress (w=0.45)|alias_keyword:stress,86,high,6.00,exact_topic_plus_alias,laura-hilsen(topic_volume:8)|michaela-hilburn(topic_volume:2),score=86; confidence=high; match_type=exact_topic_plus_alias; deterministic_tie_break_among_equals,0.00,7.30,alias_match|theme_life-transitions-and-change,no,approve,,
When People Do Not Support Your Life Changes,how-do-i-deal-with-people-who-dont-understand-or-s-187459-023,https://www.deeper.global/answers/how-do-i-deal-with-people-who-dont-understand-or-s-187459-023/,c1bb8f62-42a1-449b-bfc5-18fbc9099858,jackie-malone,Jackie Malone,"LAPC, CRC",Certified Rehabilitation Counselor (CRC),Addiction|ADHD|Alcohol Use|Anxiety|Bisexual|Body Image|Codependency|Depression|Drug Abuse|Dual Diagnosis|Lesbian|LGBTQ+|Life Transitions|Relationship Issues|Self Esteem|Stress|Substance Use|Transgender|Women's Issues,Stress,general-mental-health,General Mental Health,Life Transitions,life-transitions-and-change,exact_topic:general-mental-health via Anxiety (w=0.45)|alias_keyword:Anxiety|exact_topic:general-mental-health via Body Image (w=0.55)|demoted_missing_keyword_support|exact_topic:general-mental-health via Life Transitions (w=0.7)|alias_keyword:Life Transitions|alt_topic:general-mental-health via Stress (w=0.45)|alias_keyword:Anxiety,86,high,6.00,exact_topic_plus_alias,laura-hilsen(topic_volume:8)|michaela-hilburn(topic_volume:2),score=86; confidence=high; match_type=exact_topic_plus_alias; deterministic_tie_break_among_equals,0.00,7.30,top10_extra|alias_match,no,approve,,
Eating Dinner Alone,is-it-pathetic-to-eat-dinner-alone-every-181083-072,https://www.deeper.global/answers/is-it-pathetic-to-eat-dinner-alone-every-181083-072/,4aaaa7ef-81ac-47b5-9ce5-b435da019ce6,jackie-malone,Jackie Malone,"LAPC, CRC",Certified Rehabilitation Counselor (CRC),Addiction|ADHD|Alcohol Use|Anxiety|Bisexual|Body Image|Codependency|Depression|Drug Abuse|Dual Diagnosis|Lesbian|LGBTQ+|Life Transitions|Relationship Issues|Self Esteem|Stress|Substance Use|Transgender|Women's Issues,Self Esteem,identity-and-self-worth,Identity & Self-Worth,Identity & Self-Worth,identity-and-self-worth,exact_topic:identity-and-self-worth via Body Image (w=0.4)|demoted_missing_keyword_support|exact_topic:identity-and-self-worth via Life Transitions (w=0.4)|exact_topic:identity-and-self-worth via Self Esteem (w=1),100,high,20.00,exact_topic,michaela-hilburn(topic_volume:26)|meredith-price(topic_volume:25)|samantha-bryant(topic_volume:24)|laura-hilsen(topic_volume:23)|sarah-evers(topic_volume:23),score=100; confidence=high; match_type=exact_topic; deterministic_tie_break_among_equals,0.00,7.30,every_clinician_mid,no,approve,,
Throat Tightness When Stressed,why-does-my-throat-feel-tight-when-im-st-181083-008,https://www.deeper.global/answers/why-does-my-throat-feel-tight-when-im-st-181083-008/,953a3316-7290-4a8f-b3fc-f60b8871c37e,jackie-malone,Jackie Malone,"LAPC, CRC",Certified Rehabilitation Counselor (CRC),Addiction|ADHD|Alcohol Use|Anxiety|Bisexual|Body Image|Codependency|Depression|Drug Abuse|Dual Diagnosis|Lesbian|LGBTQ+|Life Transitions|Relationship Issues|Self Esteem|Stress|Substance Use|Transgender|Women's Issues,Stress,anxiety-and-stress,Anxiety & Stress,Anxiety & Stress,anxiety-and-mood,exact_topic:anxiety-and-stress via Anxiety (w=1)|preferred_specialty_keyword:Anxiety|alt_topic:anxiety-and-stress via Depression (w=0.35)|exact_topic:anxiety-and-stress via Stress (w=1),100,high,20.00,exact_topic_plus_alias,meredith-price(topic_volume:20)|samantha-bryant(topic_volume:16)|amanda-gaines(topic_volume:14)|lynn-lane(topic_volume:13)|kelsey-donahue(topic_volume:12),score=100; confidence=high; match_type=exact_topic_plus_alias; deterministic_tie_break_among_equals,0.00,7.30,every_clinician_highest,no,approve,,
How to Help Someone Who Thinks AI Is Sending Secret Messages,help-someone-believes-ai-is-sending-secret-messages,https://www.deeper.global/answers/help-someone-believes-ai-is-sending-secret-messages/,ea6f095f-7a38-41de-b9c3-bc5f9bf3dd9a,jeannine-jannot,"Jeannine Jannot, Ph.D.",Ph.D.,"Student, Parent, & Productivity Coach",School Issues|Parenting|Life Coaching|ADHD|Anxiety|Child|Coping Skills|Education and Learning Disabilities|Executive Functioning|Peer Relationships|Productivity Coaching|Self Esteem|Stress,Child,family-and-parenting,Family & Parenting,Family & Parenting,family-and-parenting,exact_topic:family-and-parenting via Parenting (w=1)|preferred_specialty_keyword:Parenting|exact_topic:family-and-parenting via Child (w=1),100,high,20.00,exact_topic_plus_alias,susan-keenan(topic_volume:16)|kelsey-donahue(topic_volume:13)|meredith-price(topic_volume:9),score=100; confidence=high; match_type=exact_topic_plus_alias; deterministic_tie_break_among_equals,0.00,1.69,alias_match|theme_family-and-parenting,no,approve,,
Helping Your Child Adjust to Divorce,how-can-i-help-my-child-adjust-to-our-divorce,https://www.deeper.global/answers/how-can-i-help-my-child-adjust-to-our-divorce/,84beb36e-68c1-4fae-b5ea-b04ebb2d5f47,jeannine-jannot,"Jeannine Jannot, Ph.D.",Ph.D.,"Student, Parent, & Productivity Coach",School Issues|Parenting|Life Coaching|ADHD|Anxiety|Child|Coping Skills|Education and Learning Disabilities|Executive Functioning|Peer Relationships|Productivity Coaching|Self Esteem|Stress,Child,family-and-parenting,Family & Parenting,Family & Parenting,family-and-parenting,exact_topic:family-and-parenting via Parenting (w=1)|preferred_specialty_keyword:Parenting|exact_topic:family-and-parenting via Child (w=1),100,high,20.00,exact_topic_plus_alias,susan-keenan(topic_volume:16)|kelsey-donahue(topic_volume:13)|meredith-price(topic_volume:9),score=100; confidence=high; match_type=exact_topic_plus_alias; deterministic_tie_break_among_equals,0.00,1.69,alias_match|theme_family-and-parenting,no,approve,,
Coping With Academic Pressure and Fear of Failure,how-do-i-deal-with-academic-pressure-and-184729-009,https://www.deeper.global/answers/how-do-i-deal-with-academic-pressure-and-184729-009/,3965a5a8-22cd-4c22-8e5b-53fc22c283bd,jeannine-jannot,"Jeannine Jannot, Ph.D.",Ph.D.,"Student, Parent, & Productivity Coach",School Issues|Parenting|Life Coaching|ADHD|Anxiety|Child|Coping Skills|Education and Learning Disabilities|Executive Functioning|Peer Relationships|Productivity Coaching|Self Esteem|Stress,Stress,teens-and-identity,Teens & Identity,Teens & Identity,family-and-parenting,exact_topic:teens-and-identity via School Issues (w=0.45)|exact_topic:teens-and-identity via Parenting (w=0.7)|alias_keyword:panic|alt_topic:teens-and-identity via Child (w=0.7)|alt_topic:teens-and-identity via Education and Learning Disabilities (w=0.45)|alt_topic:teens-and-identity via Executive Functioning (w=0.45)|alt_topic:teens-and-identity via Productivity Coaching (w=0.45)|alias_keyword:panic,86,high,6.00,exact_topic_plus_alias,lauren-sanders(topic_volume:1)|meredith-price(topic_volume:1)|kelsey-donahue(topic_volume:1),score=86; confidence=high; match_type=exact_topic_plus_alias; deterministic_tie_break_among_equals,0.00,1.69,every_clinician_lowest|alias_match,no,approve,,
Dealing With Toxic Family Members,how-do-i-deal-with-toxic-family-members-177941-009,https://www.deeper.global/answers/how-do-i-deal-with-toxic-family-members-177941-009/,7cd58ae6-5965-460b-9d6f-777dffeedb0b,jeannine-jannot,"Jeannine Jannot, Ph.D.",Ph.D.,"Student, Parent, & Productivity Coach",School Issues|Parenting|Life Coaching|ADHD|Anxiety|Child|Coping Skills|Education and Learning Disabilities|Executive Functioning|Peer Relationships|Productivity Coaching|Self Esteem|Stress,Child,family-and-parenting,Family & Parenting,Family Relationships,family-and-parenting,exact_topic:family-and-parenting via Parenting (w=1)|exact_topic:family-and-parenting via Child (w=1),100,high,20.00,exact_topic,susan-keenan(topic_volume:16)|kelsey-donahue(topic_volume:13)|meredith-price(topic_volume:9),score=100; confidence=high; match_type=exact_topic; deterministic_tie_break_among_equals,0.00,1.69,every_clinician_mid,no,approve,,
Unpaid Child Support,what-should-i-do-if-my-ex-spouse-isnt-paying-child-support,https://www.deeper.global/answers/what-should-i-do-if-my-ex-spouse-isnt-paying-child-support/,2b624c4a-de17-4e92-b433-c44fa0668371,jeannine-jannot,"Jeannine Jannot, Ph.D.",Ph.D.,"Student, Parent, & Productivity Coach",School Issues|Parenting|Life Coaching|ADHD|Anxiety|Child|Coping Skills|Education and Learning Disabilities|Executive Functioning|Peer Relationships|Productivity Coaching|Self Esteem|Stress,Child,family-and-parenting,Family & Parenting,Family & Parenting,family-and-parenting,exact_topic:family-and-parenting via Parenting (w=1)|preferred_specialty_keyword:Parenting|exact_topic:family-and-parenting via Child (w=1),100,high,20.00,exact_topic_plus_alias,susan-keenan(topic_volume:16)|kelsey-donahue(topic_volume:13)|meredith-price(topic_volume:9),score=100; confidence=high; match_type=exact_topic_plus_alias; deterministic_tie_break_among_equals,0.00,1.69,every_clinician_highest,no,approve,,
Can AI Make Avoidance Easier When I Am Anxious?,can-ai-make-avoidance-easier-when-anxious,https://www.deeper.global/answers/can-ai-make-avoidance-easier-when-anxious/,a7393d17-166d-4e0d-932f-fe24bdc8fc9e,kelsey-donahue,Kelsey Madsen (Donahue),LPC,Licensed Professional Counselor,Anxiety|Depression|Eating Disorders|ADHD|Adoption|Anger Management|Behavioral Issues|Child|Developmental Disorders|Family Conflict|Oppositional Defiance (ODD)|Parenting|School Issues|Self Esteem|Stress|Suicidal Ideation|Disordered Eating,Stress,anxiety-and-stress,Anxiety & Stress,Anxiety & Stress,anxiety-and-mood,exact_topic:anxiety-and-stress via Anxiety (w=1)|preferred_specialty_keyword:Anxiety|alt_topic:anxiety-and-stress via Depression (w=0.35)|exact_topic:anxiety-and-stress via Stress (w=1),100,high,20.00,exact_topic_plus_alias,meredith-price(topic_volume:20)|samantha-bryant(topic_volume:16)|amanda-gaines(topic_volume:14)|lynn-lane(topic_volume:13)|liz-webb(topic_volume:12),score=100; confidence=high; match_type=exact_topic_plus_alias; deterministic_tie_break_among_equals,0.00,3.65,alias_match|theme_anxiety-and-mood,no,approve,,
How Parents Can Support a Child Who Worries a Lot,how-can-parents-support-a-child-who-worries-a-lot,https://www.deeper.global/answers/how-can-parents-support-a-child-who-worries-a-lot/,7b33fbaa-3b6e-4eb7-a2a4-c1aa57749a03,kelsey-donahue,Kelsey Madsen (Donahue),LPC,Licensed Professional Counselor,Anxiety|Depression|Eating Disorders|ADHD|Adoption|Anger Management|Behavioral Issues|Child|Developmental Disorders|Family Conflict|Oppositional Defiance (ODD)|Parenting|School Issues|Self Esteem|Stress|Suicidal Ideation|Disordered Eating,Parenting,family-and-parenting,Family & Parenting,Family & Parenting,family-and-parenting,alias_keyword:Anxiety|exact_topic:family-and-parenting via Child (w=1)|exact_topic:family-and-parenting via Family Conflict (w=1)|exact_topic:family-and-parenting via Parenting (w=1)|preferred_specialty_keyword:Parenting,100,high,20.00,exact_topic_plus_alias,susan-keenan(topic_volume:16)|jeannine-jannot(topic_volume:11)|meredith-price(topic_volume:9),score=100; confidence=high; match_type=exact_topic_plus_alias; deterministic_tie_break_among_equals,0.00,3.65,alias_match|theme_family-and-parenting,no,approve,,
How Long Do You Take Psychiatric Medication?,how-long-do-i-have-to-take-psychiatric-m-181083-057,https://www.deeper.global/answers/how-long-do-i-have-to-take-psychiatric-m-181083-057/,6088fe2a-0f14-4943-9d1f-3695a8411df3,kelsey-donahue,Kelsey Madsen (Donahue),LPC,Licensed Professional Counselor,Anxiety|Depression|Eating Disorders|ADHD|Adoption|Anger Management|Behavioral Issues|Child|Developmental Disorders|Family Conflict|Oppositional Defiance (ODD)|Parenting|School Issues|Self Esteem|Stress|Suicidal Ideation|Disordered Eating,Depression,depression,Depression,Depression,anxiety-and-mood,parent_theme:anxiety-and-mood via Anxiety|exact_topic:depression via Depression (w=1)|preferred_specialty_keyword:Depression,100,high,20.00,exact_topic_plus_alias,alex-crenshaw-phd(topic_volume:18)|susan-keenan(topic_volume:12)|michaela-hilburn(topic_volume:11)|laura-hilsen(topic_volume:10)|jackie-malone(topic_volume:10),score=100; confidence=high; match_type=exact_topic_plus_alias; deterministic_tie_break_among_equals,0.00,3.65,every_clinician_mid,no,approve,,
Supporting a Gender-Questioning Child,what-do-i-do-if-i-think-my-child-is-questioning-th-187459-002,https://www.deeper.global/answers/what-do-i-do-if-i-think-my-child-is-questioning-th-187459-002/,b5acbdcc-5c64-415d-9942-6e7db5fb4a56,kelsey-donahue,Kelsey Madsen (Donahue),LPC,Licensed Professional Counselor,Anxiety|Depression|Eating Disorders|ADHD|Adoption|Anger Management|Behavioral Issues|Child|Developmental Disorders|Family Conflict|Oppositional Defiance (ODD)|Parenting|School Issues|Self Esteem|Stress|Suicidal Ideation|Disordered Eating,Parenting,teens-and-identity,Teens & Identity,Teen-Specific Questions,family-and-parenting,exact_topic:teens-and-identity via Child (w=0.7)|alias_keyword:child|alt_topic:teens-and-identity via Family Conflict (w=0.7)|alias_keyword:child|alt_topic:teens-and-identity via Parenting (w=0.7)|alias_keyword:child|alt_topic:teens-and-identity via School Issues (w=0.45),94,high,14.00,exact_topic_plus_alias,jeannine-jannot(topic_volume:7)|lauren-sanders(topic_volume:1)|meredith-price(topic_volume:1),score=94; confidence=high; match_type=exact_topic_plus_alias; deterministic_tie_break_among_equals,0.00,3.65,every_clinician_lowest,no,approve,,
Why Depression Can Come Back After You Start Feeling Better,why-does-depression-come-back-after-feeling-better,https://www.deeper.global/answers/why-does-depression-come-back-after-feeling-better/,cdfc1817-7c3f-41fa-a742-8ea171c5c131,kelsey-donahue,Kelsey Madsen (Donahue),LPC,Licensed Professional Counselor,Anxiety|Depression|Eating Disorders|ADHD|Adoption|Anger Management|Behavioral Issues|Child|Developmental Disorders|Family Conflict|Oppositional Defiance (ODD)|Parenting|School Issues|Self Esteem|Stress|Suicidal Ideation|Disordered Eating,Depression,depression,Depression,Depression,anxiety-and-mood,parent_theme:anxiety-and-mood via Anxiety|alias_keyword:panic|exact_topic:depression via Depression (w=1)|preferred_specialty_keyword:Depression,100,high,20.00,exact_topic_plus_alias,alex-crenshaw-phd(topic_volume:18)|susan-keenan(topic_volume:12)|michaela-hilburn(topic_volume:11)|laura-hilsen(topic_volume:10)|jackie-malone(topic_volume:10),score=100; confidence=high; match_type=exact_topic_plus_alias; deterministic_tie_break_among_equals,0.00,3.65,every_clinician_highest,no,approve,,
Are You Too Dependent on AI for Work Decisions?,am-i-becoming-too-dependent-on-ai-to-make-decision-189142-016,https://www.deeper.global/answers/am-i-becoming-too-dependent-on-ai-to-make-decision-189142-016/,77b03289-45c4-47bc-902a-c3d1fe4067c1,laura-hilsen,Laura Hilsen,APC,Licensed Associate Professional Counselor,Anxiety|Depression|Life Transitions|Grief and Loss|Mood Disorders|PTSD|Trauma|Work/Life Balance|Relationship Issues|Divorce|Infidelity|Self-Compassion|Self-Esteem|Personal Growth|Wholeness,Work/Life Balance,work-and-burnout,Work & Burnout,Work & Burnout,work-and-purpose,exact_topic:work-and-burnout via Life Transitions (w=0.45)|exact_topic:work-and-burnout via Work/Life Balance (w=1),100,high,20.00,exact_topic,michaela-hilburn(topic_volume:26)|samantha-bryant(topic_volume:23),score=100; confidence=high; match_type=exact_topic; deterministic_tie_break_among_equals,0.00,9.36,theme_work-and-purpose|broad_generalist_topic_cluster,no,approve,,
Can AI Make Burnout Worse?,can-ai-make-burnout-worse,https://www.deeper.global/answers/can-ai-make-burnout-worse/,b2c43fd1-c291-4d41-8739-6dce9c3052fa,laura-hilsen,Laura Hilsen,APC,Licensed Associate Professional Counselor,Anxiety|Depression|Life Transitions|Grief and Loss|Mood Disorders|PTSD|Trauma|Work/Life Balance|Relationship Issues|Divorce|Infidelity|Self-Compassion|Self-Esteem|Personal Growth|Wholeness,Work/Life Balance,work-and-burnout,Work & Burnout,Work & Burnout,work-and-purpose,exact_topic:work-and-burnout via Life Transitions (w=0.45)|exact_topic:work-and-burnout via Work/Life Balance (w=1),100,high,20.00,exact_topic,michaela-hilburn(topic_volume:26)|samantha-bryant(topic_volume:23),score=100; confidence=high; match_type=exact_topic; deterministic_tie_break_among_equals,0.00,9.36,theme_work-and-purpose,no,approve,,
Can AI Workplace Monitoring Affect Mental Health?,can-ai-workplace-monitoring-affect-mental-health,https://www.deeper.global/answers/can-ai-workplace-monitoring-affect-mental-health/,4bbe0a53-b2da-40a0-a057-d8c319ab9a65,laura-hilsen,Laura Hilsen,APC,Licensed Associate Professional Counselor,Anxiety|Depression|Life Transitions|Grief and Loss|Mood Disorders|PTSD|Trauma|Work/Life Balance|Relationship Issues|Divorce|Infidelity|Self-Compassion|Self-Esteem|Personal Growth|Wholeness,Work/Life Balance,work-and-burnout,Work & Burnout,Work & Burnout,work-and-purpose,alias_keyword:stress|alt_topic:work-and-burnout via Life Transitions (w=0.45)|exact_topic:work-and-burnout via Work/Life Balance (w=1),100,high,20.00,exact_topic_plus_alias,michaela-hilburn(topic_volume:26)|samantha-bryant(topic_volume:23),score=100; confidence=high; match_type=exact_topic_plus_alias; deterministic_tie_break_among_equals,0.00,9.36,alias_match|theme_work-and-purpose,no,approve,,
Can Deepfakes Cause Trauma or Anxiety?,can-deepfakes-cause-trauma-or-anxiety,https://www.deeper.global/answers/can-deepfakes-cause-trauma-or-anxiety/,768cd868-0048-43cf-bf28-c380637276b6,laura-hilsen,Laura Hilsen,APC,Licensed Associate Professional Counselor,Anxiety|Depression|Life Transitions|Grief and Loss|Mood Disorders|PTSD|Trauma|Work/Life Balance|Relationship Issues|Divorce|Infidelity|Self-Compassion|Self-Esteem|Personal Growth|Wholeness,Trauma,trauma-and-safety,Trauma & Safety,Trauma & Grief,trauma-and-safety,alias_keyword:Anxiety|exact_topic:trauma-and-safety via PTSD (w=1)|exact_topic:trauma-and-safety via Trauma (w=1)|preferred_specialty_keyword:Trauma,100,high,20.00,exact_topic_plus_alias,susan-keenan(topic_volume:5)|lynn-lane(topic_volume:5)|samantha-bryant(topic_volume:5)|lexi-cooper(topic_volume:4)|michaela-hilburn(topic_volume:4),score=100; confidence=high; match_type=exact_topic_plus_alias; deterministic_tie_break_among_equals,0.00,9.36,alias_match|ymyl_trauma|theme_trauma-and-safety,yes,approve,,
Who You Are Beyond Others' Expectations,figure-out-who-i-am-outside-other-peoples-expectations,https://www.deeper.global/answers/figure-out-who-i-am-outside-other-peoples-expectations/,25e0c627-c9da-425a-9334-e533b0c26e77,laura-hilsen,Laura Hilsen,APC,Licensed Associate Professional Counselor,Anxiety|Depression|Life Transitions|Grief and Loss|Mood Disorders|PTSD|Trauma|Work/Life Balance|Relationship Issues|Divorce|Infidelity|Self-Compassion|Self-Esteem|Personal Growth|Wholeness,Self-Esteem,identity-and-self-worth,Identity & Self-Worth,Identity & Self-Worth,identity-and-self-worth,exact_topic:identity-and-self-worth via Life Transitions (w=0.4)|exact_topic:identity-and-self-worth via Self-Compassion (w=1)|exact_topic:identity-and-self-worth via Self-Esteem (w=1),100,high,20.00,exact_topic,michaela-hilburn(topic_volume:26)|meredith-price(topic_volume:25)|samantha-bryant(topic_volume:24)|jackie-malone(topic_volume:24)|sarah-evers(topic_volume:23),score=100; confidence=high; match_type=exact_topic; deterministic_tie_break_among_equals,0.00,9.36,theme_identity-and-self-worth|broad_generalist_topic_cluster,no,approve,,
Asking for a Mental Health Day Without Guilt,how-do-i-ask-for-a-mental-health-day-wit-185759-041,https://www.deeper.global/answers/how-do-i-ask-for-a-mental-health-day-wit-185759-041/,f5b31a6a-5760-43a5-843a-736b669a0073,laura-hilsen,Laura Hilsen,APC,Licensed Associate Professional Counselor,Anxiety|Depression|Life Transitions|Grief and Loss|Mood Disorders|PTSD|Trauma|Work/Life Balance|Relationship Issues|Divorce|Infidelity|Self-Compassion|Self-Esteem|Personal Growth|Wholeness,Work/Life Balance,work-and-burnout,Work & Burnout,"Work, Stress & Burnout",work-and-purpose,alias_keyword:stress|alt_topic:work-and-burnout via Life Transitions (w=0.45)|exact_topic:work-and-burnout via Work/Life Balance (w=1),100,high,20.00,exact_topic_plus_alias,michaela-hilburn(topic_volume:26)|samantha-bryant(topic_volume:23),score=100; confidence=high; match_type=exact_topic_plus_alias; deterministic_tie_break_among_equals,0.00,9.36,alias_match|theme_work-and-purpose,no,approve,,
Coping After Losing Someone to Suicide,how-do-i-cope-with-losing-someone-to-suicide,https://www.deeper.global/answers/how-do-i-cope-with-losing-someone-to-suicide/,859f488b-026f-48b8-88f7-3cd2b5fa770d,laura-hilsen,Laura Hilsen,APC,Licensed Associate Professional Counselor,Anxiety|Depression|Life Transitions|Grief and Loss|Mood Disorders|PTSD|Trauma|Work/Life Balance|Relationship Issues|Divorce|Infidelity|Self-Compassion|Self-Esteem|Personal Growth|Wholeness,Self-Esteem,general-mental-health,General Mental Health,General Mental Health,life-transitions-and-change,exact_topic:general-mental-health via Anxiety (w=0.45)|exact_topic:general-mental-health via Life Transitions (w=0.7)|alias_keyword:Grief|alias_keyword:shame|alias_keyword:shame,94,high,14.00,exact_topic_plus_alias,jackie-malone(topic_volume:4)|michaela-hilburn(topic_volume:2),score=94; confidence=high; match_type=exact_topic_plus_alias; deterministic_tie_break_among_equals,0.00,9.36,alias_match|theme_life-transitions-and-change,yes,approve,,
Coping With the Emotional Pain of Divorce,how-do-i-cope-with-the-emotional-pain-of-divorce,https://www.deeper.global/answers/how-do-i-cope-with-the-emotional-pain-of-divorce/,d9c9f923-2ee1-4f19-b710-e308cafdc100,laura-hilsen,Laura Hilsen,APC,Licensed Associate Professional Counselor,Anxiety|Depression|Life Transitions|Grief and Loss|Mood Disorders|PTSD|Trauma|Work/Life Balance|Relationship Issues|Divorce|Infidelity|Self-Compassion|Self-Esteem|Personal Growth|Wholeness,Divorce,work-and-burnout,Work & Burnout,Work & Life Balance,work-and-purpose,exact_topic:work-and-burnout via Life Transitions (w=0.45)|alias_keyword:Grief|exact_topic:work-and-burnout via Work/Life Balance (w=1)|preferred_specialty_keyword:divorce,100,high,20.00,exact_topic_plus_alias,michaela-hilburn(topic_volume:26)|samantha-bryant(topic_volume:23),score=100; confidence=high; match_type=exact_topic_plus_alias; deterministic_tie_break_among_equals,0.00,9.36,alias_match|ymyl_chronic,no,approve,,
Depression During Pregnancy: What Can Help,how-do-i-deal-with-depression-during-pregnancy,https://www.deeper.global/answers/how-do-i-deal-with-depression-during-pregnancy/,ab1dd908-6925-4cf2-8fa3-72b7fdad7b7f,laura-hilsen,Laura Hilsen,APC,Licensed Associate Professional Counselor,Anxiety|Depression|Life Transitions|Grief and Loss|Mood Disorders|PTSD|Trauma|Work/Life Balance|Relationship Issues|Divorce|Infidelity|Self-Compassion|Self-Esteem|Personal Growth|Wholeness,Depression,depression,Depression,Depression,anxiety-and-mood,parent_theme:anxiety-and-mood via Anxiety|exact_topic:depression via Depression (w=1)|preferred_specialty_keyword:Depression|alt_topic:depression via Mood Disorders (w=0.85),100,high,20.00,exact_topic_plus_alias,alex-crenshaw-phd(topic_volume:18)|kelsey-donahue(topic_volume:13)|susan-keenan(topic_volume:12)|michaela-hilburn(topic_volume:11)|jackie-malone(topic_volume:10),score=100; confidence=high; match_type=exact_topic_plus_alias; deterministic_tie_break_among_equals,0.00,9.36,alias_match|ymyl_postpartum,yes,approve,,
Handling Criticism Without Taking It Personally,how-do-i-handle-criticism-without-taking-177940-011,https://www.deeper.global/answers/how-do-i-handle-criticism-without-taking-177940-011/,33ae1ba4-c6bd-466d-805a-9ffed6b7b225,laura-hilsen,Laura Hilsen,APC,Licensed Associate Professional Counselor,Anxiety|Depression|Life Transitions|Grief and Loss|Mood Disorders|PTSD|Trauma|Work/Life Balance|Relationship Issues|Divorce|Infidelity|Self-Compassion|Self-Esteem|Personal Growth|Wholeness,Self-Esteem,general-mental-health,General Mental Health,Emotional Regulation,life-transitions-and-change,exact_topic:general-mental-health via Anxiety (w=0.45)|exact_topic:general-mental-health via Life Transitions (w=0.7)|alias_keyword:shame|alias_keyword:shame,86,high,6.00,exact_topic_plus_alias,jackie-malone(topic_volume:4)|michaela-hilburn(topic_volume:2),score=86; confidence=high; match_type=exact_topic_plus_alias; deterministic_tie_break_among_equals,0.00,9.36,every_clinician_lowest|top10_lowest|share_gt_8pct|alias_match,no,approve,,
Identity After Retirement or Empty Nest,how-do-i-maintain-my-sense-of-identity-during-reti-187459-024,https://www.deeper.global/answers/how-do-i-maintain-my-sense-of-identity-during-reti-187459-024/,affb82cd-e3a5-4e24-83a9-a4b815df2f48,laura-hilsen,Laura Hilsen,APC,Licensed Associate Professional Counselor,Anxiety|Depression|Life Transitions|Grief and Loss|Mood Disorders|PTSD|Trauma|Work/Life Balance|Relationship Issues|Divorce|Infidelity|Self-Compassion|Self-Esteem|Personal Growth|Wholeness,Grief and Loss,general-mental-health,General Mental Health,Life Transitions,life-transitions-and-change,exact_topic:general-mental-health via Anxiety (w=0.45)|exact_topic:general-mental-health via Life Transitions (w=0.7)|alias_keyword:Life Transitions|alias_keyword:loss,86,high,6.00,exact_topic_plus_alias,jackie-malone(topic_volume:4)|michaela-hilburn(topic_volume:2),score=86; confidence=high; match_type=exact_topic_plus_alias; deterministic_tie_break_among_equals,0.00,9.36,share_gt_8pct,no,approve,,
Family Boundaries About Your Relationship,how-do-i-set-boundaries-with-my-own-family-about-my-relationship,https://www.deeper.global/answers/how-do-i-set-boundaries-with-my-own-family-about-my-relationship/,38ba4793-47c2-473c-b009-10e664d9f290,laura-hilsen,Laura Hilsen,APC,Licensed Associate Professional Counselor,Anxiety|Depression|Life Transitions|Grief and Loss|Mood Disorders|PTSD|Trauma|Work/Life Balance|Relationship Issues|Divorce|Infidelity|Self-Compassion|Self-Esteem|Personal Growth|Wholeness,Infidelity,relationships-and-communication,Relationships & Communication,Relationships & Communication,relationships-and-connection,exact_topic:relationships-and-communication via Relationship Issues (w=1)|exact_topic:relationships-and-communication via Divorce (w=1)|exact_topic:relationships-and-communication via Infidelity (w=1),100,high,20.00,exact_topic,samantha-bryant(topic_volume:25)|lexi-cooper(topic_volume:24)|lynn-lane(topic_volume:20)|alex-crenshaw-phd(topic_volume:18)|sarah-evers(topic_volume:17),score=100; confidence=high; match_type=exact_topic; deterministic_tie_break_among_equals,0.00,9.36,every_clinician_mid,no,approve,,
Guilty About Exciting Changes,why-do-i-feel-guilty-for-being-excited-about-chang-187459-021,https://www.deeper.global/answers/why-do-i-feel-guilty-for-being-excited-about-chang-187459-021/,bf4ed0c5-91bf-4306-bb13-2cf0c3347ede,laura-hilsen,Laura Hilsen,APC,Licensed Associate Professional Counselor,Anxiety|Depression|Life Transitions|Grief and Loss|Mood Disorders|PTSD|Trauma|Work/Life Balance|Relationship Issues|Divorce|Infidelity|Self-Compassion|Self-Esteem|Personal Growth|Wholeness,Grief and Loss,general-mental-health,General Mental Health,Life Transitions,life-transitions-and-change,exact_topic:general-mental-health via Anxiety (w=0.45)|exact_topic:general-mental-health via Life Transitions (w=0.7)|alias_keyword:Life Transitions|alias_keyword:loss,86,high,6.00,exact_topic_plus_alias,jackie-malone(topic_volume:4)|michaela-hilburn(topic_volume:2),score=86; confidence=high; match_type=exact_topic_plus_alias; deterministic_tie_break_among_equals,0.00,9.36,top10_extra|share_gt_8pct,no,approve,,
Upset When Plans Change,why-do-i-get-so-upset-when-things-dont-go-accordin-187459-014,https://www.deeper.global/answers/why-do-i-get-so-upset-when-things-dont-go-accordin-187459-014/,2c1e1a1a-89dd-4a02-b730-50657d841272,laura-hilsen,Laura Hilsen,APC,Licensed Associate Professional Counselor,Anxiety|Depression|Life Transitions|Grief and Loss|Mood Disorders|PTSD|Trauma|Work/Life Balance|Relationship Issues|Divorce|Infidelity|Self-Compassion|Self-Esteem|Personal Growth|Wholeness,Anxiety,anxiety-and-stress,Anxiety & Stress,Perfectionism & Control Issues,anxiety-and-mood,exact_topic:anxiety-and-stress via Anxiety (w=1)|alt_topic:anxiety-and-stress via Depression (w=0.35),100,high,20.00,exact_topic,meredith-price(topic_volume:20)|samantha-bryant(topic_volume:16)|amanda-gaines(topic_volume:14)|lynn-lane(topic_volume:13)|kelsey-donahue(topic_volume:12),score=100; confidence=high; match_type=exact_topic; deterministic_tie_break_among_equals,0.00,9.36,every_clinician_highest,no,approve,,
Can AI Griefbots Complicate Grief?,can-ai-griefbots-make-grief-harder-to-process,https://www.deeper.global/answers/can-ai-griefbots-make-grief-harder-to-process/,33f3f8ee-06d8-4b1e-8646-aeb023173276,lauren-sanders,Lauren Sanders,"NCC, LPC",Licensed Professional Counselor,"Anxiety|Obsessive-Compulsive (OCD)|Parenting|ADHD|Behavioral Issues|Body Dysmorphic Disorder|Cancer|Child|Chronic Illness|Coping Skills|Grief|Life Transitions|Pregnancy, Prenatal, Postpartum|Women's Issues",Grief,grief-and-loss,Grief & Loss,Grief & Loss,life-transitions-and-change,parent_theme:life-transitions-and-change via Cancer|exact_topic:grief-and-loss via Grief (w=1)|preferred_specialty_keyword:Grief,100,high,20.00,exact_topic_plus_alias,samantha-bryant(topic_volume:9)|michaela-hilburn(topic_volume:7)|amanda-gaines(topic_volume:5)|liz-webb(topic_volume:4)|meredith-price(topic_volume:2),score=100; confidence=high; match_type=exact_topic_plus_alias; deterministic_tie_break_among_equals,0.00,0.28,every_clinician_mid|alias_match|theme_life-transitions-and-change,no,approve,,
Communicating Better With Your Teenager,how-do-i-communicate-better-with-my-teenager,https://www.deeper.global/answers/how-do-i-communicate-better-with-my-teenager/,fb610607-24ae-4c09-bc58-2693249de97d,lauren-sanders,Lauren Sanders,"NCC, LPC",Licensed Professional Counselor,"Anxiety|Obsessive-Compulsive (OCD)|Parenting|ADHD|Behavioral Issues|Body Dysmorphic Disorder|Cancer|Child|Chronic Illness|Coping Skills|Grief|Life Transitions|Pregnancy, Prenatal, Postpartum|Women's Issues",Life Transitions,teens-and-identity,Teens & Identity,Teens & Identity,family-and-parenting,exact_topic:teens-and-identity via Parenting (w=0.7)|alias_keyword:Parenting|alt_topic:teens-and-identity via Child (w=0.7)|alias_keyword:Parenting|alias_keyword:adjustment,94,high,14.00,exact_topic_plus_alias,jeannine-jannot(topic_volume:7)|meredith-price(topic_volume:1)|kelsey-donahue(topic_volume:1),score=94; confidence=high; match_type=exact_topic_plus_alias; deterministic_tie_break_among_equals,0.00,0.28,every_clinician_lowest|alias_match|theme_family-and-parenting,no,approve,,
Coping With the Loss of a Pet,how-do-i-cope-with-the-loss-of-a-pet,https://www.deeper.global/answers/how-do-i-cope-with-the-loss-of-a-pet/,ba4a939a-1c23-4c69-9863-c99c53dd8524,lauren-sanders,Lauren Sanders,"NCC, LPC",Licensed Professional Counselor,"Anxiety|Obsessive-Compulsive (OCD)|Parenting|ADHD|Behavioral Issues|Body Dysmorphic Disorder|Cancer|Child|Chronic Illness|Coping Skills|Grief|Life Transitions|Pregnancy, Prenatal, Postpartum|Women's Issues",Grief,grief-and-loss,Grief & Loss,Grief & Loss,life-transitions-and-change,parent_theme:life-transitions-and-change via Cancer|exact_topic:grief-and-loss via Grief (w=1)|preferred_specialty_keyword:Grief,100,high,20.00,exact_topic_plus_alias,samantha-bryant(topic_volume:9)|michaela-hilburn(topic_volume:7)|amanda-gaines(topic_volume:5)|liz-webb(topic_volume:4)|meredith-price(topic_volume:2),score=100; confidence=high; match_type=exact_topic_plus_alias; deterministic_tie_break_among_equals,0.00,0.28,every_clinician_highest|alias_match,no,approve,,
Can AI Help With Grief or Trauma Processing?,can-ai-help-me-process-grief-or-trauma-189142-018,https://www.deeper.global/answers/can-ai-help-me-process-grief-or-trauma-189142-018/,097008df-6aad-4e4d-86ad-0f728a1de682,lexi-cooper,Lexi Cooper,LMSW,Licensed Master Social Worker,ADHD|Anxiety|Social Communication Disorders|Depression|Family-of-Origin Issues|Familial Relationship Counseling|Interpersonal Communication Skills|Life Transitions|OCD|Student Athletic Challenges|Trauma|Work/School Balance|Family Therapy,Trauma,trauma-and-safety,Trauma & Safety,Trauma & Grief,trauma-and-safety,exact_topic:trauma-and-safety via Trauma (w=1)|preferred_specialty_keyword:Trauma,100,high,20.00,exact_topic_plus_alias,susan-keenan(topic_volume:5)|lynn-lane(topic_volume:5)|samantha-bryant(topic_volume:5)|michaela-hilburn(topic_volume:4)|laura-hilsen(topic_volume:3),score=100; confidence=high; match_type=exact_topic_plus_alias; deterministic_tie_break_among_equals,0.00,3.09,every_clinician_lowest|alias_match|ymyl_trauma|theme_trauma-and-safety,yes,approve,,
Trust Issues After Infidelity,is-it-normal-to-have-trust-issues-after-181083-089,https://www.deeper.global/answers/is-it-normal-to-have-trust-issues-after-181083-089/,a8e7dac4-292c-4cab-b405-8fa6233f85f1,lexi-cooper,Lexi Cooper,LMSW,Licensed Master Social Worker,ADHD|Anxiety|Social Communication Disorders|Depression|Family-of-Origin Issues|Familial Relationship Counseling|Interpersonal Communication Skills|Life Transitions|OCD|Student Athletic Challenges|Trauma|Work/School Balance|Family Therapy,Familial Relationship Counseling,relationships-and-communication,Relationships & Communication,Relationships & Communication,relationships-and-connection,exact_topic:relationships-and-communication via Familial Relationship Counseling (w=1),100,high,20.00,exact_topic,samantha-bryant(topic_volume:25)|lynn-lane(topic_volume:20)|laura-hilsen(topic_volume:19)|alex-crenshaw-phd(topic_volume:18)|sarah-evers(topic_volume:17),score=100; confidence=high; match_type=exact_topic; deterministic_tie_break_among_equals,0.00,3.09,every_clinician_mid,no,approve,,
Pushing People Away When Close,why-do-i-push-people-away-when-they-get-181083-091,https://www.deeper.global/answers/why-do-i-push-people-away-when-they-get-181083-091/,22fa4934-92a2-47d3-bc41-94e764e3c1c1,lexi-cooper,Lexi Cooper,LMSW,Licensed Master Social Worker,ADHD|Anxiety|Social Communication Disorders|Depression|Family-of-Origin Issues|Familial Relationship Counseling|Interpersonal Communication Skills|Life Transitions|OCD|Student Athletic Challenges|Trauma|Work/School Balance|Family Therapy,Familial Relationship Counseling,relationships-and-communication,Relationships & Communication,Relationships & Divorce,relationships-and-connection,exact_topic:relationships-and-communication via Familial Relationship Counseling (w=1),100,high,20.00,exact_topic,samantha-bryant(topic_volume:25)|lynn-lane(topic_volume:20)|laura-hilsen(topic_volume:19)|alex-crenshaw-phd(topic_volume:18)|sarah-evers(topic_volume:17),score=100; confidence=high; match_type=exact_topic; deterministic_tie_break_among_equals,0.00,3.09,every_clinician_highest,no,approve,,
Can AI Make Doomscrolling Worse?,can-ai-make-doomscrolling-worse,https://www.deeper.global/answers/can-ai-make-doomscrolling-worse/,df1d3e84-c236-4674-98bc-ab3361930d5f,liz-webb,Liz Webb,"LAPC, NCC","Licensed Associate Professional Counselor, Nationally Certified Counselor",ADHD|Substance Use|LGBTQIA+ Issues|Anxiety|Depression|Life Transitions|Grief & Loss|Autism Level 1|Neurodiversity,Anxiety,anxiety-and-stress,Anxiety & Stress,Anxiety & Stress,anxiety-and-mood,exact_topic:anxiety-and-stress via Anxiety (w=1)|preferred_specialty_keyword:Anxiety|alt_topic:anxiety-and-stress via Depression (w=0.35),100,high,20.00,exact_topic_plus_alias,meredith-price(topic_volume:20)|samantha-bryant(topic_volume:16)|amanda-gaines(topic_volume:14)|lynn-lane(topic_volume:13)|kelsey-donahue(topic_volume:12),score=100; confidence=high; match_type=exact_topic_plus_alias; deterministic_tie_break_among_equals,0.00,4.21,every_clinician_lowest|top10_lowest|alias_match|theme_anxiety-and-mood,no,approve,,
Stop Comparing Yourself on Social Media,how-can-i-stop-comparing-myself-to-others-on-social-media-g7h8i9,https://www.deeper.global/answers/how-can-i-stop-comparing-myself-to-others-on-social-media-g7h8i9/,3b4c1c45-7d20-4130-b539-6d4b9bda7dbd,liz-webb,Liz Webb,"LAPC, NCC","Licensed Associate Professional Counselor, Nationally Certified Counselor",ADHD|Substance Use|LGBTQIA+ Issues|Anxiety|Depression|Life Transitions|Grief & Loss|Autism Level 1|Neurodiversity,Anxiety,anxiety-and-stress,Anxiety & Stress,Anxiety & Stress,anxiety-and-mood,exact_topic:anxiety-and-stress via Anxiety (w=1)|preferred_specialty_keyword:Anxiety|alt_topic:anxiety-and-stress via Depression (w=0.35),100,high,20.00,exact_topic_plus_alias,meredith-price(topic_volume:20)|samantha-bryant(topic_volume:16)|amanda-gaines(topic_volume:14)|lynn-lane(topic_volume:13)|kelsey-donahue(topic_volume:12),score=100; confidence=high; match_type=exact_topic_plus_alias; deterministic_tie_break_among_equals,0.00,4.21,top10_extra|alias_match,no,approve,,
Why Early Recovery Can Feel Worse Before It Gets Better,is-it-normal-to-feel-worse-before-i-feel-better-in-recovery,https://www.deeper.global/answers/is-it-normal-to-feel-worse-before-i-feel-better-in-recovery/,116c02be-b735-4f65-950a-c0f811253e5a,liz-webb,Liz Webb,"LAPC, NCC","Licensed Associate Professional Counselor, Nationally Certified Counselor",ADHD|Substance Use|LGBTQIA+ Issues|Anxiety|Depression|Life Transitions|Grief & Loss|Autism Level 1|Neurodiversity,Substance Use,addiction-and-recovery,Addiction & Recovery,Addiction & Recovery,trauma-and-safety,exact_topic:addiction-and-recovery via Substance Use (w=1)|preferred_specialty_keyword:Substance Use,100,high,20.00,exact_topic_plus_alias,lynn-lane(topic_volume:30)|susan-keenan(topic_volume:22)|amanda-gaines(topic_volume:17)|jackie-malone(topic_volume:14),score=100; confidence=high; match_type=exact_topic_plus_alias; deterministic_tie_break_among_equals,0.00,4.21,every_clinician_mid,yes,approve,,
Feel Nothing Anymore,why-dont-i-feel-anything-anymore-even-about-things-i-used-to-care-about,https://www.deeper.global/answers/why-dont-i-feel-anything-anymore-even-about-things-i-used-to-care-about/,45d772ee-4713-46f9-b416-3b1b17ccb45a,liz-webb,Liz Webb,"LAPC, NCC","Licensed Associate Professional Counselor, Nationally Certified Counselor",ADHD|Substance Use|LGBTQIA+ Issues|Anxiety|Depression|Life Transitions|Grief & Loss|Autism Level 1|Neurodiversity,Depression,depression,Depression,Depression & Numbness,anxiety-and-mood,parent_theme:anxiety-and-mood via Anxiety|alias_keyword:stress|exact_topic:depression via Depression (w=1)|preferred_specialty_keyword:Depression,100,high,20.00,exact_topic_plus_alias,alex-crenshaw-phd(topic_volume:18)|kelsey-donahue(topic_volume:13)|susan-keenan(topic_volume:12)|michaela-hilburn(topic_volume:11)|laura-hilsen(topic_volume:10),score=100; confidence=high; match_type=exact_topic_plus_alias; deterministic_tie_break_among_equals,0.00,4.21,every_clinician_highest,no,approve,,
How to Bring Up a Hard Topic Without Turning It Into a Fight,bring-up-hard-topic-without-starting-fight,https://www.deeper.global/answers/bring-up-hard-topic-without-starting-fight/,decbea77-6a45-405b-9e95-60532dd6af2e,lynn-lane,Lynn Lane,"MDiv, LCSW","MDiv, LCSW",Anxiety|Depression|Family-Of-Origin Issues|Grief & Loss|Life Transitions|PTSD|Relationship Counseling|Substance Abuse & Chemical Dependency|Spiritual Issues|Trauma|Women's Issues,Relationship Counseling,relationships-and-communication,Relationships & Communication,Communication & Conflict,relationships-and-connection,exact_topic:relationships-and-communication via Relationship Counseling (w=1),100,high,20.00,exact_topic,samantha-bryant(topic_volume:25)|lexi-cooper(topic_volume:24)|laura-hilsen(topic_volume:19)|alex-crenshaw-phd(topic_volume:18)|sarah-evers(topic_volume:17),score=100; confidence=high; match_type=exact_topic; deterministic_tie_break_among_equals,0.00,7.40,theme_relationships-and-connection|broad_generalist_topic_cluster,no,approve,,
Can You Recover Without 12-Step Meetings?,can-i-recover-without-going-to-meetings,https://www.deeper.global/answers/can-i-recover-without-going-to-meetings/,c4206d54-affa-4744-9867-470d7dc5b187,lynn-lane,Lynn Lane,"MDiv, LCSW","MDiv, LCSW",Anxiety|Depression|Family-Of-Origin Issues|Grief & Loss|Life Transitions|PTSD|Relationship Counseling|Substance Abuse & Chemical Dependency|Spiritual Issues|Trauma|Women's Issues,Substance Abuse & Chemical Dependency,addiction-and-recovery,Addiction & Recovery,Addiction & Recovery,trauma-and-safety,parent_theme:trauma-and-safety via PTSD|exact_topic:addiction-and-recovery via Substance Abuse & Chemical Dependency (w=1),100,high,20.00,exact_topic,susan-keenan(topic_volume:22)|liz-webb(topic_volume:20)|amanda-gaines(topic_volume:17)|jackie-malone(topic_volume:14),score=100; confidence=high; match_type=exact_topic; deterministic_tie_break_among_equals,0.00,7.40,ymyl_abuse|ymyl_addiction|theme_trauma-and-safety|broad_generalist_topic_cluster,yes,approve,,
Can AI Chatbots or Virtual Companions Become Compulsive?,can-people-get-addicted-to-ai-chatbots-or-virtual--189142-001,https://www.deeper.global/answers/can-people-get-addicted-to-ai-chatbots-or-virtual--189142-001/,f72fd755-8d1b-4d94-a525-0a82545a753c,lynn-lane,Lynn Lane,"MDiv, LCSW","MDiv, LCSW",Anxiety|Depression|Family-Of-Origin Issues|Grief & Loss|Life Transitions|PTSD|Relationship Counseling|Substance Abuse & Chemical Dependency|Spiritual Issues|Trauma|Women's Issues,Substance Abuse & Chemical Dependency,addiction-and-recovery,Addiction & Recovery,Addiction & Recovery,trauma-and-safety,alias_keyword:stress|parent_theme:trauma-and-safety via PTSD|exact_topic:addiction-and-recovery via Substance Abuse & Chemical Dependency (w=1),100,high,20.00,exact_topic_plus_alias,susan-keenan(topic_volume:22)|liz-webb(topic_volume:20)|amanda-gaines(topic_volume:17)|jackie-malone(topic_volume:14),score=100; confidence=high; match_type=exact_topic_plus_alias; deterministic_tie_break_among_equals,0.00,7.40,alias_match|ymyl_abuse|ymyl_addiction|theme_trauma-and-safety,yes,approve,,
How to Create a Relapse Prevention Plan,how-do-i-create-a-relapse-prevention-plan,https://www.deeper.global/answers/how-do-i-create-a-relapse-prevention-plan/,31bcf3f3-adb8-4f85-b5fe-1089ccd93e90,lynn-lane,Lynn Lane,"MDiv, LCSW","MDiv, LCSW",Anxiety|Depression|Family-Of-Origin Issues|Grief & Loss|Life Transitions|PTSD|Relationship Counseling|Substance Abuse & Chemical Dependency|Spiritual Issues|Trauma|Women's Issues,Substance Abuse & Chemical Dependency,addiction-and-recovery,Addiction & Recovery,Addiction & Recovery,trauma-and-safety,parent_theme:trauma-and-safety via PTSD|exact_topic:addiction-and-recovery via Substance Abuse & Chemical Dependency (w=1),100,high,20.00,exact_topic,susan-keenan(topic_volume:22)|liz-webb(topic_volume:20)|amanda-gaines(topic_volume:17)|jackie-malone(topic_volume:14),score=100; confidence=high; match_type=exact_topic; deterministic_tie_break_among_equals,0.00,7.40,ymyl_abuse,yes,approve,,
Coping With Fear of Hell After Leaving Religion,how-do-i-deal-with-fear-of-hell-after-le-181083-036,https://www.deeper.global/answers/how-do-i-deal-with-fear-of-hell-after-le-181083-036/,6f9550f3-1eb0-4fe5-9774-f3092a825d94,lynn-lane,Lynn Lane,"MDiv, LCSW","MDiv, LCSW",Anxiety|Depression|Family-Of-Origin Issues|Grief & Loss|Life Transitions|PTSD|Relationship Counseling|Substance Abuse & Chemical Dependency|Spiritual Issues|Trauma|Women's Issues,Spiritual Issues,meaning-faith-and-existential-questions,"Meaning, Faith & Existential Questions",Spiritual Struggle / Existential Crisis,spirituality-and-meaning,exact_topic:meaning-faith-and-existential-questions via Spiritual Issues (w=0.85),85,high,5.00,exact_topic,samantha-bryant(topic_volume:10)|susan-keenan(topic_volume:3),score=85; confidence=high; match_type=exact_topic; deterministic_tie_break_among_equals,0.00,7.40,every_clinician_lowest|top10_lowest|near_high_medium_threshold|theme_spirituality-and-meaning,no,approve,,
Navigating Workplace Drug Testing During Recovery,how-do-i-handle-drug-testing-at-work-while-in-recovery,https://www.deeper.global/answers/how-do-i-handle-drug-testing-at-work-while-in-recovery/,3e88b83c-b6f4-4781-aa96-d4eb02c599e9,lynn-lane,Lynn Lane,"MDiv, LCSW","MDiv, LCSW",Anxiety|Depression|Family-Of-Origin Issues|Grief & Loss|Life Transitions|PTSD|Relationship Counseling|Substance Abuse & Chemical Dependency|Spiritual Issues|Trauma|Women's Issues,Substance Abuse & Chemical Dependency,addiction-and-recovery,Addiction & Recovery,Addiction & Recovery,trauma-and-safety,parent_theme:trauma-and-safety via PTSD|exact_topic:addiction-and-recovery via Substance Abuse & Chemical Dependency (w=1),100,high,20.00,exact_topic,susan-keenan(topic_volume:22)|liz-webb(topic_volume:20)|amanda-gaines(topic_volume:17)|jackie-malone(topic_volume:14),score=100; confidence=high; match_type=exact_topic; deterministic_tie_break_among_equals,0.00,7.40,ymyl_testing,yes,approve,,
How to Support a Friend Struggling With Mental Health,how-do-i-support-a-friend-who-is-struggling-with-mental-health,https://www.deeper.global/answers/how-do-i-support-a-friend-who-is-struggling-with-mental-health/,7f4bb06a-21d2-44de-b1ee-d4c5cf0ffcb3,lynn-lane,Lynn Lane,"MDiv, LCSW","MDiv, LCSW",Anxiety|Depression|Family-Of-Origin Issues|Grief & Loss|Life Transitions|PTSD|Relationship Counseling|Substance Abuse & Chemical Dependency|Spiritual Issues|Trauma|Women's Issues,Anxiety,anxiety-and-stress,Anxiety & Stress,Anxiety & Stress,anxiety-and-mood,exact_topic:anxiety-and-stress via Anxiety (w=1)|preferred_specialty_keyword:Anxiety|alt_topic:anxiety-and-stress via Depression (w=0.35),100,high,20.00,exact_topic_plus_alias,meredith-price(topic_volume:20)|samantha-bryant(topic_volume:16)|amanda-gaines(topic_volume:14)|kelsey-donahue(topic_volume:12)|liz-webb(topic_volume:12),score=100; confidence=high; match_type=exact_topic_plus_alias; deterministic_tie_break_among_equals,0.00,7.40,every_clinician_mid,no,approve,,
Grieving the Loss of Faith Can Feel Like a Death,is-it-normal-to-grieve-the-loss-of-my-faith-like-a-death,https://www.deeper.global/answers/is-it-normal-to-grieve-the-loss-of-my-faith-like-a-death/,af928cc2-4ae7-48e3-a0ef-bf5f541aab3e,lynn-lane,Lynn Lane,"MDiv, LCSW","MDiv, LCSW",Anxiety|Depression|Family-Of-Origin Issues|Grief & Loss|Life Transitions|PTSD|Relationship Counseling|Substance Abuse & Chemical Dependency|Spiritual Issues|Trauma|Women's Issues,Spiritual Issues,meaning-faith-and-existential-questions,"Meaning, Faith & Existential Questions",Spiritual Doubt,spirituality-and-meaning,alias_keyword:Grief|exact_topic:meaning-faith-and-existential-questions via Spiritual Issues (w=0.85),85,high,5.00,exact_topic_plus_alias,samantha-bryant(topic_volume:10)|susan-keenan(topic_volume:3),score=85; confidence=high; match_type=exact_topic_plus_alias; deterministic_tie_break_among_equals,0.00,7.40,near_high_medium_threshold,no,approve,,
What to Do If a Loved One Uses Substances During Pregnancy,what-if-my-loved-one-is-using-substances-while-pregnant,https://www.deeper.global/answers/what-if-my-loved-one-is-using-substances-while-pregnant/,75240bc8-ac37-4a8c-b8e1-2d806cf3d2ca,lynn-lane,Lynn Lane,"MDiv, LCSW","MDiv, LCSW",Anxiety|Depression|Family-Of-Origin Issues|Grief & Loss|Life Transitions|PTSD|Relationship Counseling|Substance Abuse & Chemical Dependency|Spiritual Issues|Trauma|Women's Issues,Substance Abuse & Chemical Dependency,addiction-and-recovery,Addiction & Recovery,Addiction & Recovery,trauma-and-safety,parent_theme:trauma-and-safety via PTSD|exact_topic:addiction-and-recovery via Substance Abuse & Chemical Dependency (w=1),100,high,20.00,exact_topic,susan-keenan(topic_volume:22)|liz-webb(topic_volume:20)|amanda-gaines(topic_volume:17)|jackie-malone(topic_volume:14),score=100; confidence=high; match_type=exact_topic; deterministic_tie_break_among_equals,0.00,7.40,ymyl_postpartum,yes,approve,,
What to Do After Discovering a Partner Cheated,what-should-i-do-if-i-caught-my-partner-cheating,https://www.deeper.global/answers/what-should-i-do-if-i-caught-my-partner-cheating/,df24fbaf-882f-4152-a2af-450798baf93d,lynn-lane,Lynn Lane,"MDiv, LCSW","MDiv, LCSW",Anxiety|Depression|Family-Of-Origin Issues|Grief & Loss|Life Transitions|PTSD|Relationship Counseling|Substance Abuse & Chemical Dependency|Spiritual Issues|Trauma|Women's Issues,Relationship Counseling,relationships-and-communication,Relationships & Communication,Relationships & Communication,relationships-and-connection,exact_topic:relationships-and-communication via Relationship Counseling (w=1),100,high,20.00,exact_topic,samantha-bryant(topic_volume:25)|lexi-cooper(topic_volume:24)|laura-hilsen(topic_volume:19)|alex-crenshaw-phd(topic_volume:18)|sarah-evers(topic_volume:17),score=100; confidence=high; match_type=exact_topic; deterministic_tie_break_among_equals,0.00,7.40,ymyl_eating,yes,approve,,
When Life Feels Meaningless or Without Purpose,why-do-i-feel-like-life-has-no-meaning-or-purpose-v6w2x8,https://www.deeper.global/answers/why-do-i-feel-like-life-has-no-meaning-or-purpose-v6w2x8/,e8dcd44e-34f3-4edb-b9db-c7e88f0972f0,lynn-lane,Lynn Lane,"MDiv, LCSW","MDiv, LCSW",Anxiety|Depression|Family-Of-Origin Issues|Grief & Loss|Life Transitions|PTSD|Relationship Counseling|Substance Abuse & Chemical Dependency|Spiritual Issues|Trauma|Women's Issues,Spiritual Issues,meaning-faith-and-existential-questions,"Meaning, Faith & Existential Questions",Life Purpose,spirituality-and-meaning,alias_keyword:Depression|exact_topic:meaning-faith-and-existential-questions via Spiritual Issues (w=0.85),85,high,5.00,exact_topic_plus_alias,samantha-bryant(topic_volume:10)|susan-keenan(topic_volume:3),score=85; confidence=high; match_type=exact_topic_plus_alias; deterministic_tie_break_among_equals,0.00,7.40,top10_extra|near_high_medium_threshold,no,approve,,
Why You Might Need to Control Everything,why-do-i-need-to-control-everything-and-everyone-a-187459-012,https://www.deeper.global/answers/why-do-i-need-to-control-everything-and-everyone-a-187459-012/,249709bb-6b3c-41cd-b83e-824d08479255,lynn-lane,Lynn Lane,"MDiv, LCSW","MDiv, LCSW",Anxiety|Depression|Family-Of-Origin Issues|Grief & Loss|Life Transitions|PTSD|Relationship Counseling|Substance Abuse & Chemical Dependency|Spiritual Issues|Trauma|Women's Issues,Anxiety,anxiety-and-stress,Anxiety & Stress,Perfectionism & Control Issues,anxiety-and-mood,exact_topic:anxiety-and-stress via Anxiety (w=1)|preferred_specialty_keyword:Anxiety|alt_topic:anxiety-and-stress via Depression (w=0.35),100,high,20.00,exact_topic_plus_alias,meredith-price(topic_volume:20)|samantha-bryant(topic_volume:16)|amanda-gaines(topic_volume:14)|kelsey-donahue(topic_volume:12)|liz-webb(topic_volume:12),score=100; confidence=high; match_type=exact_topic_plus_alias; deterministic_tie_break_among_equals,0.00,7.40,every_clinician_highest,no,approve,,
Is AI Affecting Your Ability to Connect With People?,am-i-losing-my-ability-to-connect-with-real-people-189142-008,https://www.deeper.global/answers/am-i-losing-my-ability-to-connect-with-real-people-189142-008/,18e51622-7110-418f-b6fe-75e004a8d402,meredith-price,Meredith Price,LPC - Licensed Professional Counselor,LPC - Licensed Professional Counselor,"Pregnancy, Prenatal, Postpartum|Depression|Anxiety|Body Image|Codependency|Coping Skills|Family Conflict|Grief|Infertility|Life Coaching|Life Transitions|Marital and Premarital|Men's Issues|Mood Disorders|Parenting|Peer Relationships|Relationship Issues|School Issues|Self Esteem|Self-Harming|Sex Therapy|Sleep or Insomnia|Stress|Suicidal Ideation|Women's Issues",Stress,anxiety-and-stress,Anxiety & Stress,Anxiety & Stress,anxiety-and-mood,"exact_topic:anxiety-and-stress via Pregnancy, Prenatal, Postpartum (w=0.5)|demoted_missing_keyword_support|exact_topic:anxiety-and-stress via Depression (w=0.35)|parent_theme:anxiety-and-mood via Depression|exact_topic:anxiety-and-stress via Anxiety (w=1)|preferred_specialty_keyword:Anxiety|alt_topic:anxiety-and-stress via Infertility (w=0.5)|demoted_missing_keyword_support|exact_topic:anxiety-and-stress via Stress (w=1)",100,high,20.00,exact_topic_plus_alias,samantha-bryant(topic_volume:16)|amanda-gaines(topic_volume:14)|lynn-lane(topic_volume:13)|kelsey-donahue(topic_volume:12)|liz-webb(topic_volume:12),score=100; confidence=high; match_type=exact_topic_plus_alias; deterministic_tie_break_among_equals,0.00,6.65,alias_match|theme_anxiety-and-mood|broad_generalist_topic_cluster,no,approve,,
Can Stress Cause Back and Neck Pain?,can-stress-cause-back-and-neck-pain-181083-013,https://www.deeper.global/answers/can-stress-cause-back-and-neck-pain-181083-013/,f221af60-8d96-4568-89e2-fb620998d3c7,meredith-price,Meredith Price,LPC - Licensed Professional Counselor,LPC - Licensed Professional Counselor,"Pregnancy, Prenatal, Postpartum|Depression|Anxiety|Body Image|Codependency|Coping Skills|Family Conflict|Grief|Infertility|Life Coaching|Life Transitions|Marital and Premarital|Men's Issues|Mood Disorders|Parenting|Peer Relationships|Relationship Issues|School Issues|Self Esteem|Self-Harming|Sex Therapy|Sleep or Insomnia|Stress|Suicidal Ideation|Women's Issues",Stress,anxiety-and-stress,Anxiety & Stress,Anxiety & Stress,anxiety-and-mood,"exact_topic:anxiety-and-stress via Pregnancy, Prenatal, Postpartum (w=0.5)|demoted_missing_keyword_support|exact_topic:anxiety-and-stress via Depression (w=0.35)|parent_theme:anxiety-and-mood via Depression|exact_topic:anxiety-and-stress via Anxiety (w=1)|preferred_specialty_keyword:Anxiety|alt_topic:anxiety-and-stress via Infertility (w=0.5)|demoted_missing_keyword_support|exact_topic:anxiety-and-stress via Stress (w=1)",100,high,20.00,exact_topic_plus_alias,samantha-bryant(topic_volume:16)|amanda-gaines(topic_volume:14)|lynn-lane(topic_volume:13)|kelsey-donahue(topic_volume:12)|liz-webb(topic_volume:12),score=100; confidence=high; match_type=exact_topic_plus_alias; deterministic_tie_break_among_equals,0.00,6.65,top10_extra|alias_match|ymyl_chronic,no,approve,,
Protecting Children From Parental Conflict,how-can-i-protect-my-children-from-conflict-between-me-and-my-ex,https://www.deeper.global/answers/how-can-i-protect-my-children-from-conflict-between-me-and-my-ex/,022990eb-5526-4ac2-8183-739bcc74824e,meredith-price,Meredith Price,LPC - Licensed Professional Counselor,LPC - Licensed Professional Counselor,"Pregnancy, Prenatal, Postpartum|Depression|Anxiety|Body Image|Codependency|Coping Skills|Family Conflict|Grief|Infertility|Life Coaching|Life Transitions|Marital and Premarital|Men's Issues|Mood Disorders|Parenting|Peer Relationships|Relationship Issues|School Issues|Self Esteem|Self-Harming|Sex Therapy|Sleep or Insomnia|Stress|Suicidal Ideation|Women's Issues",Parenting,family-and-parenting,Family & Parenting,Family & Parenting,family-and-parenting,"exact_topic:family-and-parenting via Pregnancy, Prenatal, Postpartum (w=0.7)|demoted_missing_keyword_support|exact_topic:family-and-parenting via Family Conflict (w=1)|alt_topic:family-and-parenting via Infertility (w=0.7)|demoted_missing_keyword_support|exact_topic:family-and-parenting via Parenting (w=1)|preferred_specialty_keyword:Parenting",100,high,20.00,exact_topic_plus_alias,susan-keenan(topic_volume:16)|kelsey-donahue(topic_volume:13)|jeannine-jannot(topic_volume:11),score=100; confidence=high; match_type=exact_topic_plus_alias; deterministic_tie_break_among_equals,0.00,6.65,alias_match|theme_family-and-parenting,no,approve,,
Coping When You Lose Someone You Expected Forever,how-do-i-cope-with-losing-someone-i-thought-id-have-forever,https://www.deeper.global/answers/how-do-i-cope-with-losing-someone-i-thought-id-have-forever/,606b63cb-0b78-414e-ab54-e952f4778e8c,meredith-price,Meredith Price,LPC - Licensed Professional Counselor,LPC - Licensed Professional Counselor,"Pregnancy, Prenatal, Postpartum|Depression|Anxiety|Body Image|Codependency|Coping Skills|Family Conflict|Grief|Infertility|Life Coaching|Life Transitions|Marital and Premarital|Men's Issues|Mood Disorders|Parenting|Peer Relationships|Relationship Issues|School Issues|Self Esteem|Self-Harming|Sex Therapy|Sleep or Insomnia|Stress|Suicidal Ideation|Women's Issues",Grief,grief-and-loss,Grief & Loss,Grief & Loss,life-transitions-and-change,alias_keyword:divorce|exact_topic:grief-and-loss via Grief (w=1)|preferred_specialty_keyword:Grief,100,high,20.00,exact_topic_plus_alias,samantha-bryant(topic_volume:9)|michaela-hilburn(topic_volume:7)|amanda-gaines(topic_volume:5)|liz-webb(topic_volume:4)|lauren-sanders(topic_volume:2),score=100; confidence=high; match_type=exact_topic_plus_alias; deterministic_tie_break_among_equals,0.00,6.65,alias_match|theme_life-transitions-and-change,no,approve,,
When Your Parents Are Getting Divorced,how-do-i-deal-with-my-parents-divorce-186032-011,https://www.deeper.global/answers/how-do-i-deal-with-my-parents-divorce-186032-011/,23e0e04b-f725-4ac1-9a4d-8f3c27359c84,meredith-price,Meredith Price,LPC - Licensed Professional Counselor,LPC - Licensed Professional Counselor,"Pregnancy, Prenatal, Postpartum|Depression|Anxiety|Body Image|Codependency|Coping Skills|Family Conflict|Grief|Infertility|Life Coaching|Life Transitions|Marital and Premarital|Men's Issues|Mood Disorders|Parenting|Peer Relationships|Relationship Issues|School Issues|Self Esteem|Self-Harming|Sex Therapy|Sleep or Insomnia|Stress|Suicidal Ideation|Women's Issues",Relationship Issues,teens-and-identity,Teens & Identity,Teens & Identity,family-and-parenting,"parent_theme:family-and-parenting via Pregnancy, Prenatal, Postpartum|alias_keyword:divorce|exact_topic:teens-and-identity via Family Conflict (w=0.7)|alias_keyword:Grief|alias_keyword:divorce|alt_topic:teens-and-identity via Parenting (w=0.7)|alias_keyword:divorce|alt_topic:teens-and-identity via School Issues (w=0.45)",94,high,14.00,exact_topic_plus_alias,jeannine-jannot(topic_volume:7)|lauren-sanders(topic_volume:1)|kelsey-donahue(topic_volume:1),score=94; confidence=high; match_type=exact_topic_plus_alias; deterministic_tie_break_among_equals,0.00,6.65,every_clinician_lowest|top10_lowest|alias_match,no,approve,,
Coping With Postpartum Depression,how-do-i-deal-with-postpartum-depression,https://www.deeper.global/answers/how-do-i-deal-with-postpartum-depression/,8aa5fe26-2b35-44d0-9e0a-07bf43ef4b8c,meredith-price,Meredith Price,LPC - Licensed Professional Counselor,LPC - Licensed Professional Counselor,"Pregnancy, Prenatal, Postpartum|Depression|Anxiety|Body Image|Codependency|Coping Skills|Family Conflict|Grief|Infertility|Life Coaching|Life Transitions|Marital and Premarital|Men's Issues|Mood Disorders|Parenting|Peer Relationships|Relationship Issues|School Issues|Self Esteem|Self-Harming|Sex Therapy|Sleep or Insomnia|Stress|Suicidal Ideation|Women's Issues",Depression,depression,Depression,Depression,anxiety-and-mood,"exact_topic:depression via Pregnancy, Prenatal, Postpartum (w=0.55)|alias_keyword:postpartum|exact_topic:depression via Depression (w=1)|preferred_specialty_keyword:Depression|alt_topic:depression via Infertility (w=0.55)|alt_topic:depression via Mood Disorders (w=0.85)",100,high,20.00,exact_topic_plus_alias,alex-crenshaw-phd(topic_volume:18)|kelsey-donahue(topic_volume:13)|susan-keenan(topic_volume:12)|michaela-hilburn(topic_volume:11)|laura-hilsen(topic_volume:10),score=100; confidence=high; match_type=exact_topic_plus_alias; deterministic_tie_break_among_equals,0.00,6.65,alias_match|ymyl_postpartum,yes,approve,,
Practicing Mindful Eating,how-do-i-practice-mindful-eating,https://www.deeper.global/answers/how-do-i-practice-mindful-eating/,42b8cdd1-7af6-474f-a46d-df66149baaf8,meredith-price,Meredith Price,LPC - Licensed Professional Counselor,LPC - Licensed Professional Counselor,"Pregnancy, Prenatal, Postpartum|Depression|Anxiety|Body Image|Codependency|Coping Skills|Family Conflict|Grief|Infertility|Life Coaching|Life Transitions|Marital and Premarital|Men's Issues|Mood Disorders|Parenting|Peer Relationships|Relationship Issues|School Issues|Self Esteem|Self-Harming|Sex Therapy|Sleep or Insomnia|Stress|Suicidal Ideation|Women's Issues",Stress,identity-and-self-worth,Identity & Self-Worth,Identity & Self-Worth,identity-and-self-worth,alias_keyword:stress|alt_topic:identity-and-self-worth via Body Image (w=0.4)|alt_topic:identity-and-self-worth via Life Transitions (w=0.4)|exact_topic:identity-and-self-worth via Self Esteem (w=1)|preferred_specialty_keyword:stress,100,high,20.00,exact_topic_plus_alias,michaela-hilburn(topic_volume:26)|samantha-bryant(topic_volume:24)|jackie-malone(topic_volume:24)|laura-hilsen(topic_volume:23)|sarah-evers(topic_volume:23),score=100; confidence=high; match_type=exact_topic_plus_alias; deterministic_tie_break_among_equals,0.00,6.65,ymyl_eating,yes,approve,,
Overthinking Every Conversation,how-do-i-stop-overthinking-every-conversation-i-have,https://www.deeper.global/answers/how-do-i-stop-overthinking-every-conversation-i-have/,c417e710-8831-4271-ad12-af2fa6ea1715,meredith-price,Meredith Price,LPC - Licensed Professional Counselor,LPC - Licensed Professional Counselor,"Pregnancy, Prenatal, Postpartum|Depression|Anxiety|Body Image|Codependency|Coping Skills|Family Conflict|Grief|Infertility|Life Coaching|Life Transitions|Marital and Premarital|Men's Issues|Mood Disorders|Parenting|Peer Relationships|Relationship Issues|School Issues|Self Esteem|Self-Harming|Sex Therapy|Sleep or Insomnia|Stress|Suicidal Ideation|Women's Issues",Stress,anxiety-and-stress,Anxiety & Stress,Anxiety & Worry,anxiety-and-mood,"exact_topic:anxiety-and-stress via Pregnancy, Prenatal, Postpartum (w=0.5)|demoted_missing_keyword_support|exact_topic:anxiety-and-stress via Depression (w=0.35)|parent_theme:anxiety-and-mood via Depression|exact_topic:anxiety-and-stress via Anxiety (w=1)|preferred_specialty_keyword:Anxiety|alt_topic:anxiety-and-stress via Infertility (w=0.5)|demoted_missing_keyword_support|exact_topic:anxiety-and-stress via Stress (w=1)",100,high,20.00,exact_topic_plus_alias,samantha-bryant(topic_volume:16)|amanda-gaines(topic_volume:14)|lynn-lane(topic_volume:13)|kelsey-donahue(topic_volume:12)|liz-webb(topic_volume:12),score=100; confidence=high; match_type=exact_topic_plus_alias; deterministic_tie_break_among_equals,0.00,6.65,every_clinician_mid,no,approve,,
Worrying About the Future,why-do-i-worry-about-things-that-havent-181288-006,https://www.deeper.global/answers/why-do-i-worry-about-things-that-havent-181288-006/,6b80e64e-8032-4708-af98-63978f96c318,meredith-price,Meredith Price,LPC - Licensed Professional Counselor,LPC - Licensed Professional Counselor,"Pregnancy, Prenatal, Postpartum|Depression|Anxiety|Body Image|Codependency|Coping Skills|Family Conflict|Grief|Infertility|Life Coaching|Life Transitions|Marital and Premarital|Men's Issues|Mood Disorders|Parenting|Peer Relationships|Relationship Issues|School Issues|Self Esteem|Self-Harming|Sex Therapy|Sleep or Insomnia|Stress|Suicidal Ideation|Women's Issues",Stress,anxiety-and-stress,Anxiety & Stress,Anxiety & Stress,anxiety-and-mood,"exact_topic:anxiety-and-stress via Pregnancy, Prenatal, Postpartum (w=0.5)|demoted_missing_keyword_support|exact_topic:anxiety-and-stress via Depression (w=0.35)|parent_theme:anxiety-and-mood via Depression|exact_topic:anxiety-and-stress via Anxiety (w=1)|preferred_specialty_keyword:Anxiety|alt_topic:anxiety-and-stress via Infertility (w=0.5)|demoted_missing_keyword_support|exact_topic:anxiety-and-stress via Stress (w=1)",100,high,20.00,exact_topic_plus_alias,samantha-bryant(topic_volume:16)|amanda-gaines(topic_volume:14)|lynn-lane(topic_volume:13)|kelsey-donahue(topic_volume:12)|liz-webb(topic_volume:12),score=100; confidence=high; match_type=exact_topic_plus_alias; deterministic_tie_break_among_equals,0.00,6.65,every_clinician_highest,no,approve,,
Depression Challenges for LGBTQ+ People,are-there-specific-depression-challenges-for-lgbtq-individuals,https://www.deeper.global/answers/are-there-specific-depression-challenges-for-lgbtq-individuals/,c9448d08-3fc8-4951-a927-ab452c5fbb60,michaela-hilburn,Michaela Hilburn,LAPC,"MS, Licensed Associate Professional Counselor",Anxiety|Trauma|Depression|Grief and Loss|Life Transitions|PTSD|Work/Life Balance|Anger Management|Self-Compassion|Self-Esteem,Depression,depression,Depression,Depression,anxiety-and-mood,parent_theme:anxiety-and-mood via Anxiety|alias_keyword:stress|exact_topic:depression via Depression (w=1)|preferred_specialty_keyword:Depression,100,high,20.00,exact_topic_plus_alias,alex-crenshaw-phd(topic_volume:18)|kelsey-donahue(topic_volume:13)|susan-keenan(topic_volume:12)|laura-hilsen(topic_volume:10)|jackie-malone(topic_volume:10),score=100; confidence=high; match_type=exact_topic_plus_alias; deterministic_tie_break_among_equals,0.00,7.87,top10_extra|alias_match|theme_anxiety-and-mood|broad_generalist_topic_cluster,no,approve,,
Low Self-Esteem and Relationships,can-low-self-esteem-affect-relationships,https://www.deeper.global/answers/can-low-self-esteem-affect-relationships/,55ab8e34-c37f-42f9-801e-4e7f850ae4d5,michaela-hilburn,Michaela Hilburn,LAPC,"MS, Licensed Associate Professional Counselor",Anxiety|Trauma|Depression|Grief and Loss|Life Transitions|PTSD|Work/Life Balance|Anger Management|Self-Compassion|Self-Esteem,Self-Esteem,identity-and-self-worth,Identity & Self-Worth,Identity & Self-Worth,identity-and-self-worth,exact_topic:identity-and-self-worth via Life Transitions (w=0.4)|exact_topic:identity-and-self-worth via Self-Compassion (w=1)|exact_topic:identity-and-self-worth via Self-Esteem (w=1)|preferred_specialty_keyword:Self Esteem,100,high,20.00,exact_topic_plus_alias,meredith-price(topic_volume:25)|samantha-bryant(topic_volume:24)|jackie-malone(topic_volume:24)|laura-hilsen(topic_volume:23)|sarah-evers(topic_volume:23),score=100; confidence=high; match_type=exact_topic_plus_alias; deterministic_tie_break_among_equals,0.00,7.87,alias_match|theme_identity-and-self-worth|broad_generalist_topic_cluster,no,approve,,
Coping After a Layoff From AI or Automation,how-do-i-cope-with-being-laid-off-due-to-ai-automation,https://www.deeper.global/answers/how-do-i-cope-with-being-laid-off-due-to-ai-automation/,ad2260ab-e6c3-4b14-abce-c91407293c0e,michaela-hilburn,Michaela Hilburn,LAPC,"MS, Licensed Associate Professional Counselor",Anxiety|Trauma|Depression|Grief and Loss|Life Transitions|PTSD|Work/Life Balance|Anger Management|Self-Compassion|Self-Esteem,Work/Life Balance,work-and-burnout,Work & Burnout,Work & Life Balance,work-and-purpose,alias_keyword:Grief|alt_topic:work-and-burnout via Life Transitions (w=0.45)|exact_topic:work-and-burnout via Work/Life Balance (w=1),100,high,20.00,exact_topic_plus_alias,laura-hilsen(topic_volume:23)|samantha-bryant(topic_volume:23),score=100; confidence=high; match_type=exact_topic_plus_alias; deterministic_tie_break_among_equals,0.00,7.87,alias_match|theme_work-and-purpose|broad_generalist_topic_cluster,no,approve,,
Handling Guilt and Shame About Past Actions,how-do-i-handle-guilt-and-shame-about-my-past-actions,https://www.deeper.global/answers/how-do-i-handle-guilt-and-shame-about-my-past-actions/,7a7d5858-77db-4ed0-ba23-778ceee58f9f,michaela-hilburn,Michaela Hilburn,LAPC,"MS, Licensed Associate Professional Counselor",Anxiety|Trauma|Depression|Grief and Loss|Life Transitions|PTSD|Work/Life Balance|Anger Management|Self-Compassion|Self-Esteem,Self-Esteem,general-mental-health,General Mental Health,General Mental Health,life-transitions-and-change,exact_topic:general-mental-health via Anxiety (w=0.45)|parent_theme:life-transitions-and-change via Grief and Loss|exact_topic:general-mental-health via Life Transitions (w=0.7)|alias_keyword:shame|alias_keyword:shame,86,high,6.00,exact_topic_plus_alias,laura-hilsen(topic_volume:8)|jackie-malone(topic_volume:4),score=86; confidence=high; match_type=exact_topic_plus_alias; deterministic_tie_break_among_equals,0.00,7.87,every_clinician_lowest|top10_lowest|alias_match,no,approve,,
Mental Rehearsal Before Conversations,i-rehearse-conversations-in-my-head-for-hours-before-they-happen,https://www.deeper.global/answers/i-rehearse-conversations-in-my-head-for-hours-before-they-happen/,24c1543e-d0f2-478e-b499-797c5e66ffd2,michaela-hilburn,Michaela Hilburn,LAPC,"MS, Licensed Associate Professional Counselor",Anxiety|Trauma|Depression|Grief and Loss|Life Transitions|PTSD|Work/Life Balance|Anger Management|Self-Compassion|Self-Esteem,Anxiety,anxiety-and-stress,Anxiety & Stress,Anxiety & Stress,anxiety-and-mood,exact_topic:anxiety-and-stress via Anxiety (w=1)|preferred_specialty_keyword:Anxiety|alt_topic:anxiety-and-stress via Depression (w=0.35),100,high,20.00,exact_topic_plus_alias,meredith-price(topic_volume:20)|samantha-bryant(topic_volume:16)|amanda-gaines(topic_volume:14)|lynn-lane(topic_volume:13)|kelsey-donahue(topic_volume:12),score=100; confidence=high; match_type=exact_topic_plus_alias; deterministic_tie_break_among_equals,0.00,7.87,every_clinician_mid,no,approve,,
Chest Tightness When Anxious,why-does-my-chest-feel-tight-when-im-anx-181083-001,https://www.deeper.global/answers/why-does-my-chest-feel-tight-when-im-anx-181083-001/,c8857b5a-4185-47d2-bbca-51b8bbcf51bf,michaela-hilburn,Michaela Hilburn,LAPC,"MS, Licensed Associate Professional Counselor",Anxiety|Trauma|Depression|Grief and Loss|Life Transitions|PTSD|Work/Life Balance|Anger Management|Self-Compassion|Self-Esteem,Anxiety,anxiety-and-stress,Anxiety & Stress,Anxiety & Stress,anxiety-and-mood,exact_topic:anxiety-and-stress via Anxiety (w=1)|preferred_specialty_keyword:Anxiety|alt_topic:anxiety-and-stress via Depression (w=0.35),100,high,20.00,exact_topic_plus_alias,meredith-price(topic_volume:20)|samantha-bryant(topic_volume:16)|amanda-gaines(topic_volume:14)|lynn-lane(topic_volume:13)|kelsey-donahue(topic_volume:12),score=100; confidence=high; match_type=exact_topic_plus_alias; deterministic_tie_break_among_equals,0.00,7.87,every_clinician_highest,no,approve,,
Needing Mental Health Medication Is Not Weakness,am-i-weak-if-i-need-medication-for-my-me-181083-055,https://www.deeper.global/answers/am-i-weak-if-i-need-medication-for-my-me-181083-055/,a9befd3a-b5cd-4062-ab23-425902c27f2d,samantha-bryant,Samantha Bryant,"NCC, LPC",Licensed Professional Counselor,Anxiety|Women's Issues|Depression|ADHD|Behavioral Issues|Bisexual|Body Image|Career Counseling|Codependency|Coping Skills|Grief|Lesbian|LGBTQ+|Life Transitions|Marital and Premarital|Men's Issues|Mood Disorders|Peer Relationships|School Issues|Self Esteem|Self-Harming|Spirituality|Stress|Thinking Disorders|Transgender|Trauma and PTSD,Self Esteem,identity-and-self-worth,Identity & Self-Worth,Identity & Self-Worth,identity-and-self-worth,exact_topic:identity-and-self-worth via Body Image (w=0.4)|demoted_missing_keyword_support|exact_topic:identity-and-self-worth via Life Transitions (w=0.4)|exact_topic:identity-and-self-worth via Self Esteem (w=1),100,high,20.00,exact_topic,michaela-hilburn(topic_volume:26)|meredith-price(topic_volume:25)|jackie-malone(topic_volume:24)|laura-hilsen(topic_volume:23)|sarah-evers(topic_volume:23),score=100; confidence=high; match_type=exact_topic; deterministic_tie_break_among_equals,0.00,11.61,theme_identity-and-self-worth|broad_generalist_topic_cluster,no,approve,,
Ask for Reassurance Without Pushing Away,ask-for-reassurance-without-pushing-partner-away,https://www.deeper.global/answers/ask-for-reassurance-without-pushing-partner-away/,1b42d8cc-3b8a-466f-b118-42e96cfac1d4,samantha-bryant,Samantha Bryant,"NCC, LPC",Licensed Professional Counselor,Anxiety|Women's Issues|Depression|ADHD|Behavioral Issues|Bisexual|Body Image|Career Counseling|Codependency|Coping Skills|Grief|Lesbian|LGBTQ+|Life Transitions|Marital and Premarital|Men's Issues|Mood Disorders|Peer Relationships|School Issues|Self Esteem|Self-Harming|Spirituality|Stress|Thinking Disorders|Transgender|Trauma and PTSD,Marital and Premarital,relationships-and-communication,Relationships & Communication,Relationships & Communication,relationships-and-connection,parent_theme:relationships-and-connection via Bisexual|exact_topic:relationships-and-communication via Codependency (w=1)|exact_topic:relationships-and-communication via Marital and Premarital (w=1),100,high,20.00,exact_topic,lexi-cooper(topic_volume:24)|lynn-lane(topic_volume:20)|laura-hilsen(topic_volume:19)|alex-crenshaw-phd(topic_volume:18)|sarah-evers(topic_volume:17),score=100; confidence=high; match_type=exact_topic; deterministic_tie_break_among_equals,0.00,11.61,theme_relationships-and-connection|broad_generalist_topic_cluster,no,approve,,
Using AI to Practice Social Skills: Pros and Limits,can-ai-help-me-practice-social-skills-before-real--189142-014,https://www.deeper.global/answers/can-ai-help-me-practice-social-skills-before-real--189142-014/,b5b789a2-d94e-4716-96dc-373e0460c0bc,samantha-bryant,Samantha Bryant,"NCC, LPC",Licensed Professional Counselor,Anxiety|Women's Issues|Depression|ADHD|Behavioral Issues|Bisexual|Body Image|Career Counseling|Codependency|Coping Skills|Grief|Lesbian|LGBTQ+|Life Transitions|Marital and Premarital|Men's Issues|Mood Disorders|Peer Relationships|School Issues|Self Esteem|Self-Harming|Spirituality|Stress|Thinking Disorders|Transgender|Trauma and PTSD,Stress,anxiety-and-stress,Anxiety & Stress,Anxiety & Stress,anxiety-and-mood,exact_topic:anxiety-and-stress via Anxiety (w=1)|preferred_specialty_keyword:Anxiety|alt_topic:anxiety-and-stress via Depression (w=0.35)|exact_topic:anxiety-and-stress via Stress (w=1),100,high,20.00,exact_topic_plus_alias,meredith-price(topic_volume:20)|amanda-gaines(topic_volume:14)|lynn-lane(topic_volume:13)|kelsey-donahue(topic_volume:12)|liz-webb(topic_volume:12),score=100; confidence=high; match_type=exact_topic_plus_alias; deterministic_tie_break_among_equals,0.00,11.61,alias_match|theme_anxiety-and-mood,no,approve,,
Can Religious Trauma Be Real Without 'Bad' Events?,can-religious-trauma-be-real-even-if-not-181083-042,https://www.deeper.global/answers/can-religious-trauma-be-real-even-if-not-181083-042/,66c480b8-5f36-4cc3-8d67-c71984a10687,samantha-bryant,Samantha Bryant,"NCC, LPC",Licensed Professional Counselor,Anxiety|Women's Issues|Depression|ADHD|Behavioral Issues|Bisexual|Body Image|Career Counseling|Codependency|Coping Skills|Grief|Lesbian|LGBTQ+|Life Transitions|Marital and Premarital|Men's Issues|Mood Disorders|Peer Relationships|School Issues|Self Esteem|Self-Harming|Spirituality|Stress|Thinking Disorders|Transgender|Trauma and PTSD,Trauma and PTSD,meaning-faith-and-existential-questions,"Meaning, Faith & Existential Questions",Spiritual Struggle / Existential Crisis,spirituality-and-meaning,alias_keyword:shame|exact_topic:meaning-faith-and-existential-questions via Spirituality (w=0.85)|alias_keyword:Trauma,93,high,13.00,exact_topic_plus_alias,lynn-lane(topic_volume:4)|susan-keenan(topic_volume:3),score=93; confidence=high; match_type=exact_topic_plus_alias; deterministic_tie_break_among_equals,0.00,11.61,alias_match|ymyl_trauma|theme_spirituality-and-meaning,yes,approve,,
How Believers Reconcile Suffering With a Loving God,how-do-believers-make-sense-of-suffering-if-god-is-loving,https://www.deeper.global/answers/how-do-believers-make-sense-of-suffering-if-god-is-loving/,65e8808d-02b2-4594-b2d9-fbbbc1f14fa5,samantha-bryant,Samantha Bryant,"NCC, LPC",Licensed Professional Counselor,Anxiety|Women's Issues|Depression|ADHD|Behavioral Issues|Bisexual|Body Image|Career Counseling|Codependency|Coping Skills|Grief|Lesbian|LGBTQ+|Life Transitions|Marital and Premarital|Men's Issues|Mood Disorders|Peer Relationships|School Issues|Self Esteem|Self-Harming|Spirituality|Stress|Thinking Disorders|Transgender|Trauma and PTSD,Spirituality,meaning-faith-and-existential-questions,"Meaning, Faith & Existential Questions",Spiritual Struggle / Existential Crisis,spirituality-and-meaning,exact_topic:meaning-faith-and-existential-questions via Spirituality (w=0.85),85,high,5.00,exact_topic,lynn-lane(topic_volume:4)|susan-keenan(topic_volume:3),score=85; confidence=high; match_type=exact_topic; deterministic_tie_break_among_equals,0.00,11.61,every_clinician_lowest|top10_lowest|share_gt_8pct|near_high_medium_threshold|theme_spirituality-and-meaning,no,approve,,
Coping With Fear That Death Means Nothingness,how-do-i-cope-with-the-fear-that-death-means-compl-186602-026,https://www.deeper.global/answers/how-do-i-cope-with-the-fear-that-death-means-compl-186602-026/,5a6e3c9f-ceb7-4463-a399-e0c75e9981f0,samantha-bryant,Samantha Bryant,"NCC, LPC",Licensed Professional Counselor,Anxiety|Women's Issues|Depression|ADHD|Behavioral Issues|Bisexual|Body Image|Career Counseling|Codependency|Coping Skills|Grief|Lesbian|LGBTQ+|Life Transitions|Marital and Premarital|Men's Issues|Mood Disorders|Peer Relationships|School Issues|Self Esteem|Self-Harming|Spirituality|Stress|Thinking Disorders|Transgender|Trauma and PTSD,Stress,meaning-faith-and-existential-questions,"Meaning, Faith & Existential Questions",Spiritual Struggle / Existential Crisis,spirituality-and-meaning,alias_keyword:Anxiety|exact_topic:meaning-faith-and-existential-questions via Spirituality (w=0.85)|alias_keyword:Anxiety,93,high,13.00,exact_topic_plus_alias,lynn-lane(topic_volume:4)|susan-keenan(topic_volume:3),score=93; confidence=high; match_type=exact_topic_plus_alias; deterministic_tie_break_among_equals,0.00,11.61,alias_match|theme_spirituality-and-meaning,no,approve,,
Existential Anxiety About Death and Meaninglessness,how-do-i-deal-with-existential-anxiety-about-s6t9u3,https://www.deeper.global/answers/how-do-i-deal-with-existential-anxiety-about-s6t9u3/,b8fd1c3e-9516-466c-a787-664bd37ddd90,samantha-bryant,Samantha Bryant,"NCC, LPC",Licensed Professional Counselor,Anxiety|Women's Issues|Depression|ADHD|Behavioral Issues|Bisexual|Body Image|Career Counseling|Codependency|Coping Skills|Grief|Lesbian|LGBTQ+|Life Transitions|Marital and Premarital|Men's Issues|Mood Disorders|Peer Relationships|School Issues|Self Esteem|Self-Harming|Spirituality|Stress|Thinking Disorders|Transgender|Trauma and PTSD,Stress,meaning-faith-and-existential-questions,"Meaning, Faith & Existential Questions",Spiritual Struggle / Existential Crisis,spirituality-and-meaning,alias_keyword:Anxiety|exact_topic:meaning-faith-and-existential-questions via Spirituality (w=0.85)|alias_keyword:Anxiety,93,high,13.00,exact_topic_plus_alias,lynn-lane(topic_volume:4)|susan-keenan(topic_volume:3),score=93; confidence=high; match_type=exact_topic_plus_alias; deterministic_tie_break_among_equals,0.00,11.61,alias_match|theme_spirituality-and-meaning,no,approve,,
When You Feel Like Your Life Has No Purpose,how-do-i-deal-with-feeling-like-my-life-has-177941-025,https://www.deeper.global/answers/how-do-i-deal-with-feeling-like-my-life-has-177941-025/,d500c52c-2757-4656-bf67-321de790b930,samantha-bryant,Samantha Bryant,"NCC, LPC",Licensed Professional Counselor,Anxiety|Women's Issues|Depression|ADHD|Behavioral Issues|Bisexual|Body Image|Career Counseling|Codependency|Coping Skills|Grief|Lesbian|LGBTQ+|Life Transitions|Marital and Premarital|Men's Issues|Mood Disorders|Peer Relationships|School Issues|Self Esteem|Self-Harming|Spirituality|Stress|Thinking Disorders|Transgender|Trauma and PTSD,Spirituality,meaning-faith-and-existential-questions,"Meaning, Faith & Existential Questions",Life Purpose,spirituality-and-meaning,alias_keyword:Depression|exact_topic:meaning-faith-and-existential-questions via Spirituality (w=0.85),85,high,5.00,exact_topic_plus_alias,lynn-lane(topic_volume:4)|susan-keenan(topic_volume:3),score=85; confidence=high; match_type=exact_topic_plus_alias; deterministic_tie_break_among_equals,0.00,11.61,share_gt_8pct|near_high_medium_threshold|alias_match,no,approve,,
Talk to Children About Death Without an Afterlife Belief,how-do-i-talk-to-my-children-about-death-without-an-afterlife,https://www.deeper.global/answers/how-do-i-talk-to-my-children-about-death-without-an-afterlife/,7d35938f-1b57-4edd-8bc3-6bfc208ed26f,samantha-bryant,Samantha Bryant,"NCC, LPC",Licensed Professional Counselor,Anxiety|Women's Issues|Depression|ADHD|Behavioral Issues|Bisexual|Body Image|Career Counseling|Codependency|Coping Skills|Grief|Lesbian|LGBTQ+|Life Transitions|Marital and Premarital|Men's Issues|Mood Disorders|Peer Relationships|School Issues|Self Esteem|Self-Harming|Spirituality|Stress|Thinking Disorders|Transgender|Trauma and PTSD,Spirituality,meaning-faith-and-existential-questions,"Meaning, Faith & Existential Questions",Spiritual Struggle / Existential Crisis,spirituality-and-meaning,alias_keyword:Grief|exact_topic:meaning-faith-and-existential-questions via Spirituality (w=0.85),85,high,5.00,exact_topic_plus_alias,lynn-lane(topic_volume:4)|susan-keenan(topic_volume:3),score=85; confidence=high; match_type=exact_topic_plus_alias; deterministic_tie_break_among_equals,0.00,11.61,top10_extra|share_gt_8pct|near_high_medium_threshold,no,approve,,
Anxiety-Related Nausea,is-it-normal-to-feel-nauseous-when-im-re-181083-004,https://www.deeper.global/answers/is-it-normal-to-feel-nauseous-when-im-re-181083-004/,fd992a6a-f71c-4641-8fe0-a164c632b803,samantha-bryant,Samantha Bryant,"NCC, LPC",Licensed Professional Counselor,Anxiety|Women's Issues|Depression|ADHD|Behavioral Issues|Bisexual|Body Image|Career Counseling|Codependency|Coping Skills|Grief|Lesbian|LGBTQ+|Life Transitions|Marital and Premarital|Men's Issues|Mood Disorders|Peer Relationships|School Issues|Self Esteem|Self-Harming|Spirituality|Stress|Thinking Disorders|Transgender|Trauma and PTSD,Stress,anxiety-and-stress,Anxiety & Stress,Anxiety & Stress,anxiety-and-mood,exact_topic:anxiety-and-stress via Anxiety (w=1)|preferred_specialty_keyword:Anxiety|alt_topic:anxiety-and-stress via Depression (w=0.35)|exact_topic:anxiety-and-stress via Stress (w=1),100,high,20.00,exact_topic_plus_alias,meredith-price(topic_volume:20)|amanda-gaines(topic_volume:14)|lynn-lane(topic_volume:13)|kelsey-donahue(topic_volume:12)|liz-webb(topic_volume:12),score=100; confidence=high; match_type=exact_topic_plus_alias; deterministic_tie_break_among_equals,0.00,11.61,every_clinician_mid,no,approve,,
Work Stress Spilling Over at Home,why-work-stress-makes-me-irritable-at-home,https://www.deeper.global/answers/why-work-stress-makes-me-irritable-at-home/,03446300-9523-43d6-8fe0-bee9596b4b7e,samantha-bryant,Samantha Bryant,"NCC, LPC",Licensed Professional Counselor,Anxiety|Women's Issues|Depression|ADHD|Behavioral Issues|Bisexual|Body Image|Career Counseling|Codependency|Coping Skills|Grief|Lesbian|LGBTQ+|Life Transitions|Marital and Premarital|Men's Issues|Mood Disorders|Peer Relationships|School Issues|Self Esteem|Self-Harming|Spirituality|Stress|Thinking Disorders|Transgender|Trauma and PTSD,Stress,work-and-burnout,Work & Burnout,"Work, Stress & Burnout",work-and-purpose,alias_keyword:stress|exact_topic:work-and-burnout via Career Counseling (w=1)|alt_topic:work-and-burnout via Life Transitions (w=0.45)|alt_topic:work-and-burnout via School Issues (w=0.4)|preferred_specialty_keyword:stress,100,high,20.00,exact_topic_plus_alias,michaela-hilburn(topic_volume:26)|laura-hilsen(topic_volume:23),score=100; confidence=high; match_type=exact_topic_plus_alias; deterministic_tie_break_among_equals,0.00,11.61,every_clinician_highest,no,approve,,
How Trauma Can Shape Grief,can-trauma-affect-grief,https://www.deeper.global/answers/can-trauma-affect-grief/,f31ad553-c198-45de-9dcc-ccfcd5c33ad0,sarah-evers,Sarah Evers,"LPC, CRC, NCC","Licensed Professional Counselor, LPC, CRC, NCC, MS, MPH",Chronic Illness & Disability|Caregiver Stress|Medical Trauma & Health Anxiety|Developmental Wounds & Complex Trauma|Life Events & Transitions|Grief & Loss|Building Healthy Relationships|Motherhood|Reproductive Mental Health|Shame & Conditions of Worth,Developmental Wounds & Complex Trauma,trauma-and-safety,Trauma & Safety,Trauma & Grief,trauma-and-safety,exact_topic:trauma-and-safety via Developmental Wounds & Complex Trauma (w=1),100,high,20.00,exact_topic,susan-keenan(topic_volume:5)|lynn-lane(topic_volume:5)|samantha-bryant(topic_volume:5)|lexi-cooper(topic_volume:4)|michaela-hilburn(topic_volume:4),score=100; confidence=high; match_type=exact_topic; deterministic_tie_break_among_equals,0.00,4.21,every_clinician_lowest|ymyl_trauma,yes,approve,,
What If My Partner Is Emotionally Attached to an AI Companion?,what-if-my-partner-is-attached-to-an-ai-companion,https://www.deeper.global/answers/what-if-my-partner-is-attached-to-an-ai-companion/,5eb5897a-9644-40bc-aa0d-9fed2713a25a,sarah-evers,Sarah Evers,"LPC, CRC, NCC","Licensed Professional Counselor, LPC, CRC, NCC, MS, MPH",Chronic Illness & Disability|Caregiver Stress|Medical Trauma & Health Anxiety|Developmental Wounds & Complex Trauma|Life Events & Transitions|Grief & Loss|Building Healthy Relationships|Motherhood|Reproductive Mental Health|Shame & Conditions of Worth,Building Healthy Relationships,relationships-and-communication,Relationships & Communication,Relationships & Divorce,relationships-and-connection,exact_topic:relationships-and-communication via Building Healthy Relationships (w=1),100,high,20.00,exact_topic,samantha-bryant(topic_volume:25)|lexi-cooper(topic_volume:24)|lynn-lane(topic_volume:20)|laura-hilsen(topic_volume:19)|alex-crenshaw-phd(topic_volume:18),score=100; confidence=high; match_type=exact_topic; deterministic_tie_break_among_equals,0.00,4.21,every_clinician_mid,no,approve,,
Why Grief Comes in Waves Instead of Moving in a Straight Line,why-does-grief-come-in-waves,https://www.deeper.global/answers/why-does-grief-come-in-waves/,f5bf947e-36e7-4b69-b11e-e65c5c0f1b2f,sarah-evers,Sarah Evers,"LPC, CRC, NCC","Licensed Professional Counselor, LPC, CRC, NCC, MS, MPH",Chronic Illness & Disability|Caregiver Stress|Medical Trauma & Health Anxiety|Developmental Wounds & Complex Trauma|Life Events & Transitions|Grief & Loss|Building Healthy Relationships|Motherhood|Reproductive Mental Health|Shame & Conditions of Worth,Grief & Loss,grief-and-loss,Grief & Loss,Grief & Loss,life-transitions-and-change,parent_theme:life-transitions-and-change via Chronic Illness & Disability|parent_theme:life-transitions-and-change via Life Events & Transitions|exact_topic:grief-and-loss via Grief & Loss (w=1),100,high,20.00,exact_topic,samantha-bryant(topic_volume:9)|michaela-hilburn(topic_volume:7)|amanda-gaines(topic_volume:5)|liz-webb(topic_volume:4)|lauren-sanders(topic_volume:2),score=100; confidence=high; match_type=exact_topic; deterministic_tie_break_among_equals,0.00,4.21,every_clinician_highest,no,approve,,
Can AI Make Impostor Syndrome Worse?,can-ai-make-impostor-syndrome-worse,https://www.deeper.global/answers/can-ai-make-impostor-syndrome-worse/,104a874b-b591-4860-9962-dd07950a3b56,susan-keenan,Susan L. Keenan,"LPC, NCC, CPCS - Director","LPC, NCC, CPCS - Director",Depression|Anxiety|Grief|ADHD|Trauma and PTSD|LGBTQ+|Adoption|Alcohol Use|Anger Management|Family Conflict|Parenting|Relationship Issues|Self Esteem|Spirituality|Women's Issues,Self Esteem,identity-and-self-worth,Identity & Self-Worth,Identity & Self-Worth,identity-and-self-worth,exact_topic:identity-and-self-worth via Self Esteem (w=1),100,high,20.00,exact_topic,michaela-hilburn(topic_volume:26)|meredith-price(topic_volume:25)|samantha-bryant(topic_volume:24)|jackie-malone(topic_volume:24)|laura-hilsen(topic_volume:23),score=100; confidence=high; match_type=exact_topic; deterministic_tie_break_among_equals,0.00,9.93,theme_identity-and-self-worth|broad_generalist_topic_cluster,no,approve,,
Dealing With Spiritual Bypassing in Healing,how-do-i-deal-with-spiritual-bypassing-in-my-f8g3h6,https://www.deeper.global/answers/how-do-i-deal-with-spiritual-bypassing-in-my-f8g3h6/,1348177b-adee-4a64-bb49-da919a49972d,susan-keenan,Susan L. Keenan,"LPC, NCC, CPCS - Director","LPC, NCC, CPCS - Director",Depression|Anxiety|Grief|ADHD|Trauma and PTSD|LGBTQ+|Adoption|Alcohol Use|Anger Management|Family Conflict|Parenting|Relationship Issues|Self Esteem|Spirituality|Women's Issues,Spirituality,meaning-faith-and-existential-questions,"Meaning, Faith & Existential Questions",Spiritual Doubt,spirituality-and-meaning,exact_topic:meaning-faith-and-existential-questions via Spirituality (w=0.85),85,high,5.00,exact_topic,samantha-bryant(topic_volume:10)|lynn-lane(topic_volume:4),score=85; confidence=high; match_type=exact_topic; deterministic_tie_break_among_equals,0.00,9.93,every_clinician_lowest|top10_lowest|share_gt_8pct|near_high_medium_threshold,no,approve,,
Obsessing Over Health Symptoms,how-do-i-stop-obsessing-over-health-symptoms,https://www.deeper.global/answers/how-do-i-stop-obsessing-over-health-symptoms/,68e3508a-400d-450b-aed9-9f0b6e75ab3b,susan-keenan,Susan L. Keenan,"LPC, NCC, CPCS - Director","LPC, NCC, CPCS - Director",Depression|Anxiety|Grief|ADHD|Trauma and PTSD|LGBTQ+|Adoption|Alcohol Use|Anger Management|Family Conflict|Parenting|Relationship Issues|Self Esteem|Spirituality|Women's Issues,Anxiety,anxiety-and-stress,Anxiety & Stress,Anxiety & Stress,anxiety-and-mood,exact_topic:anxiety-and-stress via Depression (w=0.35)|parent_theme:anxiety-and-mood via Depression|exact_topic:anxiety-and-stress via Anxiety (w=1)|preferred_specialty_keyword:Anxiety,100,high,20.00,exact_topic_plus_alias,meredith-price(topic_volume:20)|samantha-bryant(topic_volume:16)|amanda-gaines(topic_volume:14)|lynn-lane(topic_volume:13)|kelsey-donahue(topic_volume:12),score=100; confidence=high; match_type=exact_topic_plus_alias; deterministic_tie_break_among_equals,0.00,9.93,ymyl_ocd,yes,approve,,
Worrying About What You Cannot Control,how-do-i-stop-worrying-about-things-i-cant-c-177941-027,https://www.deeper.global/answers/how-do-i-stop-worrying-about-things-i-cant-c-177941-027/,e61d07e8-db48-4883-8414-1460db8128a5,susan-keenan,Susan L. Keenan,"LPC, NCC, CPCS - Director","LPC, NCC, CPCS - Director",Depression|Anxiety|Grief|ADHD|Trauma and PTSD|LGBTQ+|Adoption|Alcohol Use|Anger Management|Family Conflict|Parenting|Relationship Issues|Self Esteem|Spirituality|Women's Issues,Anxiety,anxiety-and-stress,Anxiety & Stress,Anxiety Management,anxiety-and-mood,exact_topic:anxiety-and-stress via Depression (w=0.35)|parent_theme:anxiety-and-mood via Depression|exact_topic:anxiety-and-stress via Anxiety (w=1)|preferred_specialty_keyword:Anxiety,100,high,20.00,exact_topic_plus_alias,meredith-price(topic_volume:20)|samantha-bryant(topic_volume:16)|amanda-gaines(topic_volume:14)|lynn-lane(topic_volume:13)|kelsey-donahue(topic_volume:12),score=100; confidence=high; match_type=exact_topic_plus_alias; deterministic_tie_break_among_equals,0.00,9.93,every_clinician_mid,no,approve,,
Existential Thoughts at Night,is-it-normal-to-have-existential-thought-181083-046,https://www.deeper.global/answers/is-it-normal-to-have-existential-thought-181083-046/,ffda7cfd-3b00-4a72-9dad-2b6e98a25bc2,susan-keenan,Susan L. Keenan,"LPC, NCC, CPCS - Director","LPC, NCC, CPCS - Director",Depression|Anxiety|Grief|ADHD|Trauma and PTSD|LGBTQ+|Adoption|Alcohol Use|Anger Management|Family Conflict|Parenting|Relationship Issues|Self Esteem|Spirituality|Women's Issues,Spirituality,meaning-faith-and-existential-questions,"Meaning, Faith & Existential Questions",Existential,spirituality-and-meaning,exact_topic:meaning-faith-and-existential-questions via Spirituality (w=0.85),85,high,5.00,exact_topic,samantha-bryant(topic_volume:10)|lynn-lane(topic_volume:4),score=85; confidence=high; match_type=exact_topic; deterministic_tie_break_among_equals,0.00,9.93,share_gt_8pct|near_high_medium_threshold,no,approve,,
12-Step Programs Without Belief in God or a Higher Power,what-if-i-dont-believe-in-god-or-a-higher-power-for-12-step-programs,https://www.deeper.global/answers/what-if-i-dont-believe-in-god-or-a-higher-power-for-12-step-programs/,b90965ad-cbda-4862-b656-d0098e5ceb2e,susan-keenan,Susan L. Keenan,"LPC, NCC, CPCS - Director","LPC, NCC, CPCS - Director",Depression|Anxiety|Grief|ADHD|Trauma and PTSD|LGBTQ+|Adoption|Alcohol Use|Anger Management|Family Conflict|Parenting|Relationship Issues|Self Esteem|Spirituality|Women's Issues,Spirituality,meaning-faith-and-existential-questions,"Meaning, Faith & Existential Questions",Spiritual Doubt,spirituality-and-meaning,alias_keyword:recovery|exact_topic:meaning-faith-and-existential-questions via Spirituality (w=0.85),85,high,5.00,exact_topic_plus_alias,samantha-bryant(topic_volume:10)|lynn-lane(topic_volume:4),score=85; confidence=high; match_type=exact_topic_plus_alias; deterministic_tie_break_among_equals,0.00,9.93,top10_extra|share_gt_8pct|near_high_medium_threshold,no,approve,,
Hard to Make Friends as Adult,why-is-it-so-hard-to-make-friends-as-an-181083-067,https://www.deeper.global/answers/why-is-it-so-hard-to-make-friends-as-an-181083-067/,4c90a855-1740-44b7-8f63-c794c165a258,susan-keenan,Susan L. Keenan,"LPC, NCC, CPCS - Director","LPC, NCC, CPCS - Director",Depression|Anxiety|Grief|ADHD|Trauma and PTSD|LGBTQ+|Adoption|Alcohol Use|Anger Management|Family Conflict|Parenting|Relationship Issues|Self Esteem|Spirituality|Women's Issues,Relationship Issues,relationships-and-communication,Relationships & Communication,Relationships & Divorce,relationships-and-connection,parent_theme:relationships-and-connection via LGBTQ+|exact_topic:relationships-and-communication via Relationship Issues (w=1),100,high,20.00,exact_topic,samantha-bryant(topic_volume:25)|lexi-cooper(topic_volume:24)|lynn-lane(topic_volume:20)|laura-hilsen(topic_volume:19)|alex-crenshaw-phd(topic_volume:18),score=100; confidence=high; match_type=exact_topic; deterministic_tie_break_among_equals,0.00,9.93,every_clinician_highest,no,approve,,
